{
    "Match":{
        "Title":{
            "div_code":"EFA ",
            "div_name":"ELITE FEMININE",
            "div_pool":"POULE A",
            "match_number":"EFA036",
            "match_day":"09",
            "city":"QUIMPER",
            "gym":"HALLE DES SPORTS ERGUE ARMEL",
            "category":"SENIOR | FEMININE",
            "ligue":"Comp\u00e9titions Nationales SENIORS",
            "date":"2019-12-21 20:30:00",
            "team_1":"QUIMPER VOLLEY 29",
            "team_2":"RENNES ETUDIANTS CLUB"
        },
        "Sets":{
            "Teams":{
                "Set 1":{
                    "Name":{
                        "Team 1":"QUIMPER VOLLEY 29",
                        "Team 2":"RENNES ETUDIANTS CLUB"
                    },
                    "Starting":{
                        "Team 1":"Reception",
                        "Team 2":"Service"
                    }
                },
                "Set 2":{
                    "Name":{
                        "Team 1":"QUIMPER VOLLEY 29",
                        "Team 2":"RENNES ETUDIANTS CLUB"
                    },
                    "Starting":{
                        "Team 1":"Service",
                        "Team 2":"Reception"
                    }
                },
                "Set 3":{
                    "Name":{
                        "Team 1":"QUIMPER VOLLEY 29",
                        "Team 2":"RENNES ETUDIANTS CLUB"
                    },
                    "Starting":{
                        "Team 1":"Reception",
                        "Team 2":"Service"
                    }
                },
                "Set 4":0,
                "Set 5":0
            },
            "Time":{
                "Set 1":{
                    "Time":{
                        "Start":"2019-12-21 20:31:00",
                        "End":"2019-12-21 20:55:00"
                    }
                },
                "Set 2":{
                    "Time":{
                        "Start":"2019-12-21 20:58:00",
                        "End":"2019-12-21 21:29:00"
                    }
                },
                "Set 3":{
                    "Time":{
                        "Start":"2019-12-21 21:42:00",
                        "End":"2019-12-21 22:10:00"
                    }
                },
                "Set 4":0,
                "Set 5":0
            },
            "Substitutions 1":{
                "Set 1":{
                    "I":{
                        "0":9
                    },
                    "II":{
                        "0":1
                    },
                    "III":{
                        "0":19
                    },
                    "IV":{
                        "0":2
                    },
                    "V":{
                        "0":8
                    },
                    "VI":{
                        "0":12
                    }
                },
                "Set 2":{
                    "I":{
                        "0":9
                    },
                    "II":{
                        "0":1
                    },
                    "III":{
                        "0":19
                    },
                    "IV":{
                        "0":2
                    },
                    "V":{
                        "0":8
                    },
                    "VI":{
                        "0":12
                    }
                },
                "Set 3":{
                    "I":{
                        "0":9.0,
                        "1":null,
                        "2":null,
                        "3":null
                    },
                    "II":{
                        "0":1.0,
                        "1":null,
                        "2":null,
                        "3":null
                    },
                    "III":{
                        "0":19.0,
                        "1":null,
                        "2":null,
                        "3":null
                    },
                    "IV":{
                        "0":"2",
                        "1":"5",
                        "2":"18:16",
                        "3":"18:17"
                    },
                    "V":{
                        "0":8.0,
                        "1":null,
                        "2":null,
                        "3":null
                    },
                    "VI":{
                        "0":12.0,
                        "1":null,
                        "2":null,
                        "3":null
                    }
                },
                "Set 4":0,
                "Set 5":0
            },
            "Substitutions 2":{
                "Set 1":{
                    "I":{
                        "0":6.0,
                        "1":null,
                        "2":null
                    },
                    "II":{
                        "0":"3",
                        "1":"4",
                        "2":"11:21"
                    },
                    "III":{
                        "0":12.0,
                        "1":null,
                        "2":null
                    },
                    "IV":{
                        "0":17.0,
                        "1":null,
                        "2":null
                    },
                    "V":{
                        "0":11.0,
                        "1":null,
                        "2":null
                    },
                    "VI":{
                        "0":15.0,
                        "1":null,
                        "2":null
                    }
                },
                "Set 2":{
                    "I":{
                        "0":12.0,
                        "1":null,
                        "2":null,
                        "3":null
                    },
                    "II":{
                        "0":17.0,
                        "1":null,
                        "2":null,
                        "3":null
                    },
                    "III":{
                        "0":11.0,
                        "1":null,
                        "2":null,
                        "3":null
                    },
                    "IV":{
                        "0":15.0,
                        "1":null,
                        "2":null,
                        "3":null
                    },
                    "V":{
                        "0":"6",
                        "1":"8",
                        "2":"15:18",
                        "3":"21:22"
                    },
                    "VI":{
                        "0":4.0,
                        "1":null,
                        "2":null,
                        "3":null
                    }
                },
                "Set 3":{
                    "I":{
                        "0":"6",
                        "1":"8",
                        "2":"5:8",
                        "3":"18:21"
                    },
                    "II":{
                        "0":4.0,
                        "1":null,
                        "2":null,
                        "3":null
                    },
                    "III":{
                        "0":12.0,
                        "1":null,
                        "2":null,
                        "3":null
                    },
                    "IV":{
                        "0":17.0,
                        "1":null,
                        "2":null,
                        "3":null
                    },
                    "V":{
                        "0":11.0,
                        "1":null,
                        "2":null,
                        "3":null
                    },
                    "VI":{
                        "0":15.0,
                        "1":null,
                        "2":null,
                        "3":null
                    }
                },
                "Set 4":0,
                "Set 5":0
            },
            "Serves 1":{
                "Set 1":{
                    "I":{
                        "0":null,
                        "1":18.0
                    },
                    "II":{
                        "0":"3",
                        "1":21
                    },
                    "III":{
                        "0":"6",
                        "1":25
                    },
                    "IV":{
                        "0":"8",
                        "1":null
                    },
                    "V":{
                        "0":"14",
                        "1":null
                    },
                    "VI":{
                        "0":"16",
                        "1":null
                    }
                },
                "Set 2":{
                    "I":{
                        "0":"0",
                        "1":11,
                        "2":25
                    },
                    "II":{
                        "0":"1",
                        "1":12.0,
                        "2":null
                    },
                    "III":{
                        "0":"3",
                        "1":15.0,
                        "2":null
                    },
                    "IV":{
                        "0":"5",
                        "1":18.0,
                        "2":null
                    },
                    "V":{
                        "0":"6",
                        "1":20.0,
                        "2":null
                    },
                    "VI":{
                        "0":"7",
                        "1":23.0,
                        "2":null
                    }
                },
                "Set 3":{
                    "I":{
                        "0":null,
                        "1":15.0
                    },
                    "II":{
                        "0":"1",
                        "1":16
                    },
                    "III":{
                        "0":"2",
                        "1":17
                    },
                    "IV":{
                        "0":"9",
                        "1":18
                    },
                    "V":{
                        "0":"10",
                        "1":23
                    },
                    "VI":{
                        "0":"11",
                        "1":25
                    }
                },
                "Set 4":0,
                "Set 5":0
            },
            "Serves 2":{
                "Set 1":{
                    "I":{
                        "0":"1",
                        "1":11
                    },
                    "II":{
                        "0":"2",
                        "1":12
                    },
                    "III":{
                        "0":"3",
                        "1":null
                    },
                    "IV":{
                        "0":"5",
                        "1":null
                    },
                    "V":{
                        "0":"7",
                        "1":null
                    },
                    "VI":{
                        "0":"8",
                        "1":null
                    }
                },
                "Set 2":{
                    "I":{
                        "0":null,
                        "1":11.0,
                        "2":23.0
                    },
                    "II":{
                        "0":"1",
                        "1":13.0,
                        "2":null
                    },
                    "III":{
                        "0":"4",
                        "1":14.0,
                        "2":null
                    },
                    "IV":{
                        "0":"7",
                        "1":15.0,
                        "2":null
                    },
                    "V":{
                        "0":"8",
                        "1":17.0,
                        "2":null
                    },
                    "VI":{
                        "0":"9",
                        "1":21.0,
                        "2":null
                    }
                },
                "Set 3":{
                    "I":{
                        "0":"1",
                        "1":12
                    },
                    "II":{
                        "0":"3",
                        "1":13
                    },
                    "III":{
                        "0":"5",
                        "1":16
                    },
                    "IV":{
                        "0":"6",
                        "1":18
                    },
                    "V":{
                        "0":"8",
                        "1":19
                    },
                    "VI":{
                        "0":"10",
                        "1":null
                    }
                },
                "Set 4":0,
                "Set 5":0
            },
            "Timeouts 1":{
                "Set 1":{
                    "T":{

                    }
                },
                "Set 2":{
                    "T":{
                        "0":"20:20"
                    }
                },
                "Set 3":{
                    "T":{
                        "0":"18:18"
                    }
                },
                "Set 4":0,
                "Set 5":0
            },
            "Timeouts 2":{
                "Set 1":{
                    "T":{
                        "0":"5:12",
                        "1":"8:18"
                    }
                },
                "Set 2":{
                    "T":{
                        "0":"11:11",
                        "1":"17:20"
                    }
                },
                "Set 3":{
                    "T":{
                        "0":"18:20"
                    }
                },
                "Set 4":0,
                "Set 5":0
            }
        },
        "Teams":{
            "Name":{
                "Team 1":"QUIMPER VOLLEY 29",
                "Team 2":"RENNES ETUDIANTS CLUB"
            },
            "Players":{
                "Team 1":{
                    "N\u00b0":{
                        "0":1,
                        "1":2,
                        "2":4,
                        "3":5,
                        "4":6,
                        "5":8,
                        "6":9,
                        "7":10,
                        "8":12,
                        "9":15,
                        "10":19
                    },
                    "Nom Pr\u00e9nom":{
                        "0":"GAMBOVA BARBORA",
                        "1":"CARTER GRACE",
                        "2":"BOISARD ANNAIG",
                        "3":"DIOUMANERA SADIO",
                        "4":"MORILLON LOLA",
                        "5":"HASSENI ROXANE",
                        "6":"ROBITAILLE KIM",
                        "7":"BOISSELIER LAURA",
                        "8":"DIAGNE MARIEME",
                        "9":"GOUIN LOU",
                        "10":"VOJIKOVA KRISTYNA"
                    },
                    "Licence":{
                        "0":2300069,
                        "1":1941574,
                        "2":1673443,
                        "3":1896599,
                        "4":1894383,
                        "5":1663257,
                        "6":2409150,
                        "7":1881738,
                        "8":1903745,
                        "9":2043358,
                        "10":2409152
                    }
                },
                "Team 2":{
                    "N\u00b0":{
                        "0":2,
                        "1":3,
                        "2":4,
                        "3":6,
                        "4":8,
                        "5":9,
                        "6":11,
                        "7":12,
                        "8":15,
                        "9":17,
                        "10":18
                    },
                    "Nom Pr\u00e9nom":{
                        "0":"TAFILAGI MALIA-LITA",
                        "1":"MOISON VIRGINIE",
                        "2":"PREVERT FLORIANE",
                        "3":"KONE FANTA",
                        "4":"RACINET LAURINE",
                        "5":"LE MOIGNE LENAIG",
                        "6":"CODIAL OUMAYMA",
                        "7":"CAMPOS CAMARINHA SYLVIA",
                        "8":"ERHART ALEXANDRA",
                        "9":"CHOTARD CHRYSTELLE",
                        "10":"ESTEPHANIE GOULART NAYARA"
                    },
                    "Licence":{
                        "0":2235567,
                        "1":1659685,
                        "2":1478302,
                        "3":1718524,
                        "4":1826183,
                        "5":1731845,
                        "6":1991883,
                        "7":2408911,
                        "8":1806300,
                        "9":1233199,
                        "10":2408914
                    }
                }
            },
            "Liberos":{
                "Team 1":{
                    "N\u00b0":{
                        "0":6
                    },
                    "Nom Pr\u00e9nom":{
                        "0":"MORILLON LOLA"
                    },
                    "Licence":{
                        "0":1894383
                    }
                },
                "Team 2":{
                    "N\u00b0":{
                        "0":9,
                        "1":18
                    },
                    "Nom Pr\u00e9nom":{
                        "0":"LE MOIGNE LENAIG",
                        "1":"ESTEPHANIE GOULART NAYARA"
                    },
                    "Licence":{
                        "0":1731845,
                        "1":2408914
                    }
                }
            },
            "Officials":{
                "Team 1":{
                    "N\u00b0":{
                        "0":"EA",
                        "1":"EB",
                        "2":"SO"
                    },
                    "Nom Pr\u00e9nom":{
                        "0":"HROCH MARTIN",
                        "1":"DUVIVIER DOMINIQUE",
                        "2":"GRIFFON YOANN"
                    },
                    "Licence":{
                        "0":1231908,
                        "1":1228198,
                        "2":2417345
                    }
                },
                "Team 2":{
                    "N\u00b0":{
                        "0":"EA",
                        "1":"EB"
                    },
                    "Nom Pr\u00e9nom":{
                        "0":"CHUBILLEAU YANN",
                        "1":"THANGUY GILDAS"
                    },
                    "Licence":{
                        "0":29777,
                        "1":954179
                    }
                }
            }
        },
        "Results":{
            "winner":"QUIMPER VOLLEY 29",
            "score":"3\/0"
        },
        "Referees":{
            "NOM Pr\u00e9nom":{
                "1er":"LE MOINE NADINE",
                "2\u00e8me":"RIDEAU PIERRE",
                "Marqueur":"BRIOIS GAELLE",
                "Marq.Ass":".",
                "R.Salle":"ANSQUER LAURENT"
            },
            "Ligue":{
                "1er":"LIG_PL",
                "2\u00e8me":"LIG_AQ",
                "Marqueur":"LIG_BR",
                "Marq.Ass":null,
                "R.Salle":"LIG_BR"
            },
            "Licence":{
                "1er":945648.0,
                "2\u00e8me":1754733.0,
                "Marqueur":1555191.0,
                "Marq.Ass":null,
                "R.Salle":1232966.0
            }
        },
        "Penalties":{

        }
    }
}