{
    "Match":{
        "Title":{
            "div_code":"EFA ",
            "div_name":"ELITE FEMININE",
            "div_pool":"POULE A",
            "match_number":"EFA051",
            "match_day":"13",
            "city":"RENNES",
            "gym":"COURTEMANCHE",
            "category":"SENIOR | FEMININE",
            "ligue":"Comp\u00e9titions Nationales SENIORS",
            "date":"2020-02-01 20:00:00",
            "team_1":"RENNES ETUDIANTS CLUB",
            "team_2":"STELLA EDU SP CALAIS"
        },
        "Sets":{
            "Teams":{
                "Set 1":{
                    "Name":{
                        "Team 1":"RENNES ETUDIANTS CLUB",
                        "Team 2":"STELLA EDU SP CALAIS"
                    },
                    "Starting":{
                        "Team 1":"Service",
                        "Team 2":"Reception"
                    }
                },
                "Set 2":{
                    "Name":{
                        "Team 1":"RENNES ETUDIANTS CLUB",
                        "Team 2":"STELLA EDU SP CALAIS"
                    },
                    "Starting":{
                        "Team 1":"Reception",
                        "Team 2":"Service"
                    }
                },
                "Set 3":{
                    "Name":{
                        "Team 1":"RENNES ETUDIANTS CLUB",
                        "Team 2":"STELLA EDU SP CALAIS"
                    },
                    "Starting":{
                        "Team 1":"Service",
                        "Team 2":"Reception"
                    }
                },
                "Set 4":{
                    "Name":{
                        "Team 1":"RENNES ETUDIANTS CLUB",
                        "Team 2":"STELLA EDU SP CALAIS"
                    },
                    "Starting":{
                        "Team 1":"Reception",
                        "Team 2":"Service"
                    }
                },
                "Set 5":0
            },
            "Time":{
                "Set 1":{
                    "Time":{
                        "Start":"2020-02-01 19:59:00",
                        "End":"2020-02-01 20:25:00"
                    }
                },
                "Set 2":{
                    "Time":{
                        "Start":"2020-02-01 20:28:00",
                        "End":"2020-02-01 20:58:00"
                    }
                },
                "Set 3":{
                    "Time":{
                        "Start":"2020-02-01 21:02:00",
                        "End":"2020-02-01 21:30:00"
                    }
                },
                "Set 4":{
                    "Time":{
                        "Start":"2020-02-01 21:34:00",
                        "End":"2020-02-01 22:01:00"
                    }
                },
                "Set 5":0
            },
            "Substitutions 1":{
                "Set 1":{
                    "I":{
                        "0":10.0,
                        "1":null,
                        "2":null,
                        "3":null
                    },
                    "II":{
                        "0":"4",
                        "1":"8",
                        "2":"24:20",
                        "3":"24:21"
                    },
                    "III":{
                        "0":12.0,
                        "1":null,
                        "2":null,
                        "3":null
                    },
                    "IV":{
                        "0":6.0,
                        "1":null,
                        "2":null,
                        "3":null
                    },
                    "V":{
                        "0":11.0,
                        "1":null,
                        "2":null,
                        "3":null
                    },
                    "VI":{
                        "0":15.0,
                        "1":null,
                        "2":null,
                        "3":null
                    }
                },
                "Set 2":{
                    "I":{
                        "0":15
                    },
                    "II":{
                        "0":10
                    },
                    "III":{
                        "0":4
                    },
                    "IV":{
                        "0":12
                    },
                    "V":{
                        "0":6
                    },
                    "VI":{
                        "0":11
                    }
                },
                "Set 3":{
                    "I":{
                        "0":6.0,
                        "1":null,
                        "2":null
                    },
                    "II":{
                        "0":11.0,
                        "1":null,
                        "2":null
                    },
                    "III":{
                        "0":15.0,
                        "1":null,
                        "2":null
                    },
                    "IV":{
                        "0":"10",
                        "1":"17",
                        "2":"16:20"
                    },
                    "V":{
                        "0":4.0,
                        "1":null,
                        "2":null
                    },
                    "VI":{
                        "0":12.0,
                        "1":null,
                        "2":null
                    }
                },
                "Set 4":{
                    "I":{
                        "0":15.0,
                        "1":null,
                        "2":null
                    },
                    "II":{
                        "0":17.0,
                        "1":null,
                        "2":null
                    },
                    "III":{
                        "0":4.0,
                        "1":null,
                        "2":null
                    },
                    "IV":{
                        "0":12.0,
                        "1":null,
                        "2":null
                    },
                    "V":{
                        "0":"6",
                        "1":"8",
                        "2":"16:20"
                    },
                    "VI":{
                        "0":11.0,
                        "1":null,
                        "2":null
                    }
                },
                "Set 5":0
            },
            "Substitutions 2":{
                "Set 1":{
                    "I":{
                        "0":13.0,
                        "1":null,
                        "2":null
                    },
                    "II":{
                        "0":7.0,
                        "1":null,
                        "2":null
                    },
                    "III":{
                        "0":9.0,
                        "1":null,
                        "2":null
                    },
                    "IV":{
                        "0":"8",
                        "1":"4",
                        "2":"16:18"
                    },
                    "V":{
                        "0":"2",
                        "1":"10",
                        "2":"16:18"
                    },
                    "VI":{
                        "0":3.0,
                        "1":null,
                        "2":null
                    }
                },
                "Set 2":{
                    "I":{
                        "0":9
                    },
                    "II":{
                        "0":13
                    },
                    "III":{
                        "0":10
                    },
                    "IV":{
                        "0":8
                    },
                    "V":{
                        "0":4
                    },
                    "VI":{
                        "0":7
                    }
                },
                "Set 3":{
                    "I":{
                        "0":9
                    },
                    "II":{
                        "0":13
                    },
                    "III":{
                        "0":10
                    },
                    "IV":{
                        "0":8
                    },
                    "V":{
                        "0":4
                    },
                    "VI":{
                        "0":7
                    }
                },
                "Set 4":{
                    "I":{
                        "0":9
                    },
                    "II":{
                        "0":13
                    },
                    "III":{
                        "0":10
                    },
                    "IV":{
                        "0":8
                    },
                    "V":{
                        "0":4
                    },
                    "VI":{
                        "0":7
                    }
                },
                "Set 5":0
            },
            "Serves 1":{
                "Set 1":{
                    "I":{
                        "0":"1",
                        "1":12,
                        "2":23
                    },
                    "II":{
                        "0":"4",
                        "1":14,
                        "2":24
                    },
                    "III":{
                        "0":"5",
                        "1":15,
                        "2":25
                    },
                    "IV":{
                        "0":"7",
                        "1":19.0,
                        "2":null
                    },
                    "V":{
                        "0":"9",
                        "1":20.0,
                        "2":null
                    },
                    "VI":{
                        "0":"11",
                        "1":22.0,
                        "2":null
                    }
                },
                "Set 2":{
                    "I":{
                        "0":null,
                        "1":11.0,
                        "2":24.0
                    },
                    "II":{
                        "0":"1",
                        "1":12.0,
                        "2":null
                    },
                    "III":{
                        "0":"3",
                        "1":14.0,
                        "2":null
                    },
                    "IV":{
                        "0":"4",
                        "1":18.0,
                        "2":null
                    },
                    "V":{
                        "0":"6",
                        "1":19.0,
                        "2":null
                    },
                    "VI":{
                        "0":"8",
                        "1":23.0,
                        "2":null
                    }
                },
                "Set 3":{
                    "I":{
                        "0":"0",
                        "1":13
                    },
                    "II":{
                        "0":"2",
                        "1":14
                    },
                    "III":{
                        "0":"3",
                        "1":16
                    },
                    "IV":{
                        "0":"10",
                        "1":17
                    },
                    "V":{
                        "0":"11",
                        "1":18
                    },
                    "VI":{
                        "0":"12",
                        "1":22
                    }
                },
                "Set 4":{
                    "I":{
                        "0":null,
                        "1":10.0
                    },
                    "II":{
                        "0":"1",
                        "1":11
                    },
                    "III":{
                        "0":"2",
                        "1":16
                    },
                    "IV":{
                        "0":"3",
                        "1":17
                    },
                    "V":{
                        "0":"5",
                        "1":19
                    },
                    "VI":{
                        "0":"6",
                        "1":20
                    }
                },
                "Set 5":0
            },
            "Serves 2":{
                "Set 1":{
                    "I":{
                        "0":null,
                        "1":9.0,
                        "2":19.0
                    },
                    "II":{
                        "0":"1",
                        "1":14,
                        "2":20
                    },
                    "III":{
                        "0":"3",
                        "1":15,
                        "2":21
                    },
                    "IV":{
                        "0":"4",
                        "1":16.0,
                        "2":null
                    },
                    "V":{
                        "0":"5",
                        "1":17.0,
                        "2":null
                    },
                    "VI":{
                        "0":"6",
                        "1":18.0,
                        "2":null
                    }
                },
                "Set 2":{
                    "I":{
                        "0":"0",
                        "1":11,
                        "2":26
                    },
                    "II":{
                        "0":"2",
                        "1":13.0,
                        "2":null
                    },
                    "III":{
                        "0":"4",
                        "1":16.0,
                        "2":null
                    },
                    "IV":{
                        "0":"8",
                        "1":17.0,
                        "2":null
                    },
                    "V":{
                        "0":"9",
                        "1":20.0,
                        "2":null
                    },
                    "VI":{
                        "0":"10",
                        "1":24.0,
                        "2":null
                    }
                },
                "Set 3":{
                    "I":{
                        "0":null,
                        "1":9.0,
                        "2":25.0
                    },
                    "II":{
                        "0":"1",
                        "1":13.0,
                        "2":null
                    },
                    "III":{
                        "0":"3",
                        "1":14.0,
                        "2":null
                    },
                    "IV":{
                        "0":"4",
                        "1":20.0,
                        "2":null
                    },
                    "V":{
                        "0":"5",
                        "1":22.0,
                        "2":null
                    },
                    "VI":{
                        "0":"7",
                        "1":23.0,
                        "2":null
                    }
                },
                "Set 4":{
                    "I":{
                        "0":"2",
                        "1":9
                    },
                    "II":{
                        "0":"3",
                        "1":11
                    },
                    "III":{
                        "0":"5",
                        "1":21
                    },
                    "IV":{
                        "0":"6",
                        "1":22
                    },
                    "V":{
                        "0":"7",
                        "1":23
                    },
                    "VI":{
                        "0":"8",
                        "1":25
                    }
                },
                "Set 5":0
            },
            "Timeouts 1":{
                "Set 1":{
                    "T":{
                        "0":"12:12"
                    }
                },
                "Set 2":{
                    "T":{
                        "0":"19:20",
                        "1":"23:22"
                    }
                },
                "Set 3":{
                    "T":{
                        "0":"13:13",
                        "1":"16:19"
                    }
                },
                "Set 4":{
                    "T":{
                        "0":"16:15",
                        "1":"16:19"
                    }
                },
                "Set 5":0
            },
            "Timeouts 2":{
                "Set 1":{
                    "T":{
                        "0":"6:11",
                        "1":"16:18"
                    }
                },
                "Set 2":{
                    "T":{
                        "0":"16:18",
                        "1":"20:22"
                    }
                },
                "Set 3":{
                    "T":{
                        "0":"4:10",
                        "1":"23:21"
                    }
                },
                "Set 4":{
                    "T":{
                        "0":"11:14"
                    }
                },
                "Set 5":0
            }
        },
        "Teams":{
            "Name":{
                "Team 1":"RENNES ETUDIANTS CLUB",
                "Team 2":"STELLA EDU SP CALAIS"
            },
            "Players":{
                "Team 1":{
                    "N\u00b0":{
                        "0":1,
                        "1":2,
                        "2":4,
                        "3":6,
                        "4":8,
                        "5":9,
                        "6":10,
                        "7":11,
                        "8":12,
                        "9":15,
                        "10":16,
                        "11":17
                    },
                    "Nom Pr\u00e9nom":{
                        "0":"MOTTA PAES LOANE",
                        "1":"TAFILAGI MALIA LITA",
                        "2":"PREVERT FLORIANE",
                        "3":"KONE FANTA",
                        "4":"RACINET LAURINE",
                        "5":"LE MOIGNE LENAIG",
                        "6":"ESTEPHANIE GOULART NAYARA",
                        "7":"CODIAL OUMAYMA",
                        "8":"CAMPOS CAMARINHA SYLVIA",
                        "9":"ERHART ALEXANDRA",
                        "10":"HAMON ELISE",
                        "11":"CHOTARD CHRYSTELLE"
                    },
                    "Licence":{
                        "0":1895905,
                        "1":2235567,
                        "2":1478302,
                        "3":1718524,
                        "4":1826183,
                        "5":1731845,
                        "6":2408914,
                        "7":1991883,
                        "8":2408911,
                        "9":1806300,
                        "10":1896683,
                        "11":1233199
                    }
                },
                "Team 2":{
                    "N\u00b0":{
                        "0":2,
                        "1":3,
                        "2":4,
                        "3":6,
                        "4":7,
                        "5":8,
                        "6":9,
                        "7":10,
                        "8":11,
                        "9":13
                    },
                    "Nom Pr\u00e9nom":{
                        "0":"POPEK BLANDINE",
                        "1":"MOREIRA DE SOUZA CARLA",
                        "2":"IMBERT ROMANE",
                        "3":"GUYOT POLVERINI MIA-SEVERIN",
                        "4":"WILLIAMS ARIANA",
                        "5":"VANDEN MEER MEGAN",
                        "6":"SEGUIN CASSANDRA",
                        "7":"DAVIS SARA",
                        "8":"MOLLINGER GAELLE",
                        "9":"MIKSIKOVA LUCIA"
                    },
                    "Licence":{
                        "0":1853076,
                        "1":2350705,
                        "2":1821091,
                        "3":1827019,
                        "4":2149694,
                        "5":2408691,
                        "6":1697276,
                        "7":2407051,
                        "8":1414959,
                        "9":2407052
                    }
                }
            },
            "Liberos":{
                "Team 1":{
                    "N\u00b0":{
                        "0":9
                    },
                    "Nom Pr\u00e9nom":{
                        "0":"LE MOIGNE LENAIG"
                    },
                    "Licence":{
                        "0":1731845
                    }
                },
                "Team 2":{
                    "N\u00b0":{
                        "0":11
                    },
                    "Nom Pr\u00e9nom":{
                        "0":"MOLLINGER GAELLE"
                    },
                    "Licence":{
                        "0":1414959
                    }
                }
            },
            "Officials":{
                "Team 1":{
                    "N\u00b0":{
                        "0":"EA",
                        "1":"EB",
                        "2":"SO"
                    },
                    "Nom Pr\u00e9nom":{
                        "0":"CHUBILLEAU YANN",
                        "1":"THANGUY GILDAS",
                        "2":"MARTIN ALEXIS"
                    },
                    "Licence":{
                        "0":29777,
                        "1":954179,
                        "2":2423668
                    }
                },
                "Team 2":{
                    "N\u00b0":{
                        "0":"EA"
                    },
                    "Nom Pr\u00e9nom":{
                        "0":"OUKARACHE BADIS"
                    },
                    "Licence":{
                        "0":1507456
                    }
                }
            }
        },
        "Results":{
            "winner":"STELLA EDU SP CALAIS",
            "score":"3\/1"
        },
        "Referees":{
            "NOM Pr\u00e9nom":{
                "1er":"MALATESTE JEAN-MARIE",
                "2\u00e8me":"GREMILLON STEPHANE",
                "Marqueur":"LEFEVBRE DELANGHE LAURIE",
                "Marq.Ass":".",
                "R.Salle":"GUITTON NATHALIE"
            },
            "Ligue":{
                "1er":"LIG_AQ",
                "2\u00e8me":"LIG_AQ",
                "Marqueur":"LIG_BR",
                "Marq.Ass":null,
                "R.Salle":null
            },
            "Licence":{
                "1er":427948.0,
                "2\u00e8me":1232121.0,
                "Marqueur":1906120.0,
                "Marq.Ass":null,
                "R.Salle":2036263.0
            }
        },
        "Penalties":{

        }
    }
}