{
    "Match":{
        "Title":{
            "div_code":"EFA ",
            "div_name":"ELITE FEMININE",
            "div_pool":"POULE A",
            "match_number":"EFA025",
            "match_day":"07",
            "city":"LEVALLOIS-PERRET",
            "gym":"MARIE-CLAIRE RESTOUX",
            "category":"SENIOR | FEMININE",
            "ligue":"Comp\u00e9titions Nationales SENIORS",
            "date":"2019-11-30 20:00:00",
            "team_1":"LEVALLOIS SPORTING CLUB",
            "team_2":"INSTITUT FEDERAL DE VOLLEY-BALL 2"
        },
        "Sets":{
            "Teams":{
                "Set 1":{
                    "Name":{
                        "Team 1":"LEVALLOIS SPORTING CLU",
                        "Team 2":"INSTITUT FEDERAL DE VO"
                    },
                    "Starting":{
                        "Team 1":"Reception",
                        "Team 2":"Service"
                    }
                },
                "Set 2":{
                    "Name":{
                        "Team 1":"LEVALLOIS SPORTING CLU",
                        "Team 2":"INSTITUT FEDERAL DE VO"
                    },
                    "Starting":{
                        "Team 1":"Service",
                        "Team 2":"Reception"
                    }
                },
                "Set 3":{
                    "Name":{
                        "Team 1":"LEVALLOIS SPORTING CLU",
                        "Team 2":"INSTITUT FEDERAL DE VO"
                    },
                    "Starting":{
                        "Team 1":"Reception",
                        "Team 2":"Service"
                    }
                },
                "Set 4":{
                    "Name":{
                        "Team 1":"LEVALLOIS SPORTING CLU",
                        "Team 2":"INSTITUT FEDERAL DE VO"
                    },
                    "Starting":{
                        "Team 1":"Service",
                        "Team 2":"Reception"
                    }
                },
                "Set 5":0
            },
            "Time":{
                "Set 1":{
                    "Time":{
                        "Start":"2019-11-30 20:01:00",
                        "End":"2019-11-30 20:26:00"
                    }
                },
                "Set 2":{
                    "Time":{
                        "Start":"2019-11-30 20:30:00",
                        "End":"2019-11-30 21:00:00"
                    }
                },
                "Set 3":{
                    "Time":{
                        "Start":"2019-11-30 21:02:00",
                        "End":"2019-11-30 21:23:00"
                    }
                },
                "Set 4":{
                    "Time":{
                        "Start":"2019-11-30 21:26:00",
                        "End":"2019-11-30 21:54:00"
                    }
                },
                "Set 5":0
            },
            "Substitutions 1":{
                "Set 1":{
                    "I":{
                        "0":16.0,
                        "1":null,
                        "2":null
                    },
                    "II":{
                        "0":"11",
                        "1":"12",
                        "2":"14:18"
                    },
                    "III":{
                        "0":8.0,
                        "1":null,
                        "2":null
                    },
                    "IV":{
                        "0":1.0,
                        "1":null,
                        "2":null
                    },
                    "V":{
                        "0":14.0,
                        "1":null,
                        "2":null
                    },
                    "VI":{
                        "0":2.0,
                        "1":null,
                        "2":null
                    }
                },
                "Set 2":{
                    "I":{
                        "0":12.0,
                        "1":null,
                        "2":null,
                        "3":null
                    },
                    "II":{
                        "0":8.0,
                        "1":null,
                        "2":null,
                        "3":null
                    },
                    "III":{
                        "0":"1",
                        "1":"11",
                        "2":"17:10",
                        "3":"24:13"
                    },
                    "IV":{
                        "0":14.0,
                        "1":null,
                        "2":null,
                        "3":null
                    },
                    "V":{
                        "0":2.0,
                        "1":null,
                        "2":null,
                        "3":null
                    },
                    "VI":{
                        "0":16.0,
                        "1":null,
                        "2":null,
                        "3":null
                    }
                },
                "Set 3":{
                    "I":{
                        "0":16
                    },
                    "II":{
                        "0":12
                    },
                    "III":{
                        "0":8
                    },
                    "IV":{
                        "0":1
                    },
                    "V":{
                        "0":14
                    },
                    "VI":{
                        "0":2
                    }
                },
                "Set 4":{
                    "I":{
                        "0":12.0,
                        "1":null,
                        "2":null,
                        "3":null
                    },
                    "II":{
                        "0":8.0,
                        "1":null,
                        "2":null,
                        "3":null
                    },
                    "III":{
                        "0":"1",
                        "1":"11",
                        "2":"20:13",
                        "3":"23:16"
                    },
                    "IV":{
                        "0":14.0,
                        "1":null,
                        "2":null,
                        "3":null
                    },
                    "V":{
                        "0":2.0,
                        "1":null,
                        "2":null,
                        "3":null
                    },
                    "VI":{
                        "0":16.0,
                        "1":null,
                        "2":null,
                        "3":null
                    }
                },
                "Set 5":0
            },
            "Substitutions 2":{
                "Set 1":{
                    "I":{
                        "0":7.0,
                        "1":null,
                        "2":null,
                        "3":null
                    },
                    "II":{
                        "0":15.0,
                        "1":null,
                        "2":null,
                        "3":null
                    },
                    "III":{
                        "0":16.0,
                        "1":null,
                        "2":null,
                        "3":null
                    },
                    "IV":{
                        "0":9.0,
                        "1":null,
                        "2":null,
                        "3":null
                    },
                    "V":{
                        "0":1.0,
                        "1":null,
                        "2":null,
                        "3":null
                    },
                    "VI":{
                        "0":"18",
                        "1":"5",
                        "2":"0:0",
                        "3":"1:0"
                    }
                },
                "Set 2":{
                    "I":{
                        "0":7.0,
                        "1":null,
                        "2":null,
                        "3":null
                    },
                    "II":{
                        "0":15.0,
                        "1":null,
                        "2":null,
                        "3":null
                    },
                    "III":{
                        "0":16.0,
                        "1":null,
                        "2":null,
                        "3":null
                    },
                    "IV":{
                        "0":9.0,
                        "1":null,
                        "2":null,
                        "3":null
                    },
                    "V":{
                        "0":"1",
                        "1":"5",
                        "2":"12:21",
                        "3":"12:22"
                    },
                    "VI":{
                        "0":18.0,
                        "1":null,
                        "2":null,
                        "3":null
                    }
                },
                "Set 3":{
                    "I":{
                        "0":"9",
                        "1":"5",
                        "2":"10:18",
                        "3":"10:21"
                    },
                    "II":{
                        "0":1.0,
                        "1":null,
                        "2":null,
                        "3":null
                    },
                    "III":{
                        "0":18.0,
                        "1":null,
                        "2":null,
                        "3":null
                    },
                    "IV":{
                        "0":7.0,
                        "1":null,
                        "2":null,
                        "3":null
                    },
                    "V":{
                        "0":15.0,
                        "1":null,
                        "2":null,
                        "3":null
                    },
                    "VI":{
                        "0":16.0,
                        "1":null,
                        "2":null,
                        "3":null
                    }
                },
                "Set 4":{
                    "I":{
                        "0":7.0,
                        "1":null,
                        "2":null,
                        "3":null
                    },
                    "II":{
                        "0":15.0,
                        "1":null,
                        "2":null,
                        "3":null
                    },
                    "III":{
                        "0":"16",
                        "1":"3",
                        "2":"11:17",
                        "3":null
                    },
                    "IV":{
                        "0":"9",
                        "1":"5",
                        "2":"11:18",
                        "3":"14:21"
                    },
                    "V":{
                        "0":1.0,
                        "1":null,
                        "2":null,
                        "3":null
                    },
                    "VI":{
                        "0":18.0,
                        "1":null,
                        "2":null,
                        "3":null
                    }
                },
                "Set 5":0
            },
            "Serves 1":{
                "Set 1":{
                    "I":{
                        "0":null,
                        "1":9.0,
                        "2":18.0
                    },
                    "II":{
                        "0":"1",
                        "1":10,
                        "2":20
                    },
                    "III":{
                        "0":"4",
                        "1":12,
                        "2":21
                    },
                    "IV":{
                        "0":"5",
                        "1":13.0,
                        "2":null
                    },
                    "V":{
                        "0":"6",
                        "1":16.0,
                        "2":null
                    },
                    "VI":{
                        "0":"8",
                        "1":17.0,
                        "2":null
                    }
                },
                "Set 2":{
                    "I":{
                        "0":"0",
                        "1":12,
                        "2":25
                    },
                    "II":{
                        "0":"4",
                        "1":16.0,
                        "2":null
                    },
                    "III":{
                        "0":"7",
                        "1":18.0,
                        "2":null
                    },
                    "IV":{
                        "0":"8",
                        "1":21.0,
                        "2":null
                    },
                    "V":{
                        "0":"9",
                        "1":23.0,
                        "2":null
                    },
                    "VI":{
                        "0":"11",
                        "1":24.0,
                        "2":null
                    }
                },
                "Set 3":{
                    "I":{
                        "0":null,
                        "1":11.0
                    },
                    "II":{
                        "0":"1",
                        "1":13
                    },
                    "III":{
                        "0":"5",
                        "1":15
                    },
                    "IV":{
                        "0":"7",
                        "1":16
                    },
                    "V":{
                        "0":"8",
                        "1":25
                    },
                    "VI":{
                        "0":"10",
                        "1":null
                    }
                },
                "Set 4":{
                    "I":{
                        "0":"0",
                        "1":18,
                        "2":25
                    },
                    "II":{
                        "0":"1",
                        "1":19.0,
                        "2":null
                    },
                    "III":{
                        "0":"4",
                        "1":21.0,
                        "2":null
                    },
                    "IV":{
                        "0":"7",
                        "1":22.0,
                        "2":null
                    },
                    "V":{
                        "0":"10",
                        "1":23.0,
                        "2":null
                    },
                    "VI":{
                        "0":"12",
                        "1":24.0,
                        "2":null
                    }
                },
                "Set 5":0
            },
            "Serves 2":{
                "Set 1":{
                    "I":{
                        "0":"1",
                        "1":11,
                        "2":21
                    },
                    "II":{
                        "0":"2",
                        "1":13,
                        "2":22
                    },
                    "III":{
                        "0":"4",
                        "1":16,
                        "2":25
                    },
                    "IV":{
                        "0":"5",
                        "1":18.0,
                        "2":null
                    },
                    "V":{
                        "0":"6",
                        "1":19.0,
                        "2":null
                    },
                    "VI":{
                        "0":"7",
                        "1":20.0,
                        "2":null
                    }
                },
                "Set 2":{
                    "I":{
                        "0":null,
                        "1":8.0,
                        "2":14.0
                    },
                    "II":{
                        "0":"1",
                        "1":9.0,
                        "2":null
                    },
                    "III":{
                        "0":"3",
                        "1":10.0,
                        "2":null
                    },
                    "IV":{
                        "0":"4",
                        "1":11.0,
                        "2":null
                    },
                    "V":{
                        "0":"5",
                        "1":12.0,
                        "2":null
                    },
                    "VI":{
                        "0":"7",
                        "1":13.0,
                        "2":null
                    }
                },
                "Set 3":{
                    "I":{
                        "0":"0",
                        "1":6
                    },
                    "II":{
                        "0":"1",
                        "1":8
                    },
                    "III":{
                        "0":"2",
                        "1":9
                    },
                    "IV":{
                        "0":"3",
                        "1":10
                    },
                    "V":{
                        "0":"4",
                        "1":null
                    },
                    "VI":{
                        "0":"5",
                        "1":null
                    }
                },
                "Set 4":{
                    "I":{
                        "0":null,
                        "1":11.0,
                        "2":19.0
                    },
                    "II":{
                        "0":"4",
                        "1":12.0,
                        "2":null
                    },
                    "III":{
                        "0":"5",
                        "1":13.0,
                        "2":null
                    },
                    "IV":{
                        "0":"6",
                        "1":15.0,
                        "2":null
                    },
                    "V":{
                        "0":"7",
                        "1":16.0,
                        "2":null
                    },
                    "VI":{
                        "0":"10",
                        "1":18.0,
                        "2":null
                    }
                },
                "Set 5":0
            },
            "Timeouts 1":{
                "Set 1":{
                    "T":{
                        "0":"20:22",
                        "1":"21:23"
                    }
                },
                "Set 2":{
                    "T":{
                        "0":"9:7",
                        "1":"21:12"
                    }
                },
                "Set 3":{
                    "T":{

                    }
                },
                "Set 4":{
                    "T":{
                        "0":"0:3",
                        "1":"18:12"
                    }
                },
                "Set 5":0
            },
            "Timeouts 2":{
                "Set 1":{
                    "T":{
                        "0":"18:16"
                    }
                },
                "Set 2":{
                    "T":{
                        "0":"8:12",
                        "1":"9:15"
                    }
                },
                "Set 3":{
                    "T":{
                        "0":"1:5",
                        "1":"4:10"
                    }
                },
                "Set 4":{
                    "T":{
                        "0":"7:10",
                        "1":"11:14"
                    }
                },
                "Set 5":0
            }
        },
        "Teams":{
            "Name":{
                "Team 1":"LEVALLOIS SPORTING CLUB",
                "Team 2":"INSTITUT FEDERAL DE VOLLEY-BAL"
            },
            "Players":{
                "Team 1":{
                    "N\u00b0":{
                        "0":1,
                        "1":2,
                        "2":4,
                        "3":5,
                        "4":8,
                        "5":10,
                        "6":11,
                        "7":12,
                        "8":14,
                        "9":16
                    },
                    "Nom Pr\u00e9nom":{
                        "0":"BA AUDE",
                        "1":"CLAVREUL CAMILLE",
                        "2":"SANGARE RAMATA",
                        "3":"CANS ROMANE",
                        "4":"HODL JULIA",
                        "5":"GICQUEL AGATHE",
                        "6":"NARBONNE JULIETTE",
                        "7":"DIALLO MARIAME",
                        "8":"PICCOLO SOL",
                        "9":"HANSSON FILIPPA"
                    },
                    "Licence":{
                        "0":1462862,
                        "1":1366383,
                        "2":1748687,
                        "3":1732961,
                        "4":2089365,
                        "5":1946091,
                        "6":1758768,
                        "7":1712849,
                        "8":2199453,
                        "9":2408723
                    }
                },
                "Team 2":{
                    "N\u00b0":{
                        "0":1,
                        "1":3,
                        "2":5,
                        "3":7,
                        "4":9,
                        "5":10,
                        "6":15,
                        "7":16,
                        "8":17,
                        "9":18
                    },
                    "Nom Pr\u00e9nom":{
                        "0":"MARQUET CAMILLE",
                        "1":"MOBISA AURORE",
                        "2":"POTIER LOUE",
                        "3":"DANARD SELOSSE ENORA",
                        "4":"DEL MORAL EVA",
                        "5":"VIDALLER STELLA",
                        "6":"BAH HALIMATOU",
                        "7":"FANGUEDOU FATOUMATA",
                        "8":"RAKOTOZAFI HOPE",
                        "9":"NGOLONGOLO NAOMI"
                    },
                    "Licence":{
                        "0":1886594,
                        "1":2244449,
                        "2":2004131,
                        "3":1741695,
                        "4":1989720,
                        "5":1866985,
                        "6":2089668,
                        "7":2155308,
                        "8":1916611,
                        "9":2139586
                    }
                }
            },
            "Liberos":{
                "Team 1":{
                    "N\u00b0":{
                        "0":5
                    },
                    "Nom Pr\u00e9nom":{
                        "0":"CANS ROMANE"
                    },
                    "Licence":{
                        "0":1732961
                    }
                },
                "Team 2":{
                    "N\u00b0":{
                        "0":17
                    },
                    "Nom Pr\u00e9nom":{
                        "0":"RAKOTOZAFI HOPE"
                    },
                    "Licence":{
                        "0":1916611
                    }
                }
            },
            "Officials":{
                "Team 1":{
                    "N\u00b0":{
                        "0":"EA"
                    },
                    "Nom Pr\u00e9nom":{
                        "0":"HAVAS FREDERIC"
                    },
                    "Licence":{
                        "0":1115859
                    }
                },
                "Team 2":{
                    "N\u00b0":{
                        "0":"EA",
                        "1":"EB"
                    },
                    "Nom Pr\u00e9nom":{
                        "0":"DELACOURT LAURENT",
                        "1":"RAKOTOMANGA MATHIEU"
                    },
                    "Licence":{
                        "0":1507070,
                        "1":1568672
                    }
                }
            }
        },
        "Results":{
            "winner":"LEVALLOIS SPORTING CLU",
            "score":"3\/1"
        },
        "Referees":{
            "NOM Pr\u00e9nom":{
                "1er":"STANCZYKIEWICZ LIONEL",
                "2\u00e8me":"MIRZAK IMAD",
                "Marqueur":"MARME CAROLE",
                "Marq.Ass":".",
                "R.Salle":"BRENNAN LUCE"
            },
            "Ligue":{
                "1er":"LIG_GES",
                "2\u00e8me":"LIG_HDF",
                "Marqueur":"LIG_IF",
                "Marq.Ass":null,
                "R.Salle":"LIG_IF"
            },
            "Licence":{
                "1er":1181761.0,
                "2\u00e8me":1662955.0,
                "Marqueur":1909137.0,
                "Marq.Ass":null,
                "R.Salle":1659096.0
            }
        },
        "Penalties":{

        }
    }
}