{
    "Match":{
        "Title":{
            "div_code":"EFA ",
            "div_name":"ELITE FEMININE",
            "div_pool":"POULE A",
            "match_number":"EFA003",
            "match_day":"01",
            "city":"SENS",
            "gym":"COMPLEXE SPORTIF ROGER BRETON",
            "category":"SENIOR | FEMININE",
            "ligue":"Comp\u00e9titions Nationales SENIORS",
            "date":"2019-10-05 20:00:00",
            "team_1":"SENS VOLLEY 89",
            "team_2":"VOLLEY CLUB HARNES"
        },
        "Sets":{
            "Teams":{
                "Set 1":{
                    "Name":{
                        "Team 1":"SENS VOLLEY 89",
                        "Team 2":"VOLLEY CLUB HARNES"
                    },
                    "Starting":{
                        "Team 1":"Reception",
                        "Team 2":"Service"
                    }
                },
                "Set 2":{
                    "Name":{
                        "Team 1":"SENS VOLLEY 89",
                        "Team 2":"VOLLEY CLUB HARNES"
                    },
                    "Starting":{
                        "Team 1":"Service",
                        "Team 2":"Reception"
                    }
                },
                "Set 3":{
                    "Name":{
                        "Team 1":"SENS VOLLEY 89",
                        "Team 2":"VOLLEY CLUB HARNES"
                    },
                    "Starting":{
                        "Team 1":"Reception",
                        "Team 2":"Service"
                    }
                },
                "Set 4":{
                    "Name":{
                        "Team 1":"SENS VOLLEY 89",
                        "Team 2":"VOLLEY CLUB HARNES"
                    },
                    "Starting":{
                        "Team 1":"Service",
                        "Team 2":"Reception"
                    }
                },
                "Set 5":0
            },
            "Time":{
                "Set 1":{
                    "Time":{
                        "Start":"2019-10-05 20:09:00",
                        "End":"2019-10-05 20:39:00"
                    }
                },
                "Set 2":{
                    "Time":{
                        "Start":"2019-10-05 20:42:00",
                        "End":"2019-10-05 21:11:00"
                    }
                },
                "Set 3":{
                    "Time":{
                        "Start":"2019-10-05 21:22:00",
                        "End":"2019-10-05 21:51:00"
                    }
                },
                "Set 4":{
                    "Time":{
                        "Start":"2019-10-05 21:54:00",
                        "End":"2019-10-05 22:32:00"
                    }
                },
                "Set 5":0
            },
            "Substitutions 1":{
                "Set 1":{
                    "I":{
                        "0":"2",
                        "1":"11",
                        "2":"20:20",
                        "3":"20:21"
                    },
                    "II":{
                        "0":9.0,
                        "1":null,
                        "2":null,
                        "3":null
                    },
                    "III":{
                        "0":6.0,
                        "1":null,
                        "2":null,
                        "3":null
                    },
                    "IV":{
                        "0":"12",
                        "1":"5",
                        "2":"21:23",
                        "3":null
                    },
                    "V":{
                        "0":3.0,
                        "1":null,
                        "2":null,
                        "3":null
                    },
                    "VI":{
                        "0":7.0,
                        "1":null,
                        "2":null,
                        "3":null
                    }
                },
                "Set 2":{
                    "I":{
                        "0":9
                    },
                    "II":{
                        "0":6
                    },
                    "III":{
                        "0":5
                    },
                    "IV":{
                        "0":3
                    },
                    "V":{
                        "0":7
                    },
                    "VI":{
                        "0":2
                    }
                },
                "Set 3":{
                    "I":{
                        "0":2.0,
                        "1":null,
                        "2":null,
                        "3":null
                    },
                    "II":{
                        "0":9.0,
                        "1":null,
                        "2":null,
                        "3":null
                    },
                    "III":{
                        "0":6.0,
                        "1":null,
                        "2":null,
                        "3":null
                    },
                    "IV":{
                        "0":"5",
                        "1":"12",
                        "2":"16:22",
                        "3":null
                    },
                    "V":{
                        "0":3.0,
                        "1":null,
                        "2":null,
                        "3":null
                    },
                    "VI":{
                        "0":"7",
                        "1":"11",
                        "2":"3:5",
                        "3":"14:15"
                    }
                },
                "Set 4":{
                    "I":{
                        "0":9.0,
                        "1":null,
                        "2":null,
                        "3":null
                    },
                    "II":{
                        "0":6.0,
                        "1":null,
                        "2":null,
                        "3":null
                    },
                    "III":{
                        "0":"12",
                        "1":"11",
                        "2":"27:26",
                        "3":"27:27"
                    },
                    "IV":{
                        "0":"3",
                        "1":"5",
                        "2":"7:8",
                        "3":"20:22"
                    },
                    "V":{
                        "0":"4",
                        "1":"7",
                        "2":"16:16",
                        "3":"20:22"
                    },
                    "VI":{
                        "0":2.0,
                        "1":null,
                        "2":null,
                        "3":null
                    }
                },
                "Set 5":0
            },
            "Substitutions 2":{
                "Set 1":{
                    "I":{
                        "0":8.0,
                        "1":null,
                        "2":null
                    },
                    "II":{
                        "0":11.0,
                        "1":null,
                        "2":null
                    },
                    "III":{
                        "0":"9",
                        "1":"15",
                        "2":"20:19"
                    },
                    "IV":{
                        "0":12.0,
                        "1":null,
                        "2":null
                    },
                    "V":{
                        "0":"4",
                        "1":"2",
                        "2":"24:23"
                    },
                    "VI":{
                        "0":7.0,
                        "1":null,
                        "2":null
                    }
                },
                "Set 2":{
                    "I":{
                        "0":8.0,
                        "1":null,
                        "2":null
                    },
                    "II":{
                        "0":11.0,
                        "1":null,
                        "2":null
                    },
                    "III":{
                        "0":"7",
                        "1":"9",
                        "2":"19:23"
                    },
                    "IV":{
                        "0":12.0,
                        "1":null,
                        "2":null
                    },
                    "V":{
                        "0":4.0,
                        "1":null,
                        "2":null
                    },
                    "VI":{
                        "0":15.0,
                        "1":null,
                        "2":null
                    }
                },
                "Set 3":{
                    "I":{
                        "0":11
                    },
                    "II":{
                        "0":9
                    },
                    "III":{
                        "0":12
                    },
                    "IV":{
                        "0":4
                    },
                    "V":{
                        "0":15
                    },
                    "VI":{
                        "0":8
                    }
                },
                "Set 4":{
                    "I":{
                        "0":9.0,
                        "1":null,
                        "2":null,
                        "3":null
                    },
                    "II":{
                        "0":12.0,
                        "1":null,
                        "2":null,
                        "3":null
                    },
                    "III":{
                        "0":"4",
                        "1":"2",
                        "2":"24:20",
                        "3":"24:21"
                    },
                    "IV":{
                        "0":15.0,
                        "1":null,
                        "2":null,
                        "3":null
                    },
                    "V":{
                        "0":8.0,
                        "1":null,
                        "2":null,
                        "3":null
                    },
                    "VI":{
                        "0":11.0,
                        "1":null,
                        "2":null,
                        "3":null
                    }
                },
                "Set 5":0
            },
            "Serves 1":{
                "Set 1":{
                    "I":{
                        "0":null,
                        "1":8.0,
                        "2":20.0
                    },
                    "II":{
                        "0":"1",
                        "1":11,
                        "2":21
                    },
                    "III":{
                        "0":"3",
                        "1":12,
                        "2":23
                    },
                    "IV":{
                        "0":"4",
                        "1":13.0,
                        "2":null
                    },
                    "V":{
                        "0":"5",
                        "1":17.0,
                        "2":null
                    },
                    "VI":{
                        "0":"7",
                        "1":19.0,
                        "2":null
                    }
                },
                "Set 2":{
                    "I":{
                        "0":"0",
                        "1":11,
                        "2":25
                    },
                    "II":{
                        "0":"3",
                        "1":13.0,
                        "2":null
                    },
                    "III":{
                        "0":"4",
                        "1":14.0,
                        "2":null
                    },
                    "IV":{
                        "0":"6",
                        "1":15.0,
                        "2":null
                    },
                    "V":{
                        "0":"8",
                        "1":17.0,
                        "2":null
                    },
                    "VI":{
                        "0":"10",
                        "1":18.0,
                        "2":null
                    }
                },
                "Set 3":{
                    "I":{
                        "0":null,
                        "1":8.0,
                        "2":15.0
                    },
                    "II":{
                        "0":"1",
                        "1":9,
                        "2":16
                    },
                    "III":{
                        "0":"2",
                        "1":11,
                        "2":17
                    },
                    "IV":{
                        "0":"3",
                        "1":12.0,
                        "2":null
                    },
                    "V":{
                        "0":"4",
                        "1":13.0,
                        "2":null
                    },
                    "VI":{
                        "0":"5",
                        "1":14.0,
                        "2":null
                    }
                },
                "Set 4":{
                    "I":{
                        "0":"2",
                        "1":8,
                        "2":14,
                        "3":25
                    },
                    "II":{
                        "0":"3",
                        "1":9,
                        "2":15,
                        "3":26
                    },
                    "III":{
                        "0":"4",
                        "1":10,
                        "2":17,
                        "3":27
                    },
                    "IV":{
                        "0":"5",
                        "1":11.0,
                        "2":18.0,
                        "3":null
                    },
                    "V":{
                        "0":"6",
                        "1":12.0,
                        "2":19.0,
                        "3":null
                    },
                    "VI":{
                        "0":"7",
                        "1":13.0,
                        "2":20.0,
                        "3":null
                    }
                },
                "Set 5":0
            },
            "Serves 2":{
                "Set 1":{
                    "I":{
                        "0":"1",
                        "1":13,
                        "2":21
                    },
                    "II":{
                        "0":"2",
                        "1":14,
                        "2":23
                    },
                    "III":{
                        "0":"4",
                        "1":16,
                        "2":25
                    },
                    "IV":{
                        "0":"6",
                        "1":17.0,
                        "2":null
                    },
                    "V":{
                        "0":"7",
                        "1":19.0,
                        "2":null
                    },
                    "VI":{
                        "0":"9",
                        "1":20.0,
                        "2":null
                    }
                },
                "Set 2":{
                    "I":{
                        "0":null,
                        "1":10.0,
                        "2":19.0
                    },
                    "II":{
                        "0":"1",
                        "1":11.0,
                        "2":null
                    },
                    "III":{
                        "0":"2",
                        "1":12.0,
                        "2":null
                    },
                    "IV":{
                        "0":"3",
                        "1":13.0,
                        "2":null
                    },
                    "V":{
                        "0":"5",
                        "1":16.0,
                        "2":null
                    },
                    "VI":{
                        "0":"9",
                        "1":17.0,
                        "2":null
                    }
                },
                "Set 3":{
                    "I":{
                        "0":"0",
                        "1":10,
                        "2":18
                    },
                    "II":{
                        "0":"4",
                        "1":11,
                        "2":24
                    },
                    "III":{
                        "0":"5",
                        "1":12,
                        "2":25
                    },
                    "IV":{
                        "0":"6",
                        "1":13.0,
                        "2":null
                    },
                    "V":{
                        "0":"7",
                        "1":15.0,
                        "2":null
                    },
                    "VI":{
                        "0":"9",
                        "1":17.0,
                        "2":null
                    }
                },
                "Set 4":{
                    "I":{
                        "0":null,
                        "1":8.0,
                        "2":14.0,
                        "3":24.0
                    },
                    "II":{
                        "0":"1",
                        "1":9,
                        "2":15,
                        "3":25
                    },
                    "III":{
                        "0":"2",
                        "1":10,
                        "2":16,
                        "3":26
                    },
                    "IV":{
                        "0":"5",
                        "1":11,
                        "2":18,
                        "3":29
                    },
                    "V":{
                        "0":"6",
                        "1":12.0,
                        "2":21.0,
                        "3":null
                    },
                    "VI":{
                        "0":"7",
                        "1":13.0,
                        "2":22.0,
                        "3":null
                    }
                },
                "Set 5":0
            },
            "Timeouts 1":{
                "Set 1":{
                    "T":{
                        "0":"8:12",
                        "1":"17:19"
                    }
                },
                "Set 2":{
                    "T":{
                        "0":"18:19"
                    }
                },
                "Set 3":{
                    "T":{
                        "0":"14:17",
                        "1":"16:21"
                    }
                },
                "Set 4":{
                    "T":{
                        "0":"18:20",
                        "1":"18:21"
                    }
                },
                "Set 5":0
            },
            "Timeouts 2":{
                "Set 1":{
                    "T":{
                        "0":"13:11",
                        "1":"17:17"
                    }
                },
                "Set 2":{
                    "T":{
                        "0":"19:20",
                        "1":"19:22"
                    }
                },
                "Set 3":{
                    "T":{

                    }
                },
                "Set 4":{
                    "T":{
                        "0":"24:21",
                        "1":"24:22"
                    }
                },
                "Set 5":0
            }
        },
        "Teams":{
            "Name":{
                "Team 1":"SENS VOLLEY 89",
                "Team 2":"VOLLEY CLUB HARNES"
            },
            "Players":{
                "Team 1":{
                    "N\u00b0":{
                        "0":2,
                        "1":3,
                        "2":4,
                        "3":5,
                        "4":6,
                        "5":7,
                        "6":9,
                        "7":10,
                        "8":11,
                        "9":12,
                        "10":14,
                        "11":15
                    },
                    "Nom Pr\u00e9nom":{
                        "0":"TETUANUI KATIA",
                        "1":"SOW BINETOU",
                        "2":"VAKI VALERIA",
                        "3":"LABASTE TEHEA",
                        "4":"TAURAA KAHAIALANIE-LAYANNA",
                        "5":"LABASTE TEHEI",
                        "6":"BENDA GABRIELLE",
                        "7":"FAWZIYA ABDOULKARIM",
                        "8":"VAKI VAITEANI",
                        "9":"SULLIVAN KATHRYN",
                        "10":"FRANCOIS LOU ANNE",
                        "11":"MARKIEWICZ ALICJA"
                    },
                    "Licence":{
                        "0":2182733,
                        "1":2089666,
                        "2":1989520,
                        "3":2135072,
                        "4":2341653,
                        "5":2135073,
                        "6":2406960,
                        "7":2199372,
                        "8":2101201,
                        "9":2406962,
                        "10":2360040,
                        "11":2409080
                    }
                },
                "Team 2":{
                    "N\u00b0":{
                        "0":1,
                        "1":2,
                        "2":4,
                        "3":5,
                        "4":6,
                        "5":7,
                        "6":8,
                        "7":9,
                        "8":11,
                        "9":12,
                        "10":15
                    },
                    "Nom Pr\u00e9nom":{
                        "0":"PLANTIN KASSANDRA",
                        "1":"SOULA JULIETTE",
                        "2":"POIRET VALENTINE",
                        "3":"CLEMENT CAROLINE",
                        "4":"ACKX LEA",
                        "5":"MALVETTI MAXENDRE",
                        "6":"CORDIER ELEONORE",
                        "7":"LEBORGNE JOANA",
                        "8":"BERNARDES PATALLO RAFAELA",
                        "9":"ALVES LEMOS DE SOUZA FRANCY",
                        "10":"FOSTO MOGOUNGO ST\u00e9PHANIE"
                    },
                    "Licence":{
                        "0":1859567,
                        "1":1832850,
                        "2":1602150,
                        "3":1620629,
                        "4":1849967,
                        "5":1849965,
                        "6":1618490,
                        "7":1870045,
                        "8":2241235,
                        "9":2406715,
                        "10":2037396
                    }
                }
            },
            "Liberos":{
                "Team 1":{
                    "N\u00b0":{
                        "0":14,
                        "1":15
                    },
                    "Nom Pr\u00e9nom":{
                        "0":"FRANCOIS LOU ANNE",
                        "1":"MARKIEWICZ ALICJA"
                    },
                    "Licence":{
                        "0":2360040,
                        "1":2409080
                    }
                },
                "Team 2":{
                    "N\u00b0":{
                        "0":5
                    },
                    "Nom Pr\u00e9nom":{
                        "0":"CLEMENT CAROLINE"
                    },
                    "Licence":{
                        "0":1620629
                    }
                }
            },
            "Officials":{
                "Team 1":{
                    "N\u00b0":{
                        "0":"EA",
                        "1":"EB",
                        "2":"SO"
                    },
                    "Nom Pr\u00e9nom":{
                        "0":"GUILLE JOHANN",
                        "1":"ROCHE VINCENT",
                        "2":"MARCHAND THOMAS"
                    },
                    "Licence":{
                        "0":1439571,
                        "1":1127959,
                        "2":1815747
                    }
                },
                "Team 2":{
                    "N\u00b0":{
                        "0":"EA",
                        "1":"EB"
                    },
                    "Nom Pr\u00e9nom":{
                        "0":"HIPP EMILIE",
                        "1":"NIEWIADA ROMUALD"
                    },
                    "Licence":{
                        "0":1015813,
                        "1":958448
                    }
                }
            }
        },
        "Results":{
            "winner":"VOLLEY CLUB HARNES",
            "score":"3\/1"
        },
        "Referees":{
            "NOM Pr\u00e9nom":{
                "1er":"DUFOUR ISABELLE",
                "2\u00e8me":"AHMED ALI NADIR",
                "Marqueur":null,
                "Marq.Ass":".",
                "nan":null
            },
            "Ligue":{
                "1er":"LIG_IF",
                "2\u00e8me":"LIG_IF",
                "Marqueur":null,
                "Marq.Ass":null,
                "nan":"Juges"
            },
            "Licence":{
                "1er":1554650.0,
                "2\u00e8me":1703120.0,
                "Marqueur":null,
                "Marq.Ass":null,
                "nan":null
            }
        },
        "Penalties":{

        }
    }
}