{
    "Match":{
        "Title":{
            "div_code":"EFA ",
            "div_name":"ELITE FEMININE",
            "div_pool":"POULE A",
            "match_number":"EFA048",
            "match_day":"12",
            "city":"SENS",
            "gym":"COMPLEXE SPORTIF ROGER BRETON",
            "category":"SENIOR | FEMININE",
            "ligue":"Comp\u00e9titions Nationales SENIORS",
            "date":"2020-01-25 20:00:00",
            "team_1":"SENS VOLLEY 89",
            "team_2":"EVREUX VOLLEY-BALL"
        },
        "Sets":{
            "Teams":{
                "Set 1":{
                    "Name":{
                        "Team 1":"EVREUX VOLLEY-BALL",
                        "Team 2":"SENS VOLLEY 89"
                    },
                    "Starting":{
                        "Team 1":"Service",
                        "Team 2":"Reception"
                    }
                },
                "Set 2":{
                    "Name":{
                        "Team 1":"EVREUX VOLLEY-BALL",
                        "Team 2":"SENS VOLLEY 89"
                    },
                    "Starting":{
                        "Team 1":"Reception",
                        "Team 2":"Service"
                    }
                },
                "Set 3":{
                    "Name":{
                        "Team 1":"EVREUX VOLLEY-BALL",
                        "Team 2":"SENS VOLLEY 89"
                    },
                    "Starting":{
                        "Team 1":"Service",
                        "Team 2":"Reception"
                    }
                },
                "Set 4":0,
                "Set 5":0
            },
            "Time":{
                "Set 1":{
                    "Time":{
                        "Start":"2020-01-25 20:00:00",
                        "End":"2020-01-25 20:31:00"
                    }
                },
                "Set 2":{
                    "Time":{
                        "Start":"2020-01-25 20:34:00",
                        "End":"2020-01-25 20:59:00"
                    }
                },
                "Set 3":{
                    "Time":{
                        "Start":"2020-01-25 21:09:00",
                        "End":"2020-01-25 21:40:00"
                    }
                },
                "Set 4":0,
                "Set 5":0
            },
            "Substitutions 1":{
                "Set 1":{
                    "I":{
                        "0":3.0,
                        "1":null,
                        "2":null,
                        "3":null
                    },
                    "II":{
                        "0":7.0,
                        "1":null,
                        "2":null,
                        "3":null
                    },
                    "III":{
                        "0":"6",
                        "1":"1",
                        "2":"24:24",
                        "3":"25:25"
                    },
                    "IV":{
                        "0":8.0,
                        "1":null,
                        "2":null,
                        "3":null
                    },
                    "V":{
                        "0":10.0,
                        "1":null,
                        "2":null,
                        "3":null
                    },
                    "VI":{
                        "0":9.0,
                        "1":null,
                        "2":null,
                        "3":null
                    }
                },
                "Set 2":{
                    "I":{
                        "0":3.0,
                        "1":null,
                        "2":null
                    },
                    "II":{
                        "0":7.0,
                        "1":null,
                        "2":null
                    },
                    "III":{
                        "0":"6",
                        "1":"11",
                        "2":"21:10"
                    },
                    "IV":{
                        "0":8.0,
                        "1":null,
                        "2":null
                    },
                    "V":{
                        "0":10.0,
                        "1":null,
                        "2":null
                    },
                    "VI":{
                        "0":9.0,
                        "1":null,
                        "2":null
                    }
                },
                "Set 3":{
                    "I":{
                        "0":3.0,
                        "1":null,
                        "2":null,
                        "3":null
                    },
                    "II":{
                        "0":"7",
                        "1":"1",
                        "2":"20:21",
                        "3":"24:22"
                    },
                    "III":{
                        "0":"6",
                        "1":"11",
                        "2":"15:18",
                        "3":"24:23"
                    },
                    "IV":{
                        "0":8.0,
                        "1":null,
                        "2":null,
                        "3":null
                    },
                    "V":{
                        "0":10.0,
                        "1":null,
                        "2":null,
                        "3":null
                    },
                    "VI":{
                        "0":9.0,
                        "1":null,
                        "2":null,
                        "3":null
                    }
                },
                "Set 4":0,
                "Set 5":0
            },
            "Substitutions 2":{
                "Set 1":{
                    "I":{
                        "0":"2",
                        "1":"11",
                        "2":"21:18",
                        "3":"21:19"
                    },
                    "II":{
                        "0":9.0,
                        "1":null,
                        "2":null,
                        "3":null
                    },
                    "III":{
                        "0":6.0,
                        "1":null,
                        "2":null,
                        "3":null
                    },
                    "IV":{
                        "0":"12",
                        "1":"4",
                        "2":"17:15",
                        "3":"17:16"
                    },
                    "V":{
                        "0":"7",
                        "1":"3",
                        "2":"24:25",
                        "3":null
                    },
                    "VI":{
                        "0":10.0,
                        "1":null,
                        "2":null,
                        "3":null
                    }
                },
                "Set 2":{
                    "I":{
                        "0":"9",
                        "1":"14",
                        "2":"2:3",
                        "3":"5:9"
                    },
                    "II":{
                        "0":"6",
                        "1":"4",
                        "2":"8:17",
                        "3":null
                    },
                    "III":{
                        "0":12.0,
                        "1":null,
                        "2":null,
                        "3":null
                    },
                    "IV":{
                        "0":"3",
                        "1":"7",
                        "2":"6:11",
                        "3":null
                    },
                    "V":{
                        "0":"10",
                        "1":"11",
                        "2":"8:14",
                        "3":null
                    },
                    "VI":{
                        "0":2.0,
                        "1":null,
                        "2":null,
                        "3":null
                    }
                },
                "Set 3":{
                    "I":{
                        "0":"2",
                        "1":"4",
                        "2":"20:17",
                        "3":"20:18"
                    },
                    "II":{
                        "0":9.0,
                        "1":null,
                        "2":null,
                        "3":null
                    },
                    "III":{
                        "0":6.0,
                        "1":null,
                        "2":null,
                        "3":null
                    },
                    "IV":{
                        "0":12.0,
                        "1":null,
                        "2":null,
                        "3":null
                    },
                    "V":{
                        "0":"7",
                        "1":"11",
                        "2":"21:22",
                        "3":null
                    },
                    "VI":{
                        "0":10.0,
                        "1":null,
                        "2":null,
                        "3":null
                    }
                },
                "Set 4":0,
                "Set 5":0
            },
            "Serves 1":{
                "Set 1":{
                    "I":{
                        "0":"1",
                        "1":13,
                        "2":22
                    },
                    "II":{
                        "0":"4",
                        "1":14,
                        "2":23
                    },
                    "III":{
                        "0":"7",
                        "1":15,
                        "2":25
                    },
                    "IV":{
                        "0":"8",
                        "1":16,
                        "2":27
                    },
                    "V":{
                        "0":"11",
                        "1":17.0,
                        "2":null
                    },
                    "VI":{
                        "0":"12",
                        "1":18.0,
                        "2":null
                    }
                },
                "Set 2":{
                    "I":{
                        "0":null,
                        "1":11.0
                    },
                    "II":{
                        "0":"2",
                        "1":12
                    },
                    "III":{
                        "0":"4",
                        "1":19
                    },
                    "IV":{
                        "0":"5",
                        "1":22
                    },
                    "V":{
                        "0":"7",
                        "1":24
                    },
                    "VI":{
                        "0":"10",
                        "1":25
                    }
                },
                "Set 3":{
                    "I":{
                        "0":"2",
                        "1":8,
                        "2":19
                    },
                    "II":{
                        "0":"3",
                        "1":10,
                        "2":24
                    },
                    "III":{
                        "0":"4",
                        "1":11,
                        "2":25
                    },
                    "IV":{
                        "0":"5",
                        "1":15.0,
                        "2":null
                    },
                    "V":{
                        "0":"6",
                        "1":16.0,
                        "2":null
                    },
                    "VI":{
                        "0":"7",
                        "1":17.0,
                        "2":null
                    }
                },
                "Set 4":0,
                "Set 5":0
            },
            "Serves 2":{
                "Set 1":{
                    "I":{
                        "0":null,
                        "1":12.0,
                        "2":21.0
                    },
                    "II":{
                        "0":"1",
                        "1":15,
                        "2":23
                    },
                    "III":{
                        "0":"2",
                        "1":16,
                        "2":24
                    },
                    "IV":{
                        "0":"5",
                        "1":17,
                        "2":25
                    },
                    "V":{
                        "0":"9",
                        "1":19.0,
                        "2":null
                    },
                    "VI":{
                        "0":"10",
                        "1":20.0,
                        "2":null
                    }
                },
                "Set 2":{
                    "I":{
                        "0":"0",
                        "1":7
                    },
                    "II":{
                        "0":"2",
                        "1":8
                    },
                    "III":{
                        "0":"3",
                        "1":10
                    },
                    "IV":{
                        "0":"4",
                        "1":11
                    },
                    "V":{
                        "0":"5",
                        "1":12
                    },
                    "VI":{
                        "0":"6",
                        "1":null
                    }
                },
                "Set 3":{
                    "I":{
                        "0":null,
                        "1":8.0,
                        "2":20.0
                    },
                    "II":{
                        "0":"1",
                        "1":10,
                        "2":21
                    },
                    "III":{
                        "0":"2",
                        "1":13,
                        "2":23
                    },
                    "IV":{
                        "0":"4",
                        "1":15.0,
                        "2":null
                    },
                    "V":{
                        "0":"6",
                        "1":18.0,
                        "2":null
                    },
                    "VI":{
                        "0":"7",
                        "1":19.0,
                        "2":null
                    }
                },
                "Set 4":0,
                "Set 5":0
            },
            "Timeouts 1":{
                "Set 1":{
                    "T":{
                        "0":"16:19",
                        "1":"22:23"
                    }
                },
                "Set 2":{
                    "T":{
                        "0":"19:10"
                    }
                },
                "Set 3":{
                    "T":{
                        "0":"10:13",
                        "1":"17:20"
                    }
                },
                "Set 4":0,
                "Set 5":0
            },
            "Timeouts 2":{
                "Set 1":{
                    "T":{
                        "0":"21:20",
                        "1":"24:25"
                    }
                },
                "Set 2":{
                    "T":{
                        "0":"10:22"
                    }
                },
                "Set 3":{
                    "T":{
                        "0":"15:15",
                        "1":"20:19"
                    }
                },
                "Set 4":0,
                "Set 5":0
            }
        },
        "Teams":{
            "Name":{
                "Team 1":"SENS VOLLEY 89",
                "Team 2":"EVREUX VOLLEY-BALL"
            },
            "Players":{
                "Team 1":{
                    "N\u00b0":{
                        "0":2,
                        "1":3,
                        "2":4,
                        "3":5,
                        "4":6,
                        "5":7,
                        "6":9,
                        "7":10,
                        "8":11,
                        "9":12,
                        "10":14,
                        "11":15
                    },
                    "Nom Pr\u00e9nom":{
                        "0":"TETUANUI KATIA",
                        "1":"SOW BINETOU",
                        "2":"VAKI VALERIA",
                        "3":"LABASTE TEHEA",
                        "4":"TAURAA KAHAIALANIE-LAYANNA",
                        "5":"LABASTE TEHEI",
                        "6":"BENDA GABRIELLE",
                        "7":"FAWZIYA ABDOULKARIM",
                        "8":"VAKI VAITEANI",
                        "9":"SULLIVAN KATHRYN",
                        "10":"KRALJ SYDNEY",
                        "11":"MARKIEWICZ ALICJA"
                    },
                    "Licence":{
                        "0":2182733,
                        "1":2089666,
                        "2":1989520,
                        "3":2135072,
                        "4":2341653,
                        "5":2135073,
                        "6":2406960,
                        "7":2199372,
                        "8":2101201,
                        "9":2406962,
                        "10":2406961,
                        "11":2409080
                    }
                },
                "Team 2":{
                    "N\u00b0":{
                        "0":1,
                        "1":3,
                        "2":4,
                        "3":5,
                        "4":6,
                        "5":7,
                        "6":8,
                        "7":9,
                        "8":10,
                        "9":11,
                        "10":12,
                        "11":20
                    },
                    "Nom Pr\u00e9nom":{
                        "0":"CHANAS MAUREEN",
                        "1":"VUJNOVIC MARIJA",
                        "2":"JOLMES AMY",
                        "3":"RUIZ ROMANE",
                        "4":"BONACOSSI VANESSA",
                        "5":"MILOVIC MARIJA",
                        "6":"HAEWEGENE SABINE",
                        "7":"WALSPECK MATHILDE",
                        "8":"PLAT CONSTANCE",
                        "9":"SHEVCHUK YANA",
                        "10":"HANQUIEZ MELINDA",
                        "11":"BLAZE AMALIA"
                    },
                    "Licence":{
                        "0":1733726,
                        "1":2407602,
                        "2":1874121,
                        "3":1618111,
                        "4":1391943,
                        "5":2188878,
                        "6":1887969,
                        "7":1817855,
                        "8":1923302,
                        "9":2407606,
                        "10":1803082,
                        "11":2001176
                    }
                }
            },
            "Liberos":{
                "Team 1":{
                    "N\u00b0":{
                        "0":5,
                        "1":15
                    },
                    "Nom Pr\u00e9nom":{
                        "0":"LABASTE TEHEA",
                        "1":"MARKIEWICZ ALICJA"
                    },
                    "Licence":{
                        "0":2135072,
                        "1":2409080
                    }
                },
                "Team 2":{
                    "N\u00b0":{
                        "0":5,
                        "1":20
                    },
                    "Nom Pr\u00e9nom":{
                        "0":"RUIZ ROMANE",
                        "1":"BLAZE AMALIA"
                    },
                    "Licence":{
                        "0":1618111,
                        "1":2001176
                    }
                }
            },
            "Officials":{
                "Team 1":{
                    "N\u00b0":{
                        "0":"EA",
                        "1":"EB",
                        "2":"SO"
                    },
                    "Nom Pr\u00e9nom":{
                        "0":"GUILLE JOHANN",
                        "1":"ROCHE VINCENT",
                        "2":"MARCHAND THOMAS"
                    },
                    "Licence":{
                        "0":1439571,
                        "1":1127959,
                        "2":1815747
                    }
                },
                "Team 2":{
                    "N\u00b0":{
                        "0":"EA",
                        "1":"EB",
                        "2":"EB"
                    },
                    "Nom Pr\u00e9nom":{
                        "0":"RIGAL FLAVIEN",
                        "1":"FAVRESSE GIL",
                        "2":"BORIE SEBASTIEN"
                    },
                    "Licence":{
                        "0":1402949,
                        "1":661033,
                        "2":1401395
                    }
                }
            }
        },
        "Results":{
            "winner":"EVREUX VOLLEY-BALL",
            "score":"3\/0"
        },
        "Referees":{
            "NOM Pr\u00e9nom":{
                "1er":"FOUREL CHRISTOPHE",
                "2\u00e8me":"PATE DAVID",
                "Marqueur":"MALDOU MOAD",
                "Marq.Ass":". DURANTON SYLVIE",
                "R.Salle":"ROCHE CLAUDE"
            },
            "Ligue":{
                "1er":"LIG_GES",
                "2\u00e8me":"LIG_GES",
                "Marqueur":"LIG_BFC",
                "Marq.Ass":"LIG_BFC",
                "R.Salle":"LIG_BFC"
            },
            "Licence":{
                "1er":1365728,
                "2\u00e8me":1080283,
                "Marqueur":1968865,
                "Marq.Ass":1353529,
                "R.Salle":1921672
            }
        },
        "Penalties":{

        }
    }
}