{
    "Match":{
        "Title":{
            "div_code":"EFA ",
            "div_name":"ELITE FEMININE",
            "div_pool":"POULE A",
            "match_number":"EFA001",
            "match_day":"01",
            "city":"QUIMPER",
            "gym":"HALLE DES SPORTS ERGUE ARMEL",
            "category":"SENIOR | FEMININE",
            "ligue":"Comp\u00e9titions Nationales SENIORS",
            "date":"2019-10-05 20:00:00",
            "team_1":"QUIMPER VOLLEY 29",
            "team_2":"LEVALLOIS SPORTING CLUB"
        },
        "Sets":{
            "Teams":{
                "Set 1":{
                    "Name":{
                        "Team 1":"QUIMPER VOLLEY 29",
                        "Team 2":"LEVALLOIS SPORTING CLU"
                    },
                    "Starting":{
                        "Team 1":"Service",
                        "Team 2":"Reception"
                    }
                },
                "Set 2":{
                    "Name":{
                        "Team 1":"QUIMPER VOLLEY 29",
                        "Team 2":"LEVALLOIS SPORTING CLU"
                    },
                    "Starting":{
                        "Team 1":"Reception",
                        "Team 2":"Service"
                    }
                },
                "Set 3":{
                    "Name":{
                        "Team 1":"QUIMPER VOLLEY 29",
                        "Team 2":"LEVALLOIS SPORTING CLU"
                    },
                    "Starting":{
                        "Team 1":"Service",
                        "Team 2":"Reception"
                    }
                },
                "Set 4":0,
                "Set 5":0
            },
            "Time":{
                "Set 1":{
                    "Time":{
                        "Start":"2019-10-05 08:01:00",
                        "End":"2019-10-05 08:25:00"
                    }
                },
                "Set 2":{
                    "Time":{
                        "Start":"2019-10-05 08:32:00",
                        "End":"2019-10-05 08:59:00"
                    }
                },
                "Set 3":{
                    "Time":{
                        "Start":"2019-10-05 09:09:00",
                        "End":"2019-10-05 09:40:00"
                    }
                },
                "Set 4":0,
                "Set 5":0
            },
            "Substitutions 1":{
                "Set 1":{
                    "I":{
                        "0":9
                    },
                    "II":{
                        "0":1
                    },
                    "III":{
                        "0":12
                    },
                    "IV":{
                        "0":7
                    },
                    "V":{
                        "0":8
                    },
                    "VI":{
                        "0":2
                    }
                },
                "Set 2":{
                    "I":{
                        "0":2.0,
                        "1":null,
                        "2":null
                    },
                    "II":{
                        "0":"9",
                        "1":"5",
                        "2":"20:14"
                    },
                    "III":{
                        "0":"1",
                        "1":"19",
                        "2":"24:19"
                    },
                    "IV":{
                        "0":12.0,
                        "1":null,
                        "2":null
                    },
                    "V":{
                        "0":7.0,
                        "1":null,
                        "2":null
                    },
                    "VI":{
                        "0":8.0,
                        "1":null,
                        "2":null
                    }
                },
                "Set 3":{
                    "I":{
                        "0":9
                    },
                    "II":{
                        "0":1
                    },
                    "III":{
                        "0":12
                    },
                    "IV":{
                        "0":7
                    },
                    "V":{
                        "0":8
                    },
                    "VI":{
                        "0":2
                    }
                },
                "Set 4":0,
                "Set 5":0
            },
            "Substitutions 2":{
                "Set 1":{
                    "I":{
                        "0":4.0,
                        "1":null,
                        "2":null
                    },
                    "II":{
                        "0":16.0,
                        "1":null,
                        "2":null
                    },
                    "III":{
                        "0":8.0,
                        "1":null,
                        "2":null
                    },
                    "IV":{
                        "0":2.0,
                        "1":null,
                        "2":null
                    },
                    "V":{
                        "0":15.0,
                        "1":null,
                        "2":null
                    },
                    "VI":{
                        "0":"12",
                        "1":"11",
                        "2":"7:11"
                    }
                },
                "Set 2":{
                    "I":{
                        "0":15.0,
                        "1":null,
                        "2":null,
                        "3":null
                    },
                    "II":{
                        "0":"12",
                        "1":"11",
                        "2":"8:12",
                        "3":null
                    },
                    "III":{
                        "0":4.0,
                        "1":null,
                        "2":null,
                        "3":null
                    },
                    "IV":{
                        "0":16.0,
                        "1":null,
                        "2":null,
                        "3":null
                    },
                    "V":{
                        "0":8.0,
                        "1":null,
                        "2":null,
                        "3":null
                    },
                    "VI":{
                        "0":"2",
                        "1":"9",
                        "2":"16:21",
                        "3":"17:22"
                    }
                },
                "Set 3":{
                    "I":{
                        "0":16.0,
                        "1":null,
                        "2":null,
                        "3":null
                    },
                    "II":{
                        "0":"11",
                        "1":"12",
                        "2":"18:24",
                        "3":null
                    },
                    "III":{
                        "0":"4",
                        "1":"2",
                        "2":"5:6",
                        "3":"8:11"
                    },
                    "IV":{
                        "0":"1",
                        "1":"9",
                        "2":"15:20",
                        "3":"16:21"
                    },
                    "V":{
                        "0":15.0,
                        "1":null,
                        "2":null,
                        "3":null
                    },
                    "VI":{
                        "0":8.0,
                        "1":null,
                        "2":null,
                        "3":null
                    }
                },
                "Set 4":0,
                "Set 5":0
            },
            "Serves 1":{
                "Set 1":{
                    "I":{
                        "0":"0",
                        "1":14,
                        "2":25
                    },
                    "II":{
                        "0":"3",
                        "1":15.0,
                        "2":null
                    },
                    "III":{
                        "0":"4",
                        "1":19.0,
                        "2":null
                    },
                    "IV":{
                        "0":"7",
                        "1":20.0,
                        "2":null
                    },
                    "V":{
                        "0":"8",
                        "1":21.0,
                        "2":null
                    },
                    "VI":{
                        "0":"12",
                        "1":24.0,
                        "2":null
                    }
                },
                "Set 2":{
                    "I":{
                        "0":null,
                        "1":10.0,
                        "2":19.0
                    },
                    "II":{
                        "0":"1",
                        "1":12,
                        "2":20
                    },
                    "III":{
                        "0":"2",
                        "1":13,
                        "2":21
                    },
                    "IV":{
                        "0":"5",
                        "1":14,
                        "2":22
                    },
                    "V":{
                        "0":"7",
                        "1":17,
                        "2":23
                    },
                    "VI":{
                        "0":"8",
                        "1":18,
                        "2":25
                    }
                },
                "Set 3":{
                    "I":{
                        "0":"1",
                        "1":15
                    },
                    "II":{
                        "0":"6",
                        "1":17
                    },
                    "III":{
                        "0":"7",
                        "1":20
                    },
                    "IV":{
                        "0":"9",
                        "1":21
                    },
                    "V":{
                        "0":"11",
                        "1":24
                    },
                    "VI":{
                        "0":"12",
                        "1":25
                    }
                },
                "Set 4":0,
                "Set 5":0
            },
            "Serves 2":{
                "Set 1":{
                    "I":{
                        "0":null,
                        "1":10.0,
                        "2":17.0
                    },
                    "II":{
                        "0":"1",
                        "1":11.0,
                        "2":null
                    },
                    "III":{
                        "0":"3",
                        "1":12.0,
                        "2":null
                    },
                    "IV":{
                        "0":"4",
                        "1":13.0,
                        "2":null
                    },
                    "V":{
                        "0":"6",
                        "1":14.0,
                        "2":null
                    },
                    "VI":{
                        "0":"7",
                        "1":16.0,
                        "2":null
                    }
                },
                "Set 2":{
                    "I":{
                        "0":"0",
                        "1":7,
                        "2":14
                    },
                    "II":{
                        "0":"1",
                        "1":8,
                        "2":15
                    },
                    "III":{
                        "0":"2",
                        "1":9,
                        "2":17
                    },
                    "IV":{
                        "0":"3",
                        "1":10,
                        "2":18
                    },
                    "V":{
                        "0":"4",
                        "1":11,
                        "2":19
                    },
                    "VI":{
                        "0":"6",
                        "1":13.0,
                        "2":null
                    }
                },
                "Set 3":{
                    "I":{
                        "0":null,
                        "1":10.0
                    },
                    "II":{
                        "0":"4",
                        "1":12
                    },
                    "III":{
                        "0":"5",
                        "1":14
                    },
                    "IV":{
                        "0":"6",
                        "1":16
                    },
                    "V":{
                        "0":"7",
                        "1":17
                    },
                    "VI":{
                        "0":"9",
                        "1":18
                    }
                },
                "Set 4":0,
                "Set 5":0
            },
            "Timeouts 1":{
                "Set 1":{
                    "T":{

                    }
                },
                "Set 2":{
                    "T":{
                        "0":"21:17"
                    }
                },
                "Set 3":{
                    "T":{

                    }
                },
                "Set 4":0,
                "Set 5":0
            },
            "Timeouts 2":{
                "Set 1":{
                    "T":{
                        "0":"7:10",
                        "1":"13:20"
                    }
                },
                "Set 2":{
                    "T":{
                        "0":"19:24"
                    }
                },
                "Set 3":{
                    "T":{
                        "0":"4:3",
                        "1":"14:20"
                    }
                },
                "Set 4":0,
                "Set 5":0
            }
        },
        "Teams":{
            "Name":{
                "Team 1":"QUIMPER VOLLEY 29",
                "Team 2":"LEVALLOIS SPORTING CLUB"
            },
            "Players":{
                "Team 1":{
                    "N\u00b0":{
                        "0":1,
                        "1":2,
                        "2":5,
                        "3":6,
                        "4":7,
                        "5":8,
                        "6":9,
                        "7":10,
                        "8":12,
                        "9":19
                    },
                    "Nom Pr\u00e9nom":{
                        "0":"GAMBOVA BARBORA",
                        "1":"CARTER GRACE",
                        "2":"DIOUMANERA SADIO",
                        "3":"MORILLON LOLA",
                        "4":"MERKOVA VENDULA",
                        "5":"HASSENI ROXANE",
                        "6":"ROBITAILLE KIM",
                        "7":"BOISSELIER LAURA",
                        "8":"DIAGNE MARIEME",
                        "9":"VOJIKOVA KRISTYNA"
                    },
                    "Licence":{
                        "0":2300069,
                        "1":1941574,
                        "2":1896599,
                        "3":1894383,
                        "4":2408977,
                        "5":1663257,
                        "6":2409150,
                        "7":1881738,
                        "8":1903745,
                        "9":2409152
                    }
                },
                "Team 2":{
                    "N\u00b0":{
                        "0":1,
                        "1":2,
                        "2":4,
                        "3":5,
                        "4":8,
                        "5":9,
                        "6":10,
                        "7":11,
                        "8":12,
                        "9":15,
                        "10":16
                    },
                    "Nom Pr\u00e9nom":{
                        "0":"BA AUDE",
                        "1":"CLAVREUL CAMILLE",
                        "2":"SANGARE RAMATA",
                        "3":"CANS ROMANE",
                        "4":"HODL JULIA",
                        "5":"SAUTEREAU CHLOE",
                        "6":"GICQUEL AGATHE",
                        "7":"NARBONNE JULIETTE",
                        "8":"DIALLO MARIAME",
                        "9":"KULLERKANN LIIS",
                        "10":"HANSSON FILIPPA"
                    },
                    "Licence":{
                        "0":1462862,
                        "1":1366383,
                        "2":1748687,
                        "3":1732961,
                        "4":2089365,
                        "5":2099422,
                        "6":1946091,
                        "7":1758768,
                        "8":1712849,
                        "9":2369702,
                        "10":2408723
                    }
                }
            },
            "Liberos":{
                "Team 1":{
                    "N\u00b0":{
                        "0":6
                    },
                    "Nom Pr\u00e9nom":{
                        "0":"MORILLON LOLA"
                    },
                    "Licence":{
                        "0":1894383
                    }
                },
                "Team 2":{
                    "N\u00b0":{
                        "0":5,
                        "1":10
                    },
                    "Nom Pr\u00e9nom":{
                        "0":"CANS ROMANE",
                        "1":"GICQUEL AGATHE"
                    },
                    "Licence":{
                        "0":1732961,
                        "1":1946091
                    }
                }
            },
            "Officials":{
                "Team 1":{
                    "N\u00b0":{
                        "0":"EA",
                        "1":"EB",
                        "2":"SO"
                    },
                    "Nom Pr\u00e9nom":{
                        "0":"HROCH MARTIN",
                        "1":"DUVIVIER DOMINIQUE",
                        "2":"GRIFFON YOANN"
                    },
                    "Licence":{
                        "0":1231908,
                        "1":1228198,
                        "2":2417343
                    }
                },
                "Team 2":{
                    "N\u00b0":{
                        "0":"EA"
                    },
                    "Nom Pr\u00e9nom":{
                        "0":"HAVAS FREDERIC"
                    },
                    "Licence":{
                        "0":1115859
                    }
                }
            }
        },
        "Results":{
            "winner":"QUIMPER VOLLEY 29",
            "score":"3\/0"
        },
        "Referees":{
            "NOM Pr\u00e9nom":{
                "1er":"BAHUAUD NICOLAS",
                "2\u00e8me":"DELALANDE RENAUD",
                "Marqueur":"BOISARD ANNAIG",
                "Marq.Ass":".",
                "nan":null
            },
            "Ligue":{
                "1er":"LIG_PL",
                "2\u00e8me":"LIG_PL",
                "Marqueur":"LIG_BR",
                "Marq.Ass":null,
                "nan":"Juges"
            },
            "Licence":{
                "1er":1132824.0,
                "2\u00e8me":891440.0,
                "Marqueur":1673443.0,
                "Marq.Ass":null,
                "nan":null
            }
        },
        "Penalties":{

        }
    }
}