{
    "Match":{
        "Title":{
            "div_code":"EFA ",
            "div_name":"ELITE FEMININE",
            "div_pool":"POULE A",
            "match_number":"EFA011",
            "match_day":"03",
            "city":"EVREUX",
            "gym":"CANADA",
            "category":"SENIOR | FEMININE",
            "ligue":"Comp\u00e9titions Nationales SENIORS",
            "date":"2019-10-26 18:30:00",
            "team_1":"EVREUX VOLLEY-BALL",
            "team_2":"INSTITUT FEDERAL DE VOLLEY-BALL 2"
        },
        "Sets":{
            "Teams":{
                "Set 1":{
                    "Name":{
                        "Team 1":"EVREUX VOLLEY-BALL",
                        "Team 2":"INSTITUT FEDERAL DE VO"
                    },
                    "Starting":{
                        "Team 1":"Service",
                        "Team 2":"Reception"
                    }
                },
                "Set 2":{
                    "Name":{
                        "Team 1":"EVREUX VOLLEY-BALL",
                        "Team 2":"INSTITUT FEDERAL DE VO"
                    },
                    "Starting":{
                        "Team 1":"Reception",
                        "Team 2":"Service"
                    }
                },
                "Set 3":{
                    "Name":{
                        "Team 1":"EVREUX VOLLEY-BALL",
                        "Team 2":"INSTITUT FEDERAL DE VO"
                    },
                    "Starting":{
                        "Team 1":"Service",
                        "Team 2":"Reception"
                    }
                },
                "Set 4":0,
                "Set 5":0
            },
            "Time":{
                "Set 1":{
                    "Time":{
                        "Start":"2019-10-26 18:30:00",
                        "End":"2019-10-26 18:53:00"
                    }
                },
                "Set 2":{
                    "Time":{
                        "Start":"2019-10-26 18:57:00",
                        "End":"2019-10-26 19:18:00"
                    }
                },
                "Set 3":{
                    "Time":{
                        "Start":"2019-10-26 19:28:00",
                        "End":"2019-10-26 19:55:00"
                    }
                },
                "Set 4":0,
                "Set 5":0
            },
            "Substitutions 1":{
                "Set 1":{
                    "I":{
                        "0":3.0,
                        "1":null,
                        "2":null
                    },
                    "II":{
                        "0":"7",
                        "1":"12",
                        "2":"6:4"
                    },
                    "III":{
                        "0":"6",
                        "1":"1",
                        "2":"18:9"
                    },
                    "IV":{
                        "0":8.0,
                        "1":null,
                        "2":null
                    },
                    "V":{
                        "0":10.0,
                        "1":null,
                        "2":null
                    },
                    "VI":{
                        "0":"9",
                        "1":"4",
                        "2":"18:9"
                    }
                },
                "Set 2":{
                    "I":{
                        "0":3.0,
                        "1":null,
                        "2":null,
                        "3":null
                    },
                    "II":{
                        "0":12.0,
                        "1":null,
                        "2":null,
                        "3":null
                    },
                    "III":{
                        "0":"6",
                        "1":"20",
                        "2":"18:8",
                        "3":"20:14"
                    },
                    "IV":{
                        "0":11.0,
                        "1":null,
                        "2":null,
                        "3":null
                    },
                    "V":{
                        "0":10.0,
                        "1":null,
                        "2":null,
                        "3":null
                    },
                    "VI":{
                        "0":9.0,
                        "1":null,
                        "2":null,
                        "3":null
                    }
                },
                "Set 3":{
                    "I":{
                        "0":11.0,
                        "1":null,
                        "2":null
                    },
                    "II":{
                        "0":12.0,
                        "1":null,
                        "2":null
                    },
                    "III":{
                        "0":6.0,
                        "1":null,
                        "2":null
                    },
                    "IV":{
                        "0":8.0,
                        "1":null,
                        "2":null
                    },
                    "V":{
                        "0":10.0,
                        "1":null,
                        "2":null
                    },
                    "VI":{
                        "0":"9",
                        "1":"1",
                        "2":"15:5"
                    }
                },
                "Set 4":0,
                "Set 5":0
            },
            "Substitutions 2":{
                "Set 1":{
                    "I":{
                        "0":9.0,
                        "1":null,
                        "2":null,
                        "3":null
                    },
                    "II":{
                        "0":"15",
                        "1":"17",
                        "2":"9:18",
                        "3":"11:23"
                    },
                    "III":{
                        "0":16.0,
                        "1":null,
                        "2":null,
                        "3":null
                    },
                    "IV":{
                        "0":7.0,
                        "1":null,
                        "2":null,
                        "3":null
                    },
                    "V":{
                        "0":5.0,
                        "1":null,
                        "2":null,
                        "3":null
                    },
                    "VI":{
                        "0":6.0,
                        "1":null,
                        "2":null,
                        "3":null
                    }
                },
                "Set 2":{
                    "I":{
                        "0":9.0,
                        "1":null,
                        "2":null,
                        "3":null
                    },
                    "II":{
                        "0":"15",
                        "1":"17",
                        "2":"8:17",
                        "3":"16:21"
                    },
                    "III":{
                        "0":"16",
                        "1":"18",
                        "2":"6:12",
                        "3":null
                    },
                    "IV":{
                        "0":7.0,
                        "1":null,
                        "2":null,
                        "3":null
                    },
                    "V":{
                        "0":"5",
                        "1":"1",
                        "2":"8:18",
                        "3":null
                    },
                    "VI":{
                        "0":6.0,
                        "1":null,
                        "2":null,
                        "3":null
                    }
                },
                "Set 3":{
                    "I":{
                        "0":18.0,
                        "1":null,
                        "2":null
                    },
                    "II":{
                        "0":9.0,
                        "1":null,
                        "2":null
                    },
                    "III":{
                        "0":"15",
                        "1":"5",
                        "2":"2:10"
                    },
                    "IV":{
                        "0":6.0,
                        "1":null,
                        "2":null
                    },
                    "V":{
                        "0":7.0,
                        "1":null,
                        "2":null
                    },
                    "VI":{
                        "0":1.0,
                        "1":null,
                        "2":null
                    }
                },
                "Set 4":0,
                "Set 5":0
            },
            "Serves 1":{
                "Set 1":{
                    "I":{
                        "0":"0",
                        "1":15
                    },
                    "II":{
                        "0":"1",
                        "1":17
                    },
                    "III":{
                        "0":"3",
                        "1":18
                    },
                    "IV":{
                        "0":"5",
                        "1":23
                    },
                    "V":{
                        "0":"9",
                        "1":24
                    },
                    "VI":{
                        "0":"12",
                        "1":25
                    }
                },
                "Set 2":{
                    "I":{
                        "0":null,
                        "1":14.0
                    },
                    "II":{
                        "0":"2",
                        "1":17
                    },
                    "III":{
                        "0":"4",
                        "1":18
                    },
                    "IV":{
                        "0":"5",
                        "1":20
                    },
                    "V":{
                        "0":"7",
                        "1":21
                    },
                    "VI":{
                        "0":"10",
                        "1":25
                    }
                },
                "Set 3":{
                    "I":{
                        "0":"4",
                        "1":19
                    },
                    "II":{
                        "0":"5",
                        "1":21
                    },
                    "III":{
                        "0":"10",
                        "1":22
                    },
                    "IV":{
                        "0":"13",
                        "1":23
                    },
                    "V":{
                        "0":"14",
                        "1":24
                    },
                    "VI":{
                        "0":"17",
                        "1":25
                    }
                },
                "Set 4":0,
                "Set 5":0
            },
            "Serves 2":{
                "Set 1":{
                    "I":{
                        "0":null,
                        "1":6.0
                    },
                    "II":{
                        "0":"1",
                        "1":7
                    },
                    "III":{
                        "0":"2",
                        "1":9
                    },
                    "IV":{
                        "0":"3",
                        "1":10
                    },
                    "V":{
                        "0":"4",
                        "1":12
                    },
                    "VI":{
                        "0":"5",
                        "1":14
                    }
                },
                "Set 2":{
                    "I":{
                        "0":"0",
                        "1":7
                    },
                    "II":{
                        "0":"1",
                        "1":8
                    },
                    "III":{
                        "0":"2",
                        "1":11
                    },
                    "IV":{
                        "0":"3",
                        "1":15
                    },
                    "V":{
                        "0":"4",
                        "1":16
                    },
                    "VI":{
                        "0":"6",
                        "1":null
                    }
                },
                "Set 3":{
                    "I":{
                        "0":null,
                        "1":6.0
                    },
                    "II":{
                        "0":"1",
                        "1":8
                    },
                    "III":{
                        "0":"2",
                        "1":9
                    },
                    "IV":{
                        "0":"3",
                        "1":12
                    },
                    "V":{
                        "0":"4",
                        "1":14
                    },
                    "VI":{
                        "0":"5",
                        "1":15
                    }
                },
                "Set 4":0,
                "Set 5":0
            },
            "Timeouts 1":{
                "Set 1":{
                    "T":{

                    }
                },
                "Set 2":{
                    "T":{
                        "0":"20:14"
                    }
                },
                "Set 3":{
                    "T":{

                    }
                },
                "Set 4":0,
                "Set 5":0
            },
            "Timeouts 2":{
                "Set 1":{
                    "T":{
                        "0":"5:11",
                        "1":"6:14"
                    }
                },
                "Set 2":{
                    "T":{
                        "0":"4:10"
                    }
                },
                "Set 3":{
                    "T":{
                        "0":"3:12"
                    }
                },
                "Set 4":0,
                "Set 5":0
            }
        },
        "Teams":{
            "Name":{
                "Team 1":"EVREUX VOLLEY-BALL",
                "Team 2":"INSTITUT FEDERAL DE VOLLEY-BAL"
            },
            "Players":{
                "Team 1":{
                    "N\u00b0":{
                        "0":1,
                        "1":3,
                        "2":4,
                        "3":5,
                        "4":6,
                        "5":7,
                        "6":8,
                        "7":9,
                        "8":10,
                        "9":11,
                        "10":12,
                        "11":20
                    },
                    "Nom Pr\u00e9nom":{
                        "0":"CHANAS MAUREEN",
                        "1":"VUJNOVIC MARIJA",
                        "2":"JOLMES AMY",
                        "3":"RUIZ ROMANE",
                        "4":"BONACOSSI VANESSA",
                        "5":"MILOVIC MARIJA",
                        "6":"HAEWEGENE SABINE",
                        "7":"WALSPECK MATHILDE",
                        "8":"PLAT CONSTANCE",
                        "9":"SHEVCHUK YANA",
                        "10":"HANQUIEZ MELINDA",
                        "11":"BLAZE AMALIA"
                    },
                    "Licence":{
                        "0":1733726,
                        "1":2407602,
                        "2":1874121,
                        "3":1618111,
                        "4":1391943,
                        "5":2188878,
                        "6":1887969,
                        "7":1817855,
                        "8":1923302,
                        "9":2407606,
                        "10":1803082,
                        "11":2001176
                    }
                },
                "Team 2":{
                    "N\u00b0":{
                        "0":1,
                        "1":5,
                        "2":6,
                        "3":7,
                        "4":9,
                        "5":10,
                        "6":15,
                        "7":16,
                        "8":17,
                        "9":18
                    },
                    "Nom Pr\u00e9nom":{
                        "0":"MARQUET CAMILLE",
                        "1":"POTIER LOUE",
                        "2":"DEFRAEYE JADE",
                        "3":"DANARD SELOSSE ENORA",
                        "4":"DEL MORAL EVA",
                        "5":"VIDALLER STELLA",
                        "6":"BAH HALIMATOU",
                        "7":"FANGUEDOU FATOUMATA",
                        "8":"RAKOTOZAFI HOPE",
                        "9":"NGOLONGOLO NAOMI"
                    },
                    "Licence":{
                        "0":1886594,
                        "1":2004131,
                        "2":1943678,
                        "3":1741695,
                        "4":1989720,
                        "5":1866985,
                        "6":2089668,
                        "7":2155308,
                        "8":1916611,
                        "9":2139586
                    }
                }
            },
            "Liberos":{
                "Team 1":{
                    "N\u00b0":{
                        "0":5
                    },
                    "Nom Pr\u00e9nom":{
                        "0":"RUIZ ROMANE"
                    },
                    "Licence":{
                        "0":1618111
                    }
                },
                "Team 2":{
                    "N\u00b0":{
                        "0":10
                    },
                    "Nom Pr\u00e9nom":{
                        "0":"VIDALLER STELLA"
                    },
                    "Licence":{
                        "0":1866985
                    }
                }
            },
            "Officials":{
                "Team 1":{
                    "N\u00b0":{
                        "0":"EA",
                        "1":"EB",
                        "2":"EB",
                        "3":"SO"
                    },
                    "Nom Pr\u00e9nom":{
                        "0":"RIGAL FLAVIEN",
                        "1":"FAVRESSE GIL",
                        "2":"BORIE SEBASTIEN",
                        "3":"RIMBEUF JEREMY"
                    },
                    "Licence":{
                        "0":1402949,
                        "1":661033,
                        "2":1401395,
                        "3":2318870
                    }
                },
                "Team 2":{
                    "N\u00b0":{
                        "0":"EA",
                        "1":"EB"
                    },
                    "Nom Pr\u00e9nom":{
                        "0":"DELACOURT LAURENT",
                        "1":"RAKOTOMANGA MATHIEU"
                    },
                    "Licence":{
                        "0":1507070,
                        "1":1568672
                    }
                }
            }
        },
        "Results":{
            "winner":"EVREUX VOLLEY-BALL",
            "score":"3\/0"
        },
        "Referees":{
            "NOM Pr\u00e9nom":{
                "1er":"GREMILLON STEPHANE",
                "2\u00e8me":"AHMED ALI NADIR",
                "Marqueur":"LEMETEIL ALEXANDRA",
                "Marq.Ass":".",
                "nan":null
            },
            "Ligue":{
                "1er":"LIG_AQ",
                "2\u00e8me":"LIG_IF",
                "Marqueur":"LIG_NO",
                "Marq.Ass":null,
                "nan":"Juges"
            },
            "Licence":{
                "1er":1232121.0,
                "2\u00e8me":1703120.0,
                "Marqueur":2311401.0,
                "Marq.Ass":null,
                "nan":null
            }
        },
        "Penalties":{

        }
    }
}