{
    "Match":{
        "Title":{
            "div_code":"EFA ",
            "div_name":"ELITE FEMININE",
            "div_pool":"POULE A",
            "match_number":"EFA056",
            "match_day":"14",
            "city":"EVREUX",
            "gym":"CANADA",
            "category":"SENIOR | FEMININE",
            "ligue":"Comp\u00e9titions Nationales SENIORS",
            "date":"2020-02-15 18:30:00",
            "team_1":"EVREUX VOLLEY-BALL",
            "team_2":"QUIMPER VOLLEY 29"
        },
        "Sets":{
            "Teams":{
                "Set 1":{
                    "Name":{
                        "Team 1":"EVREUX VOLLEY-BALL",
                        "Team 2":"QUIMPER VOLLEY 29"
                    },
                    "Starting":{
                        "Team 1":"Reception",
                        "Team 2":"Service"
                    }
                },
                "Set 2":{
                    "Name":{
                        "Team 1":"EVREUX VOLLEY-BALL",
                        "Team 2":"QUIMPER VOLLEY 29"
                    },
                    "Starting":{
                        "Team 1":"Service",
                        "Team 2":"Reception"
                    }
                },
                "Set 3":{
                    "Name":{
                        "Team 1":"EVREUX VOLLEY-BALL",
                        "Team 2":"QUIMPER VOLLEY 29"
                    },
                    "Starting":{
                        "Team 1":"Reception",
                        "Team 2":"Service"
                    }
                },
                "Set 4":{
                    "Name":{
                        "Team 1":"EVREUX VOLLEY-BALL",
                        "Team 2":"QUIMPER VOLLEY 29"
                    },
                    "Starting":{
                        "Team 1":"Service",
                        "Team 2":"Reception"
                    }
                },
                "Set 5":0
            },
            "Time":{
                "Set 1":{
                    "Time":{
                        "Start":"2020-02-15 18:32:00",
                        "End":"2020-02-15 19:05:00"
                    }
                },
                "Set 2":{
                    "Time":{
                        "Start":"2020-02-15 19:08:00",
                        "End":"2020-02-15 19:32:00"
                    }
                },
                "Set 3":{
                    "Time":{
                        "Start":"2020-02-15 19:42:00",
                        "End":"2020-02-15 20:17:00"
                    }
                },
                "Set 4":{
                    "Time":{
                        "Start":"2020-02-15 20:20:00",
                        "End":"2020-02-15 20:48:00"
                    }
                },
                "Set 5":0
            },
            "Substitutions 1":{
                "Set 1":{
                    "I":{
                        "0":3
                    },
                    "II":{
                        "0":12
                    },
                    "III":{
                        "0":6
                    },
                    "IV":{
                        "0":8
                    },
                    "V":{
                        "0":10
                    },
                    "VI":{
                        "0":9
                    }
                },
                "Set 2":{
                    "I":{
                        "0":3.0,
                        "1":null,
                        "2":null
                    },
                    "II":{
                        "0":12.0,
                        "1":null,
                        "2":null
                    },
                    "III":{
                        "0":"6",
                        "1":"1",
                        "2":"12:18"
                    },
                    "IV":{
                        "0":8.0,
                        "1":null,
                        "2":null
                    },
                    "V":{
                        "0":"10",
                        "1":"20",
                        "2":"14:24"
                    },
                    "VI":{
                        "0":"9",
                        "1":"4",
                        "2":"12:18"
                    }
                },
                "Set 3":{
                    "I":{
                        "0":3.0,
                        "1":null,
                        "2":null,
                        "3":null
                    },
                    "II":{
                        "0":"12",
                        "1":"1",
                        "2":"19:20",
                        "3":"20:21"
                    },
                    "III":{
                        "0":6.0,
                        "1":null,
                        "2":null,
                        "3":null
                    },
                    "IV":{
                        "0":8.0,
                        "1":null,
                        "2":null,
                        "3":null
                    },
                    "V":{
                        "0":10.0,
                        "1":null,
                        "2":null,
                        "3":null
                    },
                    "VI":{
                        "0":9.0,
                        "1":null,
                        "2":null,
                        "3":null
                    }
                },
                "Set 4":{
                    "I":{
                        "0":3
                    },
                    "II":{
                        "0":12
                    },
                    "III":{
                        "0":6
                    },
                    "IV":{
                        "0":8
                    },
                    "V":{
                        "0":10
                    },
                    "VI":{
                        "0":9
                    }
                },
                "Set 5":0
            },
            "Substitutions 2":{
                "Set 1":{
                    "I":{
                        "0":"5",
                        "1":"19",
                        "2":"20:20"
                    },
                    "II":{
                        "0":1.0,
                        "1":null,
                        "2":null
                    },
                    "III":{
                        "0":12.0,
                        "1":null,
                        "2":null
                    },
                    "IV":{
                        "0":"14",
                        "1":"9",
                        "2":"20:20"
                    },
                    "V":{
                        "0":8.0,
                        "1":null,
                        "2":null
                    },
                    "VI":{
                        "0":2.0,
                        "1":null,
                        "2":null
                    }
                },
                "Set 2":{
                    "I":{
                        "0":9
                    },
                    "II":{
                        "0":1
                    },
                    "III":{
                        "0":12
                    },
                    "IV":{
                        "0":14
                    },
                    "V":{
                        "0":8
                    },
                    "VI":{
                        "0":2
                    }
                },
                "Set 3":{
                    "I":{
                        "0":9.0,
                        "1":null,
                        "2":null,
                        "3":null
                    },
                    "II":{
                        "0":1.0,
                        "1":null,
                        "2":null,
                        "3":null
                    },
                    "III":{
                        "0":"12",
                        "1":"19",
                        "2":"22:21",
                        "3":"25:24"
                    },
                    "IV":{
                        "0":14.0,
                        "1":null,
                        "2":null,
                        "3":null
                    },
                    "V":{
                        "0":8.0,
                        "1":null,
                        "2":null,
                        "3":null
                    },
                    "VI":{
                        "0":2.0,
                        "1":null,
                        "2":null,
                        "3":null
                    }
                },
                "Set 4":{
                    "I":{
                        "0":"9",
                        "1":"5",
                        "2":"5:9",
                        "3":"11:17"
                    },
                    "II":{
                        "0":1.0,
                        "1":null,
                        "2":null,
                        "3":null
                    },
                    "III":{
                        "0":12.0,
                        "1":null,
                        "2":null,
                        "3":null
                    },
                    "IV":{
                        "0":14.0,
                        "1":null,
                        "2":null,
                        "3":null
                    },
                    "V":{
                        "0":"8",
                        "1":"19",
                        "2":"5:8",
                        "3":null
                    },
                    "VI":{
                        "0":2.0,
                        "1":null,
                        "2":null,
                        "3":null
                    }
                },
                "Set 5":0
            },
            "Serves 1":{
                "Set 1":{
                    "I":{
                        "0":null,
                        "1":14.0,
                        "2":27.0
                    },
                    "II":{
                        "0":"1",
                        "1":15.0,
                        "2":null
                    },
                    "III":{
                        "0":"2",
                        "1":16.0,
                        "2":null
                    },
                    "IV":{
                        "0":"4",
                        "1":20.0,
                        "2":null
                    },
                    "V":{
                        "0":"9",
                        "1":21.0,
                        "2":null
                    },
                    "VI":{
                        "0":"11",
                        "1":25.0,
                        "2":null
                    }
                },
                "Set 2":{
                    "I":{
                        "0":"1",
                        "1":10
                    },
                    "II":{
                        "0":"3",
                        "1":11
                    },
                    "III":{
                        "0":"5",
                        "1":12
                    },
                    "IV":{
                        "0":"7",
                        "1":13
                    },
                    "V":{
                        "0":"8",
                        "1":14
                    },
                    "VI":{
                        "0":"9",
                        "1":null
                    }
                },
                "Set 3":{
                    "I":{
                        "0":null,
                        "1":7.0,
                        "2":18.0,
                        "3":25.0
                    },
                    "II":{
                        "0":"1",
                        "1":8,
                        "2":20,
                        "3":28
                    },
                    "III":{
                        "0":"2",
                        "1":12.0,
                        "2":21.0,
                        "3":null
                    },
                    "IV":{
                        "0":"3",
                        "1":13.0,
                        "2":22.0,
                        "3":null
                    },
                    "V":{
                        "0":"5",
                        "1":14.0,
                        "2":23.0,
                        "3":null
                    },
                    "VI":{
                        "0":"6",
                        "1":15.0,
                        "2":24.0,
                        "3":null
                    }
                },
                "Set 4":{
                    "I":{
                        "0":"0",
                        "1":14,
                        "2":25
                    },
                    "II":{
                        "0":"1",
                        "1":15.0,
                        "2":null
                    },
                    "III":{
                        "0":"2",
                        "1":17.0,
                        "2":null
                    },
                    "IV":{
                        "0":"9",
                        "1":18.0,
                        "2":null
                    },
                    "V":{
                        "0":"10",
                        "1":19.0,
                        "2":null
                    },
                    "VI":{
                        "0":"13",
                        "1":22.0,
                        "2":null
                    }
                },
                "Set 5":0
            },
            "Serves 2":{
                "Set 1":{
                    "I":{
                        "0":"0",
                        "1":13
                    },
                    "II":{
                        "0":"1",
                        "1":18
                    },
                    "III":{
                        "0":"5",
                        "1":19
                    },
                    "IV":{
                        "0":"9",
                        "1":21
                    },
                    "V":{
                        "0":"10",
                        "1":24
                    },
                    "VI":{
                        "0":"12",
                        "1":25
                    }
                },
                "Set 2":{
                    "I":{
                        "0":null,
                        "1":10.0
                    },
                    "II":{
                        "0":"1",
                        "1":12
                    },
                    "III":{
                        "0":"2",
                        "1":14
                    },
                    "IV":{
                        "0":"7",
                        "1":19
                    },
                    "V":{
                        "0":"8",
                        "1":24
                    },
                    "VI":{
                        "0":"9",
                        "1":25
                    }
                },
                "Set 3":{
                    "I":{
                        "0":"1",
                        "1":11,
                        "2":20,
                        "3":26
                    },
                    "II":{
                        "0":"4",
                        "1":12.0,
                        "2":21.0,
                        "3":null
                    },
                    "III":{
                        "0":"5",
                        "1":13.0,
                        "2":22.0,
                        "3":null
                    },
                    "IV":{
                        "0":"6",
                        "1":14.0,
                        "2":23.0,
                        "3":null
                    },
                    "V":{
                        "0":"7",
                        "1":15.0,
                        "2":24.0,
                        "3":null
                    },
                    "VI":{
                        "0":"8",
                        "1":19.0,
                        "2":25.0,
                        "3":null
                    }
                },
                "Set 4":{
                    "I":{
                        "0":null,
                        "1":8.0,
                        "2":17.0
                    },
                    "II":{
                        "0":"1",
                        "1":9.0,
                        "2":null
                    },
                    "III":{
                        "0":"4",
                        "1":10.0,
                        "2":null
                    },
                    "IV":{
                        "0":"5",
                        "1":11.0,
                        "2":null
                    },
                    "V":{
                        "0":"6",
                        "1":12.0,
                        "2":null
                    },
                    "VI":{
                        "0":"7",
                        "1":16.0,
                        "2":null
                    }
                },
                "Set 5":0
            },
            "Timeouts 1":{
                "Set 1":{
                    "T":{
                        "0":"15:18",
                        "1":"21:23"
                    }
                },
                "Set 2":{
                    "T":{
                        "0":"11:14",
                        "1":"12:19"
                    }
                },
                "Set 3":{
                    "T":{
                        "0":"7:11",
                        "1":"15:19"
                    }
                },
                "Set 4":{
                    "T":{
                        "0":"19:14",
                        "1":"19:16"
                    }
                },
                "Set 5":0
            },
            "Timeouts 2":{
                "Set 1":{
                    "T":{
                        "0":"9:9",
                        "1":"19:20"
                    }
                },
                "Set 2":{
                    "T":{

                    }
                },
                "Set 3":{
                    "T":{
                        "0":"12:12",
                        "1":"26:27"
                    }
                },
                "Set 4":{
                    "T":{
                        "0":"5:7",
                        "1":"7:13"
                    }
                },
                "Set 5":0
            }
        },
        "Teams":{
            "Name":{
                "Team 1":"EVREUX VOLLEY-BALL",
                "Team 2":"QUIMPER VOLLEY 29"
            },
            "Players":{
                "Team 1":{
                    "N\u00b0":{
                        "0":1,
                        "1":2,
                        "2":3,
                        "3":4,
                        "4":5,
                        "5":6,
                        "6":8,
                        "7":9,
                        "8":10,
                        "9":12,
                        "10":13,
                        "11":20
                    },
                    "Nom Pr\u00e9nom":{
                        "0":"CHANAS MAUREEN",
                        "1":"JOLIET MARIE",
                        "2":"VUJNOVIC MARIJA",
                        "3":"JOLMES AMY",
                        "4":"RUIZ ROMANE",
                        "5":"BONACOSSI VANESSA",
                        "6":"HAEWEGENE SABINE",
                        "7":"WALSPECK MATHILDE",
                        "8":"PLAT CONSTANCE",
                        "9":"HANQUIEZ MELINDA",
                        "10":"MANUOHALALO LIWENDA",
                        "11":"BLAZE AMALIA"
                    },
                    "Licence":{
                        "0":1733726,
                        "1":1882336,
                        "2":2407602,
                        "3":1874121,
                        "4":1618111,
                        "5":1391943,
                        "6":1887969,
                        "7":1817855,
                        "8":1923302,
                        "9":1803082,
                        "10":2037542,
                        "11":2001176
                    }
                },
                "Team 2":{
                    "N\u00b0":{
                        "0":1,
                        "1":2,
                        "2":4,
                        "3":5,
                        "4":6,
                        "5":8,
                        "6":9,
                        "7":10,
                        "8":12,
                        "9":14,
                        "10":19
                    },
                    "Nom Pr\u00e9nom":{
                        "0":"GAMBOVA BARBORA",
                        "1":"CARTER GRACE",
                        "2":"BOISARD ANNAIG",
                        "3":"DIOUMANERA SADIO",
                        "4":"MORILLON LOLA",
                        "5":"HASSENI ROXANE",
                        "6":"ROBITAILLE KIM",
                        "7":"BOISSELIER LAURA",
                        "8":"DIAGNE MARIEME",
                        "9":"FOUCHER VICTORIA",
                        "10":"VOJIKOVA KRISTYNA"
                    },
                    "Licence":{
                        "0":2300069,
                        "1":1941574,
                        "2":1673443,
                        "3":1896599,
                        "4":1894383,
                        "5":1663257,
                        "6":2409150,
                        "7":1881738,
                        "8":1903745,
                        "9":1881877,
                        "10":2409152
                    }
                }
            },
            "Liberos":{
                "Team 1":{
                    "N\u00b0":{
                        "0":5
                    },
                    "Nom Pr\u00e9nom":{
                        "0":"RUIZ ROMANE"
                    },
                    "Licence":{
                        "0":1618111
                    }
                },
                "Team 2":{
                    "N\u00b0":{
                        "0":4,
                        "1":6
                    },
                    "Nom Pr\u00e9nom":{
                        "0":"BOISARD ANNAIG",
                        "1":"MORILLON LOLA"
                    },
                    "Licence":{
                        "0":1673443,
                        "1":1894383
                    }
                }
            },
            "Officials":{
                "Team 1":{
                    "N\u00b0":{
                        "0":"EA",
                        "1":"EB",
                        "2":"EB",
                        "3":"SO"
                    },
                    "Nom Pr\u00e9nom":{
                        "0":"RIGAL FLAVIEN",
                        "1":"FAVRESSE GIL",
                        "2":"BORIE SEBASTIEN",
                        "3":"RIMBEUF JEREMY"
                    },
                    "Licence":{
                        "0":1402949,
                        "1":661033,
                        "2":1401395,
                        "3":2318870
                    }
                },
                "Team 2":{
                    "N\u00b0":{
                        "0":"EA",
                        "1":"EB"
                    },
                    "Nom Pr\u00e9nom":{
                        "0":"HROCH MARTIN",
                        "1":"DUVIVIER DOMINIQUE"
                    },
                    "Licence":{
                        "0":1231908,
                        "1":1228198
                    }
                }
            }
        },
        "Results":{
            "winner":"EVREUX VOLLEY-BALL",
            "score":"3\/1"
        },
        "Referees":{
            "NOM Pr\u00e9nom":{
                "1er":"KONARKOWSKI DIDIER",
                "2\u00e8me":"DECHOUX CHRISTIAN",
                "Marqueur":"DIVARY QUENTIN",
                "Marq.Ass":".",
                "R.Salle":"LECONTE FRANTZ"
            },
            "Ligue":{
                "1er":"LIG_HDF",
                "2\u00e8me":"LIG_PL",
                "Marqueur":"LIG_NO",
                "Marq.Ass":null,
                "R.Salle":null
            },
            "Licence":{
                "1er":721183.0,
                "2\u00e8me":347427.0,
                "Marqueur":2083558.0,
                "Marq.Ass":null,
                "R.Salle":2013120.0
            }
        },
        "Penalties":{

        }
    }
}