{
    "Match":{
        "Title":{
            "div_code":"EFA ",
            "div_name":"ELITE FEMININE",
            "div_pool":"POULE A",
            "match_number":"EFA012",
            "match_day":"03",
            "city":"SENS",
            "gym":"COMPLEXE SPORTIF ROGER BRETON",
            "category":"SENIOR | FEMININE",
            "ligue":"Comp\u00e9titions Nationales SENIORS",
            "date":"2019-10-26 20:00:00",
            "team_1":"SENS VOLLEY 89",
            "team_2":"STELLA EDU SP CALAIS"
        },
        "Sets":{
            "Teams":{
                "Set 1":{
                    "Name":{
                        "Team 1":"STELLA EDU SP CALAIS",
                        "Team 2":"SENS VOLLEY 89"
                    },
                    "Starting":{
                        "Team 1":"Service",
                        "Team 2":"Reception"
                    }
                },
                "Set 2":{
                    "Name":{
                        "Team 1":"STELLA EDU SP CALAIS",
                        "Team 2":"SENS VOLLEY 89"
                    },
                    "Starting":{
                        "Team 1":"Reception",
                        "Team 2":"Service"
                    }
                },
                "Set 3":{
                    "Name":{
                        "Team 1":"STELLA EDU SP CALAIS",
                        "Team 2":"SENS VOLLEY 89"
                    },
                    "Starting":{
                        "Team 1":"Service",
                        "Team 2":"Reception"
                    }
                },
                "Set 4":0,
                "Set 5":0
            },
            "Time":{
                "Set 1":{
                    "Time":{
                        "Start":"2019-10-26 20:00:00",
                        "End":"2019-10-26 20:30:00"
                    }
                },
                "Set 2":{
                    "Time":{
                        "Start":"2019-10-26 20:33:00",
                        "End":"2019-10-26 21:14:00"
                    }
                },
                "Set 3":{
                    "Time":{
                        "Start":"2019-10-26 21:25:00",
                        "End":"2019-10-26 21:54:00"
                    }
                },
                "Set 4":0,
                "Set 5":0
            },
            "Substitutions 1":{
                "Set 1":{
                    "I":{
                        "0":13
                    },
                    "II":{
                        "0":7
                    },
                    "III":{
                        "0":9
                    },
                    "IV":{
                        "0":6
                    },
                    "V":{
                        "0":10
                    },
                    "VI":{
                        "0":8
                    }
                },
                "Set 2":{
                    "I":{
                        "0":13.0,
                        "1":null,
                        "2":null,
                        "3":null
                    },
                    "II":{
                        "0":7.0,
                        "1":null,
                        "2":null,
                        "3":null
                    },
                    "III":{
                        "0":9.0,
                        "1":null,
                        "2":null,
                        "3":null
                    },
                    "IV":{
                        "0":"6",
                        "1":"3",
                        "2":"3:6",
                        "3":"10:14"
                    },
                    "V":{
                        "0":"10",
                        "1":"2",
                        "2":"3:6",
                        "3":"15:16"
                    },
                    "VI":{
                        "0":8.0,
                        "1":null,
                        "2":null,
                        "3":null
                    }
                },
                "Set 3":{
                    "I":{
                        "0":13.0,
                        "1":null,
                        "2":null
                    },
                    "II":{
                        "0":"7",
                        "1":"10",
                        "2":"10:10"
                    },
                    "III":{
                        "0":9.0,
                        "1":null,
                        "2":null
                    },
                    "IV":{
                        "0":8.0,
                        "1":null,
                        "2":null
                    },
                    "V":{
                        "0":2.0,
                        "1":null,
                        "2":null
                    },
                    "VI":{
                        "0":3.0,
                        "1":null,
                        "2":null
                    }
                },
                "Set 4":0,
                "Set 5":0
            },
            "Substitutions 2":{
                "Set 1":{
                    "I":{
                        "0":"2",
                        "1":"4",
                        "2":"17:17",
                        "3":"21:18"
                    },
                    "II":{
                        "0":9.0,
                        "1":null,
                        "2":null,
                        "3":null
                    },
                    "III":{
                        "0":"6",
                        "1":"11",
                        "2":"23:21",
                        "3":"23:22"
                    },
                    "IV":{
                        "0":12.0,
                        "1":null,
                        "2":null,
                        "3":null
                    },
                    "V":{
                        "0":"7",
                        "1":"3",
                        "2":"22:19",
                        "3":null
                    },
                    "VI":{
                        "0":10.0,
                        "1":null,
                        "2":null,
                        "3":null
                    }
                },
                "Set 2":{
                    "I":{
                        "0":9.0,
                        "1":null,
                        "2":null,
                        "3":null
                    },
                    "II":{
                        "0":6.0,
                        "1":null,
                        "2":null,
                        "3":null
                    },
                    "III":{
                        "0":"12",
                        "1":"4",
                        "2":"18:16",
                        "3":"18:17"
                    },
                    "IV":{
                        "0":7.0,
                        "1":null,
                        "2":null,
                        "3":null
                    },
                    "V":{
                        "0":"10",
                        "1":"11",
                        "2":"9:10",
                        "3":null
                    },
                    "VI":{
                        "0":2.0,
                        "1":null,
                        "2":null,
                        "3":null
                    }
                },
                "Set 3":{
                    "I":{
                        "0":2.0,
                        "1":null,
                        "2":null,
                        "3":null
                    },
                    "II":{
                        "0":9.0,
                        "1":null,
                        "2":null,
                        "3":null
                    },
                    "III":{
                        "0":6.0,
                        "1":null,
                        "2":null,
                        "3":null
                    },
                    "IV":{
                        "0":"12",
                        "1":"4",
                        "2":"18:17",
                        "3":"18:18"
                    },
                    "V":{
                        "0":"7",
                        "1":"3",
                        "2":"2:7",
                        "3":null
                    },
                    "VI":{
                        "0":11.0,
                        "1":null,
                        "2":null,
                        "3":null
                    }
                },
                "Set 4":0,
                "Set 5":0
            },
            "Serves 1":{
                "Set 1":{
                    "I":{
                        "0":"0",
                        "1":10,
                        "2":19
                    },
                    "II":{
                        "0":"1",
                        "1":12,
                        "2":21
                    },
                    "III":{
                        "0":"2",
                        "1":13,
                        "2":23
                    },
                    "IV":{
                        "0":"5",
                        "1":14.0,
                        "2":null
                    },
                    "V":{
                        "0":"7",
                        "1":16.0,
                        "2":null
                    },
                    "VI":{
                        "0":"8",
                        "1":17.0,
                        "2":null
                    }
                },
                "Set 2":{
                    "I":{
                        "0":null,
                        "1":8.0,
                        "2":22.0
                    },
                    "II":{
                        "0":"1",
                        "1":10,
                        "2":24
                    },
                    "III":{
                        "0":"3",
                        "1":15,
                        "2":25
                    },
                    "IV":{
                        "0":"4",
                        "1":16,
                        "2":26
                    },
                    "V":{
                        "0":"4.1",
                        "1":18.0,
                        "2":null
                    },
                    "VI":{
                        "0":"6",
                        "1":19.0,
                        "2":null
                    }
                },
                "Set 3":{
                    "I":{
                        "0":"0",
                        "1":12
                    },
                    "II":{
                        "0":"3",
                        "1":16
                    },
                    "III":{
                        "0":"8",
                        "1":17
                    },
                    "IV":{
                        "0":"9",
                        "1":18
                    },
                    "V":{
                        "0":"10",
                        "1":19
                    },
                    "VI":{
                        "0":"11",
                        "1":20
                    }
                },
                "Set 4":0,
                "Set 5":0
            },
            "Serves 2":{
                "Set 1":{
                    "I":{
                        "0":null,
                        "1":10.0,
                        "2":21.0
                    },
                    "II":{
                        "0":"1",
                        "1":12,
                        "2":22
                    },
                    "III":{
                        "0":"3",
                        "1":13,
                        "2":23
                    },
                    "IV":{
                        "0":"4",
                        "1":14,
                        "2":25
                    },
                    "V":{
                        "0":"6",
                        "1":15.0,
                        "2":null
                    },
                    "VI":{
                        "0":"7",
                        "1":16.0,
                        "2":null
                    }
                },
                "Set 2":{
                    "I":{
                        "0":"1",
                        "1":9,
                        "2":23
                    },
                    "II":{
                        "0":"2",
                        "1":15,
                        "2":24
                    },
                    "III":{
                        "0":"6",
                        "1":17,
                        "2":25
                    },
                    "IV":{
                        "0":"6.1",
                        "1":18,
                        "2":28
                    },
                    "V":{
                        "0":"7",
                        "1":20.0,
                        "2":null
                    },
                    "VI":{
                        "0":"8",
                        "1":22.0,
                        "2":null
                    }
                },
                "Set 3":{
                    "I":{
                        "0":null,
                        "1":11.0,
                        "2":25.0
                    },
                    "II":{
                        "0":"1",
                        "1":14.0,
                        "2":null
                    },
                    "III":{
                        "0":"2",
                        "1":17.0,
                        "2":null
                    },
                    "IV":{
                        "0":"3",
                        "1":18.0,
                        "2":null
                    },
                    "V":{
                        "0":"5",
                        "1":21.0,
                        "2":null
                    },
                    "VI":{
                        "0":"10",
                        "1":24.0,
                        "2":null
                    }
                },
                "Set 4":0,
                "Set 5":0
            },
            "Timeouts 1":{
                "Set 1":{
                    "T":{
                        "0":"17:20",
                        "1":"23:24"
                    }
                },
                "Set 2":{
                    "T":{
                        "0":"10:13",
                        "1":"19:22"
                    }
                },
                "Set 3":{
                    "T":{
                        "0":"10:8",
                        "1":"18:21"
                    }
                },
                "Set 4":0,
                "Set 5":0
            },
            "Timeouts 2":{
                "Set 1":{
                    "T":{
                        "0":"21:19"
                    }
                },
                "Set 2":{
                    "T":{
                        "0":"20:19",
                        "1":"23:23"
                    }
                },
                "Set 3":{
                    "T":{
                        "0":"21:19"
                    }
                },
                "Set 4":0,
                "Set 5":0
            }
        },
        "Teams":{
            "Name":{
                "Team 1":"SENS VOLLEY 89",
                "Team 2":"STELLA EDU SP CALAIS"
            },
            "Players":{
                "Team 1":{
                    "N\u00b0":{
                        "0":2,
                        "1":3,
                        "2":4,
                        "3":5,
                        "4":6,
                        "5":7,
                        "6":9,
                        "7":10,
                        "8":11,
                        "9":12,
                        "10":15
                    },
                    "Nom Pr\u00e9nom":{
                        "0":"TETUANUI KATIA",
                        "1":"SOW BINETOU",
                        "2":"VAKI VALERIA",
                        "3":"LABASTE TEHEA",
                        "4":"TAURAA KAHAIALANIE-LAYANNA",
                        "5":"LABASTE TEHEI",
                        "6":"BENDA GABRIELLE",
                        "7":"FAWZIYA ABDOULKARIM",
                        "8":"VAKI VAITEANI",
                        "9":"SULLIVAN KATHRYN",
                        "10":"MARKIEWICZ ALICJA"
                    },
                    "Licence":{
                        "0":2182733,
                        "1":2089666,
                        "2":1989520,
                        "3":2135072,
                        "4":2341653,
                        "5":2135073,
                        "6":2406960,
                        "7":2199372,
                        "8":2101201,
                        "9":2406962,
                        "10":2409080
                    }
                },
                "Team 2":{
                    "N\u00b0":{
                        "0":2,
                        "1":3,
                        "2":4,
                        "3":6,
                        "4":7,
                        "5":8,
                        "6":9,
                        "7":10,
                        "8":11,
                        "9":13
                    },
                    "Nom Pr\u00e9nom":{
                        "0":"POPEK BLANDINE",
                        "1":"MOREIRA DE SOUZA CARLA",
                        "2":"IMBERT ROMANE",
                        "3":"GUYOT POLVERINI MIA SEVERIN",
                        "4":"WILLIAMS ARIANA",
                        "5":"VANDEN MEER MEGAN",
                        "6":"SEGUIN CASSANDRA",
                        "7":"DAVIS SARA",
                        "8":"MOLLINGER GAELLE",
                        "9":"MIKSIKOVA LUCIA"
                    },
                    "Licence":{
                        "0":1853076,
                        "1":2350705,
                        "2":1821091,
                        "3":1827019,
                        "4":2149694,
                        "5":2408691,
                        "6":1697276,
                        "7":2407051,
                        "8":1414959,
                        "9":2407052
                    }
                }
            },
            "Liberos":{
                "Team 1":{
                    "N\u00b0":{
                        "0":15
                    },
                    "Nom Pr\u00e9nom":{
                        "0":"MARKIEWICZ ALICJA"
                    },
                    "Licence":{
                        "0":2409080
                    }
                },
                "Team 2":{
                    "N\u00b0":{
                        "0":11
                    },
                    "Nom Pr\u00e9nom":{
                        "0":"MOLLINGER GAELLE"
                    },
                    "Licence":{
                        "0":1414959
                    }
                }
            },
            "Officials":{
                "Team 1":{
                    "N\u00b0":{
                        "0":"EA",
                        "1":"SO"
                    },
                    "Nom Pr\u00e9nom":{
                        "0":"GUILLE JOHANN",
                        "1":"MARCHAND THOMAS"
                    },
                    "Licence":{
                        "0":1439571,
                        "1":1815747
                    }
                },
                "Team 2":{
                    "N\u00b0":{
                        "0":"EA"
                    },
                    "Nom Pr\u00e9nom":{
                        "0":"OUKARACHE BADIS"
                    },
                    "Licence":{
                        "0":1507456
                    }
                }
            }
        },
        "Results":{
            "winner":"SENS VOLLEY 89",
            "score":"3\/0"
        },
        "Referees":{
            "NOM Pr\u00e9nom":{
                "1er":"MERCK PHILIPPE",
                "2\u00e8me":"SUILLAUD FABRICE",
                "Marqueur":"DURANTON SYLVIE",
                "Marq.Ass":". MALDOU MOAD",
                "nan":null
            },
            "Ligue":{
                "1er":"LIG_GES",
                "2\u00e8me":"LIG_IF",
                "Marqueur":"LIG_BFC",
                "Marq.Ass":"LIG_BFC",
                "nan":"Juges"
            },
            "Licence":{
                "1er":1119712.0,
                "2\u00e8me":520528.0,
                "Marqueur":1353529.0,
                "Marq.Ass":1968865.0,
                "nan":null
            }
        },
        "Penalties":{

        }
    }
}