{
    "Match":{
        "Title":{
            "div_code":"EFA ",
            "div_name":"ELITE FEMININE",
            "div_pool":"POULE A",
            "match_number":"EFA020",
            "match_day":"05",
            "city":"EVREUX",
            "gym":"CANADA",
            "category":"SENIOR | FEMININE",
            "ligue":"Comp\u00e9titions Nationales SENIORS",
            "date":"2019-11-09 18:30:00",
            "team_1":"EVREUX VOLLEY-BALL",
            "team_2":"SENS VOLLEY 89"
        },
        "Sets":{
            "Teams":{
                "Set 1":{
                    "Name":{
                        "Team 1":"EVREUX VOLLEY-BALL",
                        "Team 2":"SENS VOLLEY 89"
                    },
                    "Starting":{
                        "Team 1":"Service",
                        "Team 2":"Reception"
                    }
                },
                "Set 2":{
                    "Name":{
                        "Team 1":"EVREUX VOLLEY-BALL",
                        "Team 2":"SENS VOLLEY 89"
                    },
                    "Starting":{
                        "Team 1":"Reception",
                        "Team 2":"Service"
                    }
                },
                "Set 3":{
                    "Name":{
                        "Team 1":"EVREUX VOLLEY-BALL",
                        "Team 2":"SENS VOLLEY 89"
                    },
                    "Starting":{
                        "Team 1":"Service",
                        "Team 2":"Reception"
                    }
                },
                "Set 4":{
                    "Name":{
                        "Team 1":"EVREUX VOLLEY-BALL",
                        "Team 2":"SENS VOLLEY 89"
                    },
                    "Starting":{
                        "Team 1":"Reception",
                        "Team 2":"Service"
                    }
                },
                "Set 5":{
                    "Name":{
                        "Team 1":"SENS VOLLEY 89",
                        "Team 2":"EVREUX VOLLEY-BALL"
                    },
                    "Starting":{
                        "Team 1":"Reception",
                        "Team 2":"Service"
                    }
                }
            },
            "Time":{
                "Set 1":{
                    "Time":{
                        "Start":"2019-11-09 18:33:00",
                        "End":"2019-11-09 19:03:00"
                    }
                },
                "Set 2":{
                    "Time":{
                        "Start":"2019-11-09 19:06:00",
                        "End":"2019-11-09 19:38:00"
                    }
                },
                "Set 3":{
                    "Time":{
                        "Start":"2019-11-09 19:49:00",
                        "End":"2019-11-09 20:20:00"
                    }
                },
                "Set 4":{
                    "Time":{
                        "Start":"2019-11-09 20:23:00",
                        "End":"2019-11-09 20:58:00"
                    }
                },
                "Set 5":{
                    "Time":{
                        "Start":"2019-11-09 21:01:00",
                        "End":"2019-11-09 21:20:00"
                    }
                }
            },
            "Substitutions 1":{
                "Set 1":{
                    "I":{
                        "0":3.0,
                        "1":null,
                        "2":null,
                        "3":null
                    },
                    "II":{
                        "0":7.0,
                        "1":null,
                        "2":null,
                        "3":null
                    },
                    "III":{
                        "0":"6",
                        "1":"11",
                        "2":"14:16",
                        "3":"18:22"
                    },
                    "IV":{
                        "0":8.0,
                        "1":null,
                        "2":null,
                        "3":null
                    },
                    "V":{
                        "0":10.0,
                        "1":null,
                        "2":null,
                        "3":null
                    },
                    "VI":{
                        "0":9.0,
                        "1":null,
                        "2":null,
                        "3":null
                    }
                },
                "Set 2":{
                    "I":{
                        "0":3.0,
                        "1":null,
                        "2":null,
                        "3":null
                    },
                    "II":{
                        "0":"10",
                        "1":"12",
                        "2":"20:18",
                        "3":"21:18"
                    },
                    "III":{
                        "0":"6",
                        "1":"11",
                        "2":"14:14",
                        "3":"18:16"
                    },
                    "IV":{
                        "0":8.0,
                        "1":null,
                        "2":null,
                        "3":null
                    },
                    "V":{
                        "0":7.0,
                        "1":null,
                        "2":null,
                        "3":null
                    },
                    "VI":{
                        "0":9.0,
                        "1":null,
                        "2":null,
                        "3":null
                    }
                },
                "Set 3":{
                    "I":{
                        "0":3.0,
                        "1":null,
                        "2":null,
                        "3":null
                    },
                    "II":{
                        "0":7.0,
                        "1":null,
                        "2":null,
                        "3":null
                    },
                    "III":{
                        "0":"6",
                        "1":"11",
                        "2":"14:13",
                        "3":"24:20"
                    },
                    "IV":{
                        "0":8.0,
                        "1":null,
                        "2":null,
                        "3":null
                    },
                    "V":{
                        "0":10.0,
                        "1":null,
                        "2":null,
                        "3":null
                    },
                    "VI":{
                        "0":9.0,
                        "1":null,
                        "2":null,
                        "3":null
                    }
                },
                "Set 4":{
                    "I":{
                        "0":3.0,
                        "1":null,
                        "2":null,
                        "3":null
                    },
                    "II":{
                        "0":"7",
                        "1":"1",
                        "2":"24:23",
                        "3":"24:24"
                    },
                    "III":{
                        "0":"6",
                        "1":"11",
                        "2":"13:11",
                        "3":"22:20"
                    },
                    "IV":{
                        "0":8.0,
                        "1":null,
                        "2":null,
                        "3":null
                    },
                    "V":{
                        "0":10.0,
                        "1":null,
                        "2":null,
                        "3":null
                    },
                    "VI":{
                        "0":9.0,
                        "1":null,
                        "2":null,
                        "3":null
                    }
                },
                "Set 5":{
                    "I":{
                        "0":2.0,
                        "1":null,
                        "2":null,
                        "3":null
                    },
                    "II":{
                        "0":9.0,
                        "1":null,
                        "2":null,
                        "3":null
                    },
                    "III":{
                        "0":10.0,
                        "1":null,
                        "2":null,
                        "3":null
                    },
                    "IV":{
                        "0":"12",
                        "1":"4",
                        "2":"6:2",
                        "3":"6:3"
                    },
                    "V":{
                        "0":6.0,
                        "1":null,
                        "2":null,
                        "3":null
                    },
                    "VI":{
                        "0":11.0,
                        "1":null,
                        "2":null,
                        "3":null
                    }
                }
            },
            "Substitutions 2":{
                "Set 1":{
                    "I":{
                        "0":2.0,
                        "1":null,
                        "2":null,
                        "3":null
                    },
                    "II":{
                        "0":9.0,
                        "1":null,
                        "2":null,
                        "3":null
                    },
                    "III":{
                        "0":6.0,
                        "1":null,
                        "2":null,
                        "3":null
                    },
                    "IV":{
                        "0":"5",
                        "1":"4",
                        "2":"17:14",
                        "3":"17:15"
                    },
                    "V":{
                        "0":3.0,
                        "1":null,
                        "2":null,
                        "3":null
                    },
                    "VI":{
                        "0":"10",
                        "1":"11",
                        "2":"11:10",
                        "3":"12:10"
                    }
                },
                "Set 2":{
                    "I":{
                        "0":9.0,
                        "1":null,
                        "2":null,
                        "3":null
                    },
                    "II":{
                        "0":"6",
                        "1":"11",
                        "2":"16:20",
                        "3":null
                    },
                    "III":{
                        "0":"5",
                        "1":"4",
                        "2":"12:11",
                        "3":"12:12"
                    },
                    "IV":{
                        "0":3.0,
                        "1":null,
                        "2":null,
                        "3":null
                    },
                    "V":{
                        "0":10.0,
                        "1":null,
                        "2":null,
                        "3":null
                    },
                    "VI":{
                        "0":2.0,
                        "1":null,
                        "2":null,
                        "3":null
                    }
                },
                "Set 3":{
                    "I":{
                        "0":"2",
                        "1":"4",
                        "2":"20:23",
                        "3":"20:24"
                    },
                    "II":{
                        "0":9.0,
                        "1":null,
                        "2":null,
                        "3":null
                    },
                    "III":{
                        "0":"6",
                        "1":"7",
                        "2":"2:3",
                        "3":null
                    },
                    "IV":{
                        "0":"5",
                        "1":"12",
                        "2":"10:11",
                        "3":null
                    },
                    "V":{
                        "0":3.0,
                        "1":null,
                        "2":null,
                        "3":null
                    },
                    "VI":{
                        "0":"11",
                        "1":"10",
                        "2":"19:23",
                        "3":null
                    }
                },
                "Set 4":{
                    "I":{
                        "0":9.0,
                        "1":null,
                        "2":null,
                        "3":null
                    },
                    "II":{
                        "0":10.0,
                        "1":null,
                        "2":null,
                        "3":null
                    },
                    "III":{
                        "0":"12",
                        "1":"4",
                        "2":"12:13",
                        "3":"16:14"
                    },
                    "IV":{
                        "0":"3",
                        "1":"6",
                        "2":"18:21",
                        "3":null
                    },
                    "V":{
                        "0":"11",
                        "1":"7",
                        "2":"2:6",
                        "3":"17:17"
                    },
                    "VI":{
                        "0":2.0,
                        "1":null,
                        "2":null,
                        "3":null
                    }
                },
                "Set 5":{
                    "I":{
                        "0":"8",
                        "1":"11",
                        "2":"7:9",
                        "3":"11:10"
                    },
                    "II":{
                        "0":10.0,
                        "1":null,
                        "2":null,
                        "3":null
                    },
                    "III":{
                        "0":9.0,
                        "1":null,
                        "2":null,
                        "3":null
                    },
                    "IV":{
                        "0":3.0,
                        "1":null,
                        "2":null,
                        "3":null
                    },
                    "V":{
                        "0":"7",
                        "1":"1",
                        "2":"7:7",
                        "3":"7:8"
                    },
                    "VI":{
                        "0":"6",
                        "1":"20",
                        "2":"10:10",
                        "3":null
                    }
                }
            },
            "Serves 1":{
                "Set 1":{
                    "I":{
                        "0":"1",
                        "1":12,
                        "2":21
                    },
                    "II":{
                        "0":"2",
                        "1":13.0,
                        "2":null
                    },
                    "III":{
                        "0":"3",
                        "1":14.0,
                        "2":null
                    },
                    "IV":{
                        "0":"5",
                        "1":15.0,
                        "2":null
                    },
                    "V":{
                        "0":"10",
                        "1":17.0,
                        "2":null
                    },
                    "VI":{
                        "0":"11",
                        "1":19.0,
                        "2":null
                    }
                },
                "Set 2":{
                    "I":{
                        "0":null,
                        "1":9.0,
                        "2":20.0
                    },
                    "II":{
                        "0":"1",
                        "1":10,
                        "2":22
                    },
                    "III":{
                        "0":"2",
                        "1":11,
                        "2":24
                    },
                    "IV":{
                        "0":"3",
                        "1":14,
                        "2":25
                    },
                    "V":{
                        "0":"4",
                        "1":15.0,
                        "2":null
                    },
                    "VI":{
                        "0":"7",
                        "1":17.0,
                        "2":null
                    }
                },
                "Set 3":{
                    "I":{
                        "0":"0",
                        "1":12,
                        "2":25
                    },
                    "II":{
                        "0":"3",
                        "1":13.0,
                        "2":null
                    },
                    "III":{
                        "0":"4",
                        "1":15.0,
                        "2":null
                    },
                    "IV":{
                        "0":"6",
                        "1":16.0,
                        "2":null
                    },
                    "V":{
                        "0":"7",
                        "1":20.0,
                        "2":null
                    },
                    "VI":{
                        "0":"9",
                        "1":23.0,
                        "2":null
                    }
                },
                "Set 4":{
                    "I":{
                        "0":null,
                        "1":11.0,
                        "2":23.0
                    },
                    "II":{
                        "0":"1",
                        "1":12,
                        "2":24
                    },
                    "III":{
                        "0":"3",
                        "1":13,
                        "2":25
                    },
                    "IV":{
                        "0":"6",
                        "1":14.0,
                        "2":null
                    },
                    "V":{
                        "0":"7",
                        "1":20.0,
                        "2":null
                    },
                    "VI":{
                        "0":"10",
                        "1":21.0,
                        "2":null
                    }
                },
                "Set 5":{
                    "I":{
                        "0":null,
                        "1":10.0
                    },
                    "II":{
                        "0":"2",
                        "1":15
                    },
                    "III":{
                        "0":"5",
                        "1":null
                    },
                    "IV":{
                        "0":"6",
                        "1":null
                    },
                    "V":{
                        "0":"7",
                        "1":null
                    },
                    "VI":{
                        "0":"9",
                        "1":null
                    }
                }
            },
            "Serves 2":{
                "Set 1":{
                    "I":{
                        "0":null,
                        "1":13.0,
                        "2":23.0
                    },
                    "II":{
                        "0":"1",
                        "1":15,
                        "2":25
                    },
                    "III":{
                        "0":"6",
                        "1":16.0,
                        "2":null
                    },
                    "IV":{
                        "0":"7",
                        "1":17.0,
                        "2":null
                    },
                    "V":{
                        "0":"11",
                        "1":21.0,
                        "2":null
                    },
                    "VI":{
                        "0":"12",
                        "1":22.0,
                        "2":null
                    }
                },
                "Set 2":{
                    "I":{
                        "0":"0",
                        "1":9,
                        "2":18
                    },
                    "II":{
                        "0":"1",
                        "1":10,
                        "2":19
                    },
                    "III":{
                        "0":"2",
                        "1":12,
                        "2":21
                    },
                    "IV":{
                        "0":"3",
                        "1":14.0,
                        "2":null
                    },
                    "V":{
                        "0":"4",
                        "1":15.0,
                        "2":null
                    },
                    "VI":{
                        "0":"7",
                        "1":16.0,
                        "2":null
                    }
                },
                "Set 3":{
                    "I":{
                        "0":null,
                        "1":10.0,
                        "2":20.0
                    },
                    "II":{
                        "0":"2",
                        "1":12.0,
                        "2":null
                    },
                    "III":{
                        "0":"3",
                        "1":13.0,
                        "2":null
                    },
                    "IV":{
                        "0":"5",
                        "1":14.0,
                        "2":null
                    },
                    "V":{
                        "0":"6",
                        "1":17.0,
                        "2":null
                    },
                    "VI":{
                        "0":"8",
                        "1":19.0,
                        "2":null
                    }
                },
                "Set 4":{
                    "I":{
                        "0":"0",
                        "1":8,
                        "2":23
                    },
                    "II":{
                        "0":"1",
                        "1":11,
                        "2":25
                    },
                    "III":{
                        "0":"2",
                        "1":16,
                        "2":27
                    },
                    "IV":{
                        "0":"4",
                        "1":17.0,
                        "2":null
                    },
                    "V":{
                        "0":"5",
                        "1":18.0,
                        "2":null
                    },
                    "VI":{
                        "0":"6",
                        "1":20.0,
                        "2":null
                    }
                },
                "Set 5":{
                    "I":{
                        "0":"0",
                        "1":11
                    },
                    "II":{
                        "0":"1",
                        "1":null
                    },
                    "III":{
                        "0":"2",
                        "1":null
                    },
                    "IV":{
                        "0":"6",
                        "1":null
                    },
                    "V":{
                        "0":"7",
                        "1":null
                    },
                    "VI":{
                        "0":"9",
                        "1":null
                    }
                }
            },
            "Timeouts 1":{
                "Set 1":{
                    "T":{
                        "0":"15:19",
                        "1":"15:21"
                    }
                },
                "Set 2":{
                    "T":{
                        "0":"20:18",
                        "1":"24:20"
                    }
                },
                "Set 3":{
                    "T":{

                    }
                },
                "Set 4":{
                    "T":{
                        "0":"21:20",
                        "1":"23:22"
                    }
                },
                "Set 5":{
                    "T":{

                    }
                }
            },
            "Timeouts 2":{
                "Set 1":{
                    "T":{
                        "0":"11:8",
                        "1":"21:16"
                    }
                },
                "Set 2":{
                    "T":{
                        "0":"16:19",
                        "1":"18:22"
                    }
                },
                "Set 3":{
                    "T":{
                        "0":"17:18",
                        "1":"17:20"
                    }
                },
                "Set 4":{
                    "T":{
                        "0":"17:20"
                    }
                },
                "Set 5":{
                    "T":{
                        "0":"1:5",
                        "1":"11:14"
                    }
                }
            }
        },
        "Teams":{
            "Name":{
                "Team 1":"EVREUX VOLLEY-BALL",
                "Team 2":"SENS VOLLEY 89"
            },
            "Players":{
                "Team 1":{
                    "N\u00b0":{
                        "0":1,
                        "1":3,
                        "2":4,
                        "3":5,
                        "4":6,
                        "5":7,
                        "6":8,
                        "7":9,
                        "8":10,
                        "9":11,
                        "10":12,
                        "11":20
                    },
                    "Nom Pr\u00e9nom":{
                        "0":"CHANAS MAUREEN",
                        "1":"VUJNOVIC MARIJA",
                        "2":"JOLMES AMY",
                        "3":"RUIZ ROMANE",
                        "4":"BONACOSSI VANESSA",
                        "5":"MILOVIC MARIJA",
                        "6":"HAEWEGENE SABINE",
                        "7":"WALSPECK MATHILDE",
                        "8":"PLAT CONSTANCE",
                        "9":"SHEVCHUK YANA",
                        "10":"HANQUIEZ MELINDA",
                        "11":"BLAZE AMALIA"
                    },
                    "Licence":{
                        "0":1733726,
                        "1":2407602,
                        "2":1874121,
                        "3":1618111,
                        "4":1391943,
                        "5":2188878,
                        "6":1887969,
                        "7":1817855,
                        "8":1923302,
                        "9":2407606,
                        "10":1803082,
                        "11":2001176
                    }
                },
                "Team 2":{
                    "N\u00b0":{
                        "0":2,
                        "1":3,
                        "2":4,
                        "3":5,
                        "4":6,
                        "5":7,
                        "6":9,
                        "7":10,
                        "8":11,
                        "9":12,
                        "10":14,
                        "11":15
                    },
                    "Nom Pr\u00e9nom":{
                        "0":"TETUANUI KATIA",
                        "1":"SOW BINETOU",
                        "2":"VAKI VALERIA",
                        "3":"LABASTE TEHEA",
                        "4":"TAURAA KAHAIALANIE-LAYANNA",
                        "5":"LABASTE TEHEI",
                        "6":"BENDA GABRIELLE",
                        "7":"FAWZIYA ABDOULKARIM",
                        "8":"VAKI VAITEANI",
                        "9":"SULLIVAN KATHRYN",
                        "10":"FRANCOIS LOU ANNE",
                        "11":"MARKIEWICZ ALICJA"
                    },
                    "Licence":{
                        "0":2182733,
                        "1":2089666,
                        "2":1989520,
                        "3":2135072,
                        "4":2341653,
                        "5":2135073,
                        "6":2406960,
                        "7":2199372,
                        "8":2101201,
                        "9":2406962,
                        "10":2360040,
                        "11":2409080
                    }
                }
            },
            "Liberos":{
                "Team 1":{
                    "N\u00b0":{
                        "0":5
                    },
                    "Nom Pr\u00e9nom":{
                        "0":"RUIZ ROMANE"
                    },
                    "Licence":{
                        "0":1618111
                    }
                },
                "Team 2":{
                    "N\u00b0":{
                        "0":14,
                        "1":15
                    },
                    "Nom Pr\u00e9nom":{
                        "0":"FRANCOIS LOU ANNE",
                        "1":"MARKIEWICZ ALICJA"
                    },
                    "Licence":{
                        "0":2360040,
                        "1":2409080
                    }
                }
            },
            "Officials":{
                "Team 1":{
                    "N\u00b0":{
                        "0":"EA",
                        "1":"EB",
                        "2":"EB",
                        "3":"SO"
                    },
                    "Nom Pr\u00e9nom":{
                        "0":"RIGAL FLAVIEN",
                        "1":"FAVRESSE GIL",
                        "2":"BORIE SEBASTIEN",
                        "3":"RIMBEUF JEREMY"
                    },
                    "Licence":{
                        "0":1402949,
                        "1":661033,
                        "2":1401395,
                        "3":2318870
                    }
                },
                "Team 2":{
                    "N\u00b0":{
                        "0":"EA",
                        "1":"EB"
                    },
                    "Nom Pr\u00e9nom":{
                        "0":"GUILLE JOHANN",
                        "1":"ROCHE VINCENT"
                    },
                    "Licence":{
                        "0":1439571,
                        "1":1127959
                    }
                }
            }
        },
        "Results":{
            "winner":"SENS VOLLEY 89",
            "score":"3\/2"
        },
        "Referees":{
            "NOM Pr\u00e9nom":{
                "1er":"VAN BRUSSEL CHRISTOPHE",
                "2\u00e8me":"CHRETIEN BENOIT",
                "Marqueur":"LEMETEIL ALEXANDRA",
                "Marq.Ass":".",
                "R.Salle":"LECONTE FRANTZ"
            },
            "Ligue":{
                "1er":"LIG_HDF",
                "2\u00e8me":"LIG_IF",
                "Marqueur":"LIG_NO",
                "Marq.Ass":null,
                "R.Salle":null
            },
            "Licence":{
                "1er":1946703.0,
                "2\u00e8me":1667203.0,
                "Marqueur":2311401.0,
                "Marq.Ass":null,
                "R.Salle":2013120.0
            }
        },
        "Penalties":{

        }
    }
}