{
    "Match":{
        "Title":{
            "div_code":"EFA ",
            "div_name":"ELITE FEMININE",
            "div_pool":"POULE A",
            "match_number":"EFA017",
            "match_day":"05",
            "city":"LEVALLOIS-PERRET",
            "gym":"MARIE-CLAIRE RESTOUX",
            "category":"SENIOR | FEMININE",
            "ligue":"Comp\u00e9titions Nationales SENIORS",
            "date":"2019-11-09 20:00:00",
            "team_1":"LEVALLOIS SPORTING CLUB",
            "team_2":"VOLLEY CLUB HARNES"
        },
        "Sets":{
            "Teams":{
                "Set 1":{
                    "Name":{
                        "Team 1":"VOLLEY CLUB HARNES",
                        "Team 2":"LEVALLOIS SPORTING CLU"
                    },
                    "Starting":{
                        "Team 1":"Service",
                        "Team 2":"Reception"
                    }
                },
                "Set 2":{
                    "Name":{
                        "Team 1":"VOLLEY CLUB HARNES",
                        "Team 2":"LEVALLOIS SPORTING CLU"
                    },
                    "Starting":{
                        "Team 1":"Reception",
                        "Team 2":"Service"
                    }
                },
                "Set 3":{
                    "Name":{
                        "Team 1":"VOLLEY CLUB HARNES",
                        "Team 2":"LEVALLOIS SPORTING CLU"
                    },
                    "Starting":{
                        "Team 1":"Service",
                        "Team 2":"Reception"
                    }
                },
                "Set 4":{
                    "Name":{
                        "Team 1":"VOLLEY CLUB HARNES",
                        "Team 2":"LEVALLOIS SPORTING CLU"
                    },
                    "Starting":{
                        "Team 1":"Reception",
                        "Team 2":"Service"
                    }
                },
                "Set 5":{
                    "Name":{
                        "Team 1":"LEVALLOIS SPORTING",
                        "Team 2":"VOLLEY CLUB HARNES"
                    },
                    "Starting":{
                        "Team 1":"Reception",
                        "Team 2":"Service"
                    }
                }
            },
            "Time":{
                "Set 1":{
                    "Time":{
                        "Start":"2019-11-09 20:05:00",
                        "End":"2019-11-09 20:26:00"
                    }
                },
                "Set 2":{
                    "Time":{
                        "Start":"2019-11-09 20:30:00",
                        "End":"2019-11-09 20:58:00"
                    }
                },
                "Set 3":{
                    "Time":{
                        "Start":"2019-11-09 21:01:00",
                        "End":"2019-11-09 21:36:00"
                    }
                },
                "Set 4":{
                    "Time":{
                        "Start":"2019-11-09 21:42:00",
                        "End":"2019-11-09 22:11:00"
                    }
                },
                "Set 5":{
                    "Time":{
                        "Start":"2019-11-09 22:14:00",
                        "End":"2019-11-09 22:32:00"
                    }
                }
            },
            "Substitutions 1":{
                "Set 1":{
                    "I":{
                        "0":12.0,
                        "1":null,
                        "2":null
                    },
                    "II":{
                        "0":6.0,
                        "1":null,
                        "2":null
                    },
                    "III":{
                        "0":15.0,
                        "1":null,
                        "2":null
                    },
                    "IV":{
                        "0":8.0,
                        "1":null,
                        "2":null
                    },
                    "V":{
                        "0":"11",
                        "1":"4",
                        "2":"5:17"
                    },
                    "VI":{
                        "0":7.0,
                        "1":null,
                        "2":null
                    }
                },
                "Set 2":{
                    "I":{
                        "0":12.0,
                        "1":null,
                        "2":null
                    },
                    "II":{
                        "0":"6",
                        "1":"2",
                        "2":"6:11"
                    },
                    "III":{
                        "0":15.0,
                        "1":null,
                        "2":null
                    },
                    "IV":{
                        "0":8.0,
                        "1":null,
                        "2":null
                    },
                    "V":{
                        "0":4.0,
                        "1":null,
                        "2":null
                    },
                    "VI":{
                        "0":7.0,
                        "1":null,
                        "2":null
                    }
                },
                "Set 3":{
                    "I":{
                        "0":12.0,
                        "1":null,
                        "2":null
                    },
                    "II":{
                        "0":"4",
                        "1":"6",
                        "2":"11:16"
                    },
                    "III":{
                        "0":15.0,
                        "1":null,
                        "2":null
                    },
                    "IV":{
                        "0":8.0,
                        "1":null,
                        "2":null
                    },
                    "V":{
                        "0":"2",
                        "1":"11",
                        "2":"11:15"
                    },
                    "VI":{
                        "0":7.0,
                        "1":null,
                        "2":null
                    }
                },
                "Set 4":{
                    "I":{
                        "0":8
                    },
                    "II":{
                        "0":11
                    },
                    "III":{
                        "0":7
                    },
                    "IV":{
                        "0":12
                    },
                    "V":{
                        "0":6
                    },
                    "VI":{
                        "0":15
                    }
                },
                "Set 5":{
                    "I":{
                        "0":16.0,
                        "1":null,
                        "2":null,
                        "3":null
                    },
                    "II":{
                        "0":"11",
                        "1":"12",
                        "2":"9:12",
                        "3":null
                    },
                    "III":{
                        "0":"8",
                        "1":"4",
                        "2":"10:13",
                        "3":"10:14"
                    },
                    "IV":{
                        "0":15.0,
                        "1":null,
                        "2":null,
                        "3":null
                    },
                    "V":{
                        "0":14.0,
                        "1":null,
                        "2":null,
                        "3":null
                    },
                    "VI":{
                        "0":"2",
                        "1":"1",
                        "2":"2:2",
                        "3":"2:3"
                    }
                }
            },
            "Substitutions 2":{
                "Set 1":{
                    "I":{
                        "0":16
                    },
                    "II":{
                        "0":11
                    },
                    "III":{
                        "0":8
                    },
                    "IV":{
                        "0":15
                    },
                    "V":{
                        "0":14
                    },
                    "VI":{
                        "0":2
                    }
                },
                "Set 2":{
                    "I":{
                        "0":"11",
                        "1":"12",
                        "2":"12:11",
                        "3":"19:19"
                    },
                    "II":{
                        "0":8.0,
                        "1":null,
                        "2":null,
                        "3":null
                    },
                    "III":{
                        "0":15.0,
                        "1":null,
                        "2":null,
                        "3":null
                    },
                    "IV":{
                        "0":14.0,
                        "1":null,
                        "2":null,
                        "3":null
                    },
                    "V":{
                        "0":2.0,
                        "1":null,
                        "2":null,
                        "3":null
                    },
                    "VI":{
                        "0":16.0,
                        "1":null,
                        "2":null,
                        "3":null
                    }
                },
                "Set 3":{
                    "I":{
                        "0":16.0,
                        "1":null,
                        "2":null,
                        "3":null
                    },
                    "II":{
                        "0":"11",
                        "1":"12",
                        "2":"8:11",
                        "3":"23:23"
                    },
                    "III":{
                        "0":"8",
                        "1":"4",
                        "2":"8:10",
                        "3":"23:23"
                    },
                    "IV":{
                        "0":15.0,
                        "1":null,
                        "2":null,
                        "3":null
                    },
                    "V":{
                        "0":14.0,
                        "1":null,
                        "2":null,
                        "3":null
                    },
                    "VI":{
                        "0":2.0,
                        "1":null,
                        "2":null,
                        "3":null
                    }
                },
                "Set 4":{
                    "I":{
                        "0":"2",
                        "1":"9",
                        "2":"18:14",
                        "3":"18:15"
                    },
                    "II":{
                        "0":16.0,
                        "1":null,
                        "2":null,
                        "3":null
                    },
                    "III":{
                        "0":"12",
                        "1":"11",
                        "2":"12:9",
                        "3":"19:18"
                    },
                    "IV":{
                        "0":8.0,
                        "1":null,
                        "2":null,
                        "3":null
                    },
                    "V":{
                        "0":15.0,
                        "1":null,
                        "2":null,
                        "3":null
                    },
                    "VI":{
                        "0":14.0,
                        "1":null,
                        "2":null,
                        "3":null
                    }
                },
                "Set 5":{
                    "I":{
                        "0":8
                    },
                    "II":{
                        "0":11
                    },
                    "III":{
                        "0":7
                    },
                    "IV":{
                        "0":12
                    },
                    "V":{
                        "0":6
                    },
                    "VI":{
                        "0":15
                    }
                }
            },
            "Serves 1":{
                "Set 1":{
                    "I":{
                        "0":"0",
                        "1":8
                    },
                    "II":{
                        "0":"1",
                        "1":10
                    },
                    "III":{
                        "0":"3",
                        "1":11
                    },
                    "IV":{
                        "0":"4",
                        "1":12
                    },
                    "V":{
                        "0":"5",
                        "1":13
                    },
                    "VI":{
                        "0":"6",
                        "1":null
                    }
                },
                "Set 2":{
                    "I":{
                        "0":null,
                        "1":7.0,
                        "2":19.0
                    },
                    "II":{
                        "0":"1",
                        "1":11,
                        "2":20
                    },
                    "III":{
                        "0":"2",
                        "1":12,
                        "2":21
                    },
                    "IV":{
                        "0":"3",
                        "1":13.0,
                        "2":null
                    },
                    "V":{
                        "0":"4",
                        "1":17.0,
                        "2":null
                    },
                    "VI":{
                        "0":"6",
                        "1":18.0,
                        "2":null
                    }
                },
                "Set 3":{
                    "I":{
                        "0":"0",
                        "1":11,
                        "2":23
                    },
                    "II":{
                        "0":"1",
                        "1":13,
                        "2":25
                    },
                    "III":{
                        "0":"2",
                        "1":15,
                        "2":26
                    },
                    "IV":{
                        "0":"3",
                        "1":18,
                        "2":28
                    },
                    "V":{
                        "0":"4",
                        "1":19.0,
                        "2":null
                    },
                    "VI":{
                        "0":"5",
                        "1":20.0,
                        "2":null
                    }
                },
                "Set 4":{
                    "I":{
                        "0":null,
                        "1":9.0,
                        "2":23.0
                    },
                    "II":{
                        "0":"1",
                        "1":10,
                        "2":24
                    },
                    "III":{
                        "0":"2",
                        "1":12,
                        "2":25
                    },
                    "IV":{
                        "0":"3",
                        "1":14.0,
                        "2":null
                    },
                    "V":{
                        "0":"6",
                        "1":16.0,
                        "2":null
                    },
                    "VI":{
                        "0":"7",
                        "1":18.0,
                        "2":null
                    }
                },
                "Set 5":{
                    "I":{
                        "0":null,
                        "1":10.0
                    },
                    "II":{
                        "0":"1",
                        "1":null
                    },
                    "III":{
                        "0":"2",
                        "1":null
                    },
                    "IV":{
                        "0":"7",
                        "1":null
                    },
                    "V":{
                        "0":"8",
                        "1":null
                    },
                    "VI":{
                        "0":"9",
                        "1":null
                    }
                }
            },
            "Serves 2":{
                "Set 1":{
                    "I":{
                        "0":null,
                        "1":19.0
                    },
                    "II":{
                        "0":"8",
                        "1":20
                    },
                    "III":{
                        "0":"9",
                        "1":22
                    },
                    "IV":{
                        "0":"10",
                        "1":23
                    },
                    "V":{
                        "0":"11",
                        "1":24
                    },
                    "VI":{
                        "0":"18",
                        "1":25
                    }
                },
                "Set 2":{
                    "I":{
                        "0":"5",
                        "1":12,
                        "2":22
                    },
                    "II":{
                        "0":"6",
                        "1":14,
                        "2":24
                    },
                    "III":{
                        "0":"7",
                        "1":15,
                        "2":25
                    },
                    "IV":{
                        "0":"8",
                        "1":16.0,
                        "2":null
                    },
                    "V":{
                        "0":"10",
                        "1":18.0,
                        "2":null
                    },
                    "VI":{
                        "0":"11",
                        "1":19.0,
                        "2":null
                    }
                },
                "Set 3":{
                    "I":{
                        "0":null,
                        "1":8.0,
                        "2":23.0
                    },
                    "II":{
                        "0":"2",
                        "1":16,
                        "2":24
                    },
                    "III":{
                        "0":"4",
                        "1":17,
                        "2":25
                    },
                    "IV":{
                        "0":"5",
                        "1":19,
                        "2":26
                    },
                    "V":{
                        "0":"6",
                        "1":21.0,
                        "2":null
                    },
                    "VI":{
                        "0":"7",
                        "1":22.0,
                        "2":null
                    }
                },
                "Set 4":{
                    "I":{
                        "0":"0",
                        "1":13,
                        "2":21
                    },
                    "II":{
                        "0":"2",
                        "1":14,
                        "2":22
                    },
                    "III":{
                        "0":"4",
                        "1":16.0,
                        "2":null
                    },
                    "IV":{
                        "0":"6",
                        "1":18.0,
                        "2":null
                    },
                    "V":{
                        "0":"7",
                        "1":19.0,
                        "2":null
                    },
                    "VI":{
                        "0":"12",
                        "1":20.0,
                        "2":null
                    }
                },
                "Set 5":{
                    "I":{
                        "0":"1",
                        "1":15
                    },
                    "II":{
                        "0":"2",
                        "1":null
                    },
                    "III":{
                        "0":"6",
                        "1":null
                    },
                    "IV":{
                        "0":"8",
                        "1":null
                    },
                    "V":{
                        "0":"12",
                        "1":null
                    },
                    "VI":{
                        "0":"13",
                        "1":null
                    }
                }
            },
            "Timeouts 1":{
                "Set 1":{
                    "T":{
                        "0":"0:4",
                        "1":"5:15"
                    }
                },
                "Set 2":{
                    "T":{
                        "0":"19:21"
                    }
                },
                "Set 3":{
                    "T":{
                        "0":"11:11",
                        "1":"20:23"
                    }
                },
                "Set 4":{
                    "T":{
                        "0":"7:11"
                    }
                },
                "Set 5":{
                    "T":{
                        "0":"8:11",
                        "1":"8:11"
                    }
                }
            },
            "Timeouts 2":{
                "Set 1":{
                    "T":{

                    }
                },
                "Set 2":{
                    "T":{
                        "0":"10:6",
                        "1":"18:18"
                    }
                },
                "Set 3":{
                    "T":{
                        "0":"8:9",
                        "1":"21:19"
                    }
                },
                "Set 4":{
                    "T":{
                        "0":"14:11",
                        "1":"18:16"
                    }
                },
                "Set 5":{
                    "T":{
                        "0":"6:6"
                    }
                }
            }
        },
        "Teams":{
            "Name":{
                "Team 1":"LEVALLOIS SPORTING CLUB",
                "Team 2":"VOLLEY CLUB HARNES"
            },
            "Players":{
                "Team 1":{
                    "N\u00b0":{
                        "0":1,
                        "1":2,
                        "2":4,
                        "3":5,
                        "4":8,
                        "5":9,
                        "6":10,
                        "7":11,
                        "8":12,
                        "9":14,
                        "10":15,
                        "11":16
                    },
                    "Nom Pr\u00e9nom":{
                        "0":"BA AUDE",
                        "1":"CLAVREUL CAMILLE",
                        "2":"SANGARE RAMATA",
                        "3":"CANS ROMANE",
                        "4":"HODL JULIA",
                        "5":"SAUTEREAU CHLOE",
                        "6":"GICQUEL AGATHE",
                        "7":"NARBONNE JULIETTE",
                        "8":"DIALLO MARIAME",
                        "9":"PICCOLO SOL",
                        "10":"KULLERKANN LIIS",
                        "11":"HANSSON FILIPPA"
                    },
                    "Licence":{
                        "0":1462862,
                        "1":1366383,
                        "2":1748687,
                        "3":1732961,
                        "4":2089365,
                        "5":2099422,
                        "6":1946091,
                        "7":1758768,
                        "8":1712849,
                        "9":2199453,
                        "10":2369702,
                        "11":2408723
                    }
                },
                "Team 2":{
                    "N\u00b0":{
                        "0":1,
                        "1":2,
                        "2":4,
                        "3":5,
                        "4":6,
                        "5":7,
                        "6":8,
                        "7":9,
                        "8":11,
                        "9":12,
                        "10":15
                    },
                    "Nom Pr\u00e9nom":{
                        "0":"PLANTIN KASSANDRA",
                        "1":"SOULA JULIETTE",
                        "2":"POIRET VALENTINE",
                        "3":"CLEMENT CAROLINE",
                        "4":"ACKX LEA",
                        "5":"MALVETTI MAXANDRE",
                        "6":"CORDIER ELEONORE",
                        "7":"LEBORGNE JOANNA",
                        "8":"BERNARDES PATALLO RAFAELA",
                        "9":"ALVES LEMOS DE SOUZA FRANCY",
                        "10":"FOTSO MOGOUNG ST\u00c9PHANIE"
                    },
                    "Licence":{
                        "0":1859567,
                        "1":1832850,
                        "2":1602150,
                        "3":1620629,
                        "4":1849967,
                        "5":1849965,
                        "6":1618490,
                        "7":1870045,
                        "8":2241235,
                        "9":2406715,
                        "10":2037396
                    }
                }
            },
            "Liberos":{
                "Team 1":{
                    "N\u00b0":{
                        "0":5,
                        "1":10
                    },
                    "Nom Pr\u00e9nom":{
                        "0":"CANS ROMANE",
                        "1":"GICQUEL AGATHE"
                    },
                    "Licence":{
                        "0":1732961,
                        "1":1946091
                    }
                },
                "Team 2":{
                    "N\u00b0":{
                        "0":5
                    },
                    "Nom Pr\u00e9nom":{
                        "0":"CLEMENT CAROLINE"
                    },
                    "Licence":{
                        "0":1620629
                    }
                }
            },
            "Officials":{
                "Team 1":{
                    "N\u00b0":{
                        "0":"EA",
                        "1":"EB"
                    },
                    "Nom Pr\u00e9nom":{
                        "0":"HAVAS FREDERIC",
                        "1":"BOUGHERBAL TAREK"
                    },
                    "Licence":{
                        "0":1115859,
                        "1":1694482
                    }
                },
                "Team 2":{
                    "N\u00b0":{
                        "0":"EA",
                        "1":"EB"
                    },
                    "Nom Pr\u00e9nom":{
                        "0":"HIPP EMILIE",
                        "1":"NIEWIADA ROMUALD"
                    },
                    "Licence":{
                        "0":1015813,
                        "1":958448
                    }
                }
            }
        },
        "Results":{
            "winner":"VOLLEY CLUB HARNES",
            "score":"3\/2"
        },
        "Referees":{
            "NOM Pr\u00e9nom":{
                "1er":"PATE DAVID",
                "2\u00e8me":"EL ASBAHANI NAJIB",
                "Marqueur":"MARME CAROLE",
                "Marq.Ass":". LAINE CLAIRE",
                "R.Salle":"BRENNAN LUCE"
            },
            "Ligue":{
                "1er":"LIG_GES",
                "2\u00e8me":"LIG_IF",
                "Marqueur":"LIG_IF",
                "Marq.Ass":"LIG_IF",
                "R.Salle":"LIG_IF"
            },
            "Licence":{
                "1er":1080283,
                "2\u00e8me":1229669,
                "Marqueur":1909137,
                "Marq.Ass":1349954,
                "R.Salle":1659096
            }
        },
        "Penalties":{

        }
    }
}