{
    "Match":{
        "Title":{
            "div_code":"EFA ",
            "div_name":"ELITE FEMININE",
            "div_pool":"POULE A",
            "match_number":"EFA054",
            "match_day":"14",
            "city":"CALAIS",
            "gym":"PORTE DE LILLE",
            "category":"SENIOR | FEMININE",
            "ligue":"Comp\u00e9titions Nationales SENIORS",
            "date":"2020-02-15 19:00:00",
            "team_1":"STELLA EDU SP CALAIS",
            "team_2":"VOLLEY CLUB HARNES"
        },
        "Sets":{
            "Teams":{
                "Set 1":{
                    "Name":{
                        "Team 1":"VOLLEY CLUB HARNES",
                        "Team 2":"STELLA EDU SP CALAIS"
                    },
                    "Starting":{
                        "Team 1":"Reception",
                        "Team 2":"Service"
                    }
                },
                "Set 2":{
                    "Name":{
                        "Team 1":"VOLLEY CLUB HARNES",
                        "Team 2":"STELLA EDU SP CALAIS"
                    },
                    "Starting":{
                        "Team 1":"Service",
                        "Team 2":"Reception"
                    }
                },
                "Set 3":{
                    "Name":{
                        "Team 1":"VOLLEY CLUB HARNES",
                        "Team 2":"STELLA EDU SP CALAIS"
                    },
                    "Starting":{
                        "Team 1":"Reception",
                        "Team 2":"Service"
                    }
                },
                "Set 4":0,
                "Set 5":0
            },
            "Time":{
                "Set 1":{
                    "Time":{
                        "Start":"2020-02-15 19:00:00",
                        "End":"2020-02-15 19:26:00"
                    }
                },
                "Set 2":{
                    "Time":{
                        "Start":"2020-02-15 19:29:00",
                        "End":"2020-02-15 19:56:00"
                    }
                },
                "Set 3":{
                    "Time":{
                        "Start":"2020-02-15 20:06:00",
                        "End":"2020-02-15 20:34:00"
                    }
                },
                "Set 4":0,
                "Set 5":0
            },
            "Substitutions 1":{
                "Set 1":{
                    "I":{
                        "0":7
                    },
                    "II":{
                        "0":1
                    },
                    "III":{
                        "0":6
                    },
                    "IV":{
                        "0":9
                    },
                    "V":{
                        "0":2
                    },
                    "VI":{
                        "0":4
                    }
                },
                "Set 2":{
                    "I":{
                        "0":1
                    },
                    "II":{
                        "0":6
                    },
                    "III":{
                        "0":9
                    },
                    "IV":{
                        "0":2
                    },
                    "V":{
                        "0":4
                    },
                    "VI":{
                        "0":7
                    }
                },
                "Set 3":{
                    "I":{
                        "0":7
                    },
                    "II":{
                        "0":1
                    },
                    "III":{
                        "0":6
                    },
                    "IV":{
                        "0":9
                    },
                    "V":{
                        "0":2
                    },
                    "VI":{
                        "0":4
                    }
                },
                "Set 4":0,
                "Set 5":0
            },
            "Substitutions 2":{
                "Set 1":{
                    "I":{
                        "0":9.0,
                        "1":null,
                        "2":null
                    },
                    "II":{
                        "0":8.0,
                        "1":null,
                        "2":null
                    },
                    "III":{
                        "0":10.0,
                        "1":null,
                        "2":null
                    },
                    "IV":{
                        "0":6.0,
                        "1":null,
                        "2":null
                    },
                    "V":{
                        "0":"4",
                        "1":"13",
                        "2":"23:18"
                    },
                    "VI":{
                        "0":7.0,
                        "1":null,
                        "2":null
                    }
                },
                "Set 2":{
                    "I":{
                        "0":"9",
                        "1":"1",
                        "2":"16:6"
                    },
                    "II":{
                        "0":8.0,
                        "1":null,
                        "2":null
                    },
                    "III":{
                        "0":"10",
                        "1":"2",
                        "2":"3:0"
                    },
                    "IV":{
                        "0":6.0,
                        "1":null,
                        "2":null
                    },
                    "V":{
                        "0":13.0,
                        "1":null,
                        "2":null
                    },
                    "VI":{
                        "0":7.0,
                        "1":null,
                        "2":null
                    }
                },
                "Set 3":{
                    "I":{
                        "0":9.0,
                        "1":null,
                        "2":null
                    },
                    "II":{
                        "0":6.0,
                        "1":null,
                        "2":null
                    },
                    "III":{
                        "0":2.0,
                        "1":null,
                        "2":null
                    },
                    "IV":{
                        "0":"3",
                        "1":"8",
                        "2":"5:12"
                    },
                    "V":{
                        "0":4.0,
                        "1":null,
                        "2":null
                    },
                    "VI":{
                        "0":7.0,
                        "1":null,
                        "2":null
                    }
                },
                "Set 4":0,
                "Set 5":0
            },
            "Serves 1":{
                "Set 1":{
                    "I":{
                        "0":null,
                        "1":8.0
                    },
                    "II":{
                        "0":"1",
                        "1":9
                    },
                    "III":{
                        "0":"2",
                        "1":10
                    },
                    "IV":{
                        "0":"3",
                        "1":11
                    },
                    "V":{
                        "0":"5",
                        "1":18
                    },
                    "VI":{
                        "0":"7",
                        "1":20
                    }
                },
                "Set 2":{
                    "I":{
                        "0":"0",
                        "1":9
                    },
                    "II":{
                        "0":"2",
                        "1":14
                    },
                    "III":{
                        "0":"3",
                        "1":15
                    },
                    "IV":{
                        "0":"4",
                        "1":17
                    },
                    "V":{
                        "0":"5",
                        "1":null
                    },
                    "VI":{
                        "0":"6",
                        "1":null
                    }
                },
                "Set 3":{
                    "I":{
                        "0":null,
                        "1":14.0
                    },
                    "II":{
                        "0":"2",
                        "1":16
                    },
                    "III":{
                        "0":"6",
                        "1":17
                    },
                    "IV":{
                        "0":"7",
                        "1":18
                    },
                    "V":{
                        "0":"8",
                        "1":20
                    },
                    "VI":{
                        "0":"13",
                        "1":21
                    }
                },
                "Set 4":0,
                "Set 5":0
            },
            "Serves 2":{
                "Set 1":{
                    "I":{
                        "0":"1",
                        "1":19
                    },
                    "II":{
                        "0":"6",
                        "1":20
                    },
                    "III":{
                        "0":"7",
                        "1":21
                    },
                    "IV":{
                        "0":"10",
                        "1":23
                    },
                    "V":{
                        "0":"14",
                        "1":24
                    },
                    "VI":{
                        "0":"15",
                        "1":25
                    }
                },
                "Set 2":{
                    "I":{
                        "0":null,
                        "1":16.0
                    },
                    "II":{
                        "0":"3",
                        "1":17
                    },
                    "III":{
                        "0":"8",
                        "1":23
                    },
                    "IV":{
                        "0":"10",
                        "1":24
                    },
                    "V":{
                        "0":"13",
                        "1":25
                    },
                    "VI":{
                        "0":"14",
                        "1":null
                    }
                },
                "Set 3":{
                    "I":{
                        "0":"0",
                        "1":15
                    },
                    "II":{
                        "0":"2",
                        "1":17
                    },
                    "III":{
                        "0":"3",
                        "1":19
                    },
                    "IV":{
                        "0":"4",
                        "1":23
                    },
                    "V":{
                        "0":"5",
                        "1":24
                    },
                    "VI":{
                        "0":"12",
                        "1":25
                    }
                },
                "Set 4":0,
                "Set 5":0
            },
            "Timeouts 1":{
                "Set 1":{
                    "T":{
                        "0":"1:6",
                        "1":"5:12"
                    }
                },
                "Set 2":{
                    "T":{
                        "0":"4:13",
                        "1":"14:20"
                    }
                },
                "Set 3":{
                    "T":{
                        "0":"13:9",
                        "1":"18:22"
                    }
                },
                "Set 4":0,
                "Set 5":0
            },
            "Timeouts 2":{
                "Set 1":{
                    "T":{

                    }
                },
                "Set 2":{
                    "T":{
                        "0":"17:13"
                    }
                },
                "Set 3":{
                    "T":{
                        "0":"5:13"
                    }
                },
                "Set 4":0,
                "Set 5":0
            }
        },
        "Teams":{
            "Name":{
                "Team 1":"STELLA EDU SP CALAIS",
                "Team 2":"VOLLEY CLUB HARNES"
            },
            "Players":{
                "Team 1":{
                    "N\u00b0":{
                        "0":1,
                        "1":2,
                        "2":3,
                        "3":4,
                        "4":5,
                        "5":6,
                        "6":7,
                        "7":8,
                        "8":9,
                        "9":10,
                        "10":11,
                        "11":13
                    },
                    "Nom Pr\u00e9nom":{
                        "0":"OUKARACHE LYNA",
                        "1":"POPEK BLANDINE",
                        "2":"MOREIRA DE SOUZA CARLA",
                        "3":"IMBERT ROMANE",
                        "4":"JOLY JOSEPHINE",
                        "5":"GUYOT POLVERINI MIA-SEVERIN",
                        "6":"WILLIAMS ARIANA",
                        "7":"VANDEN MEER MEGAN",
                        "8":"SEGUIN CASSANDRA",
                        "9":"DAVIS SARA",
                        "10":"MOLLINGER GAELLE",
                        "11":"MIKSIKOVA LUCIA"
                    },
                    "Licence":{
                        "0":2144420,
                        "1":1853076,
                        "2":2350705,
                        "3":1821091,
                        "4":2046661,
                        "5":1827019,
                        "6":2149694,
                        "7":2408691,
                        "8":1697276,
                        "9":2407051,
                        "10":1414959,
                        "11":2407052
                    }
                },
                "Team 2":{
                    "N\u00b0":{
                        "0":1,
                        "1":2,
                        "2":4,
                        "3":5,
                        "4":6,
                        "5":7,
                        "6":8,
                        "7":9,
                        "8":11,
                        "9":12,
                        "10":15
                    },
                    "Nom Pr\u00e9nom":{
                        "0":"PLANTIN KASSANDRA",
                        "1":"SOULA JULIETTE",
                        "2":"POIRET VALENTINE",
                        "3":"CLEMENT CAROLINE",
                        "4":"ACKX LEA",
                        "5":"MALVETTI MAXANDRE",
                        "6":"CORDIER ELEONORE",
                        "7":"LEBORGNE JOANNA",
                        "8":"BERNARDES PATALLO RAFAELA",
                        "9":"ALVES LEMOS DE SOUZA FRANCY",
                        "10":"FOTSO MOGOUNG ST\u00c9PHANIE"
                    },
                    "Licence":{
                        "0":1859567,
                        "1":1832850,
                        "2":1602150,
                        "3":1620629,
                        "4":1849967,
                        "5":1849965,
                        "6":1618490,
                        "7":1870045,
                        "8":2241235,
                        "9":2406715,
                        "10":2037396
                    }
                }
            },
            "Liberos":{
                "Team 1":{
                    "N\u00b0":{
                        "0":5,
                        "1":11
                    },
                    "Nom Pr\u00e9nom":{
                        "0":"JOLY JOSEPHINE",
                        "1":"MOLLINGER GAELLE"
                    },
                    "Licence":{
                        "0":2046661,
                        "1":1414959
                    }
                },
                "Team 2":{
                    "N\u00b0":{
                        "0":5
                    },
                    "Nom Pr\u00e9nom":{
                        "0":"CLEMENT CAROLINE"
                    },
                    "Licence":{
                        "0":1620629
                    }
                }
            },
            "Officials":{
                "Team 1":{
                    "N\u00b0":{
                        "0":"EA"
                    },
                    "Nom Pr\u00e9nom":{
                        "0":"OUKARACHE BADIS"
                    },
                    "Licence":{
                        "0":1507456
                    }
                },
                "Team 2":{
                    "N\u00b0":{
                        "0":"EA",
                        "1":"EB"
                    },
                    "Nom Pr\u00e9nom":{
                        "0":"HIPP EMILIE",
                        "1":"NIEWIADA ROMUALD"
                    },
                    "Licence":{
                        "0":1015813,
                        "1":958448
                    }
                }
            }
        },
        "Results":{
            "winner":"STELLA EDU SP CALAIS",
            "score":"3\/0"
        },
        "Referees":{
            "NOM Pr\u00e9nom":{
                "1er":"DA SILVA VICTOR",
                "2\u00e8me":"DUFOUR ISABELLE",
                "Marqueur":"LARGHI VERONIQUE",
                "Marq.Ass":".",
                "R.Salle":"PRUD HON JACQUES"
            },
            "Ligue":{
                "1er":"LIG_HDF",
                "2\u00e8me":"LIG_IF",
                "Marqueur":null,
                "Marq.Ass":null,
                "R.Salle":"LIG_HDF"
            },
            "Licence":{
                "1er":948046.0,
                "2\u00e8me":1554650.0,
                "Marqueur":1508954.0,
                "Marq.Ass":null,
                "R.Salle":1864767.0
            }
        },
        "Penalties":{

        }
    }
}