{
    "Match":{
        "Title":{
            "div_code":"EFA ",
            "div_name":"ELITE FEMININE",
            "div_pool":"POULE A",
            "match_number":"EFA023",
            "match_day":"06",
            "city":"CALAIS",
            "gym":"PORTE DE LILLE",
            "category":"SENIOR | FEMININE",
            "ligue":"Comp\u00e9titions Nationales SENIORS",
            "date":"2019-11-23 19:00:00",
            "team_1":"STELLA EDU SP CALAIS",
            "team_2":"RENNES ETUDIANTS CLUB"
        },
        "Sets":{
            "Teams":{
                "Set 1":{
                    "Name":{
                        "Team 1":"STELLA EDU SP CALAIS",
                        "Team 2":"RENNES ETUDIANTS CLUB"
                    },
                    "Starting":{
                        "Team 1":"Reception",
                        "Team 2":"Service"
                    }
                },
                "Set 2":{
                    "Name":{
                        "Team 1":"STELLA EDU SP CALAIS",
                        "Team 2":"RENNES ETUDIANTS CLUB"
                    },
                    "Starting":{
                        "Team 1":"Service",
                        "Team 2":"Reception"
                    }
                },
                "Set 3":{
                    "Name":{
                        "Team 1":"STELLA EDU SP CALAIS",
                        "Team 2":"RENNES ETUDIANTS CLUB"
                    },
                    "Starting":{
                        "Team 1":"Reception",
                        "Team 2":"Service"
                    }
                },
                "Set 4":0,
                "Set 5":0
            },
            "Time":{
                "Set 1":{
                    "Time":{
                        "Start":"2019-11-23 19:01:00",
                        "End":"2019-11-23 19:31:00"
                    }
                },
                "Set 2":{
                    "Time":{
                        "Start":"2019-11-23 19:34:00",
                        "End":"2019-11-23 19:58:00"
                    }
                },
                "Set 3":{
                    "Time":{
                        "Start":"2019-11-23 20:08:00",
                        "End":"2019-11-23 20:33:00"
                    }
                },
                "Set 4":0,
                "Set 5":0
            },
            "Substitutions 1":{
                "Set 1":{
                    "I":{
                        "0":3.0,
                        "1":null,
                        "2":null,
                        "3":null
                    },
                    "II":{
                        "0":4.0,
                        "1":null,
                        "2":null,
                        "3":null
                    },
                    "III":{
                        "0":7.0,
                        "1":null,
                        "2":null,
                        "3":null
                    },
                    "IV":{
                        "0":9.0,
                        "1":null,
                        "2":null,
                        "3":null
                    },
                    "V":{
                        "0":"8",
                        "1":"13",
                        "2":"16:14",
                        "3":"24:23"
                    },
                    "VI":{
                        "0":"10",
                        "1":"2",
                        "2":"17:16",
                        "3":"24:22"
                    }
                },
                "Set 2":{
                    "I":{
                        "0":4
                    },
                    "II":{
                        "0":7
                    },
                    "III":{
                        "0":9
                    },
                    "IV":{
                        "0":8
                    },
                    "V":{
                        "0":10
                    },
                    "VI":{
                        "0":3
                    }
                },
                "Set 3":{
                    "I":{
                        "0":4
                    },
                    "II":{
                        "0":7
                    },
                    "III":{
                        "0":9
                    },
                    "IV":{
                        "0":13
                    },
                    "V":{
                        "0":10
                    },
                    "VI":{
                        "0":3
                    }
                },
                "Set 4":0,
                "Set 5":0
            },
            "Substitutions 2":{
                "Set 1":{
                    "I":{
                        "0":"17",
                        "1":"8",
                        "2":"18:21",
                        "3":"18:22"
                    },
                    "II":{
                        "0":4.0,
                        "1":null,
                        "2":null,
                        "3":null
                    },
                    "III":{
                        "0":12.0,
                        "1":null,
                        "2":null,
                        "3":null
                    },
                    "IV":{
                        "0":10.0,
                        "1":null,
                        "2":null,
                        "3":null
                    },
                    "V":{
                        "0":11.0,
                        "1":null,
                        "2":null,
                        "3":null
                    },
                    "VI":{
                        "0":15.0,
                        "1":null,
                        "2":null,
                        "3":null
                    }
                },
                "Set 2":{
                    "I":{
                        "0":17.0,
                        "1":null,
                        "2":null,
                        "3":null
                    },
                    "II":{
                        "0":4.0,
                        "1":null,
                        "2":null,
                        "3":null
                    },
                    "III":{
                        "0":12.0,
                        "1":null,
                        "2":null,
                        "3":null
                    },
                    "IV":{
                        "0":10.0,
                        "1":null,
                        "2":null,
                        "3":null
                    },
                    "V":{
                        "0":11.0,
                        "1":null,
                        "2":null,
                        "3":null
                    },
                    "VI":{
                        "0":"15",
                        "1":"1",
                        "2":"10:17",
                        "3":"11:20"
                    }
                },
                "Set 3":{
                    "I":{
                        "0":17.0,
                        "1":null,
                        "2":null
                    },
                    "II":{
                        "0":"4",
                        "1":"3",
                        "2":"16:20"
                    },
                    "III":{
                        "0":12.0,
                        "1":null,
                        "2":null
                    },
                    "IV":{
                        "0":10.0,
                        "1":null,
                        "2":null
                    },
                    "V":{
                        "0":11.0,
                        "1":null,
                        "2":null
                    },
                    "VI":{
                        "0":15.0,
                        "1":null,
                        "2":null
                    }
                },
                "Set 4":0,
                "Set 5":0
            },
            "Serves 1":{
                "Set 1":{
                    "I":{
                        "0":null,
                        "1":12.0,
                        "2":21.0
                    },
                    "II":{
                        "0":"3",
                        "1":13,
                        "2":22
                    },
                    "III":{
                        "0":"5",
                        "1":14,
                        "2":23
                    },
                    "IV":{
                        "0":"8",
                        "1":15,
                        "2":24
                    },
                    "V":{
                        "0":"10",
                        "1":16,
                        "2":25
                    },
                    "VI":{
                        "0":"11",
                        "1":20.0,
                        "2":null
                    }
                },
                "Set 2":{
                    "I":{
                        "0":"2",
                        "1":11
                    },
                    "II":{
                        "0":"3",
                        "1":17
                    },
                    "III":{
                        "0":"6",
                        "1":21
                    },
                    "IV":{
                        "0":"7",
                        "1":22
                    },
                    "V":{
                        "0":"8",
                        "1":24
                    },
                    "VI":{
                        "0":"9",
                        "1":25
                    }
                },
                "Set 3":{
                    "I":{
                        "0":null,
                        "1":8.0,
                        "2":20.0
                    },
                    "II":{
                        "0":"1",
                        "1":9,
                        "2":23
                    },
                    "III":{
                        "0":"4",
                        "1":15,
                        "2":24
                    },
                    "IV":{
                        "0":"5",
                        "1":17,
                        "2":25
                    },
                    "V":{
                        "0":"6",
                        "1":18.0,
                        "2":null
                    },
                    "VI":{
                        "0":"7",
                        "1":19.0,
                        "2":null
                    }
                },
                "Set 4":0,
                "Set 5":0
            },
            "Serves 2":{
                "Set 1":{
                    "I":{
                        "0":"4",
                        "1":10,
                        "2":18
                    },
                    "II":{
                        "0":"5",
                        "1":11,
                        "2":19
                    },
                    "III":{
                        "0":"6",
                        "1":13,
                        "2":20
                    },
                    "IV":{
                        "0":"7",
                        "1":14,
                        "2":23
                    },
                    "V":{
                        "0":"8",
                        "1":16.0,
                        "2":null
                    },
                    "VI":{
                        "0":"9",
                        "1":17.0,
                        "2":null
                    }
                },
                "Set 2":{
                    "I":{
                        "0":null,
                        "1":9.0
                    },
                    "II":{
                        "0":"2",
                        "1":10
                    },
                    "III":{
                        "0":"3",
                        "1":11
                    },
                    "IV":{
                        "0":"4",
                        "1":12
                    },
                    "V":{
                        "0":"5",
                        "1":14
                    },
                    "VI":{
                        "0":"6",
                        "1":16
                    }
                },
                "Set 3":{
                    "I":{
                        "0":"0",
                        "1":10,
                        "2":18
                    },
                    "II":{
                        "0":"1",
                        "1":11,
                        "2":19
                    },
                    "III":{
                        "0":"4",
                        "1":12,
                        "2":20
                    },
                    "IV":{
                        "0":"7",
                        "1":13.0,
                        "2":null
                    },
                    "V":{
                        "0":"8",
                        "1":14.0,
                        "2":null
                    },
                    "VI":{
                        "0":"9",
                        "1":15.0,
                        "2":null
                    }
                },
                "Set 4":0,
                "Set 5":0
            },
            "Timeouts 1":{
                "Set 1":{
                    "T":{
                        "0":"0:4",
                        "1":"24:23"
                    }
                },
                "Set 2":{
                    "T":{

                    }
                },
                "Set 3":{
                    "T":{

                    }
                },
                "Set 4":0,
                "Set 5":0
            },
            "Timeouts 2":{
                "Set 1":{
                    "T":{
                        "0":"16:18",
                        "1":"16:20"
                    }
                },
                "Set 2":{
                    "T":{
                        "0":"10:14",
                        "1":"11:19"
                    }
                },
                "Set 3":{
                    "T":{
                        "0":"11:14",
                        "1":"18:22"
                    }
                },
                "Set 4":0,
                "Set 5":0
            }
        },
        "Teams":{
            "Name":{
                "Team 1":"STELLA EDU SP CALAIS",
                "Team 2":"RENNES ETUDIANTS CLUB"
            },
            "Players":{
                "Team 1":{
                    "N\u00b0":{
                        "0":2,
                        "1":3,
                        "2":4,
                        "3":6,
                        "4":7,
                        "5":8,
                        "6":9,
                        "7":10,
                        "8":11,
                        "9":13
                    },
                    "Nom Pr\u00e9nom":{
                        "0":"POPEK BLANDINE",
                        "1":"MOREIRA DE SOUZA CARLA",
                        "2":"IMBERT ROMANE",
                        "3":"GUYOT POLVERINI MIA SEVERIN",
                        "4":"WILLIAMS ARIANA",
                        "5":"VANDEN MEER MEGAN",
                        "6":"SEGUIN CASSANDRA",
                        "7":"DAVIS SARA",
                        "8":"MOLLINGER GAELLE",
                        "9":"MIKSIKOVA LUCIA"
                    },
                    "Licence":{
                        "0":1853076,
                        "1":2350705,
                        "2":1821091,
                        "3":1827019,
                        "4":2149694,
                        "5":2408691,
                        "6":1697276,
                        "7":2407051,
                        "8":1414959,
                        "9":2407052
                    }
                },
                "Team 2":{
                    "N\u00b0":{
                        "0":1,
                        "1":2,
                        "2":3,
                        "3":4,
                        "4":8,
                        "5":9,
                        "6":10,
                        "7":11,
                        "8":12,
                        "9":15,
                        "10":17,
                        "11":18
                    },
                    "Nom Pr\u00e9nom":{
                        "0":"MOTTA PAES LOANE",
                        "1":"TAFILAGI MALIA LITA",
                        "2":"MOISON VIRGINIE",
                        "3":"PREVERT FLORIANE",
                        "4":"RACINET LAURINE",
                        "5":"LE MOIGNE LENAIG",
                        "6":"ESTEPHANIE GOULART NAYARA",
                        "7":"CODIAL OUMAYMA",
                        "8":"CAMPOS CAMARINHA SYLVIA",
                        "9":"ERHART ALEXANDRA",
                        "10":"CHOTARD CHRYSTELLE",
                        "11":"KONE FANTA"
                    },
                    "Licence":{
                        "0":1895905,
                        "1":2235567,
                        "2":1659685,
                        "3":1478302,
                        "4":1826183,
                        "5":1731845,
                        "6":2408914,
                        "7":1991883,
                        "8":2408911,
                        "9":1806300,
                        "10":1233199,
                        "11":1718524
                    }
                }
            },
            "Liberos":{
                "Team 1":{
                    "N\u00b0":{
                        "0":11
                    },
                    "Nom Pr\u00e9nom":{
                        "0":"MOLLINGER GAELLE"
                    },
                    "Licence":{
                        "0":1414959
                    }
                },
                "Team 2":{
                    "N\u00b0":{
                        "0":9,
                        "1":18
                    },
                    "Nom Pr\u00e9nom":{
                        "0":"LE MOIGNE LENAIG",
                        "1":"KONE FANTA"
                    },
                    "Licence":{
                        "0":1731845,
                        "1":1718524
                    }
                }
            },
            "Officials":{
                "Team 1":{
                    "N\u00b0":{
                        "0":"EA"
                    },
                    "Nom Pr\u00e9nom":{
                        "0":"OUKARACHE BADIS"
                    },
                    "Licence":{
                        "0":1507456
                    }
                },
                "Team 2":{
                    "N\u00b0":{
                        "0":"EA",
                        "1":"SO"
                    },
                    "Nom Pr\u00e9nom":{
                        "0":"CHUBILLEAU YANN",
                        "1":"MARTIN ALEXIS"
                    },
                    "Licence":{
                        "0":29777,
                        "1":2423668
                    }
                }
            }
        },
        "Results":{
            "winner":"STELLA EDU SP CALAIS",
            "score":"3\/0"
        },
        "Referees":{
            "NOM Pr\u00e9nom":{
                "1er":"ZIANE NOUR-EDDINE",
                "2\u00e8me":"MIRZAK IMAD",
                "Marqueur":"LARGHI VERONIQUE",
                "Marq.Ass":".",
                "R.Salle":"PRUD HON JACQUES"
            },
            "Ligue":{
                "1er":"LIG_IF",
                "2\u00e8me":"LIG_HDF",
                "Marqueur":null,
                "Marq.Ass":null,
                "R.Salle":"LIG_HDF"
            },
            "Licence":{
                "1er":1066407.0,
                "2\u00e8me":1662955.0,
                "Marqueur":1508954.0,
                "Marq.Ass":null,
                "R.Salle":1864767.0
            }
        },
        "Penalties":{

        }
    }
}