{
    "Match":{
        "Title":{
            "div_code":"EFA ",
            "div_name":"ELITE FEMININE",
            "div_pool":"POULE A",
            "match_number":"EFA015",
            "match_day":"04",
            "city":"TOULOUSE",
            "gym":"CREPS TOULOUSE",
            "category":"SENIOR | FEMININE",
            "ligue":"Comp\u00e9titions Nationales SENIORS",
            "date":"2019-11-02 18:00:00",
            "team_1":"INSTITUT FEDERAL DE VOLLEY-BALL 2",
            "team_2":"QUIMPER VOLLEY 29"
        },
        "Sets":{
            "Teams":{
                "Set 1":{
                    "Name":{
                        "Team 1":"INSTITUT FEDERAL DE VO",
                        "Team 2":"QUIMPER VOLLEY 29"
                    },
                    "Starting":{
                        "Team 1":"Service",
                        "Team 2":"Reception"
                    }
                },
                "Set 2":{
                    "Name":{
                        "Team 1":"INSTITUT FEDERAL DE VO",
                        "Team 2":"QUIMPER VOLLEY 29"
                    },
                    "Starting":{
                        "Team 1":"Reception",
                        "Team 2":"Service"
                    }
                },
                "Set 3":{
                    "Name":{
                        "Team 1":"INSTITUT FEDERAL DE VO",
                        "Team 2":"QUIMPER VOLLEY 29"
                    },
                    "Starting":{
                        "Team 1":"Service",
                        "Team 2":"Reception"
                    }
                },
                "Set 4":0,
                "Set 5":0
            },
            "Time":{
                "Set 1":{
                    "Time":{
                        "Start":"2019-11-02 17:59:00",
                        "End":"2019-11-02 18:26:00"
                    }
                },
                "Set 2":{
                    "Time":{
                        "Start":"2019-11-02 18:28:00",
                        "End":"2019-11-02 18:49:00"
                    }
                },
                "Set 3":{
                    "Time":{
                        "Start":"2019-11-02 18:52:00",
                        "End":"2019-11-02 19:19:00"
                    }
                },
                "Set 4":0,
                "Set 5":0
            },
            "Substitutions 1":{
                "Set 1":{
                    "I":{
                        "0":9.0,
                        "1":null,
                        "2":null
                    },
                    "II":{
                        "0":15.0,
                        "1":null,
                        "2":null
                    },
                    "III":{
                        "0":"3",
                        "1":"17",
                        "2":"16:23"
                    },
                    "IV":{
                        "0":7.0,
                        "1":null,
                        "2":null
                    },
                    "V":{
                        "0":"1",
                        "1":"5",
                        "2":"3:14"
                    },
                    "VI":{
                        "0":18.0,
                        "1":null,
                        "2":null
                    }
                },
                "Set 2":{
                    "I":{
                        "0":"1",
                        "1":"5",
                        "2":"7:19"
                    },
                    "II":{
                        "0":18.0,
                        "1":null,
                        "2":null
                    },
                    "III":{
                        "0":9.0,
                        "1":null,
                        "2":null
                    },
                    "IV":{
                        "0":15.0,
                        "1":null,
                        "2":null
                    },
                    "V":{
                        "0":"3",
                        "1":"16",
                        "2":"8:19"
                    },
                    "VI":{
                        "0":7.0,
                        "1":null,
                        "2":null
                    }
                },
                "Set 3":{
                    "I":{
                        "0":7.0,
                        "1":null,
                        "2":null,
                        "3":null
                    },
                    "II":{
                        "0":"5",
                        "1":"17",
                        "2":"14:21",
                        "3":"15:21"
                    },
                    "III":{
                        "0":18.0,
                        "1":null,
                        "2":null,
                        "3":null
                    },
                    "IV":{
                        "0":"9",
                        "1":"1",
                        "2":"10:12",
                        "3":"13:17"
                    },
                    "V":{
                        "0":15.0,
                        "1":null,
                        "2":null,
                        "3":null
                    },
                    "VI":{
                        "0":3.0,
                        "1":null,
                        "2":null,
                        "3":null
                    }
                },
                "Set 4":0,
                "Set 5":0
            },
            "Substitutions 2":{
                "Set 1":{
                    "I":{
                        "0":"9",
                        "1":"5",
                        "2":"12:3",
                        "3":null
                    },
                    "II":{
                        "0":19.0,
                        "1":null,
                        "2":null,
                        "3":null
                    },
                    "III":{
                        "0":12.0,
                        "1":null,
                        "2":null,
                        "3":null
                    },
                    "IV":{
                        "0":7.0,
                        "1":null,
                        "2":null,
                        "3":null
                    },
                    "V":{
                        "0":"8",
                        "1":"15",
                        "2":"21:5",
                        "3":"23:19"
                    },
                    "VI":{
                        "0":2.0,
                        "1":null,
                        "2":null,
                        "3":null
                    }
                },
                "Set 2":{
                    "I":{
                        "0":5.0,
                        "1":null,
                        "2":null
                    },
                    "II":{
                        "0":19.0,
                        "1":null,
                        "2":null
                    },
                    "III":{
                        "0":"12",
                        "1":"15",
                        "2":"24:9"
                    },
                    "IV":{
                        "0":7.0,
                        "1":null,
                        "2":null
                    },
                    "V":{
                        "0":8.0,
                        "1":null,
                        "2":null
                    },
                    "VI":{
                        "0":"2",
                        "1":"10",
                        "2":"24:9"
                    }
                },
                "Set 3":{
                    "I":{
                        "0":5.0,
                        "1":null,
                        "2":null,
                        "3":null
                    },
                    "II":{
                        "0":"19",
                        "1":"4",
                        "2":"14:11",
                        "3":"18:14"
                    },
                    "III":{
                        "0":12.0,
                        "1":null,
                        "2":null,
                        "3":null
                    },
                    "IV":{
                        "0":7.0,
                        "1":null,
                        "2":null,
                        "3":null
                    },
                    "V":{
                        "0":8.0,
                        "1":null,
                        "2":null,
                        "3":null
                    },
                    "VI":{
                        "0":"2",
                        "1":"10",
                        "2":"7:1",
                        "3":null
                    }
                },
                "Set 4":0,
                "Set 5":0
            },
            "Serves 1":{
                "Set 1":{
                    "I":{
                        "0":"0",
                        "1":7
                    },
                    "II":{
                        "0":"1",
                        "1":15
                    },
                    "III":{
                        "0":"2",
                        "1":20
                    },
                    "IV":{
                        "0":"3",
                        "1":21
                    },
                    "V":{
                        "0":"4",
                        "1":null
                    },
                    "VI":{
                        "0":"5",
                        "1":null
                    }
                },
                "Set 2":{
                    "I":{
                        "0":null,
                        "1":7.0
                    },
                    "II":{
                        "0":"1",
                        "1":8
                    },
                    "III":{
                        "0":"3",
                        "1":9
                    },
                    "IV":{
                        "0":"4",
                        "1":null
                    },
                    "V":{
                        "0":"5",
                        "1":null
                    },
                    "VI":{
                        "0":"6",
                        "1":null
                    }
                },
                "Set 3":{
                    "I":{
                        "0":"0",
                        "1":10,
                        "2":22
                    },
                    "II":{
                        "0":"1",
                        "1":11.0,
                        "2":null
                    },
                    "III":{
                        "0":"2",
                        "1":12.0,
                        "2":null
                    },
                    "IV":{
                        "0":"3",
                        "1":14.0,
                        "2":null
                    },
                    "V":{
                        "0":"5",
                        "1":15.0,
                        "2":null
                    },
                    "VI":{
                        "0":"6",
                        "1":17.0,
                        "2":null
                    }
                },
                "Set 4":0,
                "Set 5":0
            },
            "Serves 2":{
                "Set 1":{
                    "I":{
                        "0":null,
                        "1":21.0
                    },
                    "II":{
                        "0":"4",
                        "1":22
                    },
                    "III":{
                        "0":"5",
                        "1":23
                    },
                    "IV":{
                        "0":"10",
                        "1":24
                    },
                    "V":{
                        "0":"14",
                        "1":25
                    },
                    "VI":{
                        "0":"16",
                        "1":null
                    }
                },
                "Set 2":{
                    "I":{
                        "0":"2",
                        "1":19
                    },
                    "II":{
                        "0":"4",
                        "1":23
                    },
                    "III":{
                        "0":"5",
                        "1":25
                    },
                    "IV":{
                        "0":"12",
                        "1":null
                    },
                    "V":{
                        "0":"13",
                        "1":null
                    },
                    "VI":{
                        "0":"18",
                        "1":null
                    }
                },
                "Set 3":{
                    "I":{
                        "0":null,
                        "1":11.0,
                        "2":23.0
                    },
                    "II":{
                        "0":"6",
                        "1":13,
                        "2":25
                    },
                    "III":{
                        "0":"7",
                        "1":15.0,
                        "2":null
                    },
                    "IV":{
                        "0":"8",
                        "1":17.0,
                        "2":null
                    },
                    "V":{
                        "0":"9",
                        "1":21.0,
                        "2":null
                    },
                    "VI":{
                        "0":"10",
                        "1":22.0,
                        "2":null
                    }
                },
                "Set 4":0,
                "Set 5":0
            },
            "Timeouts 1":{
                "Set 1":{
                    "T":{
                        "0":"3:12",
                        "1":"5:19"
                    }
                },
                "Set 2":{
                    "T":{
                        "0":"4:11",
                        "1":"6:18"
                    }
                },
                "Set 3":{
                    "T":{
                        "0":"0:5",
                        "1":"14:19"
                    }
                },
                "Set 4":0,
                "Set 5":0
            },
            "Timeouts 2":{
                "Set 1":{
                    "T":{
                        "0":"22:11",
                        "1":"22:15"
                    }
                },
                "Set 2":{
                    "T":{

                    }
                },
                "Set 3":{
                    "T":{
                        "0":"11:10",
                        "1":"23:22"
                    }
                },
                "Set 4":0,
                "Set 5":0
            }
        },
        "Teams":{
            "Name":{
                "Team 1":"INSTITUT FEDERAL DE VOLLEY-BAL",
                "Team 2":"QUIMPER VOLLEY 29"
            },
            "Players":{
                "Team 1":{
                    "N\u00b0":{
                        "0":1,
                        "1":3,
                        "2":5,
                        "3":7,
                        "4":9,
                        "5":10,
                        "6":15,
                        "7":16,
                        "8":17,
                        "9":18
                    },
                    "Nom Pr\u00e9nom":{
                        "0":"MARQUET CAMILLE",
                        "1":"MOBISA AURORE",
                        "2":"POTIER LOUE",
                        "3":"DANARD SELOSSE ENORA",
                        "4":"DEL MORAL EVA",
                        "5":"VIDALLER STELLA",
                        "6":"BAH HALIMATOU",
                        "7":"FANGUEDOU FATOUMATA",
                        "8":"RAKOTOZAFI HOPE",
                        "9":"NGOLONGOLO NAOMI"
                    },
                    "Licence":{
                        "0":1886594,
                        "1":2244449,
                        "2":2004131,
                        "3":1741695,
                        "4":1989720,
                        "5":1866985,
                        "6":2089668,
                        "7":2155308,
                        "8":1916611,
                        "9":2139586
                    }
                },
                "Team 2":{
                    "N\u00b0":{
                        "0":2,
                        "1":4,
                        "2":5,
                        "3":6,
                        "4":7,
                        "5":8,
                        "6":9,
                        "7":10,
                        "8":12,
                        "9":15,
                        "10":19
                    },
                    "Nom Pr\u00e9nom":{
                        "0":"CARTER GRACE",
                        "1":"BOISARD ANNAIG",
                        "2":"DIOUMANERA SADIO",
                        "3":"MORILLON LOLA",
                        "4":"MERKOVA VENDULA",
                        "5":"HASSENI ROXANE",
                        "6":"ROBITAILLE KIM",
                        "7":"BOISSELIER LAURA",
                        "8":"DIAGNE MARIEME",
                        "9":"GOUIN LOU",
                        "10":"VOJIKOVA KRISTYNA"
                    },
                    "Licence":{
                        "0":1941574,
                        "1":1673443,
                        "2":1896599,
                        "3":1894383,
                        "4":2408977,
                        "5":1663257,
                        "6":2409150,
                        "7":1881738,
                        "8":1903745,
                        "9":2043358,
                        "10":2409152
                    }
                }
            },
            "Liberos":{
                "Team 1":{
                    "N\u00b0":{
                        "0":10
                    },
                    "Nom Pr\u00e9nom":{
                        "0":"VIDALLER STELLA"
                    },
                    "Licence":{
                        "0":1866985
                    }
                },
                "Team 2":{
                    "N\u00b0":{
                        "0":6
                    },
                    "Nom Pr\u00e9nom":{
                        "0":"MORILLON LOLA"
                    },
                    "Licence":{
                        "0":1894383
                    }
                }
            },
            "Officials":{
                "Team 1":{
                    "N\u00b0":{
                        "0":"EA",
                        "1":"EB"
                    },
                    "Nom Pr\u00e9nom":{
                        "0":"DELACOURT LAURENT",
                        "1":"RAKOTOMANGA MATHIEU"
                    },
                    "Licence":{
                        "0":1507070,
                        "1":1568672
                    }
                },
                "Team 2":{
                    "N\u00b0":{
                        "0":"EA",
                        "1":"EB"
                    },
                    "Nom Pr\u00e9nom":{
                        "0":"HROCH MARTIN",
                        "1":"DUVIVIER DOMINIQUE"
                    },
                    "Licence":{
                        "0":1231908,
                        "1":1228198
                    }
                }
            }
        },
        "Results":{
            "winner":"QUIMPER VOLLEY 29",
            "score":"3\/0"
        },
        "Referees":{
            "NOM Pr\u00e9nom":{
                "1er":"HADID MARIE-CHRISTINE",
                "2\u00e8me":"BOURGUIBI ABDESAMAD",
                "Marqueur":"CEBRIAN SANDRINE",
                "Marq.Ass":".",
                "R.Salle":"PUCHEU GEOFFREY"
            },
            "Ligue":{
                "1er":"LIG_PAC",
                "2\u00e8me":"LIG_OCC",
                "Marqueur":"LIG_OCC",
                "Marq.Ass":null,
                "R.Salle":"LIG_OCC"
            },
            "Licence":{
                "1er":1102370.0,
                "2\u00e8me":1379609.0,
                "Marqueur":1411068.0,
                "Marq.Ass":null,
                "R.Salle":1849329.0
            }
        },
        "Penalties":{

        }
    }
}