{
    "Match":{
        "Title":{
            "div_code":"EFA ",
            "div_name":"ELITE FEMININE",
            "div_pool":"POULE A",
            "match_number":"EFA010",
            "match_day":"03",
            "city":"QUIMPER",
            "gym":"HALLE DES SPORTS ERGUE ARMEL",
            "category":"SENIOR | FEMININE",
            "ligue":"Comp\u00e9titions Nationales SENIORS",
            "date":"2019-10-26 20:00:00",
            "team_1":"QUIMPER VOLLEY 29",
            "team_2":"VOLLEY CLUB HARNES"
        },
        "Sets":{
            "Teams":{
                "Set 1":{
                    "Name":{
                        "Team 1":"QUIMPER VOLLEY 29",
                        "Team 2":"VOLLEY CLUB HARNES"
                    },
                    "Starting":{
                        "Team 1":"Service",
                        "Team 2":"Reception"
                    }
                },
                "Set 2":{
                    "Name":{
                        "Team 1":"QUIMPER VOLLEY 29",
                        "Team 2":"VOLLEY CLUB HARNES"
                    },
                    "Starting":{
                        "Team 1":"Reception",
                        "Team 2":"Service"
                    }
                },
                "Set 3":{
                    "Name":{
                        "Team 1":"QUIMPER VOLLEY 29",
                        "Team 2":"VOLLEY CLUB HARNES"
                    },
                    "Starting":{
                        "Team 1":"Service",
                        "Team 2":"Reception"
                    }
                },
                "Set 4":{
                    "Name":{
                        "Team 1":"QUIMPER VOLLEY 29",
                        "Team 2":"VOLLEY CLUB HARNES"
                    },
                    "Starting":{
                        "Team 1":"Reception",
                        "Team 2":"Service"
                    }
                },
                "Set 5":0
            },
            "Time":{
                "Set 1":{
                    "Time":{
                        "Start":"2019-10-26 20:03:00",
                        "End":"2019-10-26 20:25:00"
                    }
                },
                "Set 2":{
                    "Time":{
                        "Start":"2019-10-26 20:29:00",
                        "End":"2019-10-26 20:53:00"
                    }
                },
                "Set 3":{
                    "Time":{
                        "Start":"2019-10-26 21:06:00",
                        "End":"2019-10-26 21:37:00"
                    }
                },
                "Set 4":{
                    "Time":{
                        "Start":"2019-10-26 21:40:00",
                        "End":"2019-10-26 22:07:00"
                    }
                },
                "Set 5":0
            },
            "Substitutions 1":{
                "Set 1":{
                    "I":{
                        "0":"9",
                        "1":"5",
                        "2":"19:6",
                        "3":null
                    },
                    "II":{
                        "0":1.0,
                        "1":null,
                        "2":null,
                        "3":null
                    },
                    "III":{
                        "0":"12",
                        "1":"10",
                        "2":"22:8",
                        "3":null
                    },
                    "IV":{
                        "0":7.0,
                        "1":null,
                        "2":null,
                        "3":null
                    },
                    "V":{
                        "0":"8",
                        "1":"4",
                        "2":"17:5",
                        "3":"20:7"
                    },
                    "VI":{
                        "0":2.0,
                        "1":null,
                        "2":null,
                        "3":null
                    }
                },
                "Set 2":{
                    "I":{
                        "0":2.0,
                        "1":null,
                        "2":null
                    },
                    "II":{
                        "0":9.0,
                        "1":null,
                        "2":null
                    },
                    "III":{
                        "0":1.0,
                        "1":null,
                        "2":null
                    },
                    "IV":{
                        "0":12.0,
                        "1":null,
                        "2":null
                    },
                    "V":{
                        "0":7.0,
                        "1":null,
                        "2":null
                    },
                    "VI":{
                        "0":"8",
                        "1":"4",
                        "2":"20:17"
                    }
                },
                "Set 3":{
                    "I":{
                        "0":9
                    },
                    "II":{
                        "0":1
                    },
                    "III":{
                        "0":12
                    },
                    "IV":{
                        "0":7
                    },
                    "V":{
                        "0":8
                    },
                    "VI":{
                        "0":2
                    }
                },
                "Set 4":{
                    "I":{
                        "0":2.0,
                        "1":null,
                        "2":null,
                        "3":null
                    },
                    "II":{
                        "0":9.0,
                        "1":null,
                        "2":null,
                        "3":null
                    },
                    "III":{
                        "0":"1",
                        "1":"19",
                        "2":"24:15",
                        "3":null
                    },
                    "IV":{
                        "0":12.0,
                        "1":null,
                        "2":null,
                        "3":null
                    },
                    "V":{
                        "0":7.0,
                        "1":null,
                        "2":null,
                        "3":null
                    },
                    "VI":{
                        "0":"8",
                        "1":"4",
                        "2":"21:13",
                        "3":"23:15"
                    }
                },
                "Set 5":0
            },
            "Substitutions 2":{
                "Set 1":{
                    "I":{
                        "0":11.0,
                        "1":null,
                        "2":null
                    },
                    "II":{
                        "0":"9",
                        "1":"7",
                        "2":"4:15"
                    },
                    "III":{
                        "0":12.0,
                        "1":null,
                        "2":null
                    },
                    "IV":{
                        "0":"6",
                        "1":"4",
                        "2":"4:13"
                    },
                    "V":{
                        "0":15.0,
                        "1":null,
                        "2":null
                    },
                    "VI":{
                        "0":"8",
                        "1":"1",
                        "2":"5:18"
                    }
                },
                "Set 2":{
                    "I":{
                        "0":11
                    },
                    "II":{
                        "0":7
                    },
                    "III":{
                        "0":12
                    },
                    "IV":{
                        "0":4
                    },
                    "V":{
                        "0":15
                    },
                    "VI":{
                        "0":8
                    }
                },
                "Set 3":{
                    "I":{
                        "0":7.0,
                        "1":null,
                        "2":null,
                        "3":null
                    },
                    "II":{
                        "0":12.0,
                        "1":null,
                        "2":null,
                        "3":null
                    },
                    "III":{
                        "0":"4",
                        "1":"1",
                        "2":"24:21",
                        "3":"24:22"
                    },
                    "IV":{
                        "0":15.0,
                        "1":null,
                        "2":null,
                        "3":null
                    },
                    "V":{
                        "0":"8",
                        "1":"6",
                        "2":"24:21",
                        "3":"24:22"
                    },
                    "VI":{
                        "0":2.0,
                        "1":null,
                        "2":null,
                        "3":null
                    }
                },
                "Set 4":{
                    "I":{
                        "0":"2",
                        "1":"11",
                        "2":"10:18"
                    },
                    "II":{
                        "0":7.0,
                        "1":null,
                        "2":null
                    },
                    "III":{
                        "0":12.0,
                        "1":null,
                        "2":null
                    },
                    "IV":{
                        "0":"4",
                        "1":"6",
                        "2":"14:21"
                    },
                    "V":{
                        "0":15.0,
                        "1":null,
                        "2":null
                    },
                    "VI":{
                        "0":"8",
                        "1":"1",
                        "2":"11:20"
                    }
                },
                "Set 5":0
            },
            "Serves 1":{
                "Set 1":{
                    "I":{
                        "0":"1",
                        "1":19
                    },
                    "II":{
                        "0":"5",
                        "1":21
                    },
                    "III":{
                        "0":"7",
                        "1":22
                    },
                    "IV":{
                        "0":"8",
                        "1":23
                    },
                    "V":{
                        "0":"16",
                        "1":24
                    },
                    "VI":{
                        "0":"18",
                        "1":25
                    }
                },
                "Set 2":{
                    "I":{
                        "0":null,
                        "1":10.0,
                        "2":25.0
                    },
                    "II":{
                        "0":"2",
                        "1":11.0,
                        "2":null
                    },
                    "III":{
                        "0":"4",
                        "1":13.0,
                        "2":null
                    },
                    "IV":{
                        "0":"5",
                        "1":14.0,
                        "2":null
                    },
                    "V":{
                        "0":"6",
                        "1":15.0,
                        "2":null
                    },
                    "VI":{
                        "0":"8",
                        "1":19.0,
                        "2":null
                    }
                },
                "Set 3":{
                    "I":{
                        "0":"0",
                        "1":8,
                        "2":19
                    },
                    "II":{
                        "0":"1",
                        "1":9,
                        "2":20
                    },
                    "III":{
                        "0":"2",
                        "1":10,
                        "2":21
                    },
                    "IV":{
                        "0":"4",
                        "1":13,
                        "2":23
                    },
                    "V":{
                        "0":"5",
                        "1":14.0,
                        "2":null
                    },
                    "VI":{
                        "0":"7",
                        "1":16.0,
                        "2":null
                    }
                },
                "Set 4":{
                    "I":{
                        "0":null,
                        "1":9.0,
                        "2":21.0
                    },
                    "II":{
                        "0":"1",
                        "1":10,
                        "2":22
                    },
                    "III":{
                        "0":"2",
                        "1":11,
                        "2":25
                    },
                    "IV":{
                        "0":"4",
                        "1":14.0,
                        "2":null
                    },
                    "V":{
                        "0":"5",
                        "1":18.0,
                        "2":null
                    },
                    "VI":{
                        "0":"6",
                        "1":20.0,
                        "2":null
                    }
                },
                "Set 5":0
            },
            "Serves 2":{
                "Set 1":{
                    "I":{
                        "0":null,
                        "1":6.0
                    },
                    "II":{
                        "0":"1",
                        "1":7
                    },
                    "III":{
                        "0":"2",
                        "1":8
                    },
                    "IV":{
                        "0":"3",
                        "1":9
                    },
                    "V":{
                        "0":"4",
                        "1":10
                    },
                    "VI":{
                        "0":"5",
                        "1":11
                    }
                },
                "Set 2":{
                    "I":{
                        "0":"0",
                        "1":10
                    },
                    "II":{
                        "0":"1",
                        "1":11
                    },
                    "III":{
                        "0":"2",
                        "1":12
                    },
                    "IV":{
                        "0":"3",
                        "1":14
                    },
                    "V":{
                        "0":"5",
                        "1":16
                    },
                    "VI":{
                        "0":"8",
                        "1":17
                    }
                },
                "Set 3":{
                    "I":{
                        "0":null,
                        "1":9.0,
                        "2":18.0
                    },
                    "II":{
                        "0":"1",
                        "1":10,
                        "2":21
                    },
                    "III":{
                        "0":"2",
                        "1":12,
                        "2":22
                    },
                    "IV":{
                        "0":"3",
                        "1":13,
                        "2":24
                    },
                    "V":{
                        "0":"6",
                        "1":15,
                        "2":25
                    },
                    "VI":{
                        "0":"8",
                        "1":16.0,
                        "2":null
                    }
                },
                "Set 4":{
                    "I":{
                        "0":"0",
                        "1":6,
                        "2":14
                    },
                    "II":{
                        "0":"1",
                        "1":8,
                        "2":15
                    },
                    "III":{
                        "0":"2",
                        "1":9.0,
                        "2":null
                    },
                    "IV":{
                        "0":"3",
                        "1":10.0,
                        "2":null
                    },
                    "V":{
                        "0":"4",
                        "1":11.0,
                        "2":null
                    },
                    "VI":{
                        "0":"5",
                        "1":13.0,
                        "2":null
                    }
                },
                "Set 5":0
            },
            "Timeouts 1":{
                "Set 1":{
                    "T":{

                    }
                },
                "Set 2":{
                    "T":{

                    }
                },
                "Set 3":{
                    "T":{
                        "0":"19:20",
                        "1":"21:24"
                    }
                },
                "Set 4":{
                    "T":{

                    }
                },
                "Set 5":0
            },
            "Timeouts 2":{
                "Set 1":{
                    "T":{
                        "0":"1:5",
                        "1":"4:12"
                    }
                },
                "Set 2":{
                    "T":{
                        "0":"16:18",
                        "1":"17:24"
                    }
                },
                "Set 3":{
                    "T":{
                        "0":"13:12",
                        "1":"18:19"
                    }
                },
                "Set 4":{
                    "T":{
                        "0":"9:13"
                    }
                },
                "Set 5":0
            }
        },
        "Teams":{
            "Name":{
                "Team 1":"QUIMPER VOLLEY 29",
                "Team 2":"VOLLEY CLUB HARNES"
            },
            "Players":{
                "Team 1":{
                    "N\u00b0":{
                        "0":1,
                        "1":2,
                        "2":4,
                        "3":5,
                        "4":6,
                        "5":7,
                        "6":8,
                        "7":9,
                        "8":10,
                        "9":12,
                        "10":19
                    },
                    "Nom Pr\u00e9nom":{
                        "0":"GAMBOVA BARBORA",
                        "1":"CARTER GRACE",
                        "2":"BOISARD ANNAIG",
                        "3":"DIOUMANERA SADIO",
                        "4":"MORILLON LOLA",
                        "5":"MERKOVA VENDULA",
                        "6":"HASSENI ROXANE",
                        "7":"ROBITAILLE KIM",
                        "8":"BOISSELIER LAURA",
                        "9":"DIAGNE MARIEME",
                        "10":"VOJIKOVA KRISTYNA"
                    },
                    "Licence":{
                        "0":2300069,
                        "1":1941574,
                        "2":1673443,
                        "3":1896599,
                        "4":1894383,
                        "5":2408977,
                        "6":1663257,
                        "7":2409150,
                        "8":1881738,
                        "9":1903745,
                        "10":2409152
                    }
                },
                "Team 2":{
                    "N\u00b0":{
                        "0":1,
                        "1":2,
                        "2":4,
                        "3":5,
                        "4":6,
                        "5":7,
                        "6":8,
                        "7":9,
                        "8":11,
                        "9":12,
                        "10":15
                    },
                    "Nom Pr\u00e9nom":{
                        "0":"PLANTIN KASSANDRA",
                        "1":"SOULA JULIETTE",
                        "2":"POIRET VALENTINE",
                        "3":"CLEMENT CAROLINE",
                        "4":"ACKX LEA",
                        "5":"MALVETTI MAXANDRE",
                        "6":"CORDIER ELEONORE",
                        "7":"LEBORGNE JOANNA",
                        "8":"BERNARDES PATALLO RAFAELA",
                        "9":"ALVES LEMOS DE SOUZA FRANCY",
                        "10":"FOTSO MOGOUNG ST\u00c9PHANIE"
                    },
                    "Licence":{
                        "0":1859567,
                        "1":1832850,
                        "2":1602150,
                        "3":1620629,
                        "4":1849967,
                        "5":1849965,
                        "6":1618490,
                        "7":1870045,
                        "8":2241235,
                        "9":2406715,
                        "10":2037396
                    }
                }
            },
            "Liberos":{
                "Team 1":{
                    "N\u00b0":{
                        "0":6
                    },
                    "Nom Pr\u00e9nom":{
                        "0":"MORILLON LOLA"
                    },
                    "Licence":{
                        "0":1894383
                    }
                },
                "Team 2":{
                    "N\u00b0":{
                        "0":5
                    },
                    "Nom Pr\u00e9nom":{
                        "0":"CLEMENT CAROLINE"
                    },
                    "Licence":{
                        "0":1620629
                    }
                }
            },
            "Officials":{
                "Team 1":{
                    "N\u00b0":{
                        "0":"EA",
                        "1":"EB"
                    },
                    "Nom Pr\u00e9nom":{
                        "0":"HROCH MARTIN",
                        "1":"DUVIVIER DOMINIQUE"
                    },
                    "Licence":{
                        "0":1231908,
                        "1":1228198
                    }
                },
                "Team 2":{
                    "N\u00b0":{
                        "0":"EA"
                    },
                    "Nom Pr\u00e9nom":{
                        "0":"HIPP EMILIE"
                    },
                    "Licence":{
                        "0":1015813
                    }
                }
            }
        },
        "Results":{
            "winner":"QUIMPER VOLLEY 29",
            "score":"3\/1"
        },
        "Referees":{
            "NOM Pr\u00e9nom":{
                "1er":"SERRE OLIVIER",
                "2\u00e8me":"DECHOUX CHRISTIAN",
                "Marqueur":null,
                "Marq.Ass":".",
                "nan":null
            },
            "Ligue":{
                "1er":"LIG_IF",
                "2\u00e8me":"LIG_PL",
                "Marqueur":null,
                "Marq.Ass":null,
                "nan":"Juges"
            },
            "Licence":{
                "1er":1128239.0,
                "2\u00e8me":347427.0,
                "Marqueur":null,
                "Marq.Ass":null,
                "nan":null
            }
        },
        "Penalties":{

        }
    }
}