{
    "Match":{
        "Title":{
            "div_code":"EFA ",
            "div_name":"ELITE FEMININE",
            "div_pool":"POULE A",
            "match_number":"EFA013",
            "match_day":"04",
            "city":"SENS",
            "gym":"COMPLEXE SPORTIF ROGER BRETON",
            "category":"SENIOR | FEMININE",
            "ligue":"Comp\u00e9titions Nationales SENIORS",
            "date":"2019-11-02 20:00:00",
            "team_1":"SENS VOLLEY 89",
            "team_2":"LEVALLOIS SPORTING CLUB"
        },
        "Sets":{
            "Teams":{
                "Set 1":{
                    "Name":{
                        "Team 1":"LEVALLOIS SPORTING CLU",
                        "Team 2":"SENS VOLLEY 89"
                    },
                    "Starting":{
                        "Team 1":"Service",
                        "Team 2":"Reception"
                    }
                },
                "Set 2":{
                    "Name":{
                        "Team 1":"LEVALLOIS SPORTING CLU",
                        "Team 2":"SENS VOLLEY 89"
                    },
                    "Starting":{
                        "Team 1":"Reception",
                        "Team 2":"Service"
                    }
                },
                "Set 3":{
                    "Name":{
                        "Team 1":"LEVALLOIS SPORTING CLU",
                        "Team 2":"SENS VOLLEY 89"
                    },
                    "Starting":{
                        "Team 1":"Service",
                        "Team 2":"Reception"
                    }
                },
                "Set 4":{
                    "Name":{
                        "Team 1":"LEVALLOIS SPORTING CLU",
                        "Team 2":"SENS VOLLEY 89"
                    },
                    "Starting":{
                        "Team 1":"Reception",
                        "Team 2":"Service"
                    }
                },
                "Set 5":0
            },
            "Time":{
                "Set 1":{
                    "Time":{
                        "Start":"2019-11-02 20:00:00",
                        "End":"2019-11-02 20:28:00"
                    }
                },
                "Set 2":{
                    "Time":{
                        "Start":"2019-11-02 20:31:00",
                        "End":"2019-11-02 20:54:00"
                    }
                },
                "Set 3":{
                    "Time":{
                        "Start":"2019-11-02 21:04:00",
                        "End":"2019-11-02 21:33:00"
                    }
                },
                "Set 4":{
                    "Time":{
                        "Start":"2019-11-02 21:37:00",
                        "End":"2019-11-02 22:02:00"
                    }
                },
                "Set 5":0
            },
            "Substitutions 1":{
                "Set 1":{
                    "I":{
                        "0":"11",
                        "1":"12",
                        "2":"15:14",
                        "3":"18:17"
                    },
                    "II":{
                        "0":8.0,
                        "1":null,
                        "2":null,
                        "3":null
                    },
                    "III":{
                        "0":15.0,
                        "1":null,
                        "2":null,
                        "3":null
                    },
                    "IV":{
                        "0":14.0,
                        "1":null,
                        "2":null,
                        "3":null
                    },
                    "V":{
                        "0":2.0,
                        "1":null,
                        "2":null,
                        "3":null
                    },
                    "VI":{
                        "0":16.0,
                        "1":null,
                        "2":null,
                        "3":null
                    }
                },
                "Set 2":{
                    "I":{
                        "0":8.0,
                        "1":null,
                        "2":null
                    },
                    "II":{
                        "0":15.0,
                        "1":null,
                        "2":null
                    },
                    "III":{
                        "0":14.0,
                        "1":null,
                        "2":null
                    },
                    "IV":{
                        "0":"2",
                        "1":"4",
                        "2":"8:18"
                    },
                    "V":{
                        "0":"16",
                        "1":"1",
                        "2":"3:9"
                    },
                    "VI":{
                        "0":"11",
                        "1":"12",
                        "2":"9:19"
                    }
                },
                "Set 3":{
                    "I":{
                        "0":"11",
                        "1":"12",
                        "2":"5:9",
                        "3":"12:17"
                    },
                    "II":{
                        "0":2.0,
                        "1":null,
                        "2":null,
                        "3":null
                    },
                    "III":{
                        "0":15.0,
                        "1":null,
                        "2":null,
                        "3":null
                    },
                    "IV":{
                        "0":14.0,
                        "1":null,
                        "2":null,
                        "3":null
                    },
                    "V":{
                        "0":"4",
                        "1":"8",
                        "2":"12:18",
                        "3":null
                    },
                    "VI":{
                        "0":16.0,
                        "1":null,
                        "2":null,
                        "3":null
                    }
                },
                "Set 4":{
                    "I":{
                        "0":15.0,
                        "1":null,
                        "2":null
                    },
                    "II":{
                        "0":"12",
                        "1":"11",
                        "2":"7:7"
                    },
                    "III":{
                        "0":8.0,
                        "1":null,
                        "2":null
                    },
                    "IV":{
                        "0":1.0,
                        "1":null,
                        "2":null
                    },
                    "V":{
                        "0":14.0,
                        "1":null,
                        "2":null
                    },
                    "VI":{
                        "0":2.0,
                        "1":null,
                        "2":null
                    }
                },
                "Set 5":0
            },
            "Substitutions 2":{
                "Set 1":{
                    "I":{
                        "0":"2",
                        "1":"4",
                        "2":"17:17",
                        "3":"17:18"
                    },
                    "II":{
                        "0":9.0,
                        "1":null,
                        "2":null,
                        "3":null
                    },
                    "III":{
                        "0":"6",
                        "1":"11",
                        "2":"18:20",
                        "3":null
                    },
                    "IV":{
                        "0":"12",
                        "1":"5",
                        "2":"10:13",
                        "3":null
                    },
                    "V":{
                        "0":"3",
                        "1":"7",
                        "2":"18:21",
                        "3":null
                    },
                    "VI":{
                        "0":10.0,
                        "1":null,
                        "2":null,
                        "3":null
                    }
                },
                "Set 2":{
                    "I":{
                        "0":9.0,
                        "1":null,
                        "2":null
                    },
                    "II":{
                        "0":6.0,
                        "1":null,
                        "2":null
                    },
                    "III":{
                        "0":5.0,
                        "1":null,
                        "2":null
                    },
                    "IV":{
                        "0":7.0,
                        "1":null,
                        "2":null
                    },
                    "V":{
                        "0":"10",
                        "1":"11",
                        "2":"19:9"
                    },
                    "VI":{
                        "0":2.0,
                        "1":null,
                        "2":null
                    }
                },
                "Set 3":{
                    "I":{
                        "0":2.0,
                        "1":null,
                        "2":null
                    },
                    "II":{
                        "0":9.0,
                        "1":null,
                        "2":null
                    },
                    "III":{
                        "0":6.0,
                        "1":null,
                        "2":null
                    },
                    "IV":{
                        "0":5.0,
                        "1":null,
                        "2":null
                    },
                    "V":{
                        "0":7.0,
                        "1":null,
                        "2":null
                    },
                    "VI":{
                        "0":"10",
                        "1":"11",
                        "2":"17:12"
                    }
                },
                "Set 4":{
                    "I":{
                        "0":9.0,
                        "1":null,
                        "2":null,
                        "3":null
                    },
                    "II":{
                        "0":6.0,
                        "1":null,
                        "2":null,
                        "3":null
                    },
                    "III":{
                        "0":5.0,
                        "1":null,
                        "2":null,
                        "3":null
                    },
                    "IV":{
                        "0":"7",
                        "1":"3",
                        "2":"3:5",
                        "3":"22:17"
                    },
                    "V":{
                        "0":11.0,
                        "1":null,
                        "2":null,
                        "3":null
                    },
                    "VI":{
                        "0":"2",
                        "1":"4",
                        "2":"13:11",
                        "3":"15:12"
                    }
                },
                "Set 5":0
            },
            "Serves 1":{
                "Set 1":{
                    "I":{
                        "0":"0",
                        "1":8,
                        "2":18
                    },
                    "II":{
                        "0":"1",
                        "1":11,
                        "2":23
                    },
                    "III":{
                        "0":"2",
                        "1":14,
                        "2":25
                    },
                    "IV":{
                        "0":"3",
                        "1":15.0,
                        "2":null
                    },
                    "V":{
                        "0":"6",
                        "1":16.0,
                        "2":null
                    },
                    "VI":{
                        "0":"7",
                        "1":17.0,
                        "2":null
                    }
                },
                "Set 2":{
                    "I":{
                        "0":null,
                        "1":7.0
                    },
                    "II":{
                        "0":"1",
                        "1":8
                    },
                    "III":{
                        "0":"2",
                        "1":9
                    },
                    "IV":{
                        "0":"3",
                        "1":11
                    },
                    "V":{
                        "0":"4",
                        "1":null
                    },
                    "VI":{
                        "0":"5",
                        "1":null
                    }
                },
                "Set 3":{
                    "I":{
                        "0":"1",
                        "1":7
                    },
                    "II":{
                        "0":"2",
                        "1":8
                    },
                    "III":{
                        "0":"3",
                        "1":9
                    },
                    "IV":{
                        "0":"4",
                        "1":12
                    },
                    "V":{
                        "0":"5",
                        "1":15
                    },
                    "VI":{
                        "0":"6",
                        "1":16
                    }
                },
                "Set 4":{
                    "I":{
                        "0":null,
                        "1":12.0
                    },
                    "II":{
                        "0":"2",
                        "1":14
                    },
                    "III":{
                        "0":"5",
                        "1":16
                    },
                    "IV":{
                        "0":"7",
                        "1":17
                    },
                    "V":{
                        "0":"8",
                        "1":null
                    },
                    "VI":{
                        "0":"11",
                        "1":null
                    }
                },
                "Set 5":0
            },
            "Serves 2":{
                "Set 1":{
                    "I":{
                        "0":null,
                        "1":7.0,
                        "2":17.0
                    },
                    "II":{
                        "0":"1",
                        "1":8,
                        "2":18
                    },
                    "III":{
                        "0":"3",
                        "1":10,
                        "2":19
                    },
                    "IV":{
                        "0":"4",
                        "1":14.0,
                        "2":null
                    },
                    "V":{
                        "0":"5",
                        "1":15.0,
                        "2":null
                    },
                    "VI":{
                        "0":"6",
                        "1":16.0,
                        "2":null
                    }
                },
                "Set 2":{
                    "I":{
                        "0":"0",
                        "1":15
                    },
                    "II":{
                        "0":"1",
                        "1":18
                    },
                    "III":{
                        "0":"7",
                        "1":19
                    },
                    "IV":{
                        "0":"9",
                        "1":25
                    },
                    "V":{
                        "0":"12",
                        "1":null
                    },
                    "VI":{
                        "0":"13",
                        "1":null
                    }
                },
                "Set 3":{
                    "I":{
                        "0":null,
                        "1":11.0,
                        "2":25.0
                    },
                    "II":{
                        "0":"2",
                        "1":12.0,
                        "2":null
                    },
                    "III":{
                        "0":"3",
                        "1":13.0,
                        "2":null
                    },
                    "IV":{
                        "0":"5",
                        "1":16.0,
                        "2":null
                    },
                    "V":{
                        "0":"6",
                        "1":19.0,
                        "2":null
                    },
                    "VI":{
                        "0":"10",
                        "1":24.0,
                        "2":null
                    }
                },
                "Set 4":{
                    "I":{
                        "0":"0",
                        "1":17
                    },
                    "II":{
                        "0":"3",
                        "1":19
                    },
                    "III":{
                        "0":"4",
                        "1":21
                    },
                    "IV":{
                        "0":"11",
                        "1":25
                    },
                    "V":{
                        "0":"12",
                        "1":null
                    },
                    "VI":{
                        "0":"15",
                        "1":null
                    }
                },
                "Set 5":0
            },
            "Timeouts 1":{
                "Set 1":{
                    "T":{
                        "0":"18:18"
                    }
                },
                "Set 2":{
                    "T":{
                        "0":"11:21",
                        "1":"11:24"
                    }
                },
                "Set 3":{
                    "T":{
                        "0":"9:14",
                        "1":"12:19"
                    }
                },
                "Set 4":{
                    "T":{
                        "0":"2:3",
                        "1":"7:11"
                    }
                },
                "Set 5":0
            },
            "Timeouts 2":{
                "Set 1":{
                    "T":{
                        "0":"10:14",
                        "1":"18:22"
                    }
                },
                "Set 2":{
                    "T":{

                    }
                },
                "Set 3":{
                    "T":{
                        "0":"16:12",
                        "1":"19:14"
                    }
                },
                "Set 4":{
                    "T":{
                        "0":"17:14"
                    }
                },
                "Set 5":0
            }
        },
        "Teams":{
            "Name":{
                "Team 1":"SENS VOLLEY 89",
                "Team 2":"LEVALLOIS SPORTING CLUB"
            },
            "Players":{
                "Team 1":{
                    "N\u00b0":{
                        "0":2,
                        "1":3,
                        "2":4,
                        "3":5,
                        "4":6,
                        "5":7,
                        "6":9,
                        "7":10,
                        "8":11,
                        "9":12,
                        "10":14,
                        "11":15
                    },
                    "Nom Pr\u00e9nom":{
                        "0":"TETUANUI KATIA",
                        "1":"SOW BINETOU",
                        "2":"VAKI VALERIA",
                        "3":"LABASTE TEHEA",
                        "4":"TAURAA KAHAIALANIE-LAYANNA",
                        "5":"LABASTE TEHEI",
                        "6":"BENDA GABRIELLE",
                        "7":"FAWZIYA ABDOULKARIM",
                        "8":"VAKI VAITEANI",
                        "9":"SULLIVAN KATHRYN",
                        "10":"FRANCOIS LOU ANNE",
                        "11":"MARKIEWICZ ALICJA"
                    },
                    "Licence":{
                        "0":2182733,
                        "1":2089666,
                        "2":1989520,
                        "3":2135072,
                        "4":2341653,
                        "5":2135073,
                        "6":2406960,
                        "7":2199372,
                        "8":2101201,
                        "9":2406962,
                        "10":2360040,
                        "11":2409080
                    }
                },
                "Team 2":{
                    "N\u00b0":{
                        "0":1,
                        "1":2,
                        "2":4,
                        "3":5,
                        "4":8,
                        "5":10,
                        "6":11,
                        "7":12,
                        "8":14,
                        "9":15,
                        "10":16
                    },
                    "Nom Pr\u00e9nom":{
                        "0":"BA AUDE",
                        "1":"CLAVREUL CAMILLE",
                        "2":"SANGARE RAMATA",
                        "3":"CANS ROMANE",
                        "4":"HODL JULIA",
                        "5":"GICQUEL AGATHE",
                        "6":"NARBONNE JULIETTE",
                        "7":"DIALLO MARIAME",
                        "8":"PICCOLO SOL",
                        "9":"KULLERKANN LIIS",
                        "10":"HANSSON FILIPPA"
                    },
                    "Licence":{
                        "0":1462862,
                        "1":1366383,
                        "2":1748687,
                        "3":1732961,
                        "4":2089365,
                        "5":1946091,
                        "6":1758768,
                        "7":1712849,
                        "8":2199453,
                        "9":2369702,
                        "10":2408723
                    }
                }
            },
            "Liberos":{
                "Team 1":{
                    "N\u00b0":{
                        "0":14,
                        "1":15
                    },
                    "Nom Pr\u00e9nom":{
                        "0":"FRANCOIS LOU ANNE",
                        "1":"MARKIEWICZ ALICJA"
                    },
                    "Licence":{
                        "0":2360040,
                        "1":2409080
                    }
                },
                "Team 2":{
                    "N\u00b0":{
                        "0":5,
                        "1":10
                    },
                    "Nom Pr\u00e9nom":{
                        "0":"CANS ROMANE",
                        "1":"GICQUEL AGATHE"
                    },
                    "Licence":{
                        "0":1732961,
                        "1":1946091
                    }
                }
            },
            "Officials":{
                "Team 1":{
                    "N\u00b0":{
                        "0":"EA",
                        "1":"EB"
                    },
                    "Nom Pr\u00e9nom":{
                        "0":"GUILLE JOHANN",
                        "1":"ROCHE VINCENT"
                    },
                    "Licence":{
                        "0":1439571,
                        "1":1127959
                    }
                },
                "Team 2":{
                    "N\u00b0":{
                        "0":"EA"
                    },
                    "Nom Pr\u00e9nom":{
                        "0":"HAVAS FREDERIC"
                    },
                    "Licence":{
                        "0":1115859
                    }
                }
            }
        },
        "Results":{
            "winner":"SENS VOLLEY 89",
            "score":"3\/1"
        },
        "Referees":{
            "NOM Pr\u00e9nom":{
                "1er":"DANGLEANT LILYA",
                "2\u00e8me":"AOUN NASSIM",
                "Marqueur":"MALDOU MOAD",
                "Marq.Ass":".",
                "R.Salle":"ROCHE CLAUDE"
            },
            "Ligue":{
                "1er":"LIG_HDF",
                "2\u00e8me":"LIG_BFC",
                "Marqueur":"LIG_BFC",
                "Marq.Ass":null,
                "R.Salle":"LIG_BFC"
            },
            "Licence":{
                "1er":1400392.0,
                "2\u00e8me":2054702.0,
                "Marqueur":1968865.0,
                "Marq.Ass":null,
                "R.Salle":1921672.0
            }
        },
        "Penalties":{

        }
    }
}