{
    "Match":{
        "Title":{
            "div_code":"EFA ",
            "div_name":"ELITE FEMININE",
            "div_pool":"POULE A",
            "match_number":"EFA037",
            "match_day":"10",
            "city":"RENNES",
            "gym":"COURTEMANCHE",
            "category":"SENIOR | FEMININE",
            "ligue":"Comp\u00e9titions Nationales SENIORS",
            "date":"2020-02-08 20:00:00",
            "team_1":"RENNES ETUDIANTS CLUB",
            "team_2":"LEVALLOIS SPORTING CLUB"
        },
        "Sets":{
            "Teams":{
                "Set 1":{
                    "Name":{
                        "Team 1":"RENNES ETUDIANTS CLUB",
                        "Team 2":"LEVALLOIS SPORTING CLU"
                    },
                    "Starting":{
                        "Team 1":"Service",
                        "Team 2":"Reception"
                    }
                },
                "Set 2":{
                    "Name":{
                        "Team 1":"RENNES ETUDIANTS CLUB",
                        "Team 2":"LEVALLOIS SPORTING CLU"
                    },
                    "Starting":{
                        "Team 1":"Reception",
                        "Team 2":"Service"
                    }
                },
                "Set 3":{
                    "Name":{
                        "Team 1":"RENNES ETUDIANTS CLUB",
                        "Team 2":"LEVALLOIS SPORTING CLU"
                    },
                    "Starting":{
                        "Team 1":"Service",
                        "Team 2":"Reception"
                    }
                },
                "Set 4":{
                    "Name":{
                        "Team 1":"RENNES ETUDIANTS CLUB",
                        "Team 2":"LEVALLOIS SPORTING CLU"
                    },
                    "Starting":{
                        "Team 1":"Reception",
                        "Team 2":"Service"
                    }
                },
                "Set 5":{
                    "Name":{
                        "Team 1":"LEVALLOIS SPORTING",
                        "Team 2":"RENNES ETUDIANTS CL"
                    },
                    "Starting":{
                        "Team 1":"Reception",
                        "Team 2":"Service"
                    }
                }
            },
            "Time":{
                "Set 1":{
                    "Time":{
                        "Start":"2020-02-08 19:59:00",
                        "End":"2020-02-08 20:29:00"
                    }
                },
                "Set 2":{
                    "Time":{
                        "Start":"2020-02-08 20:32:00",
                        "End":"2020-02-08 20:58:00"
                    }
                },
                "Set 3":{
                    "Time":{
                        "Start":"2020-02-08 21:01:00",
                        "End":"2020-02-08 21:37:00"
                    }
                },
                "Set 4":{
                    "Time":{
                        "Start":"2020-02-08 21:42:00",
                        "End":"2020-02-08 22:17:00"
                    }
                },
                "Set 5":{
                    "Time":{
                        "Start":"2020-02-08 22:21:00",
                        "End":"2020-02-08 22:39:00"
                    }
                }
            },
            "Substitutions 1":{
                "Set 1":{
                    "I":{
                        "0":10.0,
                        "1":null,
                        "2":null
                    },
                    "II":{
                        "0":"4",
                        "1":"8",
                        "2":"20:24"
                    },
                    "III":{
                        "0":12.0,
                        "1":null,
                        "2":null
                    },
                    "IV":{
                        "0":"6",
                        "1":"17",
                        "2":"19:23"
                    },
                    "V":{
                        "0":11.0,
                        "1":null,
                        "2":null
                    },
                    "VI":{
                        "0":"15",
                        "1":"1",
                        "2":"19:24"
                    }
                },
                "Set 2":{
                    "I":{
                        "0":10
                    },
                    "II":{
                        "0":4
                    },
                    "III":{
                        "0":12
                    },
                    "IV":{
                        "0":17
                    },
                    "V":{
                        "0":11
                    },
                    "VI":{
                        "0":15
                    }
                },
                "Set 3":{
                    "I":{
                        "0":10.0,
                        "1":null,
                        "2":null,
                        "3":null
                    },
                    "II":{
                        "0":"4",
                        "1":"8",
                        "2":"18:22",
                        "3":"20:23"
                    },
                    "III":{
                        "0":12.0,
                        "1":null,
                        "2":null,
                        "3":null
                    },
                    "IV":{
                        "0":"17",
                        "1":"6",
                        "2":"17:21",
                        "3":null
                    },
                    "V":{
                        "0":11.0,
                        "1":null,
                        "2":null,
                        "3":null
                    },
                    "VI":{
                        "0":"15",
                        "1":"1",
                        "2":"2:8",
                        "3":null
                    }
                },
                "Set 4":{
                    "I":{
                        "0":"1",
                        "1":"15",
                        "2":"16:18",
                        "3":null
                    },
                    "II":{
                        "0":10.0,
                        "1":null,
                        "2":null,
                        "3":null
                    },
                    "III":{
                        "0":4.0,
                        "1":null,
                        "2":null,
                        "3":null
                    },
                    "IV":{
                        "0":12.0,
                        "1":null,
                        "2":null,
                        "3":null
                    },
                    "V":{
                        "0":"17",
                        "1":"6",
                        "2":"18:21",
                        "3":null
                    },
                    "VI":{
                        "0":"11",
                        "1":"8",
                        "2":"19:21",
                        "3":"20:22"
                    }
                },
                "Set 5":{
                    "I":{
                        "0":12.0,
                        "1":null,
                        "2":null,
                        "3":null
                    },
                    "II":{
                        "0":8.0,
                        "1":null,
                        "2":null,
                        "3":null
                    },
                    "III":{
                        "0":16.0,
                        "1":null,
                        "2":null,
                        "3":null
                    },
                    "IV":{
                        "0":14.0,
                        "1":null,
                        "2":null,
                        "3":null
                    },
                    "V":{
                        "0":"4",
                        "1":"10",
                        "2":"6:4",
                        "3":"7:8"
                    },
                    "VI":{
                        "0":"1",
                        "1":"11",
                        "2":"7:6",
                        "3":"11:13"
                    }
                }
            },
            "Substitutions 2":{
                "Set 1":{
                    "I":{
                        "0":"1",
                        "1":"11",
                        "2":"17:17",
                        "3":"20:18"
                    },
                    "II":{
                        "0":14.0,
                        "1":null,
                        "2":null,
                        "3":null
                    },
                    "III":{
                        "0":4.0,
                        "1":null,
                        "2":null,
                        "3":null
                    },
                    "IV":{
                        "0":16.0,
                        "1":null,
                        "2":null,
                        "3":null
                    },
                    "V":{
                        "0":12.0,
                        "1":null,
                        "2":null,
                        "3":null
                    },
                    "VI":{
                        "0":"8",
                        "1":"10",
                        "2":"24:20",
                        "3":null
                    }
                },
                "Set 2":{
                    "I":{
                        "0":"12",
                        "1":"11",
                        "2":"4:6",
                        "3":"13:21"
                    },
                    "II":{
                        "0":8.0,
                        "1":null,
                        "2":null,
                        "3":null
                    },
                    "III":{
                        "0":1.0,
                        "1":null,
                        "2":null,
                        "3":null
                    },
                    "IV":{
                        "0":14.0,
                        "1":null,
                        "2":null,
                        "3":null
                    },
                    "V":{
                        "0":4.0,
                        "1":null,
                        "2":null,
                        "3":null
                    },
                    "VI":{
                        "0":16.0,
                        "1":null,
                        "2":null,
                        "3":null
                    }
                },
                "Set 3":{
                    "I":{
                        "0":12.0,
                        "1":null,
                        "2":null,
                        "3":null
                    },
                    "II":{
                        "0":8.0,
                        "1":null,
                        "2":null,
                        "3":null
                    },
                    "III":{
                        "0":"1",
                        "1":"11",
                        "2":"14:11",
                        "3":"14:12"
                    },
                    "IV":{
                        "0":14.0,
                        "1":null,
                        "2":null,
                        "3":null
                    },
                    "V":{
                        "0":"4",
                        "1":"10",
                        "2":"9:5",
                        "3":"13:10"
                    },
                    "VI":{
                        "0":16.0,
                        "1":null,
                        "2":null,
                        "3":null
                    }
                },
                "Set 4":{
                    "I":{
                        "0":8.0,
                        "1":null,
                        "2":null,
                        "3":null
                    },
                    "II":{
                        "0":"1",
                        "1":"9",
                        "2":"5:11",
                        "3":null
                    },
                    "III":{
                        "0":14.0,
                        "1":null,
                        "2":null,
                        "3":null
                    },
                    "IV":{
                        "0":"4",
                        "1":"10",
                        "2":"15:16",
                        "3":"23:22"
                    },
                    "V":{
                        "0":16.0,
                        "1":null,
                        "2":null,
                        "3":null
                    },
                    "VI":{
                        "0":"12",
                        "1":"11",
                        "2":"22:20",
                        "3":"22:22"
                    }
                },
                "Set 5":{
                    "I":{
                        "0":10.0,
                        "1":null,
                        "2":null,
                        "3":null
                    },
                    "II":{
                        "0":"4",
                        "1":"8",
                        "2":"13:10",
                        "3":"13:11"
                    },
                    "III":{
                        "0":12.0,
                        "1":null,
                        "2":null,
                        "3":null
                    },
                    "IV":{
                        "0":6.0,
                        "1":null,
                        "2":null,
                        "3":null
                    },
                    "V":{
                        "0":11.0,
                        "1":null,
                        "2":null,
                        "3":null
                    },
                    "VI":{
                        "0":15.0,
                        "1":null,
                        "2":null,
                        "3":null
                    }
                }
            },
            "Serves 1":{
                "Set 1":{
                    "I":{
                        "0":"0",
                        "1":7,
                        "2":19
                    },
                    "II":{
                        "0":"1",
                        "1":8,
                        "2":21
                    },
                    "III":{
                        "0":"2",
                        "1":11.0,
                        "2":null
                    },
                    "IV":{
                        "0":"4",
                        "1":14.0,
                        "2":null
                    },
                    "V":{
                        "0":"5",
                        "1":15.0,
                        "2":null
                    },
                    "VI":{
                        "0":"6",
                        "1":17.0,
                        "2":null
                    }
                },
                "Set 2":{
                    "I":{
                        "0":null,
                        "1":9.0,
                        "2":25.0
                    },
                    "II":{
                        "0":"1",
                        "1":11.0,
                        "2":null
                    },
                    "III":{
                        "0":"2",
                        "1":14.0,
                        "2":null
                    },
                    "IV":{
                        "0":"5",
                        "1":15.0,
                        "2":null
                    },
                    "V":{
                        "0":"6",
                        "1":19.0,
                        "2":null
                    },
                    "VI":{
                        "0":"7",
                        "1":23.0,
                        "2":null
                    }
                },
                "Set 3":{
                    "I":{
                        "0":"0",
                        "1":10,
                        "2":17
                    },
                    "II":{
                        "0":"1",
                        "1":11,
                        "2":20
                    },
                    "III":{
                        "0":"2",
                        "1":12,
                        "2":22
                    },
                    "IV":{
                        "0":"5",
                        "1":13,
                        "2":25
                    },
                    "V":{
                        "0":"6",
                        "1":14,
                        "2":27
                    },
                    "VI":{
                        "0":"9",
                        "1":16.0,
                        "2":null
                    }
                },
                "Set 4":{
                    "I":{
                        "0":null,
                        "1":12.0,
                        "2":22.0
                    },
                    "II":{
                        "0":"2",
                        "1":13,
                        "2":23
                    },
                    "III":{
                        "0":"4",
                        "1":15,
                        "2":25
                    },
                    "IV":{
                        "0":"6",
                        "1":16,
                        "2":26
                    },
                    "V":{
                        "0":"7",
                        "1":18.0,
                        "2":null
                    },
                    "VI":{
                        "0":"9",
                        "1":20.0,
                        "2":null
                    }
                },
                "Set 5":{
                    "I":{
                        "0":null,
                        "1":8.0
                    },
                    "II":{
                        "0":"1",
                        "1":10
                    },
                    "III":{
                        "0":"3",
                        "1":11
                    },
                    "IV":{
                        "0":"5",
                        "1":null
                    },
                    "V":{
                        "0":"6",
                        "1":null
                    },
                    "VI":{
                        "0":"7",
                        "1":null
                    }
                }
            },
            "Serves 2":{
                "Set 1":{
                    "I":{
                        "0":null,
                        "1":10.0,
                        "2":20.0
                    },
                    "II":{
                        "0":"1",
                        "1":11,
                        "2":24
                    },
                    "III":{
                        "0":"2",
                        "1":12,
                        "2":25
                    },
                    "IV":{
                        "0":"4",
                        "1":13.0,
                        "2":null
                    },
                    "V":{
                        "0":"6",
                        "1":15.0,
                        "2":null
                    },
                    "VI":{
                        "0":"9",
                        "1":16.0,
                        "2":null
                    }
                },
                "Set 2":{
                    "I":{
                        "0":"0",
                        "1":7
                    },
                    "II":{
                        "0":"2",
                        "1":10
                    },
                    "III":{
                        "0":"3",
                        "1":11
                    },
                    "IV":{
                        "0":"4",
                        "1":12
                    },
                    "V":{
                        "0":"5",
                        "1":13
                    },
                    "VI":{
                        "0":"6",
                        "1":16
                    }
                },
                "Set 3":{
                    "I":{
                        "0":null,
                        "1":12.0,
                        "2":18.0
                    },
                    "II":{
                        "0":"1",
                        "1":13,
                        "2":22
                    },
                    "III":{
                        "0":"2",
                        "1":14,
                        "2":23
                    },
                    "IV":{
                        "0":"8",
                        "1":15,
                        "2":24
                    },
                    "V":{
                        "0":"10",
                        "1":16,
                        "2":25
                    },
                    "VI":{
                        "0":"11",
                        "1":17.0,
                        "2":null
                    }
                },
                "Set 4":{
                    "I":{
                        "0":"0",
                        "1":7,
                        "2":23
                    },
                    "II":{
                        "0":"1",
                        "1":10,
                        "2":24
                    },
                    "III":{
                        "0":"2",
                        "1":14,
                        "2":26
                    },
                    "IV":{
                        "0":"3",
                        "1":18,
                        "2":28
                    },
                    "V":{
                        "0":"4",
                        "1":21.0,
                        "2":null
                    },
                    "VI":{
                        "0":"5",
                        "1":22.0,
                        "2":null
                    }
                },
                "Set 5":{
                    "I":{
                        "0":"0",
                        "1":12
                    },
                    "II":{
                        "0":"1",
                        "1":13
                    },
                    "III":{
                        "0":"3",
                        "1":15
                    },
                    "IV":{
                        "0":"4",
                        "1":null
                    },
                    "V":{
                        "0":"6",
                        "1":null
                    },
                    "VI":{
                        "0":"9",
                        "1":null
                    }
                }
            },
            "Timeouts 1":{
                "Set 1":{
                    "T":{
                        "0":"17:19",
                        "1":"18:20"
                    }
                },
                "Set 2":{
                    "T":{
                        "0":"23:16"
                    }
                },
                "Set 3":{
                    "T":{
                        "0":"2:6",
                        "1":"17:20"
                    }
                },
                "Set 4":{
                    "T":{
                        "0":"13:10",
                        "1":"18:20"
                    }
                },
                "Set 5":{
                    "T":{
                        "0":"7:9"
                    }
                }
            },
            "Timeouts 2":{
                "Set 1":{
                    "T":{
                        "0":"22:19",
                        "1":"24:20"
                    }
                },
                "Set 2":{
                    "T":{
                        "0":"10:12"
                    }
                },
                "Set 3":{
                    "T":{
                        "0":"1:1",
                        "1":"11:7"
                    }
                },
                "Set 4":{
                    "T":{
                        "0":"4:9",
                        "1":"5:12"
                    }
                },
                "Set 5":{
                    "T":{
                        "0":"12:10"
                    }
                }
            }
        },
        "Teams":{
            "Name":{
                "Team 1":"RENNES ETUDIANTS CLUB",
                "Team 2":"LEVALLOIS SPORTING CLUB"
            },
            "Players":{
                "Team 1":{
                    "N\u00b0":{
                        "0":1,
                        "1":2,
                        "2":4,
                        "3":6,
                        "4":8,
                        "5":9,
                        "6":10,
                        "7":11,
                        "8":12,
                        "9":15,
                        "10":16,
                        "11":17
                    },
                    "Nom Pr\u00e9nom":{
                        "0":"MOTTA PAES LOANE",
                        "1":"TAFILAGI MALIA LITA",
                        "2":"PREVERT FLORIANE",
                        "3":"KONE FANTA",
                        "4":"RACINET LAURINE",
                        "5":"LE MOIGNE LENAIG",
                        "6":"ESTEPHANIE GOULART NAYARA",
                        "7":"CODIAL OUMAYMA",
                        "8":"CAMPOS CAMARINHA SYLVIA",
                        "9":"ERHART ALEXANDRA",
                        "10":"HAMON ELISE",
                        "11":"CHOTARD CHRYSTELLE"
                    },
                    "Licence":{
                        "0":1895905,
                        "1":2235567,
                        "2":1478302,
                        "3":1718524,
                        "4":1826183,
                        "5":1731845,
                        "6":2408914,
                        "7":1991883,
                        "8":2408911,
                        "9":1806300,
                        "10":1896683,
                        "11":1233199
                    }
                },
                "Team 2":{
                    "N\u00b0":{
                        "0":1,
                        "1":4,
                        "2":5,
                        "3":8,
                        "4":9,
                        "5":10,
                        "6":11,
                        "7":12,
                        "8":14,
                        "9":16
                    },
                    "Nom Pr\u00e9nom":{
                        "0":"BA AUDE",
                        "1":"SANGARE RAMATA",
                        "2":"CANS ROMANE",
                        "3":"HODL JULIA",
                        "4":"SAUTEREAU CHLOE",
                        "5":"GICQUEL AGATHE",
                        "6":"NARBONNE JULIETTE",
                        "7":"DIALLO MARIAME",
                        "8":"PICCOLO SOL",
                        "9":"HANSSON FILIPA"
                    },
                    "Licence":{
                        "0":1462862,
                        "1":1748687,
                        "2":1732361,
                        "3":2089365,
                        "4":2099422,
                        "5":1946091,
                        "6":1758768,
                        "7":1712849,
                        "8":2199453,
                        "9":2408723
                    }
                }
            },
            "Liberos":{
                "Team 1":{
                    "N\u00b0":{
                        "0":9
                    },
                    "Nom Pr\u00e9nom":{
                        "0":"LE MOIGNE LENAIG"
                    },
                    "Licence":{
                        "0":1731845
                    }
                },
                "Team 2":{
                    "N\u00b0":{
                        "0":5
                    },
                    "Nom Pr\u00e9nom":{
                        "0":"CANS ROMANE"
                    },
                    "Licence":{
                        "0":1732361
                    }
                }
            },
            "Officials":{
                "Team 1":{
                    "N\u00b0":{
                        "0":"EA",
                        "1":"EB",
                        "2":"SO"
                    },
                    "Nom Pr\u00e9nom":{
                        "0":"CHUBILLEAU YANN",
                        "1":"THANGUY GILDAS",
                        "2":"MARTIN ALEXIS"
                    },
                    "Licence":{
                        "0":29777,
                        "1":954179,
                        "2":2423668
                    }
                },
                "Team 2":{
                    "N\u00b0":{
                        "0":"EA"
                    },
                    "Nom Pr\u00e9nom":{
                        "0":"HAVAS FR\u00e9D\u00e9RIC"
                    },
                    "Licence":{
                        "0":1115859
                    }
                }
            }
        },
        "Results":{
            "winner":"RENNES ETUDIANTS CLUB",
            "score":"3\/2"
        },
        "Referees":{
            "NOM Pr\u00e9nom":{
                "1er":"EVAIN PAUL",
                "2\u00e8me":"COMBE PHILIPPE",
                "Marqueur":"GROSSET MA\u00cfWENN",
                "Marq.Ass":".",
                "nan":null
            },
            "Ligue":{
                "1er":"LIG_NO",
                "2\u00e8me":"LIG_PL",
                "Marqueur":"LIG_BR",
                "Marq.Ass":null,
                "nan":"Juges"
            },
            "Licence":{
                "1er":1408109.0,
                "2\u00e8me":1468986.0,
                "Marqueur":2239360.0,
                "Marq.Ass":null,
                "nan":null
            }
        },
        "Penalties":{

        }
    }
}