{
    "Match":{
        "Title":{
            "div_code":"EFA ",
            "div_name":"ELITE FEMININE",
            "div_pool":"POULE A",
            "match_number":"EFA021",
            "match_day":"06",
            "city":"EVREUX",
            "gym":"CANADA",
            "category":"SENIOR | FEMININE",
            "ligue":"Comp\u00e9titions Nationales SENIORS",
            "date":"2019-11-23 18:30:00",
            "team_1":"EVREUX VOLLEY-BALL",
            "team_2":"LEVALLOIS SPORTING CLUB"
        },
        "Sets":{
            "Teams":{
                "Set 1":{
                    "Name":{
                        "Team 1":"EVREUX VOLLEY-BALL",
                        "Team 2":"LEVALLOIS SPORTING CLU"
                    },
                    "Starting":{
                        "Team 1":"Service",
                        "Team 2":"Reception"
                    }
                },
                "Set 2":{
                    "Name":{
                        "Team 1":"EVREUX VOLLEY-BALL",
                        "Team 2":"LEVALLOIS SPORTING CLU"
                    },
                    "Starting":{
                        "Team 1":"Reception",
                        "Team 2":"Service"
                    }
                },
                "Set 3":{
                    "Name":{
                        "Team 1":"EVREUX VOLLEY-BALL",
                        "Team 2":"LEVALLOIS SPORTING CLU"
                    },
                    "Starting":{
                        "Team 1":"Service",
                        "Team 2":"Reception"
                    }
                },
                "Set 4":{
                    "Name":{
                        "Team 1":"EVREUX VOLLEY-BALL",
                        "Team 2":"LEVALLOIS SPORTING CLU"
                    },
                    "Starting":{
                        "Team 1":"Reception",
                        "Team 2":"Service"
                    }
                },
                "Set 5":0
            },
            "Time":{
                "Set 1":{
                    "Time":{
                        "Start":"2019-11-23 18:31:00",
                        "End":"2019-11-23 18:58:00"
                    }
                },
                "Set 2":{
                    "Time":{
                        "Start":"2019-11-23 19:01:00",
                        "End":"2019-11-23 19:29:00"
                    }
                },
                "Set 3":{
                    "Time":{
                        "Start":"2019-11-23 19:39:00",
                        "End":"2019-11-23 20:12:00"
                    }
                },
                "Set 4":{
                    "Time":{
                        "Start":"2019-11-23 20:15:00",
                        "End":"2019-11-23 20:38:00"
                    }
                },
                "Set 5":0
            },
            "Substitutions 1":{
                "Set 1":{
                    "I":{
                        "0":3.0,
                        "1":null,
                        "2":null,
                        "3":null
                    },
                    "II":{
                        "0":7.0,
                        "1":null,
                        "2":null,
                        "3":null
                    },
                    "III":{
                        "0":"6",
                        "1":"1",
                        "2":"18:14",
                        "3":"24:18"
                    },
                    "IV":{
                        "0":8.0,
                        "1":null,
                        "2":null,
                        "3":null
                    },
                    "V":{
                        "0":10.0,
                        "1":null,
                        "2":null,
                        "3":null
                    },
                    "VI":{
                        "0":"9",
                        "1":"4",
                        "2":"18:14",
                        "3":"24:18"
                    }
                },
                "Set 2":{
                    "I":{
                        "0":3.0,
                        "1":null,
                        "2":null
                    },
                    "II":{
                        "0":"7",
                        "1":"12",
                        "2":"23:17"
                    },
                    "III":{
                        "0":"6",
                        "1":"1",
                        "2":"24:18"
                    },
                    "IV":{
                        "0":8.0,
                        "1":null,
                        "2":null
                    },
                    "V":{
                        "0":10.0,
                        "1":null,
                        "2":null
                    },
                    "VI":{
                        "0":"9",
                        "1":"4",
                        "2":"24:18"
                    }
                },
                "Set 3":{
                    "I":{
                        "0":3.0,
                        "1":null,
                        "2":null,
                        "3":null
                    },
                    "II":{
                        "0":"12",
                        "1":"10",
                        "2":"19:19",
                        "3":null
                    },
                    "III":{
                        "0":"6",
                        "1":"4",
                        "2":"18:18",
                        "3":"19:18"
                    },
                    "IV":{
                        "0":8.0,
                        "1":null,
                        "2":null,
                        "3":null
                    },
                    "V":{
                        "0":7.0,
                        "1":null,
                        "2":null,
                        "3":null
                    },
                    "VI":{
                        "0":"9",
                        "1":"1",
                        "2":"18:16",
                        "3":"20:19"
                    }
                },
                "Set 4":{
                    "I":{
                        "0":3.0,
                        "1":null,
                        "2":null,
                        "3":null
                    },
                    "II":{
                        "0":7.0,
                        "1":null,
                        "2":null,
                        "3":null
                    },
                    "III":{
                        "0":"6",
                        "1":"1",
                        "2":"17:9",
                        "3":"18:11"
                    },
                    "IV":{
                        "0":8.0,
                        "1":null,
                        "2":null,
                        "3":null
                    },
                    "V":{
                        "0":10.0,
                        "1":null,
                        "2":null,
                        "3":null
                    },
                    "VI":{
                        "0":"9",
                        "1":"4",
                        "2":"17:9",
                        "3":"18:11"
                    }
                },
                "Set 5":0
            },
            "Substitutions 2":{
                "Set 1":{
                    "I":{
                        "0":16.0,
                        "1":null,
                        "2":null
                    },
                    "II":{
                        "0":"11",
                        "1":"12",
                        "2":"14:21"
                    },
                    "III":{
                        "0":8.0,
                        "1":null,
                        "2":null
                    },
                    "IV":{
                        "0":15.0,
                        "1":null,
                        "2":null
                    },
                    "V":{
                        "0":14.0,
                        "1":null,
                        "2":null
                    },
                    "VI":{
                        "0":2.0,
                        "1":null,
                        "2":null
                    }
                },
                "Set 2":{
                    "I":{
                        "0":"8",
                        "1":"9",
                        "2":"15:20",
                        "3":"16:22"
                    },
                    "II":{
                        "0":16.0,
                        "1":null,
                        "2":null,
                        "3":null
                    },
                    "III":{
                        "0":14.0,
                        "1":null,
                        "2":null,
                        "3":null
                    },
                    "IV":{
                        "0":2.0,
                        "1":null,
                        "2":null,
                        "3":null
                    },
                    "V":{
                        "0":15.0,
                        "1":null,
                        "2":null,
                        "3":null
                    },
                    "VI":{
                        "0":"12",
                        "1":"11",
                        "2":"15:19",
                        "3":null
                    }
                },
                "Set 3":{
                    "I":{
                        "0":16.0,
                        "1":null,
                        "2":null,
                        "3":null
                    },
                    "II":{
                        "0":"11",
                        "1":"12",
                        "2":"11:15",
                        "3":null
                    },
                    "III":{
                        "0":15.0,
                        "1":null,
                        "2":null,
                        "3":null
                    },
                    "IV":{
                        "0":"1",
                        "1":"8",
                        "2":"12:15",
                        "3":"17:18"
                    },
                    "V":{
                        "0":14.0,
                        "1":null,
                        "2":null,
                        "3":null
                    },
                    "VI":{
                        "0":"2",
                        "1":"9",
                        "2":"20:20",
                        "3":"24:21"
                    }
                },
                "Set 4":{
                    "I":{
                        "0":"12",
                        "1":"11",
                        "2":"8:15",
                        "3":"11:22"
                    },
                    "II":{
                        "0":15.0,
                        "1":null,
                        "2":null,
                        "3":null
                    },
                    "III":{
                        "0":"1",
                        "1":"8",
                        "2":"10:17",
                        "3":null
                    },
                    "IV":{
                        "0":14.0,
                        "1":null,
                        "2":null,
                        "3":null
                    },
                    "V":{
                        "0":2.0,
                        "1":null,
                        "2":null,
                        "3":null
                    },
                    "VI":{
                        "0":16.0,
                        "1":null,
                        "2":null,
                        "3":null
                    }
                },
                "Set 5":0
            },
            "Serves 1":{
                "Set 1":{
                    "I":{
                        "0":"1",
                        "1":15
                    },
                    "II":{
                        "0":"3",
                        "1":17
                    },
                    "III":{
                        "0":"5",
                        "1":24
                    },
                    "IV":{
                        "0":"6",
                        "1":25
                    },
                    "V":{
                        "0":"11",
                        "1":null
                    },
                    "VI":{
                        "0":"14",
                        "1":null
                    }
                },
                "Set 2":{
                    "I":{
                        "0":null,
                        "1":9.0,
                        "2":22.0
                    },
                    "II":{
                        "0":"2",
                        "1":10,
                        "2":23
                    },
                    "III":{
                        "0":"3",
                        "1":13,
                        "2":25
                    },
                    "IV":{
                        "0":"4",
                        "1":14.0,
                        "2":null
                    },
                    "V":{
                        "0":"6",
                        "1":15.0,
                        "2":null
                    },
                    "VI":{
                        "0":"8",
                        "1":16.0,
                        "2":null
                    }
                },
                "Set 3":{
                    "I":{
                        "0":"2",
                        "1":8,
                        "2":19
                    },
                    "II":{
                        "0":"3",
                        "1":9,
                        "2":20
                    },
                    "III":{
                        "0":"4",
                        "1":15,
                        "2":22
                    },
                    "IV":{
                        "0":"5",
                        "1":16.0,
                        "2":null
                    },
                    "V":{
                        "0":"6",
                        "1":17.0,
                        "2":null
                    },
                    "VI":{
                        "0":"7",
                        "1":18.0,
                        "2":null
                    }
                },
                "Set 4":{
                    "I":{
                        "0":null,
                        "1":15.0
                    },
                    "II":{
                        "0":"3",
                        "1":16
                    },
                    "III":{
                        "0":"5",
                        "1":17
                    },
                    "IV":{
                        "0":"8",
                        "1":18
                    },
                    "V":{
                        "0":"11",
                        "1":23
                    },
                    "VI":{
                        "0":"12",
                        "1":25
                    }
                },
                "Set 5":0
            },
            "Serves 2":{
                "Set 1":{
                    "I":{
                        "0":null,
                        "1":12.0
                    },
                    "II":{
                        "0":"2",
                        "1":13
                    },
                    "III":{
                        "0":"5",
                        "1":14
                    },
                    "IV":{
                        "0":"7",
                        "1":18
                    },
                    "V":{
                        "0":"8",
                        "1":null
                    },
                    "VI":{
                        "0":"11",
                        "1":null
                    }
                },
                "Set 2":{
                    "I":{
                        "0":"0",
                        "1":10,
                        "2":17
                    },
                    "II":{
                        "0":"1",
                        "1":11,
                        "2":18
                    },
                    "III":{
                        "0":"3",
                        "1":12.0,
                        "2":null
                    },
                    "IV":{
                        "0":"5",
                        "1":13.0,
                        "2":null
                    },
                    "V":{
                        "0":"6",
                        "1":14.0,
                        "2":null
                    },
                    "VI":{
                        "0":"9",
                        "1":15.0,
                        "2":null
                    }
                },
                "Set 3":{
                    "I":{
                        "0":null,
                        "1":7.0,
                        "2":18.0
                    },
                    "II":{
                        "0":"2",
                        "1":10,
                        "2":19
                    },
                    "III":{
                        "0":"3",
                        "1":11,
                        "2":24
                    },
                    "IV":{
                        "0":"4",
                        "1":14,
                        "2":25
                    },
                    "V":{
                        "0":"5",
                        "1":15.0,
                        "2":null
                    },
                    "VI":{
                        "0":"6",
                        "1":16.0,
                        "2":null
                    }
                },
                "Set 4":{
                    "I":{
                        "0":"0",
                        "1":8
                    },
                    "II":{
                        "0":"3",
                        "1":9
                    },
                    "III":{
                        "0":"4",
                        "1":10
                    },
                    "IV":{
                        "0":"5",
                        "1":11
                    },
                    "V":{
                        "0":"6",
                        "1":13
                    },
                    "VI":{
                        "0":"7",
                        "1":null
                    }
                },
                "Set 5":0
            },
            "Timeouts 1":{
                "Set 1":{
                    "T":{
                        "0":"11:11",
                        "1":"24:17"
                    }
                },
                "Set 2":{
                    "T":{
                        "0":"22:17"
                    }
                },
                "Set 3":{
                    "T":{
                        "0":"8:9",
                        "1":"9:11"
                    }
                },
                "Set 4":{
                    "T":{

                    }
                },
                "Set 5":0
            },
            "Timeouts 2":{
                "Set 1":{
                    "T":{
                        "0":"11:14"
                    }
                },
                "Set 2":{
                    "T":{
                        "0":"0:2",
                        "1":"12:14"
                    }
                },
                "Set 3":{
                    "T":{
                        "0":"11:10",
                        "1":"19:20"
                    }
                },
                "Set 4":{
                    "T":{
                        "0":"7:13",
                        "1":"11:20"
                    }
                },
                "Set 5":0
            }
        },
        "Teams":{
            "Name":{
                "Team 1":"EVREUX VOLLEY-BALL",
                "Team 2":"LEVALLOIS SPORTING CLUB"
            },
            "Players":{
                "Team 1":{
                    "N\u00b0":{
                        "0":1,
                        "1":3,
                        "2":4,
                        "3":5,
                        "4":6,
                        "5":7,
                        "6":8,
                        "7":9,
                        "8":10,
                        "9":11,
                        "10":12,
                        "11":20
                    },
                    "Nom Pr\u00e9nom":{
                        "0":"CHANAS MAUREEN",
                        "1":"VUJNOVIC MARIJA",
                        "2":"JOLMES AMY",
                        "3":"RUIZ ROMANE",
                        "4":"BONACOSSI VANESSA",
                        "5":"MILOVIC MARIJA",
                        "6":"HAEWEGENE SABINE",
                        "7":"WALSPECK MATHILDE",
                        "8":"PLAT CONSTANCE",
                        "9":"SHEVCHUK YANA",
                        "10":"HANQUIEZ MELINDA",
                        "11":"BLAZE AMALIA"
                    },
                    "Licence":{
                        "0":1733726,
                        "1":2407602,
                        "2":1874121,
                        "3":1618111,
                        "4":1391943,
                        "5":2188878,
                        "6":1887969,
                        "7":1817855,
                        "8":1923302,
                        "9":2407606,
                        "10":1803082,
                        "11":2001176
                    }
                },
                "Team 2":{
                    "N\u00b0":{
                        "0":1,
                        "1":2,
                        "2":4,
                        "3":5,
                        "4":8,
                        "5":9,
                        "6":10,
                        "7":11,
                        "8":12,
                        "9":14,
                        "10":15,
                        "11":16
                    },
                    "Nom Pr\u00e9nom":{
                        "0":"BA AUDE",
                        "1":"CLAVREUL CAMILLE",
                        "2":"SANGARE RAMATA",
                        "3":"CANS ROMANE",
                        "4":"HODL JULIA",
                        "5":"SAUTEREAU CHLOE",
                        "6":"GICQUEL AGATHE",
                        "7":"NARBONNE JULIETTE",
                        "8":"DIALLO MARIAME",
                        "9":"PICCOLO SOL",
                        "10":"KULLERKANN LIIS",
                        "11":"HANSSON FILIPPA"
                    },
                    "Licence":{
                        "0":1462862,
                        "1":1366383,
                        "2":1748687,
                        "3":1732961,
                        "4":2089365,
                        "5":2099422,
                        "6":1946091,
                        "7":1758768,
                        "8":1712849,
                        "9":2199453,
                        "10":2369702,
                        "11":2408723
                    }
                }
            },
            "Liberos":{
                "Team 1":{
                    "N\u00b0":{
                        "0":5
                    },
                    "Nom Pr\u00e9nom":{
                        "0":"RUIZ ROMANE"
                    },
                    "Licence":{
                        "0":1618111
                    }
                },
                "Team 2":{
                    "N\u00b0":{
                        "0":10
                    },
                    "Nom Pr\u00e9nom":{
                        "0":"GICQUEL AGATHE"
                    },
                    "Licence":{
                        "0":1946091
                    }
                }
            },
            "Officials":{
                "Team 1":{
                    "N\u00b0":{
                        "0":"EA",
                        "1":"EB",
                        "2":"EB",
                        "3":"SO"
                    },
                    "Nom Pr\u00e9nom":{
                        "0":"RIGAL FLAVIEN",
                        "1":"FAVRESSE GIL",
                        "2":"BORIE SEBASTIEN",
                        "3":"RIMBEUF JEREMY"
                    },
                    "Licence":{
                        "0":1402949,
                        "1":661033,
                        "2":1401395,
                        "3":2318870
                    }
                },
                "Team 2":{
                    "N\u00b0":{
                        "0":"EA"
                    },
                    "Nom Pr\u00e9nom":{
                        "0":"HAVAS FREDERIC"
                    },
                    "Licence":{
                        "0":1115859
                    }
                }
            }
        },
        "Results":{
            "winner":"EVREUX VOLLEY-BALL",
            "score":"3\/1"
        },
        "Referees":{
            "NOM Pr\u00e9nom":{
                "1er":"ABAZIOU MICHEL",
                "2\u00e8me":"PAGA GILLES",
                "Marqueur":"LEMETEIL ALEXANDRA",
                "Marq.Ass":".",
                "R.Salle":"LECONTE FRANTZ"
            },
            "Ligue":{
                "1er":"LIG_GES",
                "2\u00e8me":"LIG_HDF",
                "Marqueur":"LIG_NO",
                "Marq.Ass":null,
                "R.Salle":null
            },
            "Licence":{
                "1er":1794394.0,
                "2\u00e8me":1056992.0,
                "Marqueur":2311401.0,
                "Marq.Ass":null,
                "R.Salle":2013120.0
            }
        },
        "Penalties":{

        }
    }
}