{
    "Match":{
        "Title":{
            "div_code":"EFA ",
            "div_name":"ELITE FEMININE",
            "div_pool":"POULE A",
            "match_number":"EFA041",
            "match_day":"11",
            "city":"LEVALLOIS-PERRET",
            "gym":"MARIE-CLAIRE RESTOUX",
            "category":"SENIOR | FEMININE",
            "ligue":"Comp\u00e9titions Nationales SENIORS",
            "date":"2020-01-18 20:00:00",
            "team_1":"LEVALLOIS SPORTING CLUB",
            "team_2":"SENS VOLLEY 89"
        },
        "Sets":{
            "Teams":{
                "Set 1":{
                    "Name":{
                        "Team 1":"SENS VOLLEY 89",
                        "Team 2":"LEVALLOIS SPORTING CLU"
                    },
                    "Starting":{
                        "Team 1":"Service",
                        "Team 2":"Reception"
                    }
                },
                "Set 2":{
                    "Name":{
                        "Team 1":"SENS VOLLEY 89",
                        "Team 2":"LEVALLOIS SPORTING CLU"
                    },
                    "Starting":{
                        "Team 1":"Reception",
                        "Team 2":"Service"
                    }
                },
                "Set 3":{
                    "Name":{
                        "Team 1":"SENS VOLLEY 89",
                        "Team 2":"LEVALLOIS SPORTING CLU"
                    },
                    "Starting":{
                        "Team 1":"Service",
                        "Team 2":"Reception"
                    }
                },
                "Set 4":{
                    "Name":{
                        "Team 1":"SENS VOLLEY 89",
                        "Team 2":"LEVALLOIS SPORTING CLU"
                    },
                    "Starting":{
                        "Team 1":"Reception",
                        "Team 2":"Service"
                    }
                },
                "Set 5":{
                    "Name":{
                        "Team 1":"LEVALLOIS SPORTING",
                        "Team 2":"SENS VOLLEY 89"
                    },
                    "Starting":{
                        "Team 1":"Service",
                        "Team 2":"Reception"
                    }
                }
            },
            "Time":{
                "Set 1":{
                    "Time":{
                        "Start":"2020-01-18 20:00:00",
                        "End":"2020-01-18 20:28:00"
                    }
                },
                "Set 2":{
                    "Time":{
                        "Start":"2020-01-18 20:31:00",
                        "End":"2020-01-18 21:00:00"
                    }
                },
                "Set 3":{
                    "Time":{
                        "Start":"2020-01-18 21:06:00",
                        "End":"2020-01-18 21:34:00"
                    }
                },
                "Set 4":{
                    "Time":{
                        "Start":"2020-01-18 21:37:00",
                        "End":"2020-01-18 22:03:00"
                    }
                },
                "Set 5":{
                    "Time":{
                        "Start":"2020-01-18 22:06:00",
                        "End":"2020-01-18 22:22:00"
                    }
                }
            },
            "Substitutions 1":{
                "Set 1":{
                    "I":{
                        "0":9.0,
                        "1":null,
                        "2":null,
                        "3":null
                    },
                    "II":{
                        "0":"6",
                        "1":"11",
                        "2":"10:15",
                        "3":null
                    },
                    "III":{
                        "0":12.0,
                        "1":null,
                        "2":null,
                        "3":null
                    },
                    "IV":{
                        "0":"3",
                        "1":"14",
                        "2":"18:22",
                        "3":"18:23"
                    },
                    "V":{
                        "0":"4",
                        "1":"7",
                        "2":"4:10",
                        "3":null
                    },
                    "VI":{
                        "0":2.0,
                        "1":null,
                        "2":null,
                        "3":null
                    }
                },
                "Set 2":{
                    "I":{
                        "0":2.0,
                        "1":null,
                        "2":null
                    },
                    "II":{
                        "0":9.0,
                        "1":null,
                        "2":null
                    },
                    "III":{
                        "0":6.0,
                        "1":null,
                        "2":null
                    },
                    "IV":{
                        "0":12.0,
                        "1":null,
                        "2":null
                    },
                    "V":{
                        "0":"3",
                        "1":"11",
                        "2":"7:10"
                    },
                    "VI":{
                        "0":"7",
                        "1":"4",
                        "2":"12:15"
                    }
                },
                "Set 3":{
                    "I":{
                        "0":9.0,
                        "1":null,
                        "2":null
                    },
                    "II":{
                        "0":6.0,
                        "1":null,
                        "2":null
                    },
                    "III":{
                        "0":12.0,
                        "1":null,
                        "2":null
                    },
                    "IV":{
                        "0":11.0,
                        "1":null,
                        "2":null
                    },
                    "V":{
                        "0":"4",
                        "1":"7",
                        "2":"2:10"
                    },
                    "VI":{
                        "0":2.0,
                        "1":null,
                        "2":null
                    }
                },
                "Set 4":{
                    "I":{
                        "0":2
                    },
                    "II":{
                        "0":9
                    },
                    "III":{
                        "0":6
                    },
                    "IV":{
                        "0":12
                    },
                    "V":{
                        "0":11
                    },
                    "VI":{
                        "0":7
                    }
                },
                "Set 5":{
                    "I":{
                        "0":12.0,
                        "1":null,
                        "2":null,
                        "3":null
                    },
                    "II":{
                        "0":"4",
                        "1":"2",
                        "2":"1:3",
                        "3":"4:9"
                    },
                    "III":{
                        "0":1.0,
                        "1":null,
                        "2":null,
                        "3":null
                    },
                    "IV":{
                        "0":14.0,
                        "1":null,
                        "2":null,
                        "3":null
                    },
                    "V":{
                        "0":8.0,
                        "1":null,
                        "2":null,
                        "3":null
                    },
                    "VI":{
                        "0":16.0,
                        "1":null,
                        "2":null,
                        "3":null
                    }
                }
            },
            "Substitutions 2":{
                "Set 1":{
                    "I":{
                        "0":12.0,
                        "1":null,
                        "2":null,
                        "3":null
                    },
                    "II":{
                        "0":"4",
                        "1":"2",
                        "2":"19:15",
                        "3":"23:18"
                    },
                    "III":{
                        "0":1.0,
                        "1":null,
                        "2":null,
                        "3":null
                    },
                    "IV":{
                        "0":14.0,
                        "1":null,
                        "2":null,
                        "3":null
                    },
                    "V":{
                        "0":8.0,
                        "1":null,
                        "2":null,
                        "3":null
                    },
                    "VI":{
                        "0":16.0,
                        "1":null,
                        "2":null,
                        "3":null
                    }
                },
                "Set 2":{
                    "I":{
                        "0":12.0,
                        "1":null,
                        "2":null
                    },
                    "II":{
                        "0":"4",
                        "1":"2",
                        "2":"16:16"
                    },
                    "III":{
                        "0":1.0,
                        "1":null,
                        "2":null
                    },
                    "IV":{
                        "0":14.0,
                        "1":null,
                        "2":null
                    },
                    "V":{
                        "0":8.0,
                        "1":null,
                        "2":null
                    },
                    "VI":{
                        "0":16.0,
                        "1":null,
                        "2":null
                    }
                },
                "Set 3":{
                    "I":{
                        "0":12.0,
                        "1":null,
                        "2":null
                    },
                    "II":{
                        "0":"4",
                        "1":"2",
                        "2":"19:10"
                    },
                    "III":{
                        "0":1.0,
                        "1":null,
                        "2":null
                    },
                    "IV":{
                        "0":14.0,
                        "1":null,
                        "2":null
                    },
                    "V":{
                        "0":8.0,
                        "1":null,
                        "2":null
                    },
                    "VI":{
                        "0":16.0,
                        "1":null,
                        "2":null
                    }
                },
                "Set 4":{
                    "I":{
                        "0":16.0,
                        "1":null,
                        "2":null,
                        "3":null
                    },
                    "II":{
                        "0":"12",
                        "1":"11",
                        "2":"8:10",
                        "3":"9:12"
                    },
                    "III":{
                        "0":"4",
                        "1":"2",
                        "2":"8:8",
                        "3":"10:16"
                    },
                    "IV":{
                        "0":1.0,
                        "1":null,
                        "2":null,
                        "3":null
                    },
                    "V":{
                        "0":14.0,
                        "1":null,
                        "2":null,
                        "3":null
                    },
                    "VI":{
                        "0":8.0,
                        "1":null,
                        "2":null,
                        "3":null
                    }
                },
                "Set 5":{
                    "I":{
                        "0":2
                    },
                    "II":{
                        "0":9
                    },
                    "III":{
                        "0":6
                    },
                    "IV":{
                        "0":12
                    },
                    "V":{
                        "0":11
                    },
                    "VI":{
                        "0":7
                    }
                }
            },
            "Serves 1":{
                "Set 1":{
                    "I":{
                        "0":"1",
                        "1":12
                    },
                    "II":{
                        "0":"3",
                        "1":15
                    },
                    "III":{
                        "0":"4",
                        "1":17
                    },
                    "IV":{
                        "0":"5",
                        "1":18
                    },
                    "V":{
                        "0":"10",
                        "1":null
                    },
                    "VI":{
                        "0":"11",
                        "1":null
                    }
                },
                "Set 2":{
                    "I":{
                        "0":null,
                        "1":7.0,
                        "2":19.0
                    },
                    "II":{
                        "0":"1",
                        "1":8,
                        "2":23
                    },
                    "III":{
                        "0":"2",
                        "1":9,
                        "2":25
                    },
                    "IV":{
                        "0":"3",
                        "1":11.0,
                        "2":null
                    },
                    "V":{
                        "0":"4",
                        "1":12.0,
                        "2":null
                    },
                    "VI":{
                        "0":"6",
                        "1":13.0,
                        "2":null
                    }
                },
                "Set 3":{
                    "I":{
                        "0":"1",
                        "1":10
                    },
                    "II":{
                        "0":"2",
                        "1":12
                    },
                    "III":{
                        "0":"3",
                        "1":13
                    },
                    "IV":{
                        "0":"4",
                        "1":14
                    },
                    "V":{
                        "0":"6",
                        "1":16
                    },
                    "VI":{
                        "0":"7",
                        "1":17
                    }
                },
                "Set 4":{
                    "I":{
                        "0":null,
                        "1":20.0
                    },
                    "II":{
                        "0":"2",
                        "1":23
                    },
                    "III":{
                        "0":"3",
                        "1":24
                    },
                    "IV":{
                        "0":"6",
                        "1":25
                    },
                    "V":{
                        "0":"10",
                        "1":null
                    },
                    "VI":{
                        "0":"16",
                        "1":null
                    }
                },
                "Set 5":{
                    "I":{
                        "0":"0",
                        "1":6
                    },
                    "II":{
                        "0":"1",
                        "1":null
                    },
                    "III":{
                        "0":"2",
                        "1":null
                    },
                    "IV":{
                        "0":"3",
                        "1":null
                    },
                    "V":{
                        "0":"4",
                        "1":null
                    },
                    "VI":{
                        "0":"5",
                        "1":null
                    }
                }
            },
            "Serves 2":{
                "Set 1":{
                    "I":{
                        "0":null,
                        "1":18.0
                    },
                    "II":{
                        "0":"1",
                        "1":19
                    },
                    "III":{
                        "0":"8",
                        "1":21
                    },
                    "IV":{
                        "0":"10",
                        "1":22
                    },
                    "V":{
                        "0":"11",
                        "1":25
                    },
                    "VI":{
                        "0":"17",
                        "1":null
                    }
                },
                "Set 2":{
                    "I":{
                        "0":"0",
                        "1":10,
                        "2":19
                    },
                    "II":{
                        "0":"1",
                        "1":11,
                        "2":20
                    },
                    "III":{
                        "0":"3",
                        "1":13.0,
                        "2":null
                    },
                    "IV":{
                        "0":"6",
                        "1":14.0,
                        "2":null
                    },
                    "V":{
                        "0":"7",
                        "1":15.0,
                        "2":null
                    },
                    "VI":{
                        "0":"8",
                        "1":16.0,
                        "2":null
                    }
                },
                "Set 3":{
                    "I":{
                        "0":null,
                        "1":18.0,
                        "2":25.0
                    },
                    "II":{
                        "0":"5",
                        "1":19.0,
                        "2":null
                    },
                    "III":{
                        "0":"12",
                        "1":21.0,
                        "2":null
                    },
                    "IV":{
                        "0":"13",
                        "1":22.0,
                        "2":null
                    },
                    "V":{
                        "0":"14",
                        "1":23.0,
                        "2":null
                    },
                    "VI":{
                        "0":"15",
                        "1":24.0,
                        "2":null
                    }
                },
                "Set 4":{
                    "I":{
                        "0":"0",
                        "1":13
                    },
                    "II":{
                        "0":"3",
                        "1":14
                    },
                    "III":{
                        "0":"5",
                        "1":15
                    },
                    "IV":{
                        "0":"8",
                        "1":null
                    },
                    "V":{
                        "0":"9",
                        "1":null
                    },
                    "VI":{
                        "0":"10",
                        "1":null
                    }
                },
                "Set 5":{
                    "I":{
                        "0":null,
                        "1":11.0
                    },
                    "II":{
                        "0":"3",
                        "1":15
                    },
                    "III":{
                        "0":"6",
                        "1":null
                    },
                    "IV":{
                        "0":"7",
                        "1":null
                    },
                    "V":{
                        "0":"8",
                        "1":null
                    },
                    "VI":{
                        "0":"10",
                        "1":null
                    }
                }
            },
            "Timeouts 1":{
                "Set 1":{
                    "T":{
                        "0":"10:14",
                        "1":"15:20"
                    }
                },
                "Set 2":{
                    "T":{

                    }
                },
                "Set 3":{
                    "T":{
                        "0":"1:5",
                        "1":"2:12"
                    }
                },
                "Set 4":{
                    "T":{

                    }
                },
                "Set 5":{
                    "T":{
                        "0":"6:14"
                    }
                }
            },
            "Timeouts 2":{
                "Set 1":{
                    "T":{
                        "0":"11:9",
                        "1":"22:18"
                    }
                },
                "Set 2":{
                    "T":{
                        "0":"19:22",
                        "1":"19:23"
                    }
                },
                "Set 3":{
                    "T":{
                        "0":"18:10"
                    }
                },
                "Set 4":{
                    "T":{
                        "0":"9:11",
                        "1":"10:19"
                    }
                },
                "Set 5":{
                    "T":{

                    }
                }
            }
        },
        "Teams":{
            "Name":{
                "Team 1":"LEVALLOIS SPORTING CLUB",
                "Team 2":"SENS VOLLEY 89"
            },
            "Players":{
                "Team 1":{
                    "N\u00b0":{
                        "0":1,
                        "1":2,
                        "2":4,
                        "3":5,
                        "4":8,
                        "5":10,
                        "6":11,
                        "7":12,
                        "8":14,
                        "9":16
                    },
                    "Nom Pr\u00e9nom":{
                        "0":"BA AUDE",
                        "1":"CLAVREUL CAMILLE",
                        "2":"SANGARE RAMATA",
                        "3":"CANS ROMANE",
                        "4":"HODL JULIA",
                        "5":"GICQUEL AGATHE",
                        "6":"NARBONNE JULIETTE",
                        "7":"DIALLO MARIAME",
                        "8":"PICCOLO SOL",
                        "9":"HANSSON FILIPPA"
                    },
                    "Licence":{
                        "0":1462862,
                        "1":1366383,
                        "2":1748687,
                        "3":1732961,
                        "4":2089365,
                        "5":1946091,
                        "6":1758768,
                        "7":1712849,
                        "8":2199453,
                        "9":2408723
                    }
                },
                "Team 2":{
                    "N\u00b0":{
                        "0":2,
                        "1":3,
                        "2":4,
                        "3":5,
                        "4":6,
                        "5":7,
                        "6":9,
                        "7":11,
                        "8":12,
                        "9":14,
                        "10":15
                    },
                    "Nom Pr\u00e9nom":{
                        "0":"TETUANUI KATIA",
                        "1":"SOW BINETOU",
                        "2":"VAKI VALERIA",
                        "3":"LABASTE TEHEA",
                        "4":"TAURAA KAHAIALANIE-LAYANNA",
                        "5":"LABASTE TEHEI",
                        "6":"BENDA GABRIELLE",
                        "7":"VAKI VAITEANI",
                        "8":"SULLIVAN KATHRYN",
                        "9":"KRALJ SYDNEY",
                        "10":"MARKIEWICZ ALICJA"
                    },
                    "Licence":{
                        "0":2182733,
                        "1":2089666,
                        "2":1989520,
                        "3":2135072,
                        "4":2341653,
                        "5":2135073,
                        "6":2406960,
                        "7":2101201,
                        "8":2406962,
                        "9":2406961,
                        "10":2409080
                    }
                }
            },
            "Liberos":{
                "Team 1":{
                    "N\u00b0":{
                        "0":5,
                        "1":10
                    },
                    "Nom Pr\u00e9nom":{
                        "0":"CANS ROMANE",
                        "1":"GICQUEL AGATHE"
                    },
                    "Licence":{
                        "0":1732961,
                        "1":1946091
                    }
                },
                "Team 2":{
                    "N\u00b0":{
                        "0":5,
                        "1":15
                    },
                    "Nom Pr\u00e9nom":{
                        "0":"LABASTE TEHEA",
                        "1":"MARKIEWICZ ALICJA"
                    },
                    "Licence":{
                        "0":2135072,
                        "1":2409080
                    }
                }
            },
            "Officials":{
                "Team 1":{
                    "N\u00b0":{
                        "0":"EA"
                    },
                    "Nom Pr\u00e9nom":{
                        "0":"HAVAS FREDERIC"
                    },
                    "Licence":{
                        "0":1115859
                    }
                },
                "Team 2":{
                    "N\u00b0":{
                        "0":"EA",
                        "1":"EB"
                    },
                    "Nom Pr\u00e9nom":{
                        "0":"GUILLE JOHANN",
                        "1":"ROCHE VINCENT"
                    },
                    "Licence":{
                        "0":1439571,
                        "1":1127959
                    }
                }
            }
        },
        "Results":{
            "winner":"SENS VOLLEY 89",
            "score":"3\/2"
        },
        "Referees":{
            "NOM Pr\u00e9nom":{
                "1er":"DA SILVA VICTOR",
                "2\u00e8me":"EL ASBAHANI NAJIB",
                "Marqueur":"MARME CAROLE",
                "Marq.Ass":".",
                "R.Salle":"BRENNAN LUCE"
            },
            "Ligue":{
                "1er":"LIG_HDF",
                "2\u00e8me":"LIG_IF",
                "Marqueur":"LIG_IF",
                "Marq.Ass":null,
                "R.Salle":"LIG_IF"
            },
            "Licence":{
                "1er":948046.0,
                "2\u00e8me":1229669.0,
                "Marqueur":1909137.0,
                "Marq.Ass":null,
                "R.Salle":1659096.0
            }
        },
        "Penalties":{

        }
    }
}