{
    "Match":{
        "Title":{
            "div_code":"EFA ",
            "div_name":"ELITE FEMININE",
            "div_pool":"POULE A",
            "match_number":"EFA055",
            "match_day":"14",
            "city":"SENS",
            "gym":"COMPLEXE SPORTIF ROGER BRETON",
            "category":"SENIOR | FEMININE",
            "ligue":"Comp\u00e9titions Nationales SENIORS",
            "date":"2020-02-15 20:00:00",
            "team_1":"SENS VOLLEY 89",
            "team_2":"RENNES ETUDIANTS CLUB"
        },
        "Sets":{
            "Teams":{
                "Set 1":{
                    "Name":{
                        "Team 1":"RENNES ETUDIANTS CLUB",
                        "Team 2":"SENS VOLLEY 89"
                    },
                    "Starting":{
                        "Team 1":"Service",
                        "Team 2":"Reception"
                    }
                },
                "Set 2":{
                    "Name":{
                        "Team 1":"RENNES ETUDIANTS CLUB",
                        "Team 2":"SENS VOLLEY 89"
                    },
                    "Starting":{
                        "Team 1":"Reception",
                        "Team 2":"Service"
                    }
                },
                "Set 3":{
                    "Name":{
                        "Team 1":"RENNES ETUDIANTS CLUB",
                        "Team 2":"SENS VOLLEY 89"
                    },
                    "Starting":{
                        "Team 1":"Service",
                        "Team 2":"Reception"
                    }
                },
                "Set 4":0,
                "Set 5":0
            },
            "Time":{
                "Set 1":{
                    "Time":{
                        "Start":"2020-02-15 20:00:00",
                        "End":"2020-02-15 20:23:00"
                    }
                },
                "Set 2":{
                    "Time":{
                        "Start":"2020-02-15 20:26:00",
                        "End":"2020-02-15 20:52:00"
                    }
                },
                "Set 3":{
                    "Time":{
                        "Start":"2020-02-15 21:02:00",
                        "End":"2020-02-15 21:25:00"
                    }
                },
                "Set 4":0,
                "Set 5":0
            },
            "Substitutions 1":{
                "Set 1":{
                    "I":{
                        "0":"15",
                        "1":"1",
                        "2":"0:3",
                        "3":null
                    },
                    "II":{
                        "0":"10",
                        "1":"8",
                        "2":"12:22",
                        "3":null
                    },
                    "III":{
                        "0":4.0,
                        "1":null,
                        "2":null,
                        "3":null
                    },
                    "IV":{
                        "0":12.0,
                        "1":null,
                        "2":null,
                        "3":null
                    },
                    "V":{
                        "0":"6",
                        "1":"17",
                        "2":"4:12",
                        "3":"12:21"
                    },
                    "VI":{
                        "0":11.0,
                        "1":null,
                        "2":null,
                        "3":null
                    }
                },
                "Set 2":{
                    "I":{
                        "0":"10",
                        "1":"17",
                        "2":"17:22"
                    },
                    "II":{
                        "0":4.0,
                        "1":null,
                        "2":null
                    },
                    "III":{
                        "0":12.0,
                        "1":null,
                        "2":null
                    },
                    "IV":{
                        "0":6.0,
                        "1":null,
                        "2":null
                    },
                    "V":{
                        "0":11.0,
                        "1":null,
                        "2":null
                    },
                    "VI":{
                        "0":1.0,
                        "1":null,
                        "2":null
                    }
                },
                "Set 3":{
                    "I":{
                        "0":"1",
                        "1":"15",
                        "2":"10:19"
                    },
                    "II":{
                        "0":10.0,
                        "1":null,
                        "2":null
                    },
                    "III":{
                        "0":"4",
                        "1":"8",
                        "2":"13:24"
                    },
                    "IV":{
                        "0":12.0,
                        "1":null,
                        "2":null
                    },
                    "V":{
                        "0":"6",
                        "1":"17",
                        "2":"0:4"
                    },
                    "VI":{
                        "0":11.0,
                        "1":null,
                        "2":null
                    }
                },
                "Set 4":0,
                "Set 5":0
            },
            "Substitutions 2":{
                "Set 1":{
                    "I":{
                        "0":2
                    },
                    "II":{
                        "0":9
                    },
                    "III":{
                        "0":6
                    },
                    "IV":{
                        "0":12
                    },
                    "V":{
                        "0":7
                    },
                    "VI":{
                        "0":10
                    }
                },
                "Set 2":{
                    "I":{
                        "0":9.0,
                        "1":null,
                        "2":null
                    },
                    "II":{
                        "0":6.0,
                        "1":null,
                        "2":null
                    },
                    "III":{
                        "0":12.0,
                        "1":null,
                        "2":null
                    },
                    "IV":{
                        "0":7.0,
                        "1":null,
                        "2":null
                    },
                    "V":{
                        "0":"10",
                        "1":"4",
                        "2":"18:17"
                    },
                    "VI":{
                        "0":2.0,
                        "1":null,
                        "2":null
                    }
                },
                "Set 3":{
                    "I":{
                        "0":"2",
                        "1":"5",
                        "2":"11:8",
                        "3":"15:10"
                    },
                    "II":{
                        "0":9.0,
                        "1":null,
                        "2":null,
                        "3":null
                    },
                    "III":{
                        "0":6.0,
                        "1":null,
                        "2":null,
                        "3":null
                    },
                    "IV":{
                        "0":12.0,
                        "1":null,
                        "2":null,
                        "3":null
                    },
                    "V":{
                        "0":7.0,
                        "1":null,
                        "2":null,
                        "3":null
                    },
                    "VI":{
                        "0":10.0,
                        "1":null,
                        "2":null,
                        "3":null
                    }
                },
                "Set 4":0,
                "Set 5":0
            },
            "Serves 1":{
                "Set 1":{
                    "I":{
                        "0":"0",
                        "1":9
                    },
                    "II":{
                        "0":"1",
                        "1":10
                    },
                    "III":{
                        "0":"2",
                        "1":12
                    },
                    "IV":{
                        "0":"3",
                        "1":13
                    },
                    "V":{
                        "0":"4",
                        "1":null
                    },
                    "VI":{
                        "0":"6",
                        "1":null
                    }
                },
                "Set 2":{
                    "I":{
                        "0":null,
                        "1":7.0,
                        "2":19.0
                    },
                    "II":{
                        "0":"2",
                        "1":8.0,
                        "2":null
                    },
                    "III":{
                        "0":"3",
                        "1":10.0,
                        "2":null
                    },
                    "IV":{
                        "0":"4",
                        "1":11.0,
                        "2":null
                    },
                    "V":{
                        "0":"5",
                        "1":14.0,
                        "2":null
                    },
                    "VI":{
                        "0":"6",
                        "1":17.0,
                        "2":null
                    }
                },
                "Set 3":{
                    "I":{
                        "0":"0",
                        "1":11
                    },
                    "II":{
                        "0":"3",
                        "1":12
                    },
                    "III":{
                        "0":"4",
                        "1":15
                    },
                    "IV":{
                        "0":"6",
                        "1":null
                    },
                    "V":{
                        "0":"9",
                        "1":null
                    },
                    "VI":{
                        "0":"10",
                        "1":null
                    }
                },
                "Set 4":0,
                "Set 5":0
            },
            "Serves 2":{
                "Set 1":{
                    "I":{
                        "0":null,
                        "1":13.0
                    },
                    "II":{
                        "0":"3",
                        "1":16
                    },
                    "III":{
                        "0":"7",
                        "1":19
                    },
                    "IV":{
                        "0":"8",
                        "1":23
                    },
                    "V":{
                        "0":"9",
                        "1":25
                    },
                    "VI":{
                        "0":"12",
                        "1":null
                    }
                },
                "Set 2":{
                    "I":{
                        "0":"1",
                        "1":11,
                        "2":25
                    },
                    "II":{
                        "0":"3",
                        "1":15.0,
                        "2":null
                    },
                    "III":{
                        "0":"4",
                        "1":16.0,
                        "2":null
                    },
                    "IV":{
                        "0":"6",
                        "1":17.0,
                        "2":null
                    },
                    "V":{
                        "0":"8",
                        "1":18.0,
                        "2":null
                    },
                    "VI":{
                        "0":"9",
                        "1":24.0,
                        "2":null
                    }
                },
                "Set 3":{
                    "I":{
                        "0":null,
                        "1":21.0
                    },
                    "II":{
                        "0":"4",
                        "1":22
                    },
                    "III":{
                        "0":"6",
                        "1":24
                    },
                    "IV":{
                        "0":"8",
                        "1":25
                    },
                    "V":{
                        "0":"11",
                        "1":null
                    },
                    "VI":{
                        "0":"14",
                        "1":null
                    }
                },
                "Set 4":0,
                "Set 5":0
            },
            "Timeouts 1":{
                "Set 1":{
                    "T":{
                        "0":"10:19"
                    }
                },
                "Set 2":{
                    "T":{
                        "0":"8:14",
                        "1":"17:20"
                    }
                },
                "Set 3":{
                    "T":{
                        "0":"9:14"
                    }
                },
                "Set 4":0,
                "Set 5":0
            },
            "Timeouts 2":{
                "Set 1":{
                    "T":{

                    }
                },
                "Set 2":{
                    "T":{
                        "0":"17:14"
                    }
                },
                "Set 3":{
                    "T":{
                        "0":"24:15"
                    }
                },
                "Set 4":0,
                "Set 5":0
            }
        },
        "Teams":{
            "Name":{
                "Team 1":"SENS VOLLEY 89",
                "Team 2":"RENNES ETUDIANTS CLUB"
            },
            "Players":{
                "Team 1":{
                    "N\u00b0":{
                        "0":2,
                        "1":3,
                        "2":4,
                        "3":5,
                        "4":6,
                        "5":7,
                        "6":9,
                        "7":10,
                        "8":11,
                        "9":12,
                        "10":14,
                        "11":15
                    },
                    "Nom Pr\u00e9nom":{
                        "0":"TETUANUI KATIA",
                        "1":"SOW BINETOU",
                        "2":"VAKI VALERIA",
                        "3":"LABASTE TEHEA",
                        "4":"TAURAA KAHAIALANIE-LAYANNA",
                        "5":"LABASTE TEHEI",
                        "6":"BENDA GABRIELLE",
                        "7":"FAWZIYA ABDOULKARIM",
                        "8":"FRANCOIS LOU-ANNE",
                        "9":"SULLIVAN KATHRYN",
                        "10":"KRALJ SYDNEY",
                        "11":"MARKIEWICZ ALICJA"
                    },
                    "Licence":{
                        "0":2182733,
                        "1":2089666,
                        "2":1989520,
                        "3":2135072,
                        "4":2341653,
                        "5":2135073,
                        "6":2406960,
                        "7":2199372,
                        "8":2360040,
                        "9":2406962,
                        "10":2406961,
                        "11":2409080
                    }
                },
                "Team 2":{
                    "N\u00b0":{
                        "0":1,
                        "1":2,
                        "2":4,
                        "3":6,
                        "4":8,
                        "5":9,
                        "6":10,
                        "7":11,
                        "8":12,
                        "9":15,
                        "10":17
                    },
                    "Nom Pr\u00e9nom":{
                        "0":"MOTTA PAES LOANE",
                        "1":"TAFILAGI MALIA-LITA",
                        "2":"PREVERT FLORIANE",
                        "3":"KONE FANTA",
                        "4":"RACINET LAURINE",
                        "5":"LE MOIGNE LENAIG",
                        "6":"ESTEPHANIE GOULART NAYARA",
                        "7":"CODIAL OUMAYMA",
                        "8":"CAMPOS CAMARINHA SYLVIA",
                        "9":"ERHART ALEXANDRA",
                        "10":"CHOTARD CHRYSTELLE"
                    },
                    "Licence":{
                        "0":1895905,
                        "1":2235567,
                        "2":1478302,
                        "3":1718524,
                        "4":1826183,
                        "5":1731845,
                        "6":2408914,
                        "7":1991883,
                        "8":2408911,
                        "9":1806300,
                        "10":1233199
                    }
                }
            },
            "Liberos":{
                "Team 1":{
                    "N\u00b0":{
                        "0":11,
                        "1":15
                    },
                    "Nom Pr\u00e9nom":{
                        "0":"FRANCOIS LOU-ANNE",
                        "1":"MARKIEWICZ ALICJA"
                    },
                    "Licence":{
                        "0":2360040,
                        "1":2409080
                    }
                },
                "Team 2":{
                    "N\u00b0":{
                        "0":9
                    },
                    "Nom Pr\u00e9nom":{
                        "0":"LE MOIGNE LENAIG"
                    },
                    "Licence":{
                        "0":1731845
                    }
                }
            },
            "Officials":{
                "Team 1":{
                    "N\u00b0":{
                        "0":"EA",
                        "1":"SO"
                    },
                    "Nom Pr\u00e9nom":{
                        "0":"GUILLE JOHANN",
                        "1":"MARCHAND THOMAS"
                    },
                    "Licence":{
                        "0":1439571,
                        "1":1815747
                    }
                },
                "Team 2":{
                    "N\u00b0":{
                        "0":"EA",
                        "1":"SO"
                    },
                    "Nom Pr\u00e9nom":{
                        "0":"CHUBILLEAU YANN",
                        "1":"MARTIN ALEXIS"
                    },
                    "Licence":{
                        "0":29777,
                        "1":2423668
                    }
                }
            }
        },
        "Results":{
            "winner":"SENS VOLLEY 89",
            "score":"3\/0"
        },
        "Referees":{
            "NOM Pr\u00e9nom":{
                "1er":"GREMILLON STEPHANE",
                "2\u00e8me":"LE MOINE NADINE",
                "Marqueur":"DURANTON SYLVIE",
                "Marq.Ass":".",
                "R.Salle":"ROCHE CLAUDE"
            },
            "Ligue":{
                "1er":"LIG_AQ",
                "2\u00e8me":"LIG_PL",
                "Marqueur":"LIG_BFC",
                "Marq.Ass":null,
                "R.Salle":"LIG_BFC"
            },
            "Licence":{
                "1er":1232121.0,
                "2\u00e8me":945648.0,
                "Marqueur":1353529.0,
                "Marq.Ass":null,
                "R.Salle":1921672.0
            }
        },
        "Penalties":{

        }
    }
}