{
    "Match":{
        "Title":{
            "div_code":"EFA ",
            "div_name":"ELITE FEMININE",
            "div_pool":"POULE A",
            "match_number":"EFA050",
            "match_day":"13",
            "city":"QUIMPER",
            "gym":"HALLE DES SPORTS ERGUE ARMEL",
            "category":"SENIOR | FEMININE",
            "ligue":"Comp\u00e9titions Nationales SENIORS",
            "date":"2020-02-01 20:00:00",
            "team_1":"QUIMPER VOLLEY 29",
            "team_2":"SENS VOLLEY 89"
        },
        "Sets":{
            "Teams":{
                "Set 1":{
                    "Name":{
                        "Team 1":"QUIMPER VOLLEY 29",
                        "Team 2":"SENS VOLLEY 89"
                    },
                    "Starting":{
                        "Team 1":"Service",
                        "Team 2":"Reception"
                    }
                },
                "Set 2":{
                    "Name":{
                        "Team 1":"QUIMPER VOLLEY 29",
                        "Team 2":"SENS VOLLEY 89"
                    },
                    "Starting":{
                        "Team 1":"Reception",
                        "Team 2":"Service"
                    }
                },
                "Set 3":{
                    "Name":{
                        "Team 1":"QUIMPER VOLLEY 29",
                        "Team 2":"SENS VOLLEY 89"
                    },
                    "Starting":{
                        "Team 1":"Service",
                        "Team 2":"Reception"
                    }
                },
                "Set 4":{
                    "Name":{
                        "Team 1":"QUIMPER VOLLEY 29",
                        "Team 2":"SENS VOLLEY 89"
                    },
                    "Starting":{
                        "Team 1":"Reception",
                        "Team 2":"Service"
                    }
                },
                "Set 5":0
            },
            "Time":{
                "Set 1":{
                    "Time":{
                        "Start":"2020-02-01 20:00:00",
                        "End":"2020-02-01 20:25:00"
                    }
                },
                "Set 2":{
                    "Time":{
                        "Start":"2020-02-01 20:28:00",
                        "End":"2020-02-01 20:59:00"
                    }
                },
                "Set 3":{
                    "Time":{
                        "Start":"2020-02-01 21:09:00",
                        "End":"2020-02-01 21:37:00"
                    }
                },
                "Set 4":{
                    "Time":{
                        "Start":"2020-02-01 21:40:00",
                        "End":"2020-02-01 22:06:00"
                    }
                },
                "Set 5":0
            },
            "Substitutions 1":{
                "Set 1":{
                    "I":{
                        "0":"9",
                        "1":"19",
                        "2":"19:15"
                    },
                    "II":{
                        "0":1.0,
                        "1":null,
                        "2":null
                    },
                    "III":{
                        "0":12.0,
                        "1":null,
                        "2":null
                    },
                    "IV":{
                        "0":"14",
                        "1":"5",
                        "2":"19:15"
                    },
                    "V":{
                        "0":8.0,
                        "1":null,
                        "2":null
                    },
                    "VI":{
                        "0":2.0,
                        "1":null,
                        "2":null
                    }
                },
                "Set 2":{
                    "I":{
                        "0":"9",
                        "1":"5",
                        "2":"17:22"
                    },
                    "II":{
                        "0":1.0,
                        "1":null,
                        "2":null
                    },
                    "III":{
                        "0":12.0,
                        "1":null,
                        "2":null
                    },
                    "IV":{
                        "0":14.0,
                        "1":null,
                        "2":null
                    },
                    "V":{
                        "0":"8",
                        "1":"19",
                        "2":"12:15"
                    },
                    "VI":{
                        "0":2.0,
                        "1":null,
                        "2":null
                    }
                },
                "Set 3":{
                    "I":{
                        "0":"9",
                        "1":"5",
                        "2":"22:16"
                    },
                    "II":{
                        "0":"1",
                        "1":"19",
                        "2":"23:16"
                    },
                    "III":{
                        "0":12.0,
                        "1":null,
                        "2":null
                    },
                    "IV":{
                        "0":14.0,
                        "1":null,
                        "2":null
                    },
                    "V":{
                        "0":8.0,
                        "1":null,
                        "2":null
                    },
                    "VI":{
                        "0":2.0,
                        "1":null,
                        "2":null
                    }
                },
                "Set 4":{
                    "I":{
                        "0":9.0,
                        "1":null,
                        "2":null
                    },
                    "II":{
                        "0":1.0,
                        "1":null,
                        "2":null
                    },
                    "III":{
                        "0":"12",
                        "1":"3",
                        "2":"24:16"
                    },
                    "IV":{
                        "0":14.0,
                        "1":null,
                        "2":null
                    },
                    "V":{
                        "0":8.0,
                        "1":null,
                        "2":null
                    },
                    "VI":{
                        "0":2.0,
                        "1":null,
                        "2":null
                    }
                },
                "Set 5":0
            },
            "Substitutions 2":{
                "Set 1":{
                    "I":{
                        "0":2.0,
                        "1":null,
                        "2":null
                    },
                    "II":{
                        "0":9.0,
                        "1":null,
                        "2":null
                    },
                    "III":{
                        "0":6.0,
                        "1":null,
                        "2":null
                    },
                    "IV":{
                        "0":12.0,
                        "1":null,
                        "2":null
                    },
                    "V":{
                        "0":"3",
                        "1":"7",
                        "2":"11:18"
                    },
                    "VI":{
                        "0":10.0,
                        "1":null,
                        "2":null
                    }
                },
                "Set 2":{
                    "I":{
                        "0":9.0,
                        "1":null,
                        "2":null
                    },
                    "II":{
                        "0":6.0,
                        "1":null,
                        "2":null
                    },
                    "III":{
                        "0":"12",
                        "1":"5",
                        "2":"9:10"
                    },
                    "IV":{
                        "0":7.0,
                        "1":null,
                        "2":null
                    },
                    "V":{
                        "0":10.0,
                        "1":null,
                        "2":null
                    },
                    "VI":{
                        "0":2.0,
                        "1":null,
                        "2":null
                    }
                },
                "Set 3":{
                    "I":{
                        "0":2.0,
                        "1":null,
                        "2":null
                    },
                    "II":{
                        "0":"9",
                        "1":"14",
                        "2":"11:19"
                    },
                    "III":{
                        "0":6.0,
                        "1":null,
                        "2":null
                    },
                    "IV":{
                        "0":5.0,
                        "1":null,
                        "2":null
                    },
                    "V":{
                        "0":"7",
                        "1":"3",
                        "2":"16:22"
                    },
                    "VI":{
                        "0":10.0,
                        "1":null,
                        "2":null
                    }
                },
                "Set 4":{
                    "I":{
                        "0":9.0,
                        "1":null,
                        "2":null
                    },
                    "II":{
                        "0":6.0,
                        "1":null,
                        "2":null
                    },
                    "III":{
                        "0":"5",
                        "1":"12",
                        "2":"5:9"
                    },
                    "IV":{
                        "0":7.0,
                        "1":null,
                        "2":null
                    },
                    "V":{
                        "0":10.0,
                        "1":null,
                        "2":null
                    },
                    "VI":{
                        "0":2.0,
                        "1":null,
                        "2":null
                    }
                },
                "Set 5":0
            },
            "Serves 1":{
                "Set 1":{
                    "I":{
                        "0":"0",
                        "1":14,
                        "2":25
                    },
                    "II":{
                        "0":"2",
                        "1":17.0,
                        "2":null
                    },
                    "III":{
                        "0":"5",
                        "1":18.0,
                        "2":null
                    },
                    "IV":{
                        "0":"6",
                        "1":19.0,
                        "2":null
                    },
                    "V":{
                        "0":"10",
                        "1":20.0,
                        "2":null
                    },
                    "VI":{
                        "0":"12",
                        "1":22.0,
                        "2":null
                    }
                },
                "Set 2":{
                    "I":{
                        "0":null,
                        "1":10.0,
                        "2":17.0
                    },
                    "II":{
                        "0":"1",
                        "1":11,
                        "2":18
                    },
                    "III":{
                        "0":"2",
                        "1":12.0,
                        "2":null
                    },
                    "IV":{
                        "0":"3",
                        "1":13.0,
                        "2":null
                    },
                    "V":{
                        "0":"6",
                        "1":14.0,
                        "2":null
                    },
                    "VI":{
                        "0":"7",
                        "1":15.0,
                        "2":null
                    }
                },
                "Set 3":{
                    "I":{
                        "0":"0",
                        "1":11,
                        "2":22
                    },
                    "II":{
                        "0":"1",
                        "1":14,
                        "2":23
                    },
                    "III":{
                        "0":"2",
                        "1":16,
                        "2":25
                    },
                    "IV":{
                        "0":"3",
                        "1":19.0,
                        "2":null
                    },
                    "V":{
                        "0":"9",
                        "1":20.0,
                        "2":null
                    },
                    "VI":{
                        "0":"10",
                        "1":21.0,
                        "2":null
                    }
                },
                "Set 4":{
                    "I":{
                        "0":null,
                        "1":10.0,
                        "2":21.0
                    },
                    "II":{
                        "0":"1",
                        "1":11,
                        "2":23
                    },
                    "III":{
                        "0":"3",
                        "1":12,
                        "2":24
                    },
                    "IV":{
                        "0":"4",
                        "1":17,
                        "2":25
                    },
                    "V":{
                        "0":"5",
                        "1":18.0,
                        "2":null
                    },
                    "VI":{
                        "0":"6",
                        "1":19.0,
                        "2":null
                    }
                },
                "Set 5":0
            },
            "Serves 2":{
                "Set 1":{
                    "I":{
                        "0":null,
                        "1":8.0,
                        "2":18.0
                    },
                    "II":{
                        "0":"1",
                        "1":10.0,
                        "2":null
                    },
                    "III":{
                        "0":"2",
                        "1":11.0,
                        "2":null
                    },
                    "IV":{
                        "0":"4",
                        "1":14.0,
                        "2":null
                    },
                    "V":{
                        "0":"5",
                        "1":16.0,
                        "2":null
                    },
                    "VI":{
                        "0":"7",
                        "1":17.0,
                        "2":null
                    }
                },
                "Set 2":{
                    "I":{
                        "0":"1",
                        "1":10,
                        "2":23
                    },
                    "II":{
                        "0":"3",
                        "1":13,
                        "2":25
                    },
                    "III":{
                        "0":"5",
                        "1":17.0,
                        "2":null
                    },
                    "IV":{
                        "0":"7",
                        "1":19.0,
                        "2":null
                    },
                    "V":{
                        "0":"8",
                        "1":20.0,
                        "2":null
                    },
                    "VI":{
                        "0":"9",
                        "1":21.0,
                        "2":null
                    }
                },
                "Set 3":{
                    "I":{
                        "0":null,
                        "1":7.0,
                        "2":14.0
                    },
                    "II":{
                        "0":"1",
                        "1":9,
                        "2":16
                    },
                    "III":{
                        "0":"2",
                        "1":10,
                        "2":18
                    },
                    "IV":{
                        "0":"3",
                        "1":11.0,
                        "2":null
                    },
                    "V":{
                        "0":"4",
                        "1":12.0,
                        "2":null
                    },
                    "VI":{
                        "0":"6",
                        "1":13.0,
                        "2":null
                    }
                },
                "Set 4":{
                    "I":{
                        "0":"0",
                        "1":6,
                        "2":15
                    },
                    "II":{
                        "0":"1",
                        "1":8,
                        "2":16
                    },
                    "III":{
                        "0":"2",
                        "1":9,
                        "2":17
                    },
                    "IV":{
                        "0":"3",
                        "1":10.0,
                        "2":null
                    },
                    "V":{
                        "0":"4",
                        "1":12.0,
                        "2":null
                    },
                    "VI":{
                        "0":"5",
                        "1":14.0,
                        "2":null
                    }
                },
                "Set 5":0
            },
            "Timeouts 1":{
                "Set 1":{
                    "T":{

                    }
                },
                "Set 2":{
                    "T":{
                        "0":"11:13",
                        "1":"13:19"
                    }
                },
                "Set 3":{
                    "T":{

                    }
                },
                "Set 4":{
                    "T":{

                    }
                },
                "Set 5":0
            },
            "Timeouts 2":{
                "Set 1":{
                    "T":{
                        "0":"5:10",
                        "1":"10:17"
                    }
                },
                "Set 2":{
                    "T":{
                        "0":"21:17"
                    }
                },
                "Set 3":{
                    "T":{
                        "0":"9:13",
                        "1":"11:18"
                    }
                },
                "Set 4":{
                    "T":{
                        "0":"9:14",
                        "1":"14:20"
                    }
                },
                "Set 5":0
            }
        },
        "Teams":{
            "Name":{
                "Team 1":"QUIMPER VOLLEY 29",
                "Team 2":"SENS VOLLEY 89"
            },
            "Players":{
                "Team 1":{
                    "N\u00b0":{
                        "0":1,
                        "1":2,
                        "2":3,
                        "3":4,
                        "4":5,
                        "5":6,
                        "6":8,
                        "7":9,
                        "8":10,
                        "9":12,
                        "10":14,
                        "11":19
                    },
                    "Nom Pr\u00e9nom":{
                        "0":"GAMBOVA BARBORA",
                        "1":"CARTER GRACE",
                        "2":"TADIC IVANA",
                        "3":"BOISARD ANNAIG",
                        "4":"DIOUMANERA SADIO",
                        "5":"MORILLON LOLA",
                        "6":"HASSENI ROXANE",
                        "7":"ROBITAILLE KIM",
                        "8":"BOISSELIER LAURA",
                        "9":"DIAGNE MARIEME",
                        "10":"FOUCHER VICTORIA",
                        "11":"VOJIKOVA KRISTYNA"
                    },
                    "Licence":{
                        "0":2300069,
                        "1":1941574,
                        "2":2298923,
                        "3":1673443,
                        "4":1896599,
                        "5":1894383,
                        "6":1663257,
                        "7":2409150,
                        "8":1881738,
                        "9":1903745,
                        "10":1881877,
                        "11":2409152
                    }
                },
                "Team 2":{
                    "N\u00b0":{
                        "0":2,
                        "1":3,
                        "2":4,
                        "3":5,
                        "4":6,
                        "5":7,
                        "6":9,
                        "7":10,
                        "8":12,
                        "9":14,
                        "10":15
                    },
                    "Nom Pr\u00e9nom":{
                        "0":"TETUANUI KATIA",
                        "1":"SOW BINETOU",
                        "2":"VAKI VALERIA",
                        "3":"LABASTE TEHEA",
                        "4":"TAURAA KAHAIALANIE-LAYANNA",
                        "5":"LABASTE TEHEI",
                        "6":"BENDA GABRIELLE",
                        "7":"FAWZIYA ABDOULKARIM",
                        "8":"SULLIVAN KATHRYN",
                        "9":"KRALJ SYDNEY",
                        "10":"MARKIEWICZ ALICJA"
                    },
                    "Licence":{
                        "0":2182733,
                        "1":2089666,
                        "2":1989520,
                        "3":2135072,
                        "4":2341653,
                        "5":2135073,
                        "6":2406960,
                        "7":2199372,
                        "8":2406962,
                        "9":2406961,
                        "10":2409080
                    }
                }
            },
            "Liberos":{
                "Team 1":{
                    "N\u00b0":{
                        "0":4,
                        "1":6
                    },
                    "Nom Pr\u00e9nom":{
                        "0":"BOISARD ANNAIG",
                        "1":"MORILLON LOLA"
                    },
                    "Licence":{
                        "0":1673443,
                        "1":1894383
                    }
                },
                "Team 2":{
                    "N\u00b0":{
                        "0":4,
                        "1":15
                    },
                    "Nom Pr\u00e9nom":{
                        "0":"VAKI VALERIA",
                        "1":"MARKIEWICZ ALICJA"
                    },
                    "Licence":{
                        "0":1989520,
                        "1":2409080
                    }
                }
            },
            "Officials":{
                "Team 1":{
                    "N\u00b0":{
                        "0":"EA",
                        "1":"EB",
                        "2":"ME"
                    },
                    "Nom Pr\u00e9nom":{
                        "0":"HROCH MARTIN",
                        "1":"DUVIVIER DOMINIQUE",
                        "2":"JACOLOT LAURE"
                    },
                    "Licence":{
                        "0":1231908,
                        "1":1228198,
                        "2":2312440
                    }
                },
                "Team 2":{
                    "N\u00b0":{
                        "0":"EA"
                    },
                    "Nom Pr\u00e9nom":{
                        "0":"GUILLE JOHANN"
                    },
                    "Licence":{
                        "0":1439571
                    }
                }
            }
        },
        "Results":{
            "winner":"QUIMPER VOLLEY 29",
            "score":"3\/1"
        },
        "Referees":{
            "NOM Pr\u00e9nom":{
                "1er":"EVAIN PAUL",
                "2\u00e8me":"EL ASBAHANI NAJIB",
                "Marqueur":"BRIOIS GAELLE",
                "Marq.Ass":".",
                "R.Salle":"MALLEGOL CAROLE"
            },
            "Ligue":{
                "1er":"LIG_NO",
                "2\u00e8me":"LIG_IF",
                "Marqueur":"LIG_BR",
                "Marq.Ass":null,
                "R.Salle":"LIG_BR"
            },
            "Licence":{
                "1er":1408109.0,
                "2\u00e8me":1229669.0,
                "Marqueur":1555191.0,
                "Marq.Ass":null,
                "R.Salle":2116198.0
            }
        },
        "Penalties":{

        }
    }
}