{
    "Match":{
        "Title":{
            "div_code":"EFA ",
            "div_name":"ELITE FEMININE",
            "div_pool":"POULE A",
            "match_number":"EFA035",
            "match_day":"09",
            "city":"EVREUX",
            "gym":"CANADA",
            "category":"SENIOR | FEMININE",
            "ligue":"Comp\u00e9titions Nationales SENIORS",
            "date":"2019-12-21 18:30:00",
            "team_1":"EVREUX VOLLEY-BALL",
            "team_2":"VOLLEY CLUB HARNES"
        },
        "Sets":{
            "Teams":{
                "Set 1":{
                    "Name":{
                        "Team 1":"EVREUX VOLLEY-BALL",
                        "Team 2":"VOLLEY CLUB HARNES"
                    },
                    "Starting":{
                        "Team 1":"Reception",
                        "Team 2":"Service"
                    }
                },
                "Set 2":{
                    "Name":{
                        "Team 1":"EVREUX VOLLEY-BALL",
                        "Team 2":"VOLLEY CLUB HARNES"
                    },
                    "Starting":{
                        "Team 1":"Service",
                        "Team 2":"Reception"
                    }
                },
                "Set 3":{
                    "Name":{
                        "Team 1":"EVREUX VOLLEY-BALL",
                        "Team 2":"VOLLEY CLUB HARNES"
                    },
                    "Starting":{
                        "Team 1":"Reception",
                        "Team 2":"Service"
                    }
                },
                "Set 4":0,
                "Set 5":0
            },
            "Time":{
                "Set 1":{
                    "Time":{
                        "Start":"2019-12-21 18:33:00",
                        "End":"2019-12-21 19:04:00"
                    }
                },
                "Set 2":{
                    "Time":{
                        "Start":"2019-12-21 19:07:00",
                        "End":"2019-12-21 19:37:00"
                    }
                },
                "Set 3":{
                    "Time":{
                        "Start":"2019-12-21 19:47:00",
                        "End":"2019-12-21 20:20:00"
                    }
                },
                "Set 4":0,
                "Set 5":0
            },
            "Substitutions 1":{
                "Set 1":{
                    "I":{
                        "0":3.0,
                        "1":null,
                        "2":null
                    },
                    "II":{
                        "0":10.0,
                        "1":null,
                        "2":null
                    },
                    "III":{
                        "0":"6",
                        "1":"11",
                        "2":"17:20"
                    },
                    "IV":{
                        "0":8.0,
                        "1":null,
                        "2":null
                    },
                    "V":{
                        "0":7.0,
                        "1":null,
                        "2":null
                    },
                    "VI":{
                        "0":9.0,
                        "1":null,
                        "2":null
                    }
                },
                "Set 2":{
                    "I":{
                        "0":3.0,
                        "1":null,
                        "2":null,
                        "3":null
                    },
                    "II":{
                        "0":"10",
                        "1":"12",
                        "2":"6:11",
                        "3":null
                    },
                    "III":{
                        "0":6.0,
                        "1":null,
                        "2":null,
                        "3":null
                    },
                    "IV":{
                        "0":"8",
                        "1":"11",
                        "2":"3:7",
                        "3":"9:16"
                    },
                    "V":{
                        "0":7.0,
                        "1":null,
                        "2":null,
                        "3":null
                    },
                    "VI":{
                        "0":9.0,
                        "1":null,
                        "2":null,
                        "3":null
                    }
                },
                "Set 3":{
                    "I":{
                        "0":10.0,
                        "1":null,
                        "2":null,
                        "3":null
                    },
                    "II":{
                        "0":9.0,
                        "1":null,
                        "2":null,
                        "3":null
                    },
                    "III":{
                        "0":3.0,
                        "1":null,
                        "2":null,
                        "3":null
                    },
                    "IV":{
                        "0":"12",
                        "1":"7",
                        "2":"11:14",
                        "3":null
                    },
                    "V":{
                        "0":"6",
                        "1":"11",
                        "2":"5:9",
                        "3":"15:18"
                    },
                    "VI":{
                        "0":8.0,
                        "1":null,
                        "2":null,
                        "3":null
                    }
                },
                "Set 4":0,
                "Set 5":0
            },
            "Substitutions 2":{
                "Set 1":{
                    "I":{
                        "0":8.0,
                        "1":null,
                        "2":null,
                        "3":null
                    },
                    "II":{
                        "0":11.0,
                        "1":null,
                        "2":null,
                        "3":null
                    },
                    "III":{
                        "0":7.0,
                        "1":null,
                        "2":null,
                        "3":null
                    },
                    "IV":{
                        "0":"12",
                        "1":"2",
                        "2":"16:13",
                        "3":"17:14"
                    },
                    "V":{
                        "0":6.0,
                        "1":null,
                        "2":null,
                        "3":null
                    },
                    "VI":{
                        "0":15.0,
                        "1":null,
                        "2":null,
                        "3":null
                    }
                },
                "Set 2":{
                    "I":{
                        "0":8.0,
                        "1":null,
                        "2":null,
                        "3":null
                    },
                    "II":{
                        "0":11.0,
                        "1":null,
                        "2":null,
                        "3":null
                    },
                    "III":{
                        "0":7.0,
                        "1":null,
                        "2":null,
                        "3":null
                    },
                    "IV":{
                        "0":"12",
                        "1":"2",
                        "2":"14:8",
                        "3":"14:9"
                    },
                    "V":{
                        "0":"6",
                        "1":"4",
                        "2":"23:18",
                        "3":"24:20"
                    },
                    "VI":{
                        "0":15.0,
                        "1":null,
                        "2":null,
                        "3":null
                    }
                },
                "Set 3":{
                    "I":{
                        "0":8.0,
                        "1":null,
                        "2":null,
                        "3":null
                    },
                    "II":{
                        "0":11.0,
                        "1":null,
                        "2":null,
                        "3":null
                    },
                    "III":{
                        "0":7.0,
                        "1":null,
                        "2":null,
                        "3":null
                    },
                    "IV":{
                        "0":12.0,
                        "1":null,
                        "2":null,
                        "3":null
                    },
                    "V":{
                        "0":"6",
                        "1":"4",
                        "2":"14:15",
                        "3":"24:23"
                    },
                    "VI":{
                        "0":15.0,
                        "1":null,
                        "2":null,
                        "3":null
                    }
                },
                "Set 4":0,
                "Set 5":0
            },
            "Serves 1":{
                "Set 1":{
                    "I":{
                        "0":null,
                        "1":10.0,
                        "2":19.0
                    },
                    "II":{
                        "0":"1",
                        "1":11,
                        "2":21
                    },
                    "III":{
                        "0":"4",
                        "1":12,
                        "2":22
                    },
                    "IV":{
                        "0":"5",
                        "1":13,
                        "2":23
                    },
                    "V":{
                        "0":"8",
                        "1":14.0,
                        "2":null
                    },
                    "VI":{
                        "0":"9",
                        "1":17.0,
                        "2":null
                    }
                },
                "Set 2":{
                    "I":{
                        "0":"0",
                        "1":6,
                        "2":20
                    },
                    "II":{
                        "0":"1",
                        "1":7,
                        "2":21
                    },
                    "III":{
                        "0":"2",
                        "1":8.0,
                        "2":null
                    },
                    "IV":{
                        "0":"3",
                        "1":9.0,
                        "2":null
                    },
                    "V":{
                        "0":"4",
                        "1":11.0,
                        "2":null
                    },
                    "VI":{
                        "0":"5",
                        "1":14.0,
                        "2":null
                    }
                },
                "Set 3":{
                    "I":{
                        "0":null,
                        "1":10.0,
                        "2":22.0
                    },
                    "II":{
                        "0":"1",
                        "1":11,
                        "2":23
                    },
                    "III":{
                        "0":"2",
                        "1":15,
                        "2":24
                    },
                    "IV":{
                        "0":"5",
                        "1":17.0,
                        "2":null
                    },
                    "V":{
                        "0":"6",
                        "1":18.0,
                        "2":null
                    },
                    "VI":{
                        "0":"8",
                        "1":20.0,
                        "2":null
                    }
                },
                "Set 4":0,
                "Set 5":0
            },
            "Serves 2":{
                "Set 1":{
                    "I":{
                        "0":"0",
                        "1":12,
                        "2":21
                    },
                    "II":{
                        "0":"3",
                        "1":14,
                        "2":22
                    },
                    "III":{
                        "0":"5",
                        "1":15,
                        "2":24
                    },
                    "IV":{
                        "0":"6",
                        "1":17,
                        "2":25
                    },
                    "V":{
                        "0":"10",
                        "1":18.0,
                        "2":null
                    },
                    "VI":{
                        "0":"11",
                        "1":20.0,
                        "2":null
                    }
                },
                "Set 2":{
                    "I":{
                        "0":null,
                        "1":9.0,
                        "2":23.0
                    },
                    "II":{
                        "0":"1",
                        "1":12,
                        "2":24
                    },
                    "III":{
                        "0":"3",
                        "1":13,
                        "2":25
                    },
                    "IV":{
                        "0":"6",
                        "1":14.0,
                        "2":null
                    },
                    "V":{
                        "0":"7",
                        "1":16.0,
                        "2":null
                    },
                    "VI":{
                        "0":"8",
                        "1":18.0,
                        "2":null
                    }
                },
                "Set 3":{
                    "I":{
                        "0":"0",
                        "1":13,
                        "2":23
                    },
                    "II":{
                        "0":"2",
                        "1":14,
                        "2":24
                    },
                    "III":{
                        "0":"7",
                        "1":18,
                        "2":26
                    },
                    "IV":{
                        "0":"9",
                        "1":20.0,
                        "2":null
                    },
                    "V":{
                        "0":"10",
                        "1":21.0,
                        "2":null
                    },
                    "VI":{
                        "0":"12",
                        "1":22.0,
                        "2":null
                    }
                },
                "Set 4":0,
                "Set 5":0
            },
            "Timeouts 1":{
                "Set 1":{
                    "T":{
                        "0":"8:10",
                        "1":"17:20"
                    }
                },
                "Set 2":{
                    "T":{
                        "0":"6:12",
                        "1":"7:13"
                    }
                },
                "Set 3":{
                    "T":{
                        "0":"2:6",
                        "1":"8:12"
                    }
                },
                "Set 4":0,
                "Set 5":0
            },
            "Timeouts 2":{
                "Set 1":{
                    "T":{
                        "0":"18:16",
                        "1":"21:21"
                    }
                },
                "Set 2":{
                    "T":{
                        "0":"18:14",
                        "1":"23:18"
                    }
                },
                "Set 3":{
                    "T":{
                        "0":"14:14"
                    }
                },
                "Set 4":0,
                "Set 5":0
            }
        },
        "Teams":{
            "Name":{
                "Team 1":"EVREUX VOLLEY-BALL",
                "Team 2":"VOLLEY CLUB HARNES"
            },
            "Players":{
                "Team 1":{
                    "N\u00b0":{
                        "0":1,
                        "1":3,
                        "2":4,
                        "3":5,
                        "4":6,
                        "5":7,
                        "6":8,
                        "7":9,
                        "8":10,
                        "9":11,
                        "10":12,
                        "11":20
                    },
                    "Nom Pr\u00e9nom":{
                        "0":"CHANAS MAUREEN",
                        "1":"VUJNOVIC MARIJA",
                        "2":"JOLMES AMY",
                        "3":"RUIZ ROMANE",
                        "4":"BONACOSSI VANESSA",
                        "5":"MILOVIC MARIJA",
                        "6":"HAEWEGENE SABINE",
                        "7":"WALSPECK MATHILDE",
                        "8":"PLAT CONSTANCE",
                        "9":"SHEVCHUK YANA",
                        "10":"HANQUIEZ MELINDA",
                        "11":"BLAZE AMALIA"
                    },
                    "Licence":{
                        "0":1733726,
                        "1":2407602,
                        "2":1874121,
                        "3":1618111,
                        "4":1391943,
                        "5":2188878,
                        "6":1887969,
                        "7":1817855,
                        "8":1923302,
                        "9":2407606,
                        "10":1803082,
                        "11":2001176
                    }
                },
                "Team 2":{
                    "N\u00b0":{
                        "0":1,
                        "1":2,
                        "2":4,
                        "3":5,
                        "4":6,
                        "5":7,
                        "6":8,
                        "7":9,
                        "8":11,
                        "9":12,
                        "10":15
                    },
                    "Nom Pr\u00e9nom":{
                        "0":"PLANTIN KASSANDRA",
                        "1":"SOULA JULIETTE",
                        "2":"POIRET VALENTINE",
                        "3":"CLEMENT CAROLINE",
                        "4":"ACKX LEA",
                        "5":"MALVETTI MAXANDRE",
                        "6":"CORDIER ELEONORE",
                        "7":"LEBORGNE JOANNA",
                        "8":"BERNARDES PATALLO RAFAELA",
                        "9":"ALVES LEMOS DE SOUZA FRANCY",
                        "10":"FOTSO MOGOUNG ST\u00c9PHANIE"
                    },
                    "Licence":{
                        "0":1859567,
                        "1":1832850,
                        "2":1602150,
                        "3":1620629,
                        "4":1849967,
                        "5":1849965,
                        "6":1618490,
                        "7":1870045,
                        "8":2241235,
                        "9":2406715,
                        "10":2037396
                    }
                }
            },
            "Liberos":{
                "Team 1":{
                    "N\u00b0":{
                        "0":5
                    },
                    "Nom Pr\u00e9nom":{
                        "0":"RUIZ ROMANE"
                    },
                    "Licence":{
                        "0":1618111
                    }
                },
                "Team 2":{
                    "N\u00b0":{
                        "0":5
                    },
                    "Nom Pr\u00e9nom":{
                        "0":"CLEMENT CAROLINE"
                    },
                    "Licence":{
                        "0":1620629
                    }
                }
            },
            "Officials":{
                "Team 1":{
                    "N\u00b0":{
                        "0":"EA",
                        "1":"EB",
                        "2":"EB",
                        "3":"SO"
                    },
                    "Nom Pr\u00e9nom":{
                        "0":"RIGAL FLAVIEN",
                        "1":"FAVRESSE GIL",
                        "2":"BORIE SEBASTIEN",
                        "3":"RIMBEUF JEREMY"
                    },
                    "Licence":{
                        "0":1402949,
                        "1":661033,
                        "2":1401395,
                        "3":2318870
                    }
                },
                "Team 2":{
                    "N\u00b0":{
                        "0":"EA",
                        "1":"EB"
                    },
                    "Nom Pr\u00e9nom":{
                        "0":"HIPP EMILIE",
                        "1":"NIEWIADA ROMUALD"
                    },
                    "Licence":{
                        "0":1015813,
                        "1":958448
                    }
                }
            }
        },
        "Results":{
            "winner":"VOLLEY CLUB HARNES",
            "score":"3\/0"
        },
        "Referees":{
            "NOM Pr\u00e9nom":{
                "1er":"IOUSSAIDENE ABDERRAHMANE",
                "2\u00e8me":"CHANTEUR VALERIE",
                "Marqueur":"LEMETEIL ALEXANDRA",
                "Marq.Ass":".",
                "R.Salle":"LECONTE FRANTZ"
            },
            "Ligue":{
                "1er":"LIG_IF",
                "2\u00e8me":"LIG_IF",
                "Marqueur":"LIG_NO",
                "Marq.Ass":null,
                "R.Salle":null
            },
            "Licence":{
                "1er":1715208.0,
                "2\u00e8me":1068790.0,
                "Marqueur":2311401.0,
                "Marq.Ass":null,
                "R.Salle":2013120.0
            }
        },
        "Penalties":{

        }
    }
}