{
    "Match":{
        "Title":{
            "div_code":"3FH ",
            "div_name":"NATIONALE 3 FEMININE POULE H",
            "div_pool":"",
            "match_number":"3FH053",
            "match_day":"09",
            "city":"",
            "gym":"MOTTE BRULON",
            "category":"SENIOR | FEMININE",
            "ligue":"Comp\u00e9titions Nationales SENIORS",
            "date":"2020-01-12 16:00:00",
            "team_1":"C.P.B. RENNES 35",
            "team_2":"AS VOLLEY-BALL VELIZY"
        },
        "Sets":{
            "Teams":{
                "Set 1":{
                    "Name":{
                        "Team 1":"C.P.B. RENNES 35",
                        "Team 2":"AS VOLLEY-BALL VELIZY"
                    },
                    "Starting":{
                        "Team 1":"Service",
                        "Team 2":"Reception"
                    }
                },
                "Set 2":{
                    "Name":{
                        "Team 1":"C.P.B. RENNES 35",
                        "Team 2":"AS VOLLEY-BALL VELIZY"
                    },
                    "Starting":{
                        "Team 1":"Reception",
                        "Team 2":"Service"
                    }
                },
                "Set 3":{
                    "Name":{
                        "Team 1":"C.P.B. RENNES 35",
                        "Team 2":"AS VOLLEY-BALL VELIZY"
                    },
                    "Starting":{
                        "Team 1":"Service",
                        "Team 2":"Reception"
                    }
                },
                "Set 4":{
                    "Name":{
                        "Team 1":"C.P.B. RENNES 35",
                        "Team 2":"AS VOLLEY-BALL VELIZY"
                    },
                    "Starting":{
                        "Team 1":"Reception",
                        "Team 2":"Service"
                    }
                },
                "Set 5":0
            },
            "Time":{
                "Set 1":{
                    "Time":{
                        "Start":"2020-01-12 15:58:00",
                        "End":"2020-01-12 16:29:00"
                    }
                },
                "Set 2":{
                    "Time":{
                        "Start":"2020-01-12 16:32:00",
                        "End":"2020-01-12 17:03:00"
                    }
                },
                "Set 3":{
                    "Time":{
                        "Start":"2020-01-12 17:06:00",
                        "End":"2020-01-12 17:32:00"
                    }
                },
                "Set 4":{
                    "Time":{
                        "Start":"2020-01-12 17:34:00",
                        "End":"2020-01-12 18:05:00"
                    }
                },
                "Set 5":0
            },
            "Substitutions 1":{
                "Set 1":{
                    "I":{
                        "0":3.0,
                        "1":null,
                        "2":null
                    },
                    "II":{
                        "0":15.0,
                        "1":null,
                        "2":null
                    },
                    "III":{
                        "0":5.0,
                        "1":null,
                        "2":null
                    },
                    "IV":{
                        "0":"12",
                        "1":"16",
                        "2":"14:19"
                    },
                    "V":{
                        "0":6.0,
                        "1":null,
                        "2":null
                    },
                    "VI":{
                        "0":7.0,
                        "1":null,
                        "2":null
                    }
                },
                "Set 2":{
                    "I":{
                        "0":7.0,
                        "1":null,
                        "2":null
                    },
                    "II":{
                        "0":3.0,
                        "1":null,
                        "2":null
                    },
                    "III":{
                        "0":15.0,
                        "1":null,
                        "2":null
                    },
                    "IV":{
                        "0":5.0,
                        "1":null,
                        "2":null
                    },
                    "V":{
                        "0":12.0,
                        "1":null,
                        "2":null
                    },
                    "VI":{
                        "0":"6",
                        "1":"16",
                        "2":"17:10"
                    }
                },
                "Set 3":{
                    "I":{
                        "0":3.0,
                        "1":null,
                        "2":null
                    },
                    "II":{
                        "0":15.0,
                        "1":null,
                        "2":null
                    },
                    "III":{
                        "0":5.0,
                        "1":null,
                        "2":null
                    },
                    "IV":{
                        "0":"12",
                        "1":"16",
                        "2":"23:14"
                    },
                    "V":{
                        "0":6.0,
                        "1":null,
                        "2":null
                    },
                    "VI":{
                        "0":7.0,
                        "1":null,
                        "2":null
                    }
                },
                "Set 4":{
                    "I":{
                        "0":7.0,
                        "1":null,
                        "2":null,
                        "3":null
                    },
                    "II":{
                        "0":3.0,
                        "1":null,
                        "2":null,
                        "3":null
                    },
                    "III":{
                        "0":15.0,
                        "1":null,
                        "2":null,
                        "3":null
                    },
                    "IV":{
                        "0":5.0,
                        "1":null,
                        "2":null,
                        "3":null
                    },
                    "V":{
                        "0":12.0,
                        "1":null,
                        "2":null,
                        "3":null
                    },
                    "VI":{
                        "0":"6",
                        "1":"16",
                        "2":"11:12",
                        "3":"12:15"
                    }
                },
                "Set 5":0
            },
            "Substitutions 2":{
                "Set 1":{
                    "I":{
                        "0":"11",
                        "1":"5",
                        "2":"24:19",
                        "3":null
                    },
                    "II":{
                        "0":"14",
                        "1":"7",
                        "2":"22:18",
                        "3":null
                    },
                    "III":{
                        "0":"4",
                        "1":"12",
                        "2":"17:14",
                        "3":"24:21"
                    },
                    "IV":{
                        "0":3.0,
                        "1":null,
                        "2":null,
                        "3":null
                    },
                    "V":{
                        "0":"10",
                        "1":"9",
                        "2":"22:18",
                        "3":null
                    },
                    "VI":{
                        "0":19.0,
                        "1":null,
                        "2":null,
                        "3":null
                    }
                },
                "Set 2":{
                    "I":{
                        "0":"14",
                        "1":"7",
                        "2":"6:10",
                        "3":"10:17"
                    },
                    "II":{
                        "0":"4",
                        "1":"12",
                        "2":"5:10",
                        "3":"18:22"
                    },
                    "III":{
                        "0":3.0,
                        "1":null,
                        "2":null,
                        "3":null
                    },
                    "IV":{
                        "0":"10",
                        "1":"9",
                        "2":"6:10",
                        "3":"10:17"
                    },
                    "V":{
                        "0":19.0,
                        "1":null,
                        "2":null,
                        "3":null
                    },
                    "VI":{
                        "0":11.0,
                        "1":null,
                        "2":null,
                        "3":null
                    }
                },
                "Set 3":{
                    "I":{
                        "0":11.0,
                        "1":null,
                        "2":null
                    },
                    "II":{
                        "0":"14",
                        "1":"9",
                        "2":"14:23"
                    },
                    "III":{
                        "0":4.0,
                        "1":null,
                        "2":null
                    },
                    "IV":{
                        "0":5.0,
                        "1":null,
                        "2":null
                    },
                    "V":{
                        "0":"7",
                        "1":"10",
                        "2":"12:21"
                    },
                    "VI":{
                        "0":"12",
                        "1":"19",
                        "2":"12:17"
                    }
                },
                "Set 4":{
                    "I":{
                        "0":12.0,
                        "1":null,
                        "2":null,
                        "3":null
                    },
                    "II":{
                        "0":"5",
                        "1":"11",
                        "2":"17:14",
                        "3":"23:20"
                    },
                    "III":{
                        "0":"9",
                        "1":"7",
                        "2":"21:18",
                        "3":null
                    },
                    "IV":{
                        "0":"19",
                        "1":"4",
                        "2":"23:24",
                        "3":null
                    },
                    "V":{
                        "0":3.0,
                        "1":null,
                        "2":null,
                        "3":null
                    },
                    "VI":{
                        "0":"10",
                        "1":"14",
                        "2":"21:18",
                        "3":null
                    }
                },
                "Set 5":0
            },
            "Serves 1":{
                "Set 1":{
                    "I":{
                        "0":"1",
                        "1":12,
                        "2":21
                    },
                    "II":{
                        "0":"4",
                        "1":13.0,
                        "2":null
                    },
                    "III":{
                        "0":"5",
                        "1":14.0,
                        "2":null
                    },
                    "IV":{
                        "0":"6",
                        "1":15.0,
                        "2":null
                    },
                    "V":{
                        "0":"7",
                        "1":18.0,
                        "2":null
                    },
                    "VI":{
                        "0":"10",
                        "1":19.0,
                        "2":null
                    }
                },
                "Set 2":{
                    "I":{
                        "0":null,
                        "1":15.0,
                        "2":25.0
                    },
                    "II":{
                        "0":"1",
                        "1":17.0,
                        "2":null
                    },
                    "III":{
                        "0":"2",
                        "1":18.0,
                        "2":null
                    },
                    "IV":{
                        "0":"4",
                        "1":19.0,
                        "2":null
                    },
                    "V":{
                        "0":"10",
                        "1":22.0,
                        "2":null
                    },
                    "VI":{
                        "0":"11",
                        "1":23.0,
                        "2":null
                    }
                },
                "Set 3":{
                    "I":{
                        "0":"0",
                        "1":16
                    },
                    "II":{
                        "0":"1",
                        "1":17
                    },
                    "III":{
                        "0":"7",
                        "1":22
                    },
                    "IV":{
                        "0":"8",
                        "1":24
                    },
                    "V":{
                        "0":"10",
                        "1":25
                    },
                    "VI":{
                        "0":"12",
                        "1":null
                    }
                },
                "Set 4":{
                    "I":{
                        "0":null,
                        "1":9.0,
                        "2":19.0
                    },
                    "II":{
                        "0":"3",
                        "1":11,
                        "2":20
                    },
                    "III":{
                        "0":"5",
                        "1":12,
                        "2":25
                    },
                    "IV":{
                        "0":"6",
                        "1":13.0,
                        "2":null
                    },
                    "V":{
                        "0":"7",
                        "1":14.0,
                        "2":null
                    },
                    "VI":{
                        "0":"8",
                        "1":16.0,
                        "2":null
                    }
                },
                "Set 5":0
            },
            "Serves 2":{
                "Set 1":{
                    "I":{
                        "0":null,
                        "1":14.0,
                        "2":24.0
                    },
                    "II":{
                        "0":"1",
                        "1":16,
                        "2":25
                    },
                    "III":{
                        "0":"4",
                        "1":17.0,
                        "2":null
                    },
                    "IV":{
                        "0":"8",
                        "1":19.0,
                        "2":null
                    },
                    "V":{
                        "0":"11",
                        "1":22.0,
                        "2":null
                    },
                    "VI":{
                        "0":"13",
                        "1":23.0,
                        "2":null
                    }
                },
                "Set 2":{
                    "I":{
                        "0":"0",
                        "1":10
                    },
                    "II":{
                        "0":"1",
                        "1":12
                    },
                    "III":{
                        "0":"2",
                        "1":15
                    },
                    "IV":{
                        "0":"5",
                        "1":17
                    },
                    "V":{
                        "0":"8",
                        "1":20
                    },
                    "VI":{
                        "0":"9",
                        "1":21
                    }
                },
                "Set 3":{
                    "I":{
                        "0":null,
                        "1":10.0
                    },
                    "II":{
                        "0":"2",
                        "1":11
                    },
                    "III":{
                        "0":"3",
                        "1":12
                    },
                    "IV":{
                        "0":"4",
                        "1":14
                    },
                    "V":{
                        "0":"5",
                        "1":15
                    },
                    "VI":{
                        "0":"7",
                        "1":null
                    }
                },
                "Set 4":{
                    "I":{
                        "0":"0",
                        "1":10,
                        "2":22
                    },
                    "II":{
                        "0":"1",
                        "1":12,
                        "2":23
                    },
                    "III":{
                        "0":"2",
                        "1":15.0,
                        "2":null
                    },
                    "IV":{
                        "0":"3",
                        "1":16.0,
                        "2":null
                    },
                    "V":{
                        "0":"4",
                        "1":17.0,
                        "2":null
                    },
                    "VI":{
                        "0":"9",
                        "1":21.0,
                        "2":null
                    }
                },
                "Set 5":0
            },
            "Timeouts 1":{
                "Set 1":{
                    "T":{
                        "0":"6:10",
                        "1":"15:21"
                    }
                },
                "Set 2":{
                    "T":{
                        "0":"18:14",
                        "1":"22:20"
                    }
                },
                "Set 3":{
                    "T":{
                        "0":"12:10"
                    }
                },
                "Set 4":{
                    "T":{
                        "0":"8:9",
                        "1":"16:20"
                    }
                },
                "Set 5":0
            },
            "Timeouts 2":{
                "Set 1":{
                    "T":{
                        "0":"24:20"
                    }
                },
                "Set 2":{
                    "T":{
                        "0":"9:14",
                        "1":"17:21"
                    }
                },
                "Set 3":{
                    "T":{
                        "0":"3:6",
                        "1":"12:19"
                    }
                },
                "Set 4":{
                    "T":{
                        "0":"23:22"
                    }
                },
                "Set 5":0
            }
        },
        "Teams":{
            "Name":{
                "Team 1":"C.P.B. RENNES 35",
                "Team 2":"AS VOLLEY-BALL VELIZY"
            },
            "Players":{
                "Team 1":{
                    "N\u00b0":{
                        "0":2,
                        "1":3,
                        "2":5,
                        "3":6,
                        "4":7,
                        "5":12,
                        "6":13,
                        "7":15,
                        "8":16
                    },
                    "Nom Pr\u00e9nom":{
                        "0":"DE THY MORGANE",
                        "1":"PICARD ZOE",
                        "2":"CHAROLLAIS ANAIS",
                        "3":"MAURICE JUSTINE",
                        "4":"BOISSELIER ERINE",
                        "5":"DELAUNAY MARGOT",
                        "6":"PERRIER JADE",
                        "7":"MECQINION CHLOE",
                        "8":"LEPUISSANT APOLLINE"
                    },
                    "Licence":{
                        "0":1146767,
                        "1":1839650,
                        "2":1537445,
                        "3":1791585,
                        "4":2106545,
                        "5":1822351,
                        "6":1891676,
                        "7":1667545,
                        "8":1957257
                    }
                },
                "Team 2":{
                    "N\u00b0":{
                        "0":3,
                        "1":4,
                        "2":5,
                        "3":7,
                        "4":9,
                        "5":10,
                        "6":11,
                        "7":12,
                        "8":14,
                        "9":17,
                        "10":18,
                        "11":19
                    },
                    "Nom Pr\u00e9nom":{
                        "0":"AHO SANDRA",
                        "1":"GODEFROY CAMILLE",
                        "2":"DURAES ANNE",
                        "3":"IVANSCHITZ LISA",
                        "4":"BOGDAN ALEXIA",
                        "5":"SOUCHE MELODY",
                        "6":"VEGA ANAIS",
                        "7":"RIEUPEYROUT L\u00e9NA",
                        "8":"BIZET MARION",
                        "9":"ROCHETEAU EMILIE",
                        "10":"CLIMENT NO\u00c9MIE",
                        "11":"DORNIER AMAIA"
                    },
                    "Licence":{
                        "0":1749901,
                        "1":1833498,
                        "2":1747691,
                        "3":1658574,
                        "4":1948209,
                        "5":1800447,
                        "6":1768718,
                        "7":1736748,
                        "8":1784634,
                        "9":1736747,
                        "10":2188939,
                        "11":2093237
                    }
                }
            },
            "Liberos":{
                "Team 1":{
                    "N\u00b0":{
                        "0":13
                    },
                    "Nom Pr\u00e9nom":{
                        "0":"PERRIER JADE"
                    },
                    "Licence":{
                        "0":1891676
                    }
                },
                "Team 2":{
                    "N\u00b0":{
                        "0":17,
                        "1":18
                    },
                    "Nom Pr\u00e9nom":{
                        "0":"ROCHETEAU EMILIE",
                        "1":"CLIMENT NO\u00c9MIE"
                    },
                    "Licence":{
                        "0":1736747,
                        "1":2188939
                    }
                }
            },
            "Officials":{
                "Team 1":{
                    "N\u00b0":{
                        "0":"EA",
                        "1":"EB"
                    },
                    "Nom Pr\u00e9nom":{
                        "0":"DE THY MORGANE",
                        "1":"GUEGUEN FANNY"
                    },
                    "Licence":{
                        "0":1146767,
                        "1":1859886
                    }
                },
                "Team 2":{
                    "N\u00b0":{
                        "0":"EA"
                    },
                    "Nom Pr\u00e9nom":{
                        "0":"VERNET LAURENT"
                    },
                    "Licence":{
                        "0":1381910
                    }
                }
            }
        },
        "Results":{
            "winner":"C.P.B. RENNES 35",
            "score":"3\/1"
        },
        "Referees":{
            "NOM Pr\u00e9nom":{
                "1er":"EVAIN PAUL",
                "2\u00e8me":"BERTHELOT MICKAEL",
                "Marqueur":"MAILLOT OLIVIER",
                "Marq.Ass":".",
                "R.Salle":"LESOURD PASCAL"
            },
            "Ligue":{
                "1er":"LIG_NO",
                "2\u00e8me":"LIG_PL",
                "Marqueur":"LIG_BR",
                "Marq.Ass":null,
                "R.Salle":null
            },
            "Licence":{
                "1er":1408109.0,
                "2\u00e8me":1051820.0,
                "Marqueur":1725361.0,
                "Marq.Ass":null,
                "R.Salle":2357178.0
            }
        },
        "Penalties":{

        }
    }
}