{
    "Match":{
        "Title":{
            "div_code":"3FH ",
            "div_name":"NATIONALE 3 FEMININE POULE H",
            "div_pool":"",
            "match_number":"3FH059",
            "match_day":"10",
            "city":"MONTGERMONT",
            "gym":"SALLE DES COURTINES",
            "category":"SENIOR | FEMININE",
            "ligue":"Comp\u00e9titions Nationales SENIORS",
            "date":"2020-01-18 19:00:00",
            "team_1":"MONTGERMONT VOLLEY-BALL CLUB",
            "team_2":"ETOILE ST LAURENT"
        },
        "Sets":{
            "Teams":{
                "Set 1":{
                    "Name":{
                        "Team 1":"MONTGERMONT VOLLEY-BAL",
                        "Team 2":"ETOILE ST LAURENT"
                    },
                    "Starting":{
                        "Team 1":"Reception",
                        "Team 2":"Service"
                    }
                },
                "Set 2":{
                    "Name":{
                        "Team 1":"MONTGERMONT VOLLEY-BAL",
                        "Team 2":"ETOILE ST LAURENT"
                    },
                    "Starting":{
                        "Team 1":"Service",
                        "Team 2":"Reception"
                    }
                },
                "Set 3":{
                    "Name":{
                        "Team 1":"MONTGERMONT VOLLEY-BAL",
                        "Team 2":"ETOILE ST LAURENT"
                    },
                    "Starting":{
                        "Team 1":"Reception",
                        "Team 2":"Service"
                    }
                },
                "Set 4":{
                    "Name":{
                        "Team 1":"MONTGERMONT VOLLEY-BAL",
                        "Team 2":"ETOILE ST LAURENT"
                    },
                    "Starting":{
                        "Team 1":"Service",
                        "Team 2":"Reception"
                    }
                },
                "Set 5":0
            },
            "Time":{
                "Set 1":{
                    "Time":{
                        "Start":"2020-01-18 19:00:00",
                        "End":"2020-01-18 19:26:00"
                    }
                },
                "Set 2":{
                    "Time":{
                        "Start":"2020-01-18 19:29:00",
                        "End":"2020-01-18 19:57:00"
                    }
                },
                "Set 3":{
                    "Time":{
                        "Start":"2020-01-18 20:00:00",
                        "End":"2020-01-18 20:26:00"
                    }
                },
                "Set 4":{
                    "Time":{
                        "Start":"2020-01-18 20:29:00",
                        "End":"2020-01-18 20:56:00"
                    }
                },
                "Set 5":0
            },
            "Substitutions 1":{
                "Set 1":{
                    "I":{
                        "0":8
                    },
                    "II":{
                        "0":14
                    },
                    "III":{
                        "0":1
                    },
                    "IV":{
                        "0":12
                    },
                    "V":{
                        "0":4
                    },
                    "VI":{
                        "0":6
                    }
                },
                "Set 2":{
                    "I":{
                        "0":14.0,
                        "1":null,
                        "2":null
                    },
                    "II":{
                        "0":1.0,
                        "1":null,
                        "2":null
                    },
                    "III":{
                        "0":12.0,
                        "1":null,
                        "2":null
                    },
                    "IV":{
                        "0":"4",
                        "1":"10",
                        "2":"16:13"
                    },
                    "V":{
                        "0":6.0,
                        "1":null,
                        "2":null
                    },
                    "VI":{
                        "0":8.0,
                        "1":null,
                        "2":null
                    }
                },
                "Set 3":{
                    "I":{
                        "0":8.0,
                        "1":null,
                        "2":null,
                        "3":null
                    },
                    "II":{
                        "0":"14",
                        "1":"3",
                        "2":"14:11",
                        "3":"21:16"
                    },
                    "III":{
                        "0":1.0,
                        "1":null,
                        "2":null,
                        "3":null
                    },
                    "IV":{
                        "0":12.0,
                        "1":null,
                        "2":null,
                        "3":null
                    },
                    "V":{
                        "0":10.0,
                        "1":null,
                        "2":null,
                        "3":null
                    },
                    "VI":{
                        "0":4.0,
                        "1":null,
                        "2":null,
                        "3":null
                    }
                },
                "Set 4":{
                    "I":{
                        "0":14.0,
                        "1":null,
                        "2":null,
                        "3":null
                    },
                    "II":{
                        "0":1.0,
                        "1":null,
                        "2":null,
                        "3":null
                    },
                    "III":{
                        "0":"12",
                        "1":"13",
                        "2":"23:14",
                        "3":null
                    },
                    "IV":{
                        "0":10.0,
                        "1":null,
                        "2":null,
                        "3":null
                    },
                    "V":{
                        "0":4.0,
                        "1":null,
                        "2":null,
                        "3":null
                    },
                    "VI":{
                        "0":"8",
                        "1":"7",
                        "2":"18:11",
                        "3":"24:15"
                    }
                },
                "Set 5":0
            },
            "Substitutions 2":{
                "Set 1":{
                    "I":{
                        "0":4.0,
                        "1":null,
                        "2":null,
                        "3":null
                    },
                    "II":{
                        "0":13.0,
                        "1":null,
                        "2":null,
                        "3":null
                    },
                    "III":{
                        "0":"6",
                        "1":"12",
                        "2":"10:13",
                        "3":"11:13"
                    },
                    "IV":{
                        "0":11.0,
                        "1":null,
                        "2":null,
                        "3":null
                    },
                    "V":{
                        "0":9.0,
                        "1":null,
                        "2":null,
                        "3":null
                    },
                    "VI":{
                        "0":3.0,
                        "1":null,
                        "2":null,
                        "3":null
                    }
                },
                "Set 2":{
                    "I":{
                        "0":3.0,
                        "1":null,
                        "2":null,
                        "3":null
                    },
                    "II":{
                        "0":"4",
                        "1":"7",
                        "2":"10:15",
                        "3":null
                    },
                    "III":{
                        "0":13.0,
                        "1":null,
                        "2":null,
                        "3":null
                    },
                    "IV":{
                        "0":6.0,
                        "1":null,
                        "2":null,
                        "3":null
                    },
                    "V":{
                        "0":"11",
                        "1":"2",
                        "2":"23:21",
                        "3":"23:22"
                    },
                    "VI":{
                        "0":9.0,
                        "1":null,
                        "2":null,
                        "3":null
                    }
                },
                "Set 3":{
                    "I":{
                        "0":"7",
                        "1":"4",
                        "2":"13:18"
                    },
                    "II":{
                        "0":13.0,
                        "1":null,
                        "2":null
                    },
                    "III":{
                        "0":6.0,
                        "1":null,
                        "2":null
                    },
                    "IV":{
                        "0":11.0,
                        "1":null,
                        "2":null
                    },
                    "V":{
                        "0":9.0,
                        "1":null,
                        "2":null
                    },
                    "VI":{
                        "0":3.0,
                        "1":null,
                        "2":null
                    }
                },
                "Set 4":{
                    "I":{
                        "0":3.0,
                        "1":null,
                        "2":null
                    },
                    "II":{
                        "0":4.0,
                        "1":null,
                        "2":null
                    },
                    "III":{
                        "0":13.0,
                        "1":null,
                        "2":null
                    },
                    "IV":{
                        "0":6.0,
                        "1":null,
                        "2":null
                    },
                    "V":{
                        "0":"11",
                        "1":"7",
                        "2":"5:14"
                    },
                    "VI":{
                        "0":9.0,
                        "1":null,
                        "2":null
                    }
                },
                "Set 5":0
            },
            "Serves 1":{
                "Set 1":{
                    "I":{
                        "0":null,
                        "1":10.0,
                        "2":24.0
                    },
                    "II":{
                        "0":"3",
                        "1":13,
                        "2":25
                    },
                    "III":{
                        "0":"4",
                        "1":15.0,
                        "2":null
                    },
                    "IV":{
                        "0":"5",
                        "1":19.0,
                        "2":null
                    },
                    "V":{
                        "0":"6",
                        "1":20.0,
                        "2":null
                    },
                    "VI":{
                        "0":"9",
                        "1":21.0,
                        "2":null
                    }
                },
                "Set 2":{
                    "I":{
                        "0":"3",
                        "1":16
                    },
                    "II":{
                        "0":"6",
                        "1":18
                    },
                    "III":{
                        "0":"7",
                        "1":20
                    },
                    "IV":{
                        "0":"8",
                        "1":21
                    },
                    "V":{
                        "0":"9",
                        "1":23
                    },
                    "VI":{
                        "0":"15",
                        "1":null
                    }
                },
                "Set 3":{
                    "I":{
                        "0":null,
                        "1":12.0
                    },
                    "II":{
                        "0":"2",
                        "1":14
                    },
                    "III":{
                        "0":"3",
                        "1":15
                    },
                    "IV":{
                        "0":"7",
                        "1":20
                    },
                    "V":{
                        "0":"9",
                        "1":24
                    },
                    "VI":{
                        "0":"10",
                        "1":25
                    }
                },
                "Set 4":{
                    "I":{
                        "0":"3",
                        "1":19
                    },
                    "II":{
                        "0":"4",
                        "1":23
                    },
                    "III":{
                        "0":"6",
                        "1":24
                    },
                    "IV":{
                        "0":"14",
                        "1":25
                    },
                    "V":{
                        "0":"17",
                        "1":null
                    },
                    "VI":{
                        "0":"18",
                        "1":null
                    }
                },
                "Set 5":0
            },
            "Serves 2":{
                "Set 1":{
                    "I":{
                        "0":"0",
                        "1":10,
                        "2":18
                    },
                    "II":{
                        "0":"2",
                        "1":12.0,
                        "2":null
                    },
                    "III":{
                        "0":"4",
                        "1":13.0,
                        "2":null
                    },
                    "IV":{
                        "0":"6",
                        "1":14.0,
                        "2":null
                    },
                    "V":{
                        "0":"7",
                        "1":15.0,
                        "2":null
                    },
                    "VI":{
                        "0":"8",
                        "1":17.0,
                        "2":null
                    }
                },
                "Set 2":{
                    "I":{
                        "0":null,
                        "1":13.0
                    },
                    "II":{
                        "0":"2",
                        "1":17
                    },
                    "III":{
                        "0":"5",
                        "1":21
                    },
                    "IV":{
                        "0":"6",
                        "1":22
                    },
                    "V":{
                        "0":"8",
                        "1":23
                    },
                    "VI":{
                        "0":"10",
                        "1":25
                    }
                },
                "Set 3":{
                    "I":{
                        "0":"0",
                        "1":10
                    },
                    "II":{
                        "0":"2",
                        "1":11
                    },
                    "III":{
                        "0":"3",
                        "1":13
                    },
                    "IV":{
                        "0":"4",
                        "1":16
                    },
                    "V":{
                        "0":"6",
                        "1":21
                    },
                    "VI":{
                        "0":"8",
                        "1":null
                    }
                },
                "Set 4":{
                    "I":{
                        "0":null,
                        "1":13.0
                    },
                    "II":{
                        "0":"2",
                        "1":14
                    },
                    "III":{
                        "0":"3",
                        "1":15
                    },
                    "IV":{
                        "0":"5",
                        "1":18
                    },
                    "V":{
                        "0":"8",
                        "1":null
                    },
                    "VI":{
                        "0":"11",
                        "1":null
                    }
                },
                "Set 5":0
            },
            "Timeouts 1":{
                "Set 1":{
                    "T":{

                    }
                },
                "Set 2":{
                    "T":{
                        "0":"16:17",
                        "1":"18:20"
                    }
                },
                "Set 3":{
                    "T":{
                        "0":"15:13",
                        "1":"24:20"
                    }
                },
                "Set 4":{
                    "T":{
                        "0":"14:8",
                        "1":"24:18"
                    }
                },
                "Set 5":0
            },
            "Timeouts 2":{
                "Set 1":{
                    "T":{
                        "0":"13:18"
                    }
                },
                "Set 2":{
                    "T":{
                        "0":"0:3",
                        "1":"10:14"
                    }
                },
                "Set 3":{
                    "T":{
                        "0":"13:19"
                    }
                },
                "Set 4":{
                    "T":{
                        "0":"5:11"
                    }
                },
                "Set 5":0
            }
        },
        "Teams":{
            "Name":{
                "Team 1":"MONTGERMONT VOLLEY-BALL CLUB",
                "Team 2":"ETOILE ST LAURENT"
            },
            "Players":{
                "Team 1":{
                    "N\u00b0":{
                        "0":1,
                        "1":3,
                        "2":4,
                        "3":6,
                        "4":7,
                        "5":8,
                        "6":10,
                        "7":12,
                        "8":13,
                        "9":14,
                        "10":16
                    },
                    "Nom Pr\u00e9nom":{
                        "0":"LE ROUX CLARA",
                        "1":"ERDTMANN CECILE",
                        "2":"DEODATO MOITA ANTONIA SARAH",
                        "3":"ANDRE TRACY",
                        "4":"DAUNAY LOUISE",
                        "5":"GUYOT ALIX",
                        "6":"TESSIER ROMANE",
                        "7":"LEPORCHER BLEUENN",
                        "8":"WILKIE MARIE",
                        "9":"PELHATRE CLAIRE",
                        "10":"LE ROUX JULIETTE"
                    },
                    "Licence":{
                        "0":1731838,
                        "1":1809667,
                        "2":2410940,
                        "3":1992637,
                        "4":1825300,
                        "5":1802263,
                        "6":1891139,
                        "7":1807099,
                        "8":1843291,
                        "9":1829599,
                        "10":1801275
                    }
                },
                "Team 2":{
                    "N\u00b0":{
                        "0":2,
                        "1":3,
                        "2":4,
                        "3":5,
                        "4":6,
                        "5":7,
                        "6":9,
                        "7":11,
                        "8":12,
                        "9":13,
                        "10":14
                    },
                    "Nom Pr\u00e9nom":{
                        "0":"SCAVINNER AMBRE",
                        "1":"LESVEN LAURINE",
                        "2":"DUSSOT SEVERINE",
                        "3":"LESVEN MELANIE",
                        "4":"PAUL MARINE",
                        "5":"GELEBART TIPHAINE",
                        "6":"PIGACHE CELINE",
                        "7":"FAVRE CAROLINE",
                        "8":"FORMANKOVA MICHAELA",
                        "9":"DERRIEN AURELIE",
                        "10":"BRETEL MA\u00cfNA"
                    },
                    "Licence":{
                        "0":2020376,
                        "1":1537617,
                        "2":2242449,
                        "3":1487154,
                        "4":1602147,
                        "5":2164188,
                        "6":1218020,
                        "7":1547537,
                        "8":1859584,
                        "9":1136085,
                        "10":2013319
                    }
                }
            },
            "Liberos":{
                "Team 1":{
                    "N\u00b0":{
                        "0":16
                    },
                    "Nom Pr\u00e9nom":{
                        "0":"LE ROUX JULIETTE"
                    },
                    "Licence":{
                        "0":1801275
                    }
                },
                "Team 2":{
                    "N\u00b0":{
                        "0":14
                    },
                    "Nom Pr\u00e9nom":{
                        "0":"BRETEL MA\u00cfNA"
                    },
                    "Licence":{
                        "0":2013319
                    }
                }
            },
            "Officials":{
                "Team 1":{
                    "N\u00b0":{
                        "0":"EA",
                        "1":"EB"
                    },
                    "Nom Pr\u00e9nom":{
                        "0":"LEROUX ROLAND",
                        "1":"GARAGNON MARC"
                    },
                    "Licence":{
                        "0":1822539,
                        "1":1755133
                    }
                },
                "Team 2":{
                    "N\u00b0":{
                        "0":"EA"
                    },
                    "Nom Pr\u00e9nom":{
                        "0":"JOUAN THOMAS"
                    },
                    "Licence":{
                        "0":1678210
                    }
                }
            }
        },
        "Results":{
            "winner":"ONTGERMONT VOLLEY-BAL",
            "score":"3\/1"
        },
        "Referees":{
            "NOM Pr\u00e9nom":{
                "1er":"MOUNIER MORGANE",
                "2\u00e8me":"LEMARCHAND MAIWEN",
                "Marqueur":"BOUDJADA CELIA",
                "Marq.Ass":".",
                "nan":null
            },
            "Ligue":{
                "1er":"LIG_BR",
                "2\u00e8me":"LIG_BR",
                "Marqueur":"LIG_BR",
                "Marq.Ass":null,
                "nan":"Juges"
            },
            "Licence":{
                "1er":1085633.0,
                "2\u00e8me":1998467.0,
                "Marqueur":1739790.0,
                "Marq.Ass":null,
                "nan":null
            }
        },
        "Penalties":{

        }
    }
}