{
    "Match":{
        "Title":{
            "div_code":"3FH ",
            "div_name":"NATIONALE 3 FEMININE POULE H",
            "div_pool":"",
            "match_number":"3FH083",
            "match_day":"14",
            "city":"CLAMART",
            "gym":"ANDRE DESCHAMPS",
            "category":"SENIOR | FEMININE",
            "ligue":"Comp\u00e9titions Nationales SENIORS",
            "date":"2020-02-23 14:00:00",
            "team_1":"C S M CLAMART 2",
            "team_2":"AS VOLLEY-BALL VELIZY"
        },
        "Sets":{
            "Teams":{
                "Set 1":{
                    "Name":{
                        "Team 1":"AS VOLLEY-BALL VELIZY",
                        "Team 2":"C S M CLAMART 2"
                    },
                    "Starting":{
                        "Team 1":"Reception",
                        "Team 2":"Service"
                    }
                },
                "Set 2":{
                    "Name":{
                        "Team 1":"AS VOLLEY-BALL VELIZY",
                        "Team 2":"C S M CLAMART 2"
                    },
                    "Starting":{
                        "Team 1":"Service",
                        "Team 2":"Reception"
                    }
                },
                "Set 3":{
                    "Name":{
                        "Team 1":"AS VOLLEY-BALL VELIZY",
                        "Team 2":"C S M CLAMART 2"
                    },
                    "Starting":{
                        "Team 1":"Reception",
                        "Team 2":"Service"
                    }
                },
                "Set 4":{
                    "Name":{
                        "Team 1":"AS VOLLEY-BALL VELIZY",
                        "Team 2":"C S M CLAMART 2"
                    },
                    "Starting":{
                        "Team 1":"Service",
                        "Team 2":"Reception"
                    }
                },
                "Set 5":0
            },
            "Time":{
                "Set 1":{
                    "Time":{
                        "Start":"2020-02-23 14:00:00",
                        "End":"2020-02-23 14:26:00"
                    }
                },
                "Set 2":{
                    "Time":{
                        "Start":"2020-02-23 14:29:00",
                        "End":"2020-02-23 15:00:00"
                    }
                },
                "Set 3":{
                    "Time":{
                        "Start":"2020-02-23 15:03:00",
                        "End":"2020-02-23 15:33:00"
                    }
                },
                "Set 4":{
                    "Time":{
                        "Start":"2020-02-23 15:36:00",
                        "End":"2020-02-23 16:06:00"
                    }
                },
                "Set 5":0
            },
            "Substitutions 1":{
                "Set 1":{
                    "I":{
                        "0":5
                    },
                    "II":{
                        "0":14
                    },
                    "III":{
                        "0":4
                    },
                    "IV":{
                        "0":11
                    },
                    "V":{
                        "0":7
                    },
                    "VI":{
                        "0":19
                    }
                },
                "Set 2":{
                    "I":{
                        "0":14.0,
                        "1":null,
                        "2":null,
                        "3":null
                    },
                    "II":{
                        "0":"4",
                        "1":"12",
                        "2":"7:12",
                        "3":"14:17"
                    },
                    "III":{
                        "0":"11",
                        "1":"2",
                        "2":"23:23",
                        "3":null
                    },
                    "IV":{
                        "0":"7",
                        "1":"10",
                        "2":"12:15",
                        "3":"21:21"
                    },
                    "V":{
                        "0":19.0,
                        "1":null,
                        "2":null,
                        "3":null
                    },
                    "VI":{
                        "0":5.0,
                        "1":null,
                        "2":null,
                        "3":null
                    }
                },
                "Set 3":{
                    "I":{
                        "0":"5",
                        "1":"2",
                        "2":"4:11",
                        "3":"5:11"
                    },
                    "II":{
                        "0":"14",
                        "1":"9",
                        "2":"9:12",
                        "3":"16:17"
                    },
                    "III":{
                        "0":"4",
                        "1":"12",
                        "2":"4:4",
                        "3":null
                    },
                    "IV":{
                        "0":11.0,
                        "1":null,
                        "2":null,
                        "3":null
                    },
                    "V":{
                        "0":7.0,
                        "1":null,
                        "2":null,
                        "3":null
                    },
                    "VI":{
                        "0":"19",
                        "1":"10",
                        "2":"17:21",
                        "3":null
                    }
                },
                "Set 4":{
                    "I":{
                        "0":12.0,
                        "1":null,
                        "2":null,
                        "3":null
                    },
                    "II":{
                        "0":"3",
                        "1":"2",
                        "2":"20:23",
                        "3":null
                    },
                    "III":{
                        "0":"9",
                        "1":"14",
                        "2":"21:24",
                        "3":null
                    },
                    "IV":{
                        "0":4.0,
                        "1":null,
                        "2":null,
                        "3":null
                    },
                    "V":{
                        "0":"11",
                        "1":"19",
                        "2":"16:18",
                        "3":"20:23"
                    },
                    "VI":{
                        "0":"7",
                        "1":"10",
                        "2":"9:12",
                        "3":null
                    }
                },
                "Set 5":0
            },
            "Substitutions 2":{
                "Set 1":{
                    "I":{
                        "0":7.0,
                        "1":null,
                        "2":null
                    },
                    "II":{
                        "0":"5",
                        "1":"9",
                        "2":"14:21"
                    },
                    "III":{
                        "0":3.0,
                        "1":null,
                        "2":null
                    },
                    "IV":{
                        "0":1.0,
                        "1":null,
                        "2":null
                    },
                    "V":{
                        "0":8.0,
                        "1":null,
                        "2":null
                    },
                    "VI":{
                        "0":17.0,
                        "1":null,
                        "2":null
                    }
                },
                "Set 2":{
                    "I":{
                        "0":"17",
                        "1":"11",
                        "2":"18:20",
                        "3":"24:24"
                    },
                    "II":{
                        "0":7.0,
                        "1":null,
                        "2":null,
                        "3":null
                    },
                    "III":{
                        "0":5.0,
                        "1":null,
                        "2":null,
                        "3":null
                    },
                    "IV":{
                        "0":3.0,
                        "1":null,
                        "2":null,
                        "3":null
                    },
                    "V":{
                        "0":1.0,
                        "1":null,
                        "2":null,
                        "3":null
                    },
                    "VI":{
                        "0":8.0,
                        "1":null,
                        "2":null,
                        "3":null
                    }
                },
                "Set 3":{
                    "I":{
                        "0":7.0,
                        "1":null,
                        "2":null,
                        "3":null
                    },
                    "II":{
                        "0":5.0,
                        "1":null,
                        "2":null,
                        "3":null
                    },
                    "III":{
                        "0":3.0,
                        "1":null,
                        "2":null,
                        "3":null
                    },
                    "IV":{
                        "0":1.0,
                        "1":null,
                        "2":null,
                        "3":null
                    },
                    "V":{
                        "0":8.0,
                        "1":null,
                        "2":null,
                        "3":null
                    },
                    "VI":{
                        "0":"17",
                        "1":"11",
                        "2":"16:14",
                        "3":"22:19"
                    }
                },
                "Set 4":{
                    "I":{
                        "0":"17",
                        "1":"11",
                        "2":"22:17"
                    },
                    "II":{
                        "0":7.0,
                        "1":null,
                        "2":null
                    },
                    "III":{
                        "0":5.0,
                        "1":null,
                        "2":null
                    },
                    "IV":{
                        "0":3.0,
                        "1":null,
                        "2":null
                    },
                    "V":{
                        "0":1.0,
                        "1":null,
                        "2":null
                    },
                    "VI":{
                        "0":8.0,
                        "1":null,
                        "2":null
                    }
                },
                "Set 5":0
            },
            "Serves 1":{
                "Set 1":{
                    "I":{
                        "0":null,
                        "1":19.0
                    },
                    "II":{
                        "0":"2",
                        "1":23
                    },
                    "III":{
                        "0":"4",
                        "1":25
                    },
                    "IV":{
                        "0":"6",
                        "1":null
                    },
                    "V":{
                        "0":"13",
                        "1":null
                    },
                    "VI":{
                        "0":"17",
                        "1":null
                    }
                },
                "Set 2":{
                    "I":{
                        "0":"1",
                        "1":21
                    },
                    "II":{
                        "0":"4",
                        "1":22
                    },
                    "III":{
                        "0":"7",
                        "1":24
                    },
                    "IV":{
                        "0":"12",
                        "1":null
                    },
                    "V":{
                        "0":"14",
                        "1":null
                    },
                    "VI":{
                        "0":"20",
                        "1":null
                    }
                },
                "Set 3":{
                    "I":{
                        "0":null,
                        "1":15.0
                    },
                    "II":{
                        "0":"2",
                        "1":17
                    },
                    "III":{
                        "0":"4",
                        "1":19
                    },
                    "IV":{
                        "0":"6",
                        "1":20
                    },
                    "V":{
                        "0":"13",
                        "1":null
                    },
                    "VI":{
                        "0":"14",
                        "1":null
                    }
                },
                "Set 4":{
                    "I":{
                        "0":"1",
                        "1":11,
                        "2":19
                    },
                    "II":{
                        "0":"2",
                        "1":12,
                        "2":21
                    },
                    "III":{
                        "0":"3",
                        "1":13,
                        "2":22
                    },
                    "IV":{
                        "0":"4",
                        "1":14.0,
                        "2":null
                    },
                    "V":{
                        "0":"8",
                        "1":16.0,
                        "2":null
                    },
                    "VI":{
                        "0":"9",
                        "1":17.0,
                        "2":null
                    }
                },
                "Set 5":0
            },
            "Serves 2":{
                "Set 1":{
                    "I":{
                        "0":"1",
                        "1":14
                    },
                    "II":{
                        "0":"5",
                        "1":18
                    },
                    "III":{
                        "0":"8",
                        "1":null
                    },
                    "IV":{
                        "0":"9",
                        "1":null
                    },
                    "V":{
                        "0":"10",
                        "1":null
                    },
                    "VI":{
                        "0":"12",
                        "1":null
                    }
                },
                "Set 2":{
                    "I":{
                        "0":null,
                        "1":18.0
                    },
                    "II":{
                        "0":"4",
                        "1":22
                    },
                    "III":{
                        "0":"6",
                        "1":23
                    },
                    "IV":{
                        "0":"12",
                        "1":26
                    },
                    "V":{
                        "0":"15",
                        "1":null
                    },
                    "VI":{
                        "0":"17",
                        "1":null
                    }
                },
                "Set 3":{
                    "I":{
                        "0":"0",
                        "1":17
                    },
                    "II":{
                        "0":"1",
                        "1":21
                    },
                    "III":{
                        "0":"11",
                        "1":23
                    },
                    "IV":{
                        "0":"12",
                        "1":25
                    },
                    "V":{
                        "0":"15",
                        "1":null
                    },
                    "VI":{
                        "0":"16",
                        "1":null
                    }
                },
                "Set 4":{
                    "I":{
                        "0":null,
                        "1":14.0,
                        "2":22.0
                    },
                    "II":{
                        "0":"1",
                        "1":15,
                        "2":23
                    },
                    "III":{
                        "0":"3",
                        "1":16,
                        "2":24
                    },
                    "IV":{
                        "0":"7",
                        "1":17,
                        "2":25
                    },
                    "V":{
                        "0":"9",
                        "1":18.0,
                        "2":null
                    },
                    "VI":{
                        "0":"11",
                        "1":21.0,
                        "2":null
                    }
                },
                "Set 5":0
            },
            "Timeouts 1":{
                "Set 1":{
                    "T":{
                        "0":"23:17"
                    }
                },
                "Set 2":{
                    "T":{
                        "0":"7:11",
                        "1":"21:20"
                    }
                },
                "Set 3":{
                    "T":{
                        "0":"4:10",
                        "1":"17:19"
                    }
                },
                "Set 4":{
                    "T":{
                        "0":"9:14",
                        "1":"16:20"
                    }
                },
                "Set 5":0
            },
            "Timeouts 2":{
                "Set 1":{
                    "T":{
                        "0":"9:10",
                        "1":"14:21"
                    }
                },
                "Set 2":{
                    "T":{
                        "0":"12:12",
                        "1":"17:19"
                    }
                },
                "Set 3":{
                    "T":{
                        "0":"12:9"
                    }
                },
                "Set 4":{
                    "T":{
                        "0":"18:16"
                    }
                },
                "Set 5":0
            }
        },
        "Teams":{
            "Name":{
                "Team 1":"C S M CLAMART 2",
                "Team 2":"AS VOLLEY-BALL VELIZY"
            },
            "Players":{
                "Team 1":{
                    "N\u00b0":{
                        "0":1,
                        "1":3,
                        "2":5,
                        "3":7,
                        "4":8,
                        "5":9,
                        "6":11,
                        "7":14,
                        "8":17,
                        "9":20
                    },
                    "Nom Pr\u00e9nom":{
                        "0":"VERGER LOUANE",
                        "1":"OUFDOU MONTEIRO AMEL",
                        "2":"LECL\u00c8RE CAPUCINE",
                        "3":"GIORDANO PAULINE",
                        "4":"COURTEILLE JULIETTE",
                        "5":"SIDIBE NANA",
                        "6":"CHARRASSE EMMY",
                        "7":"PUSSIEUX NINA",
                        "8":"VERGER MANON",
                        "9":"PATROIS MARION"
                    },
                    "Licence":{
                        "0":2134834,
                        "1":1870269,
                        "2":2182768,
                        "3":1828603,
                        "4":2037446,
                        "5":1652171,
                        "6":1921301,
                        "7":1940992,
                        "8":2036752,
                        "9":2160170
                    }
                },
                "Team 2":{
                    "N\u00b0":{
                        "0":2,
                        "1":3,
                        "2":4,
                        "3":5,
                        "4":7,
                        "5":9,
                        "6":10,
                        "7":11,
                        "8":12,
                        "9":14,
                        "10":17,
                        "11":19
                    },
                    "Nom Pr\u00e9nom":{
                        "0":"CHERADI ANAIS",
                        "1":"AHO SANDRA",
                        "2":"GODEFROY CAMILLE",
                        "3":"DURAES ANNE",
                        "4":"IVANSCHITZ LISA",
                        "5":"BOGDAN ALEXIA",
                        "6":"SOUCHE MELODY",
                        "7":"VEGA ANAIS",
                        "8":"RIEUPEYROUT LENA",
                        "9":"BIZET MARION",
                        "10":"ROCHETEAU EMILIE",
                        "11":"DORNIER AMAIA"
                    },
                    "Licence":{
                        "0":1945089,
                        "1":1749901,
                        "2":1833498,
                        "3":1747691,
                        "4":1658574,
                        "5":1948209,
                        "6":1800447,
                        "7":1768718,
                        "8":1736748,
                        "9":1784634,
                        "10":1736747,
                        "11":2093237
                    }
                }
            },
            "Liberos":{
                "Team 1":{
                    "N\u00b0":{
                        "0":14,
                        "1":20
                    },
                    "Nom Pr\u00e9nom":{
                        "0":"PUSSIEUX NINA",
                        "1":"PATROIS MARION"
                    },
                    "Licence":{
                        "0":1940992,
                        "1":2160170
                    }
                },
                "Team 2":{
                    "N\u00b0":{
                        "0":17
                    },
                    "Nom Pr\u00e9nom":{
                        "0":"ROCHETEAU EMILIE"
                    },
                    "Licence":{
                        "0":1736747
                    }
                }
            },
            "Officials":{
                "Team 1":{
                    "N\u00b0":{
                        "0":"EA"
                    },
                    "Nom Pr\u00e9nom":{
                        "0":"ALBERTI HUGO"
                    },
                    "Licence":{
                        "0":1463576
                    }
                },
                "Team 2":{
                    "N\u00b0":{
                        "0":"EA",
                        "1":"EB"
                    },
                    "Nom Pr\u00e9nom":{
                        "0":"VERNET LAURENT",
                        "1":"DUFOUR THEO"
                    },
                    "Licence":{
                        "0":1381910,
                        "1":2098587
                    }
                }
            }
        },
        "Results":{
            "winner":"C S M CLAMART 2",
            "score":"3\/1"
        },
        "Referees":{
            "NOM Pr\u00e9nom":{
                "1er":"HO FELIX",
                "2\u00e8me":"DENIS OLIVIER",
                "Marqueur":"ANDRE TH\u00c9O",
                "Marq.Ass":".",
                "R.Salle":"DESCHAMPS ALAIN"
            },
            "Ligue":{
                "1er":"LIG_IF",
                "2\u00e8me":"LIG_IF",
                "Marqueur":"LIG_IF",
                "Marq.Ass":null,
                "R.Salle":"LIG_IF"
            },
            "Licence":{
                "1er":1543747.0,
                "2\u00e8me":1809777.0,
                "Marqueur":2068328.0,
                "Marq.Ass":null,
                "R.Salle":15404.0
            }
        },
        "Penalties":{

        }
    }
}