{
    "Match":{
        "Title":{
            "div_code":"3FH ",
            "div_name":"NATIONALE 3 FEMININE POULE H",
            "div_pool":"",
            "match_number":"3FH080",
            "match_day":"14",
            "city":"SAINT-LO",
            "gym":"SALLE ANDRE GUILBERT",
            "category":"SENIOR | FEMININE",
            "ligue":"Comp\u00e9titions Nationales SENIORS",
            "date":"2020-02-22 20:00:00",
            "team_1":"SAINT-LO VOLLEY",
            "team_2":"C.P.B. RENNES 35"
        },
        "Sets":{
            "Teams":{
                "Set 1":{
                    "Name":{
                        "Team 1":"C.P.B. RENNES 35",
                        "Team 2":"SAINT-LO VOLLEY"
                    },
                    "Starting":{
                        "Team 1":"Reception",
                        "Team 2":"Service"
                    }
                },
                "Set 2":{
                    "Name":{
                        "Team 1":"C.P.B. RENNES 35",
                        "Team 2":"SAINT-LO VOLLEY"
                    },
                    "Starting":{
                        "Team 1":"Service",
                        "Team 2":"Reception"
                    }
                },
                "Set 3":{
                    "Name":{
                        "Team 1":"C.P.B. RENNES 35",
                        "Team 2":"SAINT-LO VOLLEY"
                    },
                    "Starting":{
                        "Team 1":"Reception",
                        "Team 2":"Service"
                    }
                },
                "Set 4":{
                    "Name":{
                        "Team 1":"C.P.B. RENNES 35",
                        "Team 2":"SAINT-LO VOLLEY"
                    },
                    "Starting":{
                        "Team 1":"Service",
                        "Team 2":"Reception"
                    }
                },
                "Set 5":0
            },
            "Time":{
                "Set 1":{
                    "Time":{
                        "Start":"2020-02-22 19:53:00",
                        "End":"2020-02-22 20:27:00"
                    }
                },
                "Set 2":{
                    "Time":{
                        "Start":"2020-02-22 20:29:00",
                        "End":"2020-02-22 21:02:00"
                    }
                },
                "Set 3":{
                    "Time":{
                        "Start":"2020-02-22 21:06:00",
                        "End":"2020-02-22 21:41:00"
                    }
                },
                "Set 4":{
                    "Time":{
                        "Start":"2020-02-22 21:43:00",
                        "End":"2020-02-22 22:11:00"
                    }
                },
                "Set 5":0
            },
            "Substitutions 1":{
                "Set 1":{
                    "I":{
                        "0":7.0,
                        "1":null,
                        "2":null
                    },
                    "II":{
                        "0":3.0,
                        "1":null,
                        "2":null
                    },
                    "III":{
                        "0":6.0,
                        "1":null,
                        "2":null
                    },
                    "IV":{
                        "0":16.0,
                        "1":null,
                        "2":null
                    },
                    "V":{
                        "0":"12",
                        "1":"4",
                        "2":"22:21"
                    },
                    "VI":{
                        "0":"9",
                        "1":"14",
                        "2":"7:12"
                    }
                },
                "Set 2":{
                    "I":{
                        "0":3.0,
                        "1":null,
                        "2":null,
                        "3":null
                    },
                    "II":{
                        "0":"6",
                        "1":"9",
                        "2":"3:7",
                        "3":"15:20"
                    },
                    "III":{
                        "0":16.0,
                        "1":null,
                        "2":null,
                        "3":null
                    },
                    "IV":{
                        "0":12.0,
                        "1":null,
                        "2":null,
                        "3":null
                    },
                    "V":{
                        "0":14.0,
                        "1":null,
                        "2":null,
                        "3":null
                    },
                    "VI":{
                        "0":7.0,
                        "1":null,
                        "2":null,
                        "3":null
                    }
                },
                "Set 3":{
                    "I":{
                        "0":7.0,
                        "1":null,
                        "2":null,
                        "3":null
                    },
                    "II":{
                        "0":3.0,
                        "1":null,
                        "2":null,
                        "3":null
                    },
                    "III":{
                        "0":"6",
                        "1":"9",
                        "2":"14:18",
                        "3":"24:24"
                    },
                    "IV":{
                        "0":16.0,
                        "1":null,
                        "2":null,
                        "3":null
                    },
                    "V":{
                        "0":"12",
                        "1":"4",
                        "2":"18:20",
                        "3":"22:23"
                    },
                    "VI":{
                        "0":14.0,
                        "1":null,
                        "2":null,
                        "3":null
                    }
                },
                "Set 4":{
                    "I":{
                        "0":3.0,
                        "1":null,
                        "2":null,
                        "3":null
                    },
                    "II":{
                        "0":6.0,
                        "1":null,
                        "2":null,
                        "3":null
                    },
                    "III":{
                        "0":16.0,
                        "1":null,
                        "2":null,
                        "3":null
                    },
                    "IV":{
                        "0":"12",
                        "1":"4",
                        "2":"21:16",
                        "3":"24:19"
                    },
                    "V":{
                        "0":14.0,
                        "1":null,
                        "2":null,
                        "3":null
                    },
                    "VI":{
                        "0":7.0,
                        "1":null,
                        "2":null,
                        "3":null
                    }
                },
                "Set 5":0
            },
            "Substitutions 2":{
                "Set 1":{
                    "I":{
                        "0":2.0,
                        "1":null,
                        "2":null,
                        "3":null
                    },
                    "II":{
                        "0":12.0,
                        "1":null,
                        "2":null,
                        "3":null
                    },
                    "III":{
                        "0":4.0,
                        "1":null,
                        "2":null,
                        "3":null
                    },
                    "IV":{
                        "0":"9",
                        "1":"11",
                        "2":"16:17",
                        "3":"22:24"
                    },
                    "V":{
                        "0":6.0,
                        "1":null,
                        "2":null,
                        "3":null
                    },
                    "VI":{
                        "0":3.0,
                        "1":null,
                        "2":null,
                        "3":null
                    }
                },
                "Set 2":{
                    "I":{
                        "0":3.0,
                        "1":null,
                        "2":null
                    },
                    "II":{
                        "0":2.0,
                        "1":null,
                        "2":null
                    },
                    "III":{
                        "0":"12",
                        "1":"11",
                        "2":"21:16"
                    },
                    "IV":{
                        "0":4.0,
                        "1":null,
                        "2":null
                    },
                    "V":{
                        "0":9.0,
                        "1":null,
                        "2":null
                    },
                    "VI":{
                        "0":6.0,
                        "1":null,
                        "2":null
                    }
                },
                "Set 3":{
                    "I":{
                        "0":2
                    },
                    "II":{
                        "0":11
                    },
                    "III":{
                        "0":4
                    },
                    "IV":{
                        "0":9
                    },
                    "V":{
                        "0":6
                    },
                    "VI":{
                        "0":3
                    }
                },
                "Set 4":{
                    "I":{
                        "0":3
                    },
                    "II":{
                        "0":2
                    },
                    "III":{
                        "0":11
                    },
                    "IV":{
                        "0":4
                    },
                    "V":{
                        "0":9
                    },
                    "VI":{
                        "0":6
                    }
                },
                "Set 5":0
            },
            "Serves 1":{
                "Set 1":{
                    "I":{
                        "0":null,
                        "1":16.0
                    },
                    "II":{
                        "0":"4",
                        "1":17
                    },
                    "III":{
                        "0":"5",
                        "1":18
                    },
                    "IV":{
                        "0":"6",
                        "1":21
                    },
                    "V":{
                        "0":"7",
                        "1":22
                    },
                    "VI":{
                        "0":"9",
                        "1":25
                    }
                },
                "Set 2":{
                    "I":{
                        "0":"0",
                        "1":8,
                        "2":17
                    },
                    "II":{
                        "0":"1",
                        "1":9,
                        "2":22
                    },
                    "III":{
                        "0":"2",
                        "1":11,
                        "2":23
                    },
                    "IV":{
                        "0":"3",
                        "1":13.0,
                        "2":null
                    },
                    "V":{
                        "0":"4",
                        "1":15.0,
                        "2":null
                    },
                    "VI":{
                        "0":"7",
                        "1":16.0,
                        "2":null
                    }
                },
                "Set 3":{
                    "I":{
                        "0":null,
                        "1":11.0,
                        "2":21.0
                    },
                    "II":{
                        "0":"2",
                        "1":12,
                        "2":23
                    },
                    "III":{
                        "0":"4",
                        "1":14,
                        "2":24
                    },
                    "IV":{
                        "0":"5",
                        "1":17,
                        "2":25
                    },
                    "V":{
                        "0":"6",
                        "1":18,
                        "2":27
                    },
                    "VI":{
                        "0":"9",
                        "1":19,
                        "2":29
                    }
                },
                "Set 4":{
                    "I":{
                        "0":"0",
                        "1":15,
                        "2":24
                    },
                    "II":{
                        "0":"3",
                        "1":19,
                        "2":25
                    },
                    "III":{
                        "0":"6",
                        "1":20.0,
                        "2":null
                    },
                    "IV":{
                        "0":"9",
                        "1":21.0,
                        "2":null
                    },
                    "V":{
                        "0":"11",
                        "1":22.0,
                        "2":null
                    },
                    "VI":{
                        "0":"12",
                        "1":23.0,
                        "2":null
                    }
                },
                "Set 5":0
            },
            "Serves 2":{
                "Set 1":{
                    "I":{
                        "0":"2",
                        "1":16
                    },
                    "II":{
                        "0":"3",
                        "1":17
                    },
                    "III":{
                        "0":"6",
                        "1":18
                    },
                    "IV":{
                        "0":"7",
                        "1":20
                    },
                    "V":{
                        "0":"13",
                        "1":22
                    },
                    "VI":{
                        "0":"15",
                        "1":null
                    }
                },
                "Set 2":{
                    "I":{
                        "0":null,
                        "1":14.0,
                        "2":21.0
                    },
                    "II":{
                        "0":"1",
                        "1":15,
                        "2":22
                    },
                    "III":{
                        "0":"4",
                        "1":16,
                        "2":23
                    },
                    "IV":{
                        "0":"5",
                        "1":17,
                        "2":25
                    },
                    "V":{
                        "0":"7",
                        "1":19.0,
                        "2":null
                    },
                    "VI":{
                        "0":"12",
                        "1":20.0,
                        "2":null
                    }
                },
                "Set 3":{
                    "I":{
                        "0":"2",
                        "1":14,
                        "2":23
                    },
                    "II":{
                        "0":"5",
                        "1":17,
                        "2":24
                    },
                    "III":{
                        "0":"6",
                        "1":18,
                        "2":25
                    },
                    "IV":{
                        "0":"7",
                        "1":19,
                        "2":26
                    },
                    "V":{
                        "0":"11",
                        "1":21,
                        "2":27
                    },
                    "VI":{
                        "0":"13",
                        "1":22.0,
                        "2":null
                    }
                },
                "Set 4":{
                    "I":{
                        "0":null,
                        "1":9.0,
                        "2":19.0
                    },
                    "II":{
                        "0":"3",
                        "1":10,
                        "2":20
                    },
                    "III":{
                        "0":"4",
                        "1":14.0,
                        "2":null
                    },
                    "IV":{
                        "0":"5",
                        "1":15.0,
                        "2":null
                    },
                    "V":{
                        "0":"7",
                        "1":17.0,
                        "2":null
                    },
                    "VI":{
                        "0":"8",
                        "1":18.0,
                        "2":null
                    }
                },
                "Set 5":0
            },
            "Timeouts 1":{
                "Set 1":{
                    "T":{
                        "0":"7:13",
                        "1":"22:22"
                    }
                },
                "Set 2":{
                    "T":{
                        "0":"4:10",
                        "1":"22:23"
                    }
                },
                "Set 3":{
                    "T":{
                        "0":"6:10",
                        "1":"18:21"
                    }
                },
                "Set 4":{
                    "T":{
                        "0":"19:14"
                    }
                },
                "Set 5":0
            },
            "Timeouts 2":{
                "Set 1":{
                    "T":{
                        "0":"15:12",
                        "1":"18:21"
                    }
                },
                "Set 2":{
                    "T":{
                        "0":"16:11",
                        "1":"22:21"
                    }
                },
                "Set 3":{
                    "T":{
                        "0":"22:21",
                        "1":"23:23"
                    }
                },
                "Set 4":{
                    "T":{
                        "0":"10:19",
                        "1":"15:21"
                    }
                },
                "Set 5":0
            }
        },
        "Teams":{
            "Name":{
                "Team 1":"SAINT-LO VOLLEY",
                "Team 2":"C.P.B. RENNES 35"
            },
            "Players":{
                "Team 1":{
                    "N\u00b0":{
                        "0":2,
                        "1":3,
                        "2":4,
                        "3":5,
                        "4":6,
                        "5":9,
                        "6":10,
                        "7":11,
                        "8":12
                    },
                    "Nom Pr\u00e9nom":{
                        "0":"BLESTEL ZOE",
                        "1":"MARTIN LO\u00cfSE",
                        "2":"LEGENDRE ANG\u00c8LE",
                        "3":"DELABROUSSE PAULINE",
                        "4":"HEFSI MASSILIA",
                        "5":"BAUDE CHARLOTTE",
                        "6":"NOEL SUZON",
                        "7":"FLAMBARD NATHALIE",
                        "8":"LAMORA ELSA"
                    },
                    "Licence":{
                        "0":1941722,
                        "1":2040277,
                        "2":2093864,
                        "3":2194783,
                        "4":2043579,
                        "5":1376845,
                        "6":2198105,
                        "7":1817085,
                        "8":1758149
                    }
                },
                "Team 2":{
                    "N\u00b0":{
                        "0":3,
                        "1":4,
                        "2":6,
                        "3":7,
                        "4":9,
                        "5":12,
                        "6":13,
                        "7":14,
                        "8":15,
                        "9":16
                    },
                    "Nom Pr\u00e9nom":{
                        "0":"PICARD ZOE",
                        "1":"BRAULT SOIZIC",
                        "2":"MAURICE JUSTINE",
                        "3":"BOISSELIER ERINE",
                        "4":"TOUTAIN JULIE",
                        "5":"DELAUNAY MARGOT",
                        "6":"PERRIER JADE",
                        "7":"LEPUISSANT APOLLINE",
                        "8":"DE THY MORGANE",
                        "9":"CHAROLLAIS ANAIS"
                    },
                    "Licence":{
                        "0":1839650,
                        "1":1897648,
                        "2":1791585,
                        "3":2106545,
                        "4":1675244,
                        "5":1822351,
                        "6":1891676,
                        "7":1957257,
                        "8":1146767,
                        "9":1537445
                    }
                }
            },
            "Liberos":{
                "Team 1":{
                    "N\u00b0":{
                        "0":10
                    },
                    "Nom Pr\u00e9nom":{
                        "0":"NOEL SUZON"
                    },
                    "Licence":{
                        "0":2198105
                    }
                },
                "Team 2":{
                    "N\u00b0":{
                        "0":13
                    },
                    "Nom Pr\u00e9nom":{
                        "0":"PERRIER JADE"
                    },
                    "Licence":{
                        "0":1891676
                    }
                }
            },
            "Officials":{
                "Team 1":{
                    "N\u00b0":{
                        "0":"EA"
                    },
                    "Nom Pr\u00e9nom":{
                        "0":"NOEL GILLES"
                    },
                    "Licence":{
                        "0":149104
                    }
                },
                "Team 2":{
                    "N\u00b0":{
                        "0":"EA",
                        "1":"EB"
                    },
                    "Nom Pr\u00e9nom":{
                        "0":"DE THY MORGANE",
                        "1":"LEPUISSANT SAMUEL"
                    },
                    "Licence":{
                        "0":1146767,
                        "1":1862675
                    }
                }
            }
        },
        "Results":{
            "winner":"C.P.B. RENNES 35",
            "score":"3\/1"
        },
        "Referees":{
            "NOM Pr\u00e9nom":{
                "1er":"ALAOUI HASSINI EL-HASSANE",
                "2\u00e8me":"PICANTIN SIMON",
                "Marqueur":"MICHEL LAURENT",
                "Marq.Ass":".",
                "R.Salle":"FROMENTIN AGNES"
            },
            "Ligue":{
                "1er":"LIG_NO",
                "2\u00e8me":"LIG_NO",
                "Marqueur":"LIG_NO",
                "Marq.Ass":null,
                "R.Salle":"LIG_NO"
            },
            "Licence":{
                "1er":1512067.0,
                "2\u00e8me":1726400.0,
                "Marqueur":1034182.0,
                "Marq.Ass":null,
                "R.Salle":682211.0
            }
        },
        "Penalties":{

        }
    }
}