{
    "Match":{
        "Title":{
            "div_code":"3FH ",
            "div_name":"NATIONALE 3 FEMININE POULE H",
            "div_pool":"",
            "match_number":"3FH066",
            "match_day":"11",
            "city":"",
            "gym":"MOTTE BRULON",
            "category":"SENIOR | FEMININE",
            "ligue":"Comp\u00e9titions Nationales SENIORS",
            "date":"2020-01-26 16:00:00",
            "team_1":"C.P.B. RENNES 35",
            "team_2":"RENNES ETUDIANTS CLUB 2"
        },
        "Sets":{
            "Teams":{
                "Set 1":{
                    "Name":{
                        "Team 1":"RENNES ETUDIANTS CLUB",
                        "Team 2":"C.P.B. RENNES 35"
                    },
                    "Starting":{
                        "Team 1":"Service",
                        "Team 2":"Reception"
                    }
                },
                "Set 2":{
                    "Name":{
                        "Team 1":"RENNES ETUDIANTS CLUB",
                        "Team 2":"C.P.B. RENNES 35"
                    },
                    "Starting":{
                        "Team 1":"Reception",
                        "Team 2":"Service"
                    }
                },
                "Set 3":{
                    "Name":{
                        "Team 1":"RENNES ETUDIANTS CLUB",
                        "Team 2":"C.P.B. RENNES 35"
                    },
                    "Starting":{
                        "Team 1":"Service",
                        "Team 2":"Reception"
                    }
                },
                "Set 4":{
                    "Name":{
                        "Team 1":"RENNES ETUDIANTS CLUB",
                        "Team 2":"C.P.B. RENNES 35"
                    },
                    "Starting":{
                        "Team 1":"Reception",
                        "Team 2":"Service"
                    }
                },
                "Set 5":0
            },
            "Time":{
                "Set 1":{
                    "Time":{
                        "Start":"2020-01-26 16:06:00",
                        "End":"2020-01-26 16:26:00"
                    }
                },
                "Set 2":{
                    "Time":{
                        "Start":"2020-01-26 16:30:00",
                        "End":"2020-01-26 16:58:00"
                    }
                },
                "Set 3":{
                    "Time":{
                        "Start":"2020-01-26 17:01:00",
                        "End":"2020-01-26 17:26:00"
                    }
                },
                "Set 4":{
                    "Time":{
                        "Start":"2020-01-26 17:29:00",
                        "End":"2020-01-26 17:54:00"
                    }
                },
                "Set 5":0
            },
            "Substitutions 1":{
                "Set 1":{
                    "I":{
                        "0":3
                    },
                    "II":{
                        "0":15
                    },
                    "III":{
                        "0":11
                    },
                    "IV":{
                        "0":2
                    },
                    "V":{
                        "0":5
                    },
                    "VI":{
                        "0":16
                    }
                },
                "Set 2":{
                    "I":{
                        "0":3
                    },
                    "II":{
                        "0":15
                    },
                    "III":{
                        "0":13
                    },
                    "IV":{
                        "0":2
                    },
                    "V":{
                        "0":5
                    },
                    "VI":{
                        "0":16
                    }
                },
                "Set 3":{
                    "I":{
                        "0":3.0,
                        "1":null,
                        "2":null
                    },
                    "II":{
                        "0":5.0,
                        "1":null,
                        "2":null
                    },
                    "III":{
                        "0":"13",
                        "1":"16",
                        "2":"16:20"
                    },
                    "IV":{
                        "0":2.0,
                        "1":null,
                        "2":null
                    },
                    "V":{
                        "0":6.0,
                        "1":null,
                        "2":null
                    },
                    "VI":{
                        "0":11.0,
                        "1":null,
                        "2":null
                    }
                },
                "Set 4":{
                    "I":{
                        "0":16.0,
                        "1":null,
                        "2":null
                    },
                    "II":{
                        "0":3.0,
                        "1":null,
                        "2":null
                    },
                    "III":{
                        "0":15.0,
                        "1":null,
                        "2":null
                    },
                    "IV":{
                        "0":11.0,
                        "1":null,
                        "2":null
                    },
                    "V":{
                        "0":"2",
                        "1":"9",
                        "2":"5:12"
                    },
                    "VI":{
                        "0":5.0,
                        "1":null,
                        "2":null
                    }
                },
                "Set 5":0
            },
            "Substitutions 2":{
                "Set 1":{
                    "I":{
                        "0":7.0,
                        "1":null,
                        "2":null,
                        "3":null
                    },
                    "II":{
                        "0":3.0,
                        "1":null,
                        "2":null,
                        "3":null
                    },
                    "III":{
                        "0":6.0,
                        "1":null,
                        "2":null,
                        "3":null
                    },
                    "IV":{
                        "0":16.0,
                        "1":null,
                        "2":null,
                        "3":null
                    },
                    "V":{
                        "0":12.0,
                        "1":null,
                        "2":null,
                        "3":null
                    },
                    "VI":{
                        "0":"9",
                        "1":"2",
                        "2":"5:13",
                        "3":"11:22"
                    }
                },
                "Set 2":{
                    "I":{
                        "0":3.0,
                        "1":null,
                        "2":null
                    },
                    "II":{
                        "0":2.0,
                        "1":null,
                        "2":null
                    },
                    "III":{
                        "0":7.0,
                        "1":null,
                        "2":null
                    },
                    "IV":{
                        "0":"12",
                        "1":"6",
                        "2":"15:16"
                    },
                    "V":{
                        "0":9.0,
                        "1":null,
                        "2":null
                    },
                    "VI":{
                        "0":16.0,
                        "1":null,
                        "2":null
                    }
                },
                "Set 3":{
                    "I":{
                        "0":16.0,
                        "1":null,
                        "2":null
                    },
                    "II":{
                        "0":3.0,
                        "1":null,
                        "2":null
                    },
                    "III":{
                        "0":6.0,
                        "1":null,
                        "2":null
                    },
                    "IV":{
                        "0":7.0,
                        "1":null,
                        "2":null
                    },
                    "V":{
                        "0":"12",
                        "1":"2",
                        "2":"18:12"
                    },
                    "VI":{
                        "0":9.0,
                        "1":null,
                        "2":null
                    }
                },
                "Set 4":{
                    "I":{
                        "0":3.0,
                        "1":null,
                        "2":null,
                        "3":null
                    },
                    "II":{
                        "0":6.0,
                        "1":null,
                        "2":null,
                        "3":null
                    },
                    "III":{
                        "0":7.0,
                        "1":null,
                        "2":null,
                        "3":null
                    },
                    "IV":{
                        "0":"12",
                        "1":"2",
                        "2":"20:18",
                        "3":"21:23"
                    },
                    "V":{
                        "0":9.0,
                        "1":null,
                        "2":null,
                        "3":null
                    },
                    "VI":{
                        "0":16.0,
                        "1":null,
                        "2":null,
                        "3":null
                    }
                },
                "Set 5":0
            },
            "Serves 1":{
                "Set 1":{
                    "I":{
                        "0":"0",
                        "1":20
                    },
                    "II":{
                        "0":"1",
                        "1":25
                    },
                    "III":{
                        "0":"5",
                        "1":null
                    },
                    "IV":{
                        "0":"6",
                        "1":null
                    },
                    "V":{
                        "0":"17",
                        "1":null
                    },
                    "VI":{
                        "0":"18",
                        "1":null
                    }
                },
                "Set 2":{
                    "I":{
                        "0":null,
                        "1":9.0,
                        "2":21.0
                    },
                    "II":{
                        "0":"1",
                        "1":12,
                        "2":22
                    },
                    "III":{
                        "0":"2",
                        "1":13,
                        "2":24
                    },
                    "IV":{
                        "0":"4",
                        "1":14,
                        "2":25
                    },
                    "V":{
                        "0":"6",
                        "1":17.0,
                        "2":null
                    },
                    "VI":{
                        "0":"7",
                        "1":18.0,
                        "2":null
                    }
                },
                "Set 3":{
                    "I":{
                        "0":"3",
                        "1":9
                    },
                    "II":{
                        "0":"4",
                        "1":10
                    },
                    "III":{
                        "0":"5",
                        "1":11
                    },
                    "IV":{
                        "0":"6",
                        "1":12
                    },
                    "V":{
                        "0":"7",
                        "1":15
                    },
                    "VI":{
                        "0":"8",
                        "1":17
                    }
                },
                "Set 4":{
                    "I":{
                        "0":null,
                        "1":9.0,
                        "2":25.0
                    },
                    "II":{
                        "0":"2",
                        "1":10.0,
                        "2":null
                    },
                    "III":{
                        "0":"3",
                        "1":12.0,
                        "2":null
                    },
                    "IV":{
                        "0":"4",
                        "1":18.0,
                        "2":null
                    },
                    "V":{
                        "0":"5",
                        "1":19.0,
                        "2":null
                    },
                    "VI":{
                        "0":"7",
                        "1":23.0,
                        "2":null
                    }
                },
                "Set 5":0
            },
            "Serves 2":{
                "Set 1":{
                    "I":{
                        "0":null,
                        "1":10.0
                    },
                    "II":{
                        "0":"1",
                        "1":11
                    },
                    "III":{
                        "0":"2",
                        "1":null
                    },
                    "IV":{
                        "0":"4",
                        "1":null
                    },
                    "V":{
                        "0":"5",
                        "1":null
                    },
                    "VI":{
                        "0":"7",
                        "1":null
                    }
                },
                "Set 2":{
                    "I":{
                        "0":"0",
                        "1":11,
                        "2":18
                    },
                    "II":{
                        "0":"1",
                        "1":13,
                        "2":21
                    },
                    "III":{
                        "0":"2",
                        "1":14,
                        "2":22
                    },
                    "IV":{
                        "0":"4",
                        "1":15.0,
                        "2":null
                    },
                    "V":{
                        "0":"5",
                        "1":16.0,
                        "2":null
                    },
                    "VI":{
                        "0":"6",
                        "1":17.0,
                        "2":null
                    }
                },
                "Set 3":{
                    "I":{
                        "0":null,
                        "1":10.0,
                        "2":25.0
                    },
                    "II":{
                        "0":"2",
                        "1":12.0,
                        "2":null
                    },
                    "III":{
                        "0":"3",
                        "1":16.0,
                        "2":null
                    },
                    "IV":{
                        "0":"4",
                        "1":17.0,
                        "2":null
                    },
                    "V":{
                        "0":"7",
                        "1":19.0,
                        "2":null
                    },
                    "VI":{
                        "0":"8",
                        "1":20.0,
                        "2":null
                    }
                },
                "Set 4":{
                    "I":{
                        "0":"0",
                        "1":17
                    },
                    "II":{
                        "0":"4",
                        "1":18
                    },
                    "III":{
                        "0":"5",
                        "1":19
                    },
                    "IV":{
                        "0":"7",
                        "1":20
                    },
                    "V":{
                        "0":"12",
                        "1":21
                    },
                    "VI":{
                        "0":"13",
                        "1":22
                    }
                },
                "Set 5":0
            },
            "Timeouts 1":{
                "Set 1":{
                    "T":{

                    }
                },
                "Set 2":{
                    "T":{
                        "0":"9:11"
                    }
                },
                "Set 3":{
                    "T":{
                        "0":"9:12",
                        "1":"12:19"
                    }
                },
                "Set 4":{
                    "T":{

                    }
                },
                "Set 5":0
            },
            "Timeouts 2":{
                "Set 1":{
                    "T":{
                        "0":"5:12",
                        "1":"10:20"
                    }
                },
                "Set 2":{
                    "T":{
                        "0":"17:21",
                        "1":"18:22"
                    }
                },
                "Set 3":{
                    "T":{
                        "0":"19:15"
                    }
                },
                "Set 4":{
                    "T":{
                        "0":"19:15",
                        "1":"21:21"
                    }
                },
                "Set 5":0
            }
        },
        "Teams":{
            "Name":{
                "Team 1":"C.P.B. RENNES 35",
                "Team 2":"RENNES ETUDIANTS CLUB 2"
            },
            "Players":{
                "Team 1":{
                    "N\u00b0":{
                        "0":2,
                        "1":3,
                        "2":6,
                        "3":7,
                        "4":9,
                        "5":12,
                        "6":13,
                        "7":15,
                        "8":16
                    },
                    "Nom Pr\u00e9nom":{
                        "0":"BA AMINATA",
                        "1":"PICARD ZOE",
                        "2":"MAURICE JUSTINE",
                        "3":"BOISSELIER ERINE",
                        "4":"TOUTAIN JULIE",
                        "5":"DELAUNAY MARGOT",
                        "6":"PERRIER JADE",
                        "7":"DE THY MORGANE",
                        "8":"CHAROLLAIS ANA\u00efS"
                    },
                    "Licence":{
                        "0":2148277,
                        "1":1839650,
                        "2":1791585,
                        "3":2106545,
                        "4":1675244,
                        "5":1822351,
                        "6":1891676,
                        "7":1146767,
                        "8":1537445
                    }
                },
                "Team 2":{
                    "N\u00b0":{
                        "0":2,
                        "1":3,
                        "2":5,
                        "3":6,
                        "4":7,
                        "5":8,
                        "6":9,
                        "7":11,
                        "8":13,
                        "9":15,
                        "10":16,
                        "11":18
                    },
                    "Nom Pr\u00e9nom":{
                        "0":"LEFEVBRE DELANGHE LAURIE",
                        "1":"WARTH NO\u00cbMIE",
                        "2":"SAULNIER ELOISE",
                        "3":"LEMETAYER EMMA",
                        "4":"AMINTAS DIANE",
                        "5":"RIOU ENORA",
                        "6":"DELANGHE C\u00c9LIA",
                        "7":"PAITRY MA\u00cfWENN",
                        "8":"MASEI KATHY",
                        "9":"HAMON CAMILLE",
                        "10":"HAMON ELISE",
                        "11":"HUBERT LENA"
                    },
                    "Licence":{
                        "0":1906120,
                        "1":1995428,
                        "2":1898438,
                        "3":1990352,
                        "4":1829360,
                        "5":2009761,
                        "6":1906121,
                        "7":1904704,
                        "8":2089186,
                        "9":1896689,
                        "10":1896683,
                        "11":1943234
                    }
                }
            },
            "Liberos":{
                "Team 1":{
                    "N\u00b0":{
                        "0":13
                    },
                    "Nom Pr\u00e9nom":{
                        "0":"PERRIER JADE"
                    },
                    "Licence":{
                        "0":1891676
                    }
                },
                "Team 2":{
                    "N\u00b0":{
                        "0":18
                    },
                    "Nom Pr\u00e9nom":{
                        "0":"HUBERT LENA"
                    },
                    "Licence":{
                        "0":1943234
                    }
                }
            },
            "Officials":{
                "Team 1":{
                    "N\u00b0":{
                        "0":"EA",
                        "1":"EB"
                    },
                    "Nom Pr\u00e9nom":{
                        "0":"DE THY MORGANE",
                        "1":"GUEGUEN FANNY"
                    },
                    "Licence":{
                        "0":1146767,
                        "1":1859886
                    }
                },
                "Team 2":{
                    "N\u00b0":{
                        "0":"EA"
                    },
                    "Nom Pr\u00e9nom":{
                        "0":"COPIN LUCAS"
                    },
                    "Licence":{
                        "0":1834173
                    }
                }
            }
        },
        "Results":{
            "winner":"RENNES ETUDIANTS CLUB",
            "score":"3\/1"
        },
        "Referees":{
            "NOM Pr\u00e9nom":{
                "1er":"ATHANASE HERVE",
                "2\u00e8me":"PITOUX LAURENT",
                "Marqueur":"GENTON PERRINE",
                "Marq.Ass":".",
                "nan":null
            },
            "Ligue":{
                "1er":"LIG_BR",
                "2\u00e8me":"LIG_IF",
                "Marqueur":"LIG_BR",
                "Marq.Ass":null,
                "nan":"Juges"
            },
            "Licence":{
                "1er":1829418.0,
                "2\u00e8me":1382264.0,
                "Marqueur":2194240.0,
                "Marq.Ass":null,
                "nan":null
            }
        },
        "Penalties":{

        }
    }
}