{
    "Match":{
        "Title":{
            "div_code":"3FH ",
            "div_name":"NATIONALE 3 FEMININE POULE H",
            "div_pool":"",
            "match_number":"3FH020",
            "match_day":"04",
            "city":"MONTGERMONT",
            "gym":"SALLE DES COURTINES",
            "category":"SENIOR | FEMININE",
            "ligue":"Comp\u00e9titions Nationales SENIORS",
            "date":"2019-11-03 15:00:00",
            "team_1":"MONTGERMONT VOLLEY-BALL CLUB",
            "team_2":"AS VOLLEY-BALL VELIZY"
        },
        "Sets":{
            "Teams":{
                "Set 1":{
                    "Name":{
                        "Team 1":"MONTGERMONT VOLLEY-BAL",
                        "Team 2":"AS VOLLEY-BALL VELIZY"
                    },
                    "Starting":{
                        "Team 1":"Service",
                        "Team 2":"Reception"
                    }
                },
                "Set 2":{
                    "Name":{
                        "Team 1":"MONTGERMONT VOLLEY-BAL",
                        "Team 2":"AS VOLLEY-BALL VELIZY"
                    },
                    "Starting":{
                        "Team 1":"Reception",
                        "Team 2":"Service"
                    }
                },
                "Set 3":{
                    "Name":{
                        "Team 1":"MONTGERMONT VOLLEY-BAL",
                        "Team 2":"AS VOLLEY-BALL VELIZY"
                    },
                    "Starting":{
                        "Team 1":"Service",
                        "Team 2":"Reception"
                    }
                },
                "Set 4":0,
                "Set 5":0
            },
            "Time":{
                "Set 1":{
                    "Time":{
                        "Start":"2019-11-03 14:59:00",
                        "End":"2019-11-03 15:28:00"
                    }
                },
                "Set 2":{
                    "Time":{
                        "Start":"2019-11-03 15:30:00",
                        "End":"2019-11-03 15:57:00"
                    }
                },
                "Set 3":{
                    "Time":{
                        "Start":"2019-11-03 16:00:00",
                        "End":"2019-11-03 16:36:00"
                    }
                },
                "Set 4":0,
                "Set 5":0
            },
            "Substitutions 1":{
                "Set 1":{
                    "I":{
                        "0":"14",
                        "1":"10",
                        "2":"16:12",
                        "3":"19:19"
                    },
                    "II":{
                        "0":1.0,
                        "1":null,
                        "2":null,
                        "3":null
                    },
                    "III":{
                        "0":12.0,
                        "1":null,
                        "2":null,
                        "3":null
                    },
                    "IV":{
                        "0":"4",
                        "1":"3",
                        "2":"16:12",
                        "3":"19:19"
                    },
                    "V":{
                        "0":"6",
                        "1":"7",
                        "2":"17:17",
                        "3":"23:20"
                    },
                    "VI":{
                        "0":8.0,
                        "1":null,
                        "2":null,
                        "3":null
                    }
                },
                "Set 2":{
                    "I":{
                        "0":8.0,
                        "1":null,
                        "2":null,
                        "3":null
                    },
                    "II":{
                        "0":14.0,
                        "1":null,
                        "2":null,
                        "3":null
                    },
                    "III":{
                        "0":1.0,
                        "1":null,
                        "2":null,
                        "3":null
                    },
                    "IV":{
                        "0":"12",
                        "1":"5",
                        "2":"17:13",
                        "3":"21:16"
                    },
                    "V":{
                        "0":"4",
                        "1":"10",
                        "2":"16:12",
                        "3":null
                    },
                    "VI":{
                        "0":"6",
                        "1":"7",
                        "2":"22:17",
                        "3":null
                    }
                },
                "Set 3":{
                    "I":{
                        "0":14.0,
                        "1":null,
                        "2":null,
                        "3":null
                    },
                    "II":{
                        "0":1.0,
                        "1":null,
                        "2":null,
                        "3":null
                    },
                    "III":{
                        "0":"12",
                        "1":"5",
                        "2":"18:20",
                        "3":"25:25"
                    },
                    "IV":{
                        "0":10.0,
                        "1":null,
                        "2":null,
                        "3":null
                    },
                    "V":{
                        "0":"6",
                        "1":"4",
                        "2":"2:6",
                        "3":null
                    },
                    "VI":{
                        "0":"8",
                        "1":"3",
                        "2":"25:25",
                        "3":null
                    }
                },
                "Set 4":0,
                "Set 5":0
            },
            "Substitutions 2":{
                "Set 1":{
                    "I":{
                        "0":"11",
                        "1":"2",
                        "2":"19:18",
                        "3":null
                    },
                    "II":{
                        "0":"14",
                        "1":"9",
                        "2":"19:22",
                        "3":"20:23"
                    },
                    "III":{
                        "0":4.0,
                        "1":null,
                        "2":null,
                        "3":null
                    },
                    "IV":{
                        "0":"5",
                        "1":"3",
                        "2":"19:18",
                        "3":null
                    },
                    "V":{
                        "0":10.0,
                        "1":null,
                        "2":null,
                        "3":null
                    },
                    "VI":{
                        "0":12.0,
                        "1":null,
                        "2":null,
                        "3":null
                    }
                },
                "Set 2":{
                    "I":{
                        "0":"14",
                        "1":"9",
                        "2":"14:17"
                    },
                    "II":{
                        "0":4.0,
                        "1":null,
                        "2":null
                    },
                    "III":{
                        "0":"5",
                        "1":"3",
                        "2":"16:20"
                    },
                    "IV":{
                        "0":10.0,
                        "1":null,
                        "2":null
                    },
                    "V":{
                        "0":"12",
                        "1":"2",
                        "2":"19:23"
                    },
                    "VI":{
                        "0":11.0,
                        "1":null,
                        "2":null
                    }
                },
                "Set 3":{
                    "I":{
                        "0":11.0,
                        "1":null,
                        "2":null,
                        "3":null
                    },
                    "II":{
                        "0":"9",
                        "1":"2",
                        "2":"13:14",
                        "3":"20:20"
                    },
                    "III":{
                        "0":4.0,
                        "1":null,
                        "2":null,
                        "3":null
                    },
                    "IV":{
                        "0":"5",
                        "1":"3",
                        "2":"20:22",
                        "3":"21:22"
                    },
                    "V":{
                        "0":"10",
                        "1":"14",
                        "2":"13:14",
                        "3":"20:20"
                    },
                    "VI":{
                        "0":12.0,
                        "1":null,
                        "2":null,
                        "3":null
                    }
                },
                "Set 4":0,
                "Set 5":0
            },
            "Serves 1":{
                "Set 1":{
                    "I":{
                        "0":"1",
                        "1":13,
                        "2":22
                    },
                    "II":{
                        "0":"2",
                        "1":14,
                        "2":25
                    },
                    "III":{
                        "0":"3",
                        "1":15.0,
                        "2":null
                    },
                    "IV":{
                        "0":"8",
                        "1":16.0,
                        "2":null
                    },
                    "V":{
                        "0":"9",
                        "1":17.0,
                        "2":null
                    },
                    "VI":{
                        "0":"11",
                        "1":18.0,
                        "2":null
                    }
                },
                "Set 2":{
                    "I":{
                        "0":null,
                        "1":12.0,
                        "2":21.0
                    },
                    "II":{
                        "0":"3",
                        "1":14,
                        "2":23
                    },
                    "III":{
                        "0":"4",
                        "1":16,
                        "2":25
                    },
                    "IV":{
                        "0":"5",
                        "1":17.0,
                        "2":null
                    },
                    "V":{
                        "0":"9",
                        "1":18.0,
                        "2":null
                    },
                    "VI":{
                        "0":"10",
                        "1":20.0,
                        "2":null
                    }
                },
                "Set 3":{
                    "I":{
                        "0":"0",
                        "1":16
                    },
                    "II":{
                        "0":"2",
                        "1":17
                    },
                    "III":{
                        "0":"5",
                        "1":22
                    },
                    "IV":{
                        "0":"7",
                        "1":23
                    },
                    "V":{
                        "0":"12",
                        "1":24
                    },
                    "VI":{
                        "0":"14",
                        "1":27
                    }
                },
                "Set 4":0,
                "Set 5":0
            },
            "Serves 2":{
                "Set 1":{
                    "I":{
                        "0":null,
                        "1":9.0,
                        "2":19.0
                    },
                    "II":{
                        "0":"3",
                        "1":10,
                        "2":20
                    },
                    "III":{
                        "0":"5",
                        "1":11.0,
                        "2":null
                    },
                    "IV":{
                        "0":"6",
                        "1":12.0,
                        "2":null
                    },
                    "V":{
                        "0":"7",
                        "1":17.0,
                        "2":null
                    },
                    "VI":{
                        "0":"8",
                        "1":18.0,
                        "2":null
                    }
                },
                "Set 2":{
                    "I":{
                        "0":"3",
                        "1":11,
                        "2":17
                    },
                    "II":{
                        "0":"5",
                        "1":12,
                        "2":20
                    },
                    "III":{
                        "0":"6",
                        "1":13.0,
                        "2":null
                    },
                    "IV":{
                        "0":"7",
                        "1":14.0,
                        "2":null
                    },
                    "V":{
                        "0":"9",
                        "1":15.0,
                        "2":null
                    },
                    "VI":{
                        "0":"10",
                        "1":16.0,
                        "2":null
                    }
                },
                "Set 3":{
                    "I":{
                        "0":null,
                        "1":14.0
                    },
                    "II":{
                        "0":"3",
                        "1":18
                    },
                    "III":{
                        "0":"8",
                        "1":20
                    },
                    "IV":{
                        "0":"10",
                        "1":23
                    },
                    "V":{
                        "0":"12",
                        "1":24
                    },
                    "VI":{
                        "0":"13",
                        "1":25
                    }
                },
                "Set 4":0,
                "Set 5":0
            },
            "Timeouts 1":{
                "Set 1":{
                    "T":{
                        "0":"16:14"
                    }
                },
                "Set 2":{
                    "T":{
                        "0":"23:19"
                    }
                },
                "Set 3":{
                    "T":{
                        "0":"2:7",
                        "1":"17:20"
                    }
                },
                "Set 4":0,
                "Set 5":0
            },
            "Timeouts 2":{
                "Set 1":{
                    "T":{
                        "0":"19:20",
                        "1":"19:22"
                    }
                },
                "Set 2":{
                    "T":{

                    }
                },
                "Set 3":{
                    "T":{
                        "0":"12:11",
                        "1":"20:21"
                    }
                },
                "Set 4":0,
                "Set 5":0
            }
        },
        "Teams":{
            "Name":{
                "Team 1":"MONTGERMONT VOLLEY-BALL CLUB",
                "Team 2":"AS VOLLEY-BALL VELIZY"
            },
            "Players":{
                "Team 1":{
                    "N\u00b0":{
                        "0":1,
                        "1":3,
                        "2":4,
                        "3":5,
                        "4":6,
                        "5":7,
                        "6":8,
                        "7":10,
                        "8":12,
                        "9":14,
                        "10":16
                    },
                    "Nom Pr\u00e9nom":{
                        "0":"LE ROUX CLARA",
                        "1":"ERDTMANN CECILE",
                        "2":"DEODATO MOITA ANTONIA SARAH",
                        "3":"COJAN CELIA",
                        "4":"ANDRE TRACY",
                        "5":"DAUNAY LOUISE",
                        "6":"GUYOT ALIX",
                        "7":"TESSIER ROMANE",
                        "8":"LEPORCHER BLEUENN",
                        "9":"PELHATRE CLAIRE",
                        "10":"LE ROUX JULIETTE"
                    },
                    "Licence":{
                        "0":1731838,
                        "1":1809667,
                        "2":2410940,
                        "3":2038931,
                        "4":1992637,
                        "5":1825300,
                        "6":1802263,
                        "7":1891139,
                        "8":1807099,
                        "9":1829599,
                        "10":1801275
                    }
                },
                "Team 2":{
                    "N\u00b0":{
                        "0":2,
                        "1":3,
                        "2":4,
                        "3":5,
                        "4":9,
                        "5":10,
                        "6":11,
                        "7":12,
                        "8":14,
                        "9":18
                    },
                    "Nom Pr\u00e9nom":{
                        "0":"CHERADI ANAIS",
                        "1":"AHO SANDRA",
                        "2":"GODEFROY CAMILLE",
                        "3":"DURAES ANNE",
                        "4":"BOGDAN ALEXIA",
                        "5":"SOUCHE MELODY",
                        "6":"VEGA ANAIS",
                        "7":"ROCHETEAU EMILIE",
                        "8":"BIZET MARION",
                        "9":"CLIMENT NO\u00c9MIE"
                    },
                    "Licence":{
                        "0":1945089,
                        "1":1749901,
                        "2":1833498,
                        "3":1747691,
                        "4":1948209,
                        "5":1800447,
                        "6":1768718,
                        "7":1736747,
                        "8":1784634,
                        "9":2188939
                    }
                }
            },
            "Liberos":{
                "Team 1":{
                    "N\u00b0":{
                        "0":16
                    },
                    "Nom Pr\u00e9nom":{
                        "0":"LE ROUX JULIETTE"
                    },
                    "Licence":{
                        "0":1801275
                    }
                },
                "Team 2":{
                    "N\u00b0":{
                        "0":18
                    },
                    "Nom Pr\u00e9nom":{
                        "0":"CLIMENT NO\u00c9MIE"
                    },
                    "Licence":{
                        "0":2188939
                    }
                }
            },
            "Officials":{
                "Team 1":{
                    "N\u00b0":{
                        "0":"EA",
                        "1":"EB"
                    },
                    "Nom Pr\u00e9nom":{
                        "0":"LEROUX ROLAND",
                        "1":"GARAGNON MARC"
                    },
                    "Licence":{
                        "0":1822539,
                        "1":1755133
                    }
                },
                "Team 2":{
                    "N\u00b0":{
                        "0":"EA"
                    },
                    "Nom Pr\u00e9nom":{
                        "0":"VERNET LAURENT"
                    },
                    "Licence":{
                        "0":1381910
                    }
                }
            }
        },
        "Results":{
            "winner":"ONTGERMONT VOLLEY-BAL",
            "score":"3\/0"
        },
        "Referees":{
            "NOM Pr\u00e9nom":{
                "1er":"HAMON QUENTIN",
                "2\u00e8me":"WAGNER CLAUDIANA",
                "Marqueur":"BOUDJADA CELIA",
                "Marq.Ass":".",
                "R.Salle":"BOUDJADA SYLVIE"
            },
            "Ligue":{
                "1er":"LIG_BR",
                "2\u00e8me":"LIG_BR",
                "Marqueur":"LIG_BR",
                "Marq.Ass":null,
                "R.Salle":"LIG_BR"
            },
            "Licence":{
                "1er":1676012.0,
                "2\u00e8me":1906770.0,
                "Marqueur":1739790.0,
                "Marq.Ass":null,
                "R.Salle":1809668.0
            }
        },
        "Penalties":{

        }
    }
}