{
    "Match":{
        "Title":{
            "div_code":"3FH ",
            "div_name":"NATIONALE 3 FEMININE POULE H",
            "div_pool":"",
            "match_number":"3FH023",
            "match_day":"04",
            "city":"BREST",
            "gym":"PENN AR CHLEUZ",
            "category":"SENIOR | FEMININE",
            "ligue":"Comp\u00e9titions Nationales SENIORS",
            "date":"2019-11-03 15:00:00",
            "team_1":"ETOILE ST LAURENT",
            "team_2":"C.P.B. RENNES 35"
        },
        "Sets":{
            "Teams":{
                "Set 1":{
                    "Name":{
                        "Team 1":"ETOILE ST LAURENT",
                        "Team 2":"C.P.B. RENNES 35"
                    },
                    "Starting":{
                        "Team 1":"Service",
                        "Team 2":"Reception"
                    }
                },
                "Set 2":{
                    "Name":{
                        "Team 1":"ETOILE ST LAURENT",
                        "Team 2":"C.P.B. RENNES 35"
                    },
                    "Starting":{
                        "Team 1":"Reception",
                        "Team 2":"Service"
                    }
                },
                "Set 3":{
                    "Name":{
                        "Team 1":"ETOILE ST LAURENT",
                        "Team 2":"C.P.B. RENNES 35"
                    },
                    "Starting":{
                        "Team 1":"Service",
                        "Team 2":"Reception"
                    }
                },
                "Set 4":0,
                "Set 5":0
            },
            "Time":{
                "Set 1":{
                    "Time":{
                        "Start":"2019-11-03 15:00:00",
                        "End":"2019-11-03 15:26:00"
                    }
                },
                "Set 2":{
                    "Time":{
                        "Start":"2019-11-03 15:29:00",
                        "End":"2019-11-03 15:57:00"
                    }
                },
                "Set 3":{
                    "Time":{
                        "Start":"2019-11-03 16:01:00",
                        "End":"2019-11-03 16:28:00"
                    }
                },
                "Set 4":0,
                "Set 5":0
            },
            "Substitutions 1":{
                "Set 1":{
                    "I":{
                        "0":3
                    },
                    "II":{
                        "0":4
                    },
                    "III":{
                        "0":9
                    },
                    "IV":{
                        "0":6
                    },
                    "V":{
                        "0":11
                    },
                    "VI":{
                        "0":12
                    }
                },
                "Set 2":{
                    "I":{
                        "0":12.0,
                        "1":null,
                        "2":null
                    },
                    "II":{
                        "0":3.0,
                        "1":null,
                        "2":null
                    },
                    "III":{
                        "0":4.0,
                        "1":null,
                        "2":null
                    },
                    "IV":{
                        "0":9.0,
                        "1":null,
                        "2":null
                    },
                    "V":{
                        "0":"6",
                        "1":"2",
                        "2":"19:16"
                    },
                    "VI":{
                        "0":11.0,
                        "1":null,
                        "2":null
                    }
                },
                "Set 3":{
                    "I":{
                        "0":3.0,
                        "1":null,
                        "2":null
                    },
                    "II":{
                        "0":4.0,
                        "1":null,
                        "2":null
                    },
                    "III":{
                        "0":9.0,
                        "1":null,
                        "2":null
                    },
                    "IV":{
                        "0":"6",
                        "1":"2",
                        "2":"16:12"
                    },
                    "V":{
                        "0":"11",
                        "1":"7",
                        "2":"9:5"
                    },
                    "VI":{
                        "0":"12",
                        "1":"5",
                        "2":"16:12"
                    }
                },
                "Set 4":0,
                "Set 5":0
            },
            "Substitutions 2":{
                "Set 1":{
                    "I":{
                        "0":6.0,
                        "1":null,
                        "2":null,
                        "3":null
                    },
                    "II":{
                        "0":3.0,
                        "1":null,
                        "2":null,
                        "3":null
                    },
                    "III":{
                        "0":"16",
                        "1":"4",
                        "2":"7:9",
                        "3":"11:18"
                    },
                    "IV":{
                        "0":7.0,
                        "1":null,
                        "2":null,
                        "3":null
                    },
                    "V":{
                        "0":"12",
                        "1":"2",
                        "2":"12:21",
                        "3":null
                    },
                    "VI":{
                        "0":9.0,
                        "1":null,
                        "2":null,
                        "3":null
                    }
                },
                "Set 2":{
                    "I":{
                        "0":3.0,
                        "1":null,
                        "2":null,
                        "3":null
                    },
                    "II":{
                        "0":"16",
                        "1":"4",
                        "2":"15:17",
                        "3":"18:21"
                    },
                    "III":{
                        "0":6.0,
                        "1":null,
                        "2":null,
                        "3":null
                    },
                    "IV":{
                        "0":"12",
                        "1":"2",
                        "2":"5:8",
                        "3":"23:24"
                    },
                    "V":{
                        "0":9.0,
                        "1":null,
                        "2":null,
                        "3":null
                    },
                    "VI":{
                        "0":7.0,
                        "1":null,
                        "2":null,
                        "3":null
                    }
                },
                "Set 3":{
                    "I":{
                        "0":6.0,
                        "1":null,
                        "2":null,
                        "3":null
                    },
                    "II":{
                        "0":3.0,
                        "1":null,
                        "2":null,
                        "3":null
                    },
                    "III":{
                        "0":4.0,
                        "1":null,
                        "2":null,
                        "3":null
                    },
                    "IV":{
                        "0":7.0,
                        "1":null,
                        "2":null,
                        "3":null
                    },
                    "V":{
                        "0":"12",
                        "1":"2",
                        "2":"4:9",
                        "3":null
                    },
                    "VI":{
                        "0":"9",
                        "1":"16",
                        "2":"10:14",
                        "3":"16:22"
                    }
                },
                "Set 4":0,
                "Set 5":0
            },
            "Serves 1":{
                "Set 1":{
                    "I":{
                        "0":"0",
                        "1":18
                    },
                    "II":{
                        "0":"1",
                        "1":21
                    },
                    "III":{
                        "0":"2",
                        "1":22
                    },
                    "IV":{
                        "0":"3",
                        "1":23
                    },
                    "V":{
                        "0":"13",
                        "1":24
                    },
                    "VI":{
                        "0":"15",
                        "1":25
                    }
                },
                "Set 2":{
                    "I":{
                        "0":null,
                        "1":14.0,
                        "2":21.0
                    },
                    "II":{
                        "0":"4",
                        "1":15,
                        "2":23
                    },
                    "III":{
                        "0":"6",
                        "1":16,
                        "2":25
                    },
                    "IV":{
                        "0":"7",
                        "1":17.0,
                        "2":null
                    },
                    "V":{
                        "0":"9",
                        "1":18.0,
                        "2":null
                    },
                    "VI":{
                        "0":"11",
                        "1":19.0,
                        "2":null
                    }
                },
                "Set 3":{
                    "I":{
                        "0":"0",
                        "1":11,
                        "2":20
                    },
                    "II":{
                        "0":"2",
                        "1":13,
                        "2":22
                    },
                    "III":{
                        "0":"3",
                        "1":15,
                        "2":24
                    },
                    "IV":{
                        "0":"8",
                        "1":16,
                        "2":25
                    },
                    "V":{
                        "0":"9",
                        "1":17.0,
                        "2":null
                    },
                    "VI":{
                        "0":"10",
                        "1":18.0,
                        "2":null
                    }
                },
                "Set 4":0,
                "Set 5":0
            },
            "Serves 2":{
                "Set 1":{
                    "I":{
                        "0":null,
                        "1":10.0
                    },
                    "II":{
                        "0":"1",
                        "1":12
                    },
                    "III":{
                        "0":"2",
                        "1":13
                    },
                    "IV":{
                        "0":"3",
                        "1":17
                    },
                    "V":{
                        "0":"7",
                        "1":18
                    },
                    "VI":{
                        "0":"9",
                        "1":20
                    }
                },
                "Set 2":{
                    "I":{
                        "0":"0",
                        "1":11,
                        "2":21
                    },
                    "II":{
                        "0":"3",
                        "1":12,
                        "2":23
                    },
                    "III":{
                        "0":"4",
                        "1":13.0,
                        "2":null
                    },
                    "IV":{
                        "0":"5",
                        "1":15.0,
                        "2":null
                    },
                    "V":{
                        "0":"6",
                        "1":16.0,
                        "2":null
                    },
                    "VI":{
                        "0":"9",
                        "1":18.0,
                        "2":null
                    }
                },
                "Set 3":{
                    "I":{
                        "0":null,
                        "1":7.0,
                        "2":15.0
                    },
                    "II":{
                        "0":"1",
                        "1":8,
                        "2":16
                    },
                    "III":{
                        "0":"2",
                        "1":10,
                        "2":17
                    },
                    "IV":{
                        "0":"3",
                        "1":12,
                        "2":22
                    },
                    "V":{
                        "0":"4",
                        "1":13.0,
                        "2":null
                    },
                    "VI":{
                        "0":"6",
                        "1":14.0,
                        "2":null
                    }
                },
                "Set 4":0,
                "Set 5":0
            },
            "Timeouts 1":{
                "Set 1":{
                    "T":{
                        "0":"24:20"
                    }
                },
                "Set 2":{
                    "T":{

                    }
                },
                "Set 3":{
                    "T":{
                        "0":"24:20",
                        "1":"24:22"
                    }
                },
                "Set 4":0,
                "Set 5":0
            },
            "Timeouts 2":{
                "Set 1":{
                    "T":{
                        "0":"7:11",
                        "1":"12:20"
                    }
                },
                "Set 2":{
                    "T":{
                        "0":"0:4",
                        "1":"21:23"
                    }
                },
                "Set 3":{
                    "T":{
                        "0":"8:13",
                        "1":"15:20"
                    }
                },
                "Set 4":0,
                "Set 5":0
            }
        },
        "Teams":{
            "Name":{
                "Team 1":"ETOILE ST LAURENT",
                "Team 2":"C.P.B. RENNES 35"
            },
            "Players":{
                "Team 1":{
                    "N\u00b0":{
                        "0":2,
                        "1":3,
                        "2":4,
                        "3":5,
                        "4":6,
                        "5":7,
                        "6":9,
                        "7":11,
                        "8":12,
                        "9":14
                    },
                    "Nom Pr\u00e9nom":{
                        "0":"SCAVINNER AMBRE",
                        "1":"LESVEN LAURINE",
                        "2":"DUSSOT S\u00e9VERINE",
                        "3":"GOOS JULIA",
                        "4":"PAUL MARINE",
                        "5":"GELEBART TIPHAINE",
                        "6":"PIGACHE C\u00e9LINE",
                        "7":"FAVRE CAROLINE",
                        "8":"LESVEN M\u00e9LANIE",
                        "9":"BRETEL MAINA"
                    },
                    "Licence":{
                        "0":2020376,
                        "1":1537617,
                        "2":2242449,
                        "3":2089584,
                        "4":1602147,
                        "5":2164188,
                        "6":1218020,
                        "7":1547537,
                        "8":1487154,
                        "9":2013319
                    }
                },
                "Team 2":{
                    "N\u00b0":{
                        "0":2,
                        "1":3,
                        "2":4,
                        "3":5,
                        "4":6,
                        "5":7,
                        "6":9,
                        "7":12,
                        "8":13,
                        "9":16
                    },
                    "Nom Pr\u00e9nom":{
                        "0":"DESPONDS LISE",
                        "1":"PICARD ZO\u00e9",
                        "2":"BRAULT SOIZIC",
                        "3":"DE THY MORGANE",
                        "4":"MAURICE JUSTINE",
                        "5":"BOISSELIER ERINE",
                        "6":"TOUTAIN JULIE",
                        "7":"DELAUNAY MARGOT",
                        "8":"PERRIER JADE",
                        "9":"HINCKEL ALICE"
                    },
                    "Licence":{
                        "0":1763450,
                        "1":1839650,
                        "2":1897648,
                        "3":1146767,
                        "4":1791585,
                        "5":2106545,
                        "6":1675244,
                        "7":1822351,
                        "8":1891676,
                        "9":1510292
                    }
                }
            },
            "Liberos":{
                "Team 1":{
                    "N\u00b0":{
                        "0":14
                    },
                    "Nom Pr\u00e9nom":{
                        "0":"BRETEL MAINA"
                    },
                    "Licence":{
                        "0":2013319
                    }
                },
                "Team 2":{
                    "N\u00b0":{
                        "0":13
                    },
                    "Nom Pr\u00e9nom":{
                        "0":"PERRIER JADE"
                    },
                    "Licence":{
                        "0":1891676
                    }
                }
            },
            "Officials":{
                "Team 1":{
                    "N\u00b0":{
                        "0":"EA",
                        "1":"EB"
                    },
                    "Nom Pr\u00e9nom":{
                        "0":"JOUAN THOMAS",
                        "1":"ROUDEY ETIENNE"
                    },
                    "Licence":{
                        "0":1678210,
                        "1":2306367
                    }
                },
                "Team 2":{
                    "N\u00b0":{
                        "0":"EA"
                    },
                    "Nom Pr\u00e9nom":{
                        "0":"DE THY MORGANE"
                    },
                    "Licence":{
                        "0":1146767
                    }
                }
            }
        },
        "Results":{
            "winner":"ETOILE ST LAURENT",
            "score":"3\/0"
        },
        "Referees":{
            "NOM Pr\u00e9nom":{
                "1er":"PRIOU BRUNO",
                "2\u00e8me":"RIOU PHILIPPE",
                "Marqueur":"PERRIN ANNA\u00cfG",
                "Marq.Ass":". EMILE MARGAUX",
                "R.Salle":"LETO ANTONIO"
            },
            "Ligue":{
                "1er":"LIG_BR",
                "2\u00e8me":"LIG_BR",
                "Marqueur":"LIG_BR",
                "Marq.Ass":"LIG_BR",
                "R.Salle":"LIG_BR"
            },
            "Licence":{
                "1er":1402395,
                "2\u00e8me":1911375,
                "Marqueur":2008516,
                "Marq.Ass":1953326,
                "R.Salle":1000703
            }
        },
        "Penalties":{

        }
    }
}