{
    "Match":{
        "Title":{
            "div_code":"3FH ",
            "div_name":"NATIONALE 3 FEMININE POULE H",
            "div_pool":"",
            "match_number":"3FH077",
            "match_day":"13",
            "city":"RENNES",
            "gym":"COURTEMANCHE",
            "category":"SENIOR | FEMININE",
            "ligue":"Comp\u00e9titions Nationales SENIORS",
            "date":"2020-02-16 15:00:00",
            "team_1":"RENNES ETUDIANTS CLUB 2",
            "team_2":"SAINT-LO VOLLEY"
        },
        "Sets":{
            "Teams":{
                "Set 1":{
                    "Name":{
                        "Team 1":"RENNES ETUDIANTS CLUB",
                        "Team 2":"SAINT-LO VOLLEY"
                    },
                    "Starting":{
                        "Team 1":"Service",
                        "Team 2":"Reception"
                    }
                },
                "Set 2":{
                    "Name":{
                        "Team 1":"RENNES ETUDIANTS CLUB",
                        "Team 2":"SAINT-LO VOLLEY"
                    },
                    "Starting":{
                        "Team 1":"Reception",
                        "Team 2":"Service"
                    }
                },
                "Set 3":{
                    "Name":{
                        "Team 1":"RENNES ETUDIANTS CLUB",
                        "Team 2":"SAINT-LO VOLLEY"
                    },
                    "Starting":{
                        "Team 1":"Service",
                        "Team 2":"Reception"
                    }
                },
                "Set 4":0,
                "Set 5":0
            },
            "Time":{
                "Set 1":{
                    "Time":{
                        "Start":"2020-02-16 14:55:00",
                        "End":"2020-02-16 15:13:00"
                    }
                },
                "Set 2":{
                    "Time":{
                        "Start":"2020-02-16 15:16:00",
                        "End":"2020-02-16 15:35:00"
                    }
                },
                "Set 3":{
                    "Time":{
                        "Start":"2020-02-16 15:38:00",
                        "End":"2020-02-16 15:55:00"
                    }
                },
                "Set 4":0,
                "Set 5":0
            },
            "Substitutions 1":{
                "Set 1":{
                    "I":{
                        "0":3
                    },
                    "II":{
                        "0":15
                    },
                    "III":{
                        "0":11
                    },
                    "IV":{
                        "0":13
                    },
                    "V":{
                        "0":5
                    },
                    "VI":{
                        "0":2
                    }
                },
                "Set 2":{
                    "I":{
                        "0":2.0,
                        "1":null,
                        "2":null
                    },
                    "II":{
                        "0":"3",
                        "1":"8",
                        "2":"19:8"
                    },
                    "III":{
                        "0":15.0,
                        "1":null,
                        "2":null
                    },
                    "IV":{
                        "0":11.0,
                        "1":null,
                        "2":null
                    },
                    "V":{
                        "0":13.0,
                        "1":null,
                        "2":null
                    },
                    "VI":{
                        "0":5.0,
                        "1":null,
                        "2":null
                    }
                },
                "Set 3":{
                    "I":{
                        "0":8.0,
                        "1":null,
                        "2":null
                    },
                    "II":{
                        "0":"15",
                        "1":"7",
                        "2":"16:4"
                    },
                    "III":{
                        "0":11.0,
                        "1":null,
                        "2":null
                    },
                    "IV":{
                        "0":13.0,
                        "1":null,
                        "2":null
                    },
                    "V":{
                        "0":5.0,
                        "1":null,
                        "2":null
                    },
                    "VI":{
                        "0":2.0,
                        "1":null,
                        "2":null
                    }
                },
                "Set 4":0,
                "Set 5":0
            },
            "Substitutions 2":{
                "Set 1":{
                    "I":{
                        "0":3
                    },
                    "II":{
                        "0":2
                    },
                    "III":{
                        "0":11
                    },
                    "IV":{
                        "0":4
                    },
                    "V":{
                        "0":9
                    },
                    "VI":{
                        "0":6
                    }
                },
                "Set 2":{
                    "I":{
                        "0":11
                    },
                    "II":{
                        "0":12
                    },
                    "III":{
                        "0":4
                    },
                    "IV":{
                        "0":9
                    },
                    "V":{
                        "0":6
                    },
                    "VI":{
                        "0":3
                    }
                },
                "Set 3":{
                    "I":{
                        "0":3.0,
                        "1":null,
                        "2":null
                    },
                    "II":{
                        "0":"2",
                        "1":"11",
                        "2":"3:12"
                    },
                    "III":{
                        "0":12.0,
                        "1":null,
                        "2":null
                    },
                    "IV":{
                        "0":4.0,
                        "1":null,
                        "2":null
                    },
                    "V":{
                        "0":9.0,
                        "1":null,
                        "2":null
                    },
                    "VI":{
                        "0":6.0,
                        "1":null,
                        "2":null
                    }
                },
                "Set 4":0,
                "Set 5":0
            },
            "Serves 1":{
                "Set 1":{
                    "I":{
                        "0":"4",
                        "1":25
                    },
                    "II":{
                        "0":"5",
                        "1":null
                    },
                    "III":{
                        "0":"10",
                        "1":null
                    },
                    "IV":{
                        "0":"11",
                        "1":null
                    },
                    "V":{
                        "0":"18",
                        "1":null
                    },
                    "VI":{
                        "0":"22",
                        "1":null
                    }
                },
                "Set 2":{
                    "I":{
                        "0":null,
                        "1":12.0
                    },
                    "II":{
                        "0":"1",
                        "1":13
                    },
                    "III":{
                        "0":"3",
                        "1":19
                    },
                    "IV":{
                        "0":"4",
                        "1":20
                    },
                    "V":{
                        "0":"6",
                        "1":25
                    },
                    "VI":{
                        "0":"11",
                        "1":null
                    }
                },
                "Set 3":{
                    "I":{
                        "0":"1"
                    },
                    "II":{
                        "0":"11"
                    },
                    "III":{
                        "0":"13"
                    },
                    "IV":{
                        "0":"23"
                    },
                    "V":{
                        "0":"24"
                    },
                    "VI":{
                        "0":"25"
                    }
                },
                "Set 4":0,
                "Set 5":0
            },
            "Serves 2":{
                "Set 1":{
                    "I":{
                        "0":null,
                        "1":9.0
                    },
                    "II":{
                        "0":"2",
                        "1":null
                    },
                    "III":{
                        "0":"3",
                        "1":null
                    },
                    "IV":{
                        "0":"4",
                        "1":null
                    },
                    "V":{
                        "0":"7",
                        "1":null
                    },
                    "VI":{
                        "0":"8",
                        "1":null
                    }
                },
                "Set 2":{
                    "I":{
                        "0":"0",
                        "1":6
                    },
                    "II":{
                        "0":"1",
                        "1":8
                    },
                    "III":{
                        "0":"2",
                        "1":10
                    },
                    "IV":{
                        "0":"3",
                        "1":12
                    },
                    "V":{
                        "0":"4",
                        "1":null
                    },
                    "VI":{
                        "0":"5",
                        "1":null
                    }
                },
                "Set 3":{
                    "I":{
                        "0":null
                    },
                    "II":{
                        "0":"1"
                    },
                    "III":{
                        "0":"3"
                    },
                    "IV":{
                        "0":"4"
                    },
                    "V":{
                        "0":"5"
                    },
                    "VI":{
                        "0":"6"
                    }
                },
                "Set 4":0,
                "Set 5":0
            },
            "Timeouts 1":{
                "Set 1":{
                    "T":{

                    }
                },
                "Set 2":{
                    "T":{

                    }
                },
                "Set 3":{
                    "T":{

                    }
                },
                "Set 4":0,
                "Set 5":0
            },
            "Timeouts 2":{
                "Set 1":{
                    "T":{

                    }
                },
                "Set 2":{
                    "T":{

                    }
                },
                "Set 3":{
                    "T":{

                    }
                },
                "Set 4":0,
                "Set 5":0
            }
        },
        "Teams":{
            "Name":{
                "Team 1":"RENNES ETUDIANTS CLUB 2",
                "Team 2":"SAINT-LO VOLLEY"
            },
            "Players":{
                "Team 1":{
                    "N\u00b0":{
                        "0":2,
                        "1":3,
                        "2":5,
                        "3":6,
                        "4":7,
                        "5":8,
                        "6":9,
                        "7":11,
                        "8":13,
                        "9":15,
                        "10":16,
                        "11":18
                    },
                    "Nom Pr\u00e9nom":{
                        "0":"LEFEVBRE DELANGHE LAURIE",
                        "1":"WARTH NO\u00cbMIE",
                        "2":"SAULNIER ELOISE",
                        "3":"LEMETAYER EMMA",
                        "4":"AMINTAS DIANE",
                        "5":"RIOU ENORA",
                        "6":"HAMON CAMILLE",
                        "7":"PAITRY MA\u00cfWENN",
                        "8":"MASEI KATHY",
                        "9":"BESLY LEA",
                        "10":"HAMON ELISE",
                        "11":"HUBERT LENA"
                    },
                    "Licence":{
                        "0":1906120,
                        "1":1995428,
                        "2":1898438,
                        "3":1990352,
                        "4":1829360,
                        "5":2009761,
                        "6":1896689,
                        "7":1904704,
                        "8":2089186,
                        "9":1804634,
                        "10":1896683,
                        "11":1943234
                    }
                },
                "Team 2":{
                    "N\u00b0":{
                        "0":1,
                        "1":2,
                        "2":3,
                        "3":4,
                        "4":6,
                        "5":9,
                        "6":11,
                        "7":12
                    },
                    "Nom Pr\u00e9nom":{
                        "0":"DELABROUSSE PAULINE",
                        "1":"NOEL SUZON",
                        "2":"MARTIN LO\u00cfSE",
                        "3":"LEGENDRE ANG\u00c8LE",
                        "4":"HEFSI MASSILIA",
                        "5":"BAUDE CHARLOTTE",
                        "6":"FLAMBARD NATHALIE",
                        "7":"LAMORA ELSA"
                    },
                    "Licence":{
                        "0":2194783,
                        "1":2198105,
                        "2":2040277,
                        "3":2093864,
                        "4":2043579,
                        "5":1376845,
                        "6":1817085,
                        "7":1758149
                    }
                }
            },
            "Liberos":{
                "Team 1":{
                    "N\u00b0":{
                        "0":18
                    },
                    "Nom Pr\u00e9nom":{
                        "0":"HUBERT LENA"
                    },
                    "Licence":{
                        "0":1943234
                    }
                },
                "Team 2":{
                    "N\u00b0":{
                        "0":1
                    },
                    "Nom Pr\u00e9nom":{
                        "0":"DELABROUSSE PAULINE"
                    },
                    "Licence":{
                        "0":2194783
                    }
                }
            },
            "Officials":{
                "Team 1":{
                    "N\u00b0":{
                        "0":"EA"
                    },
                    "Nom Pr\u00e9nom":{
                        "0":"COPIN LUCAS"
                    },
                    "Licence":{
                        "0":1834173
                    }
                },
                "Team 2":{
                    "N\u00b0":{
                        "0":"EA"
                    },
                    "Nom Pr\u00e9nom":{
                        "0":"NOEL GILLES"
                    },
                    "Licence":{
                        "0":149104
                    }
                }
            }
        },
        "Results":{
            "winner":"RENNES ETUDIANTS CLUB",
            "score":"3\/0"
        },
        "Referees":{
            "NOM Pr\u00e9nom":{
                "1er":"BAHUAUD NICOLAS",
                "2\u00e8me":"COMBE PIERRE",
                "Marqueur":"GROSSET LOUISE",
                "Marq.Ass":".",
                "nan":null
            },
            "Ligue":{
                "1er":"LIG_PL",
                "2\u00e8me":"LIG_AQ",
                "Marqueur":"LIG_BR",
                "Marq.Ass":null,
                "nan":"Juges"
            },
            "Licence":{
                "1er":1132824.0,
                "2\u00e8me":965361.0,
                "Marqueur":2185700.0,
                "Marq.Ass":null,
                "nan":null
            }
        },
        "Penalties":{

        }
    }
}