{
    "Match":{
        "Title":{
            "div_code":"3FH ",
            "div_name":"NATIONALE 3 FEMININE POULE H",
            "div_pool":"",
            "match_number":"3FH017",
            "match_day":"03",
            "city":"VELIZY VILLACOUBLAY",
            "gym":"CENTRE SPORTIF ROBERT WAGNER",
            "category":"SENIOR | FEMININE",
            "ligue":"Comp\u00e9titions Nationales SENIORS",
            "date":"2019-10-27 16:00:00",
            "team_1":"AS VOLLEY-BALL VELIZY",
            "team_2":"C S M CLAMART 2"
        },
        "Sets":{
            "Teams":{
                "Set 1":{
                    "Name":{
                        "Team 1":"AS VOLLEY-BALL VELIZY",
                        "Team 2":"C S M CLAMART 2"
                    },
                    "Starting":{
                        "Team 1":"Reception",
                        "Team 2":"Service"
                    }
                },
                "Set 2":{
                    "Name":{
                        "Team 1":"AS VOLLEY-BALL VELIZY",
                        "Team 2":"C S M CLAMART 2"
                    },
                    "Starting":{
                        "Team 1":"Reception",
                        "Team 2":"Service"
                    }
                },
                "Set 3":{
                    "Name":{
                        "Team 1":"AS VOLLEY-BALL VELIZY",
                        "Team 2":"C S M CLAMART 2"
                    },
                    "Starting":{
                        "Team 1":"Reception",
                        "Team 2":"Service"
                    }
                },
                "Set 4":{
                    "Name":{
                        "Team 1":"AS VOLLEY-BALL VELIZY",
                        "Team 2":"C S M CLAMART 2"
                    },
                    "Starting":{
                        "Team 1":"Reception",
                        "Team 2":"Service"
                    }
                },
                "Set 5":{
                    "Name":{
                        "Team 1":"AS VOLLEY-BALL VELI",
                        "Team 2":"C S M CLAMART 2"
                    },
                    "Starting":{
                        "Team 1":"Service",
                        "Team 2":"Reception"
                    }
                }
            },
            "Time":{
                "Set 1":{
                    "Time":{
                        "Start":"2019-10-27 16:07:00",
                        "End":"2019-10-27 16:50:00"
                    }
                },
                "Set 2":{
                    "Time":{
                        "Start":"2019-10-27 16:53:00",
                        "End":"2019-10-27 17:19:00"
                    }
                },
                "Set 3":{
                    "Time":{
                        "Start":"2019-10-27 17:22:00",
                        "End":"2019-10-27 17:51:00"
                    }
                },
                "Set 4":{
                    "Time":{
                        "Start":"2019-10-27 17:54:00",
                        "End":"2019-10-27 18:22:00"
                    }
                },
                "Set 5":{
                    "Time":{
                        "Start":"2019-10-27 18:24:00",
                        "End":"2019-10-27 18:39:00"
                    }
                }
            },
            "Substitutions 1":{
                "Set 1":{
                    "I":{
                        "0":"11",
                        "1":"2",
                        "2":"20:18",
                        "3":"24:21"
                    },
                    "II":{
                        "0":14.0,
                        "1":null,
                        "2":null,
                        "3":null
                    },
                    "III":{
                        "0":4.0,
                        "1":null,
                        "2":null,
                        "3":null
                    },
                    "IV":{
                        "0":"3",
                        "1":"13",
                        "2":"24:21",
                        "3":null
                    },
                    "V":{
                        "0":10.0,
                        "1":null,
                        "2":null,
                        "3":null
                    },
                    "VI":{
                        "0":19.0,
                        "1":null,
                        "2":null,
                        "3":null
                    }
                },
                "Set 2":{
                    "I":{
                        "0":"14",
                        "1":"9",
                        "2":"8:18",
                        "3":null
                    },
                    "II":{
                        "0":"4",
                        "1":"2",
                        "2":"8:15",
                        "3":"12:23"
                    },
                    "III":{
                        "0":3.0,
                        "1":null,
                        "2":null,
                        "3":null
                    },
                    "IV":{
                        "0":"10",
                        "1":"13",
                        "2":"8:18",
                        "3":null
                    },
                    "V":{
                        "0":19.0,
                        "1":null,
                        "2":null,
                        "3":null
                    },
                    "VI":{
                        "0":11.0,
                        "1":null,
                        "2":null,
                        "3":null
                    }
                },
                "Set 3":{
                    "I":{
                        "0":11
                    },
                    "II":{
                        "0":14
                    },
                    "III":{
                        "0":4
                    },
                    "IV":{
                        "0":5
                    },
                    "V":{
                        "0":10
                    },
                    "VI":{
                        "0":13
                    }
                },
                "Set 4":{
                    "I":{
                        "0":14.0,
                        "1":null,
                        "2":null,
                        "3":null
                    },
                    "II":{
                        "0":4.0,
                        "1":null,
                        "2":null,
                        "3":null
                    },
                    "III":{
                        "0":5.0,
                        "1":null,
                        "2":null,
                        "3":null
                    },
                    "IV":{
                        "0":10.0,
                        "1":null,
                        "2":null,
                        "3":null
                    },
                    "V":{
                        "0":13.0,
                        "1":null,
                        "2":null,
                        "3":null
                    },
                    "VI":{
                        "0":"11",
                        "1":"2",
                        "2":"12:7",
                        "3":"23:15"
                    }
                },
                "Set 5":{
                    "I":{
                        "0":"14",
                        "1":"9",
                        "2":"6:10",
                        "3":"6:13"
                    },
                    "II":{
                        "0":4.0,
                        "1":null,
                        "2":null,
                        "3":null
                    },
                    "III":{
                        "0":5.0,
                        "1":null,
                        "2":null,
                        "3":null
                    },
                    "IV":{
                        "0":10.0,
                        "1":null,
                        "2":null,
                        "3":null
                    },
                    "V":{
                        "0":"13",
                        "1":"19",
                        "2":"4:6",
                        "3":null
                    },
                    "VI":{
                        "0":"11",
                        "1":"2",
                        "2":"7:13",
                        "3":null
                    }
                }
            },
            "Substitutions 2":{
                "Set 1":{
                    "I":{
                        "0":1.0,
                        "1":null,
                        "2":null
                    },
                    "II":{
                        "0":8.0,
                        "1":null,
                        "2":null
                    },
                    "III":{
                        "0":3.0,
                        "1":null,
                        "2":null
                    },
                    "IV":{
                        "0":7.0,
                        "1":null,
                        "2":null
                    },
                    "V":{
                        "0":"5",
                        "1":"9",
                        "2":"9:8"
                    },
                    "VI":{
                        "0":10.0,
                        "1":null,
                        "2":null
                    }
                },
                "Set 2":{
                    "I":{
                        "0":10
                    },
                    "II":{
                        "0":1
                    },
                    "III":{
                        "0":8
                    },
                    "IV":{
                        "0":3
                    },
                    "V":{
                        "0":7
                    },
                    "VI":{
                        "0":5
                    }
                },
                "Set 3":{
                    "I":{
                        "0":1.0,
                        "1":null,
                        "2":null
                    },
                    "II":{
                        "0":8.0,
                        "1":null,
                        "2":null
                    },
                    "III":{
                        "0":3.0,
                        "1":null,
                        "2":null
                    },
                    "IV":{
                        "0":7.0,
                        "1":null,
                        "2":null
                    },
                    "V":{
                        "0":"5",
                        "1":"9",
                        "2":"12:19"
                    },
                    "VI":{
                        "0":10.0,
                        "1":null,
                        "2":null
                    }
                },
                "Set 4":{
                    "I":{
                        "0":10.0,
                        "1":null,
                        "2":null
                    },
                    "II":{
                        "0":1.0,
                        "1":null,
                        "2":null
                    },
                    "III":{
                        "0":8.0,
                        "1":null,
                        "2":null
                    },
                    "IV":{
                        "0":3.0,
                        "1":null,
                        "2":null
                    },
                    "V":{
                        "0":7.0,
                        "1":null,
                        "2":null
                    },
                    "VI":{
                        "0":"9",
                        "1":"5",
                        "2":"5:8"
                    }
                },
                "Set 5":{
                    "I":{
                        "0":10
                    },
                    "II":{
                        "0":1
                    },
                    "III":{
                        "0":8
                    },
                    "IV":{
                        "0":3
                    },
                    "V":{
                        "0":7
                    },
                    "VI":{
                        "0":5
                    }
                }
            },
            "Serves 1":{
                "Set 1":{
                    "I":{
                        "0":null,
                        "1":19.0,
                        "2":26.0
                    },
                    "II":{
                        "0":"2",
                        "1":20.0,
                        "2":null
                    },
                    "III":{
                        "0":"12",
                        "1":22.0,
                        "2":null
                    },
                    "IV":{
                        "0":"16",
                        "1":23.0,
                        "2":null
                    },
                    "V":{
                        "0":"17",
                        "1":24.0,
                        "2":null
                    },
                    "VI":{
                        "0":"18",
                        "1":25.0,
                        "2":null
                    }
                },
                "Set 2":{
                    "I":{
                        "0":null,
                        "1":7.0
                    },
                    "II":{
                        "0":"2",
                        "1":8
                    },
                    "III":{
                        "0":"3",
                        "1":9
                    },
                    "IV":{
                        "0":"4",
                        "1":11
                    },
                    "V":{
                        "0":"5",
                        "1":12
                    },
                    "VI":{
                        "0":"6",
                        "1":13
                    }
                },
                "Set 3":{
                    "I":{
                        "0":null,
                        "1":13.0
                    },
                    "II":{
                        "0":"6",
                        "1":14
                    },
                    "III":{
                        "0":"8",
                        "1":21
                    },
                    "IV":{
                        "0":"10",
                        "1":24
                    },
                    "V":{
                        "0":"11",
                        "1":25
                    },
                    "VI":{
                        "0":"12",
                        "1":null
                    }
                },
                "Set 4":{
                    "I":{
                        "0":null,
                        "1":21.0
                    },
                    "II":{
                        "0":"2",
                        "1":22
                    },
                    "III":{
                        "0":"5",
                        "1":24
                    },
                    "IV":{
                        "0":"10",
                        "1":25
                    },
                    "V":{
                        "0":"11",
                        "1":null
                    },
                    "VI":{
                        "0":"12",
                        "1":null
                    }
                },
                "Set 5":{
                    "I":{
                        "0":"0"
                    },
                    "II":{
                        "0":"3"
                    },
                    "III":{
                        "0":"4"
                    },
                    "IV":{
                        "0":"5"
                    },
                    "V":{
                        "0":"6"
                    },
                    "VI":{
                        "0":"8"
                    }
                }
            },
            "Serves 2":{
                "Set 1":{
                    "I":{
                        "0":"7",
                        "1":18,
                        "2":28
                    },
                    "II":{
                        "0":"9",
                        "1":19.0,
                        "2":null
                    },
                    "III":{
                        "0":"11",
                        "1":20.0,
                        "2":null
                    },
                    "IV":{
                        "0":"14",
                        "1":21.0,
                        "2":null
                    },
                    "V":{
                        "0":"15",
                        "1":25.0,
                        "2":null
                    },
                    "VI":{
                        "0":"16",
                        "1":26.0,
                        "2":null
                    }
                },
                "Set 2":{
                    "I":{
                        "0":"1",
                        "1":15
                    },
                    "II":{
                        "0":"4",
                        "1":18
                    },
                    "III":{
                        "0":"7",
                        "1":22
                    },
                    "IV":{
                        "0":"9",
                        "1":23
                    },
                    "V":{
                        "0":"12",
                        "1":24
                    },
                    "VI":{
                        "0":"14",
                        "1":25
                    }
                },
                "Set 3":{
                    "I":{
                        "0":"0",
                        "1":11
                    },
                    "II":{
                        "0":"3",
                        "1":12
                    },
                    "III":{
                        "0":"4",
                        "1":15
                    },
                    "IV":{
                        "0":"5",
                        "1":17
                    },
                    "V":{
                        "0":"9",
                        "1":null
                    },
                    "VI":{
                        "0":"10",
                        "1":null
                    }
                },
                "Set 4":{
                    "I":{
                        "0":"2",
                        "1":13
                    },
                    "II":{
                        "0":"3",
                        "1":15
                    },
                    "III":{
                        "0":"5",
                        "1":17
                    },
                    "IV":{
                        "0":"6",
                        "1":null
                    },
                    "V":{
                        "0":"7",
                        "1":null
                    },
                    "VI":{
                        "0":"11",
                        "1":null
                    }
                },
                "Set 5":{
                    "I":{
                        "0":null,
                        "1":15.0
                    },
                    "II":{
                        "0":"2",
                        "1":null
                    },
                    "III":{
                        "0":"3",
                        "1":null
                    },
                    "IV":{
                        "0":"9",
                        "1":null
                    },
                    "V":{
                        "0":"10",
                        "1":null
                    },
                    "VI":{
                        "0":"13",
                        "1":null
                    }
                }
            },
            "Timeouts 1":{
                "Set 1":{
                    "T":{
                        "0":"0:2",
                        "1":"16:14"
                    }
                },
                "Set 2":{
                    "T":{
                        "0":"5:12",
                        "1":"9:20"
                    }
                },
                "Set 3":{
                    "T":{
                        "0":"11:9"
                    }
                },
                "Set 4":{
                    "T":{
                        "0":"12:10"
                    }
                },
                "Set 5":{
                    "T":{
                        "0":"4:7",
                        "1":"4:9"
                    }
                }
            },
            "Timeouts 2":{
                "Set 1":{
                    "T":{
                        "0":"9:7",
                        "1":"20:23"
                    }
                },
                "Set 2":{
                    "T":{

                    }
                },
                "Set 3":{
                    "T":{
                        "0":"0:4",
                        "1":"12:20"
                    }
                },
                "Set 4":{
                    "T":{
                        "0":"5:10",
                        "1":"11:18"
                    }
                },
                "Set 5":{
                    "T":{

                    }
                }
            }
        },
        "Teams":{
            "Name":{
                "Team 1":"AS VOLLEY-BALL VELIZY",
                "Team 2":"C S M CLAMART 2"
            },
            "Players":{
                "Team 1":{
                    "N\u00b0":{
                        "0":2,
                        "1":3,
                        "2":4,
                        "3":5,
                        "4":9,
                        "5":10,
                        "6":11,
                        "7":13,
                        "8":14,
                        "9":17,
                        "10":18,
                        "11":19
                    },
                    "Nom Pr\u00e9nom":{
                        "0":"CHERADI ANAIS",
                        "1":"AHO SANDRA",
                        "2":"GODEFROY CAMILLE",
                        "3":"DURAES ANNE",
                        "4":"BOGDAN ALEXIA",
                        "5":"SOUCHE MELODY",
                        "6":"VEGA ANAIS",
                        "7":"LANCIEN CLARA",
                        "8":"BIZET MARION",
                        "9":"ROCHETEAU EMILIE",
                        "10":"CLIMENT NO\u00c9MIE",
                        "11":"DORNIER AMAIA"
                    },
                    "Licence":{
                        "0":1945089,
                        "1":1749901,
                        "2":1833498,
                        "3":1747691,
                        "4":1948209,
                        "5":1800447,
                        "6":1768718,
                        "7":1563705,
                        "8":1784634,
                        "9":1736747,
                        "10":2188939,
                        "11":2093237
                    }
                },
                "Team 2":{
                    "N\u00b0":{
                        "0":1,
                        "1":3,
                        "2":5,
                        "3":7,
                        "4":8,
                        "5":9,
                        "6":10,
                        "7":11,
                        "8":14,
                        "9":20
                    },
                    "Nom Pr\u00e9nom":{
                        "0":"VERGER LOUANE",
                        "1":"OUFDOU MONTEIRO AMEL",
                        "2":"LECL\u00c8RE CAPUCINE",
                        "3":"GIORDANO PAULINE",
                        "4":"COURTEILLE JULIETTE",
                        "5":"SIDIBE NANA",
                        "6":"MABILAMA DANIELA",
                        "7":"CHARRASSE EMMY",
                        "8":"PUSSIEUX NINA",
                        "9":"PATROIS MARION"
                    },
                    "Licence":{
                        "0":2134834,
                        "1":1870269,
                        "2":2182768,
                        "3":1828603,
                        "4":2037446,
                        "5":1652171,
                        "6":2103086,
                        "7":1921301,
                        "8":1940992,
                        "9":2160170
                    }
                }
            },
            "Liberos":{
                "Team 1":{
                    "N\u00b0":{
                        "0":17,
                        "1":18
                    },
                    "Nom Pr\u00e9nom":{
                        "0":"ROCHETEAU EMILIE",
                        "1":"CLIMENT NO\u00c9MIE"
                    },
                    "Licence":{
                        "0":1736747,
                        "1":2188939
                    }
                },
                "Team 2":{
                    "N\u00b0":{
                        "0":14,
                        "1":20
                    },
                    "Nom Pr\u00e9nom":{
                        "0":"PUSSIEUX NINA",
                        "1":"PATROIS MARION"
                    },
                    "Licence":{
                        "0":1940992,
                        "1":2160170
                    }
                }
            },
            "Officials":{
                "Team 1":{
                    "N\u00b0":{
                        "0":"EA"
                    },
                    "Nom Pr\u00e9nom":{
                        "0":"VERNET LAURENT"
                    },
                    "Licence":{
                        "0":1381910
                    }
                },
                "Team 2":{
                    "N\u00b0":{
                        "0":"EA"
                    },
                    "Nom Pr\u00e9nom":{
                        "0":"ALBERTI HUGO"
                    },
                    "Licence":{
                        "0":1463576
                    }
                }
            }
        },
        "Results":{
            "winner":"C S M CLAMART 2",
            "score":"3\/2"
        },
        "Referees":{
            "NOM Pr\u00e9nom":{
                "1er":"BRUDEY JEAN-FRANCOIS",
                "2\u00e8me":"SUILLAUD FABRICE",
                "Marqueur":"MIQUEL HUGO",
                "Marq.Ass":".",
                "nan":null
            },
            "Ligue":{
                "1er":"LIG_IF",
                "2\u00e8me":"LIG_IF",
                "Marqueur":"LIG_IF",
                "Marq.Ass":null,
                "nan":"Juges"
            },
            "Licence":{
                "1er":1693905.0,
                "2\u00e8me":520528.0,
                "Marqueur":2195423.0,
                "Marq.Ass":null,
                "nan":null
            }
        },
        "Penalties":{

        }
    }
}