{
    "Match":{
        "Title":{
            "div_code":"3FH ",
            "div_name":"NATIONALE 3 FEMININE POULE H",
            "div_pool":"",
            "match_number":"3FH052",
            "match_day":"09",
            "city":"LE PLESSIS-ROBINSON",
            "gym":"OMNISPORTS",
            "category":"SENIOR | FEMININE",
            "ligue":"Comp\u00e9titions Nationales SENIORS",
            "date":"2020-01-12 16:00:00",
            "team_1":"PLESSIS-ROBINSON VOLLEY-BALL",
            "team_2":"PARIS AMICALE CAMOU"
        },
        "Sets":{
            "Teams":{
                "Set 1":{
                    "Name":{
                        "Team 1":"PLESSIS-ROBINSON VOLLE",
                        "Team 2":"PARIS AMICALE CAMOU"
                    },
                    "Starting":{
                        "Team 1":"Service",
                        "Team 2":"Reception"
                    }
                },
                "Set 2":{
                    "Name":{
                        "Team 1":"PLESSIS-ROBINSON VOLLE",
                        "Team 2":"PARIS AMICALE CAMOU"
                    },
                    "Starting":{
                        "Team 1":"Reception",
                        "Team 2":"Service"
                    }
                },
                "Set 3":{
                    "Name":{
                        "Team 1":"PLESSIS-ROBINSON VOLLE",
                        "Team 2":"PARIS AMICALE CAMOU"
                    },
                    "Starting":{
                        "Team 1":"Service",
                        "Team 2":"Reception"
                    }
                },
                "Set 4":{
                    "Name":{
                        "Team 1":"PLESSIS-ROBINSON VOLLE",
                        "Team 2":"PARIS AMICALE CAMOU"
                    },
                    "Starting":{
                        "Team 1":"Reception",
                        "Team 2":"Service"
                    }
                },
                "Set 5":0
            },
            "Time":{
                "Set 1":{
                    "Time":{
                        "Start":"2020-01-12 17:03:00",
                        "End":"2020-01-12 17:37:00"
                    }
                },
                "Set 2":{
                    "Time":{
                        "Start":"2020-01-12 17:40:00",
                        "End":"2020-01-12 18:05:00"
                    }
                },
                "Set 3":{
                    "Time":{
                        "Start":"2020-01-12 18:09:00",
                        "End":"2020-01-12 18:36:00"
                    }
                },
                "Set 4":{
                    "Time":{
                        "Start":"2020-01-12 18:40:00",
                        "End":"2020-01-12 19:10:00"
                    }
                },
                "Set 5":0
            },
            "Substitutions 1":{
                "Set 1":{
                    "I":{
                        "0":10.0,
                        "1":null,
                        "2":null
                    },
                    "II":{
                        "0":9.0,
                        "1":null,
                        "2":null
                    },
                    "III":{
                        "0":3.0,
                        "1":null,
                        "2":null
                    },
                    "IV":{
                        "0":7.0,
                        "1":null,
                        "2":null
                    },
                    "V":{
                        "0":13.0,
                        "1":null,
                        "2":null
                    },
                    "VI":{
                        "0":"5",
                        "1":"6",
                        "2":"25:25"
                    }
                },
                "Set 2":{
                    "I":{
                        "0":10.0,
                        "1":null,
                        "2":null
                    },
                    "II":{
                        "0":9.0,
                        "1":null,
                        "2":null
                    },
                    "III":{
                        "0":3.0,
                        "1":null,
                        "2":null
                    },
                    "IV":{
                        "0":"7",
                        "1":"6",
                        "2":"23:17"
                    },
                    "V":{
                        "0":13.0,
                        "1":null,
                        "2":null
                    },
                    "VI":{
                        "0":5.0,
                        "1":null,
                        "2":null
                    }
                },
                "Set 3":{
                    "I":{
                        "0":10.0,
                        "1":null,
                        "2":null
                    },
                    "II":{
                        "0":9.0,
                        "1":null,
                        "2":null
                    },
                    "III":{
                        "0":"3",
                        "1":"6",
                        "2":"22:20"
                    },
                    "IV":{
                        "0":7.0,
                        "1":null,
                        "2":null
                    },
                    "V":{
                        "0":13.0,
                        "1":null,
                        "2":null
                    },
                    "VI":{
                        "0":5.0,
                        "1":null,
                        "2":null
                    }
                },
                "Set 4":{
                    "I":{
                        "0":10.0,
                        "1":null,
                        "2":null,
                        "3":null
                    },
                    "II":{
                        "0":9.0,
                        "1":null,
                        "2":null,
                        "3":null
                    },
                    "III":{
                        "0":3.0,
                        "1":null,
                        "2":null,
                        "3":null
                    },
                    "IV":{
                        "0":7.0,
                        "1":null,
                        "2":null,
                        "3":null
                    },
                    "V":{
                        "0":"13",
                        "1":"6",
                        "2":"6:11",
                        "3":"16:19"
                    },
                    "VI":{
                        "0":5.0,
                        "1":null,
                        "2":null,
                        "3":null
                    }
                },
                "Set 5":0
            },
            "Substitutions 2":{
                "Set 1":{
                    "I":{
                        "0":9.0,
                        "1":null,
                        "2":null,
                        "3":null
                    },
                    "II":{
                        "0":6.0,
                        "1":null,
                        "2":null,
                        "3":null
                    },
                    "III":{
                        "0":20.0,
                        "1":null,
                        "2":null,
                        "3":null
                    },
                    "IV":{
                        "0":"8",
                        "1":"19",
                        "2":"22:22",
                        "3":"22:23"
                    },
                    "V":{
                        "0":7.0,
                        "1":null,
                        "2":null,
                        "3":null
                    },
                    "VI":{
                        "0":"18",
                        "1":"3",
                        "2":"25:24",
                        "3":null
                    }
                },
                "Set 2":{
                    "I":{
                        "0":6.0,
                        "1":null,
                        "2":null
                    },
                    "II":{
                        "0":20.0,
                        "1":null,
                        "2":null
                    },
                    "III":{
                        "0":8.0,
                        "1":null,
                        "2":null
                    },
                    "IV":{
                        "0":"7",
                        "1":"3",
                        "2":"10:17"
                    },
                    "V":{
                        "0":"18",
                        "1":"19",
                        "2":"4:10"
                    },
                    "VI":{
                        "0":9.0,
                        "1":null,
                        "2":null
                    }
                },
                "Set 3":{
                    "I":{
                        "0":9.0,
                        "1":null,
                        "2":null
                    },
                    "II":{
                        "0":"6",
                        "1":"8",
                        "2":"22:23"
                    },
                    "III":{
                        "0":20.0,
                        "1":null,
                        "2":null
                    },
                    "IV":{
                        "0":"7",
                        "1":"18",
                        "2":"21:22"
                    },
                    "V":{
                        "0":19.0,
                        "1":null,
                        "2":null
                    },
                    "VI":{
                        "0":3.0,
                        "1":null,
                        "2":null
                    }
                },
                "Set 4":{
                    "I":{
                        "0":"6",
                        "1":"8",
                        "2":"21:19",
                        "3":"21:20"
                    },
                    "II":{
                        "0":20.0,
                        "1":null,
                        "2":null,
                        "3":null
                    },
                    "III":{
                        "0":7.0,
                        "1":null,
                        "2":null,
                        "3":null
                    },
                    "IV":{
                        "0":19.0,
                        "1":null,
                        "2":null,
                        "3":null
                    },
                    "V":{
                        "0":3.0,
                        "1":null,
                        "2":null,
                        "3":null
                    },
                    "VI":{
                        "0":"9",
                        "1":"18",
                        "2":"21:19",
                        "3":null
                    }
                },
                "Set 5":0
            },
            "Serves 1":{
                "Set 1":{
                    "I":{
                        "0":"1",
                        "1":14,
                        "2":20
                    },
                    "II":{
                        "0":"8",
                        "1":15,
                        "2":21
                    },
                    "III":{
                        "0":"9",
                        "1":16,
                        "2":22
                    },
                    "IV":{
                        "0":"10",
                        "1":17,
                        "2":23
                    },
                    "V":{
                        "0":"11",
                        "1":18,
                        "2":24
                    },
                    "VI":{
                        "0":"13",
                        "1":19,
                        "2":27
                    }
                },
                "Set 2":{
                    "I":{
                        "0":null,
                        "1":12.0,
                        "2":23.0
                    },
                    "II":{
                        "0":"1",
                        "1":17,
                        "2":25
                    },
                    "III":{
                        "0":"3",
                        "1":18.0,
                        "2":null
                    },
                    "IV":{
                        "0":"4",
                        "1":19.0,
                        "2":null
                    },
                    "V":{
                        "0":"10",
                        "1":21.0,
                        "2":null
                    },
                    "VI":{
                        "0":"11",
                        "1":22.0,
                        "2":null
                    }
                },
                "Set 3":{
                    "I":{
                        "0":"1",
                        "1":10,
                        "2":18
                    },
                    "II":{
                        "0":"3",
                        "1":11,
                        "2":21
                    },
                    "III":{
                        "0":"4",
                        "1":12,
                        "2":22
                    },
                    "IV":{
                        "0":"5",
                        "1":13,
                        "2":23
                    },
                    "V":{
                        "0":"6",
                        "1":15.0,
                        "2":null
                    },
                    "VI":{
                        "0":"7",
                        "1":16.0,
                        "2":null
                    }
                },
                "Set 4":{
                    "I":{
                        "0":null,
                        "1":11.0,
                        "2":23.0
                    },
                    "II":{
                        "0":"2",
                        "1":13,
                        "2":25
                    },
                    "III":{
                        "0":"4",
                        "1":14.0,
                        "2":null
                    },
                    "IV":{
                        "0":"6",
                        "1":15.0,
                        "2":null
                    },
                    "V":{
                        "0":"7",
                        "1":18.0,
                        "2":null
                    },
                    "VI":{
                        "0":"8",
                        "1":19.0,
                        "2":null
                    }
                },
                "Set 5":0
            },
            "Serves 2":{
                "Set 1":{
                    "I":{
                        "0":null,
                        "1":8.0,
                        "2":19.0
                    },
                    "II":{
                        "0":"3",
                        "1":11,
                        "2":20
                    },
                    "III":{
                        "0":"4",
                        "1":12,
                        "2":21
                    },
                    "IV":{
                        "0":"5",
                        "1":13,
                        "2":22
                    },
                    "V":{
                        "0":"6",
                        "1":17,
                        "2":24
                    },
                    "VI":{
                        "0":"7",
                        "1":18,
                        "2":25
                    }
                },
                "Set 2":{
                    "I":{
                        "0":"1",
                        "1":10,
                        "2":18
                    },
                    "II":{
                        "0":"2",
                        "1":11.0,
                        "2":null
                    },
                    "III":{
                        "0":"3",
                        "1":12.0,
                        "2":null
                    },
                    "IV":{
                        "0":"4",
                        "1":13.0,
                        "2":null
                    },
                    "V":{
                        "0":"6",
                        "1":14.0,
                        "2":null
                    },
                    "VI":{
                        "0":"8",
                        "1":17.0,
                        "2":null
                    }
                },
                "Set 3":{
                    "I":{
                        "0":null,
                        "1":7.0,
                        "2":14.0
                    },
                    "II":{
                        "0":"1",
                        "1":8,
                        "2":15
                    },
                    "III":{
                        "0":"3",
                        "1":9,
                        "2":20
                    },
                    "IV":{
                        "0":"4",
                        "1":10,
                        "2":21
                    },
                    "V":{
                        "0":"5",
                        "1":11,
                        "2":25
                    },
                    "VI":{
                        "0":"6",
                        "1":13.0,
                        "2":null
                    }
                },
                "Set 4":{
                    "I":{
                        "0":"0",
                        "1":14,
                        "2":23
                    },
                    "II":{
                        "0":"7",
                        "1":15.0,
                        "2":null
                    },
                    "III":{
                        "0":"8",
                        "1":16.0,
                        "2":null
                    },
                    "IV":{
                        "0":"11",
                        "1":19.0,
                        "2":null
                    },
                    "V":{
                        "0":"12",
                        "1":20.0,
                        "2":null
                    },
                    "VI":{
                        "0":"13",
                        "1":21.0,
                        "2":null
                    }
                },
                "Set 5":0
            },
            "Timeouts 1":{
                "Set 1":{
                    "T":{
                        "0":"17:17",
                        "1":"23:24"
                    }
                },
                "Set 2":{
                    "T":{
                        "0":"22:16"
                    }
                },
                "Set 3":{
                    "T":{
                        "0":"21:17"
                    }
                },
                "Set 4":{
                    "T":{
                        "0":"2:6"
                    }
                },
                "Set 5":0
            },
            "Timeouts 2":{
                "Set 1":{
                    "T":{
                        "0":"3:7",
                        "1":"25:26"
                    }
                },
                "Set 2":{
                    "T":{
                        "0":"4:10"
                    }
                },
                "Set 3":{
                    "T":{
                        "0":"15:20"
                    }
                },
                "Set 4":{
                    "T":{
                        "0":"14:13",
                        "1":"21:22"
                    }
                },
                "Set 5":0
            }
        },
        "Teams":{
            "Name":{
                "Team 1":"PLESSIS-ROBINSON VOLLEY-BALL",
                "Team 2":"PARIS AMICALE CAMOU"
            },
            "Players":{
                "Team 1":{
                    "N\u00b0":{
                        "0":1,
                        "1":3,
                        "2":4,
                        "3":5,
                        "4":6,
                        "5":7,
                        "6":9,
                        "7":10,
                        "8":13,
                        "9":14,
                        "10":18
                    },
                    "Nom Pr\u00e9nom":{
                        "0":"ABOULKER CLAIRE",
                        "1":"CHAUSSEMY JENNIFER",
                        "2":"MESCAM MARINE",
                        "3":"RISBOURG RAPHAELLE",
                        "4":"SILVA SAMANTHA",
                        "5":"PERCHEY CHAN TIPHAINE",
                        "6":"GODALLIER MARINE",
                        "7":"MEFLAH FAIZA",
                        "8":"HAMZAOUI NATACHA",
                        "9":"DIXMIER CLEMENCE",
                        "10":"DEGOUY MANON"
                    },
                    "Licence":{
                        "0":1960194,
                        "1":1549337,
                        "2":1898686,
                        "3":1829560,
                        "4":1965478,
                        "5":1514718,
                        "6":1637205,
                        "7":2243473,
                        "8":1207054,
                        "9":1832804,
                        "10":2011073
                    }
                },
                "Team 2":{
                    "N\u00b0":{
                        "0":1,
                        "1":3,
                        "2":6,
                        "3":7,
                        "4":8,
                        "5":9,
                        "6":18,
                        "7":19,
                        "8":20
                    },
                    "Nom Pr\u00e9nom":{
                        "0":"AMINTAS CHLOE",
                        "1":"NASSER RAISSA",
                        "2":"GUILLOT MARION",
                        "3":"OSULLIVAN OCEANNE",
                        "4":"CHENIER DORINE",
                        "5":"SEGUIN ANNE-CHARLOTTE",
                        "6":"ZERAH NAOMI",
                        "7":"ROUSSEAU EMMA",
                        "8":"REY CAPUCINE"
                    },
                    "Licence":{
                        "0":1551346,
                        "1":1750382,
                        "2":1595506,
                        "3":1766614,
                        "4":1951407,
                        "5":2088830,
                        "6":2107240,
                        "7":2146946,
                        "8":1580184
                    }
                }
            },
            "Liberos":{
                "Team 1":{
                    "N\u00b0":{
                        "0":18
                    },
                    "Nom Pr\u00e9nom":{
                        "0":"DEGOUY MANON"
                    },
                    "Licence":{
                        "0":2011073
                    }
                },
                "Team 2":{
                    "N\u00b0":{
                        "0":1
                    },
                    "Nom Pr\u00e9nom":{
                        "0":"AMINTAS CHLOE"
                    },
                    "Licence":{
                        "0":1551346
                    }
                }
            },
            "Officials":{
                "Team 1":{
                    "N\u00b0":{
                        "0":"EA",
                        "1":"EB"
                    },
                    "Nom Pr\u00e9nom":{
                        "0":"SAYOL BERNARD",
                        "1":"LAMY JULIEN"
                    },
                    "Licence":{
                        "0":1001108,
                        "1":1427083
                    }
                },
                "Team 2":{
                    "N\u00b0":{
                        "0":"EA"
                    },
                    "Nom Pr\u00e9nom":{
                        "0":"ZERAH RAFAEL"
                    },
                    "Licence":{
                        "0":1675411
                    }
                }
            }
        },
        "Results":{
            "winner":"PLESSIS-ROBINSON VOLLE",
            "score":"3\/1"
        },
        "Referees":{
            "NOM Pr\u00e9nom":{
                "1er":"BRETON KEVIN",
                "2\u00e8me":"COMBE PHILIPPE",
                "Marqueur":null,
                "Marq.Ass":".",
                "nan":null
            },
            "Ligue":{
                "1er":"LIG_IF",
                "2\u00e8me":"LIG_PL",
                "Marqueur":null,
                "Marq.Ass":null,
                "nan":"Juges"
            },
            "Licence":{
                "1er":1741094.0,
                "2\u00e8me":1468986.0,
                "Marqueur":2420142.0,
                "Marq.Ass":null,
                "nan":null
            }
        },
        "Penalties":{

        }
    }
}