{
    "Match":{
        "Title":{
            "div_code":"3FH ",
            "div_name":"NATIONALE 3 FEMININE POULE H",
            "div_pool":"",
            "match_number":"3FH006",
            "match_day":"01",
            "city":"MONTGERMONT",
            "gym":"SALLE DES COURTINES",
            "category":"SENIOR | FEMININE",
            "ligue":"Comp\u00e9titions Nationales SENIORS",
            "date":"2019-10-06 15:00:00",
            "team_1":"MONTGERMONT VOLLEY-BALL CLUB",
            "team_2":"C S M CLAMART 2"
        },
        "Sets":{
            "Teams":{
                "Set 1":{
                    "Name":{
                        "Team 1":"MONTGERMONT VOLLEY-BAL",
                        "Team 2":"C S M CLAMART 2"
                    },
                    "Starting":{
                        "Team 1":"Service",
                        "Team 2":"Reception"
                    }
                },
                "Set 2":{
                    "Name":{
                        "Team 1":"MONTGERMONT VOLLEY-BAL",
                        "Team 2":"C S M CLAMART 2"
                    },
                    "Starting":{
                        "Team 1":"Reception",
                        "Team 2":"Service"
                    }
                },
                "Set 3":{
                    "Name":{
                        "Team 1":"MONTGERMONT VOLLEY-BAL",
                        "Team 2":"C S M CLAMART 2"
                    },
                    "Starting":{
                        "Team 1":"Service",
                        "Team 2":"Reception"
                    }
                },
                "Set 4":{
                    "Name":{
                        "Team 1":"MONTGERMONT VOLLEY-BAL",
                        "Team 2":"C S M CLAMART 2"
                    },
                    "Starting":{
                        "Team 1":"Reception",
                        "Team 2":"Service"
                    }
                },
                "Set 5":{
                    "Name":{
                        "Team 1":"C S M CLAMART 2",
                        "Team 2":"MONTGERMONT VOLLEY-"
                    },
                    "Starting":{
                        "Team 1":"Service",
                        "Team 2":"Reception"
                    }
                }
            },
            "Time":{
                "Set 1":{
                    "Time":{
                        "Start":"2019-10-06 15:03:00",
                        "End":"2019-10-06 15:25:00"
                    }
                },
                "Set 2":{
                    "Time":{
                        "Start":"2019-10-06 15:28:00",
                        "End":"2019-10-06 15:57:00"
                    }
                },
                "Set 3":{
                    "Time":{
                        "Start":"2019-10-06 16:01:00",
                        "End":"2019-10-06 16:25:00"
                    }
                },
                "Set 4":{
                    "Time":{
                        "Start":"2019-10-06 16:29:00",
                        "End":"2019-10-06 16:59:00"
                    }
                },
                "Set 5":{
                    "Time":{
                        "Start":"2019-10-06 17:03:00",
                        "End":"2019-10-06 17:15:00"
                    }
                }
            },
            "Substitutions 1":{
                "Set 1":{
                    "I":{
                        "0":5
                    },
                    "II":{
                        "0":1
                    },
                    "III":{
                        "0":16
                    },
                    "IV":{
                        "0":10
                    },
                    "V":{
                        "0":6
                    },
                    "VI":{
                        "0":3
                    }
                },
                "Set 2":{
                    "I":{
                        "0":3.0,
                        "1":null,
                        "2":null,
                        "3":null
                    },
                    "II":{
                        "0":"5",
                        "1":"4",
                        "2":"12:14",
                        "3":"15:18"
                    },
                    "III":{
                        "0":1.0,
                        "1":null,
                        "2":null,
                        "3":null
                    },
                    "IV":{
                        "0":16.0,
                        "1":null,
                        "2":null,
                        "3":null
                    },
                    "V":{
                        "0":"10",
                        "1":"7",
                        "2":"18:24",
                        "3":null
                    },
                    "VI":{
                        "0":6.0,
                        "1":null,
                        "2":null,
                        "3":null
                    }
                },
                "Set 3":{
                    "I":{
                        "0":"5",
                        "1":"4",
                        "2":"15:21"
                    },
                    "II":{
                        "0":1.0,
                        "1":null,
                        "2":null
                    },
                    "III":{
                        "0":16.0,
                        "1":null,
                        "2":null
                    },
                    "IV":{
                        "0":"10",
                        "1":"7",
                        "2":"16:22"
                    },
                    "V":{
                        "0":6.0,
                        "1":null,
                        "2":null
                    },
                    "VI":{
                        "0":3.0,
                        "1":null,
                        "2":null
                    }
                },
                "Set 4":{
                    "I":{
                        "0":3.0,
                        "1":null,
                        "2":null,
                        "3":null
                    },
                    "II":{
                        "0":5.0,
                        "1":null,
                        "2":null,
                        "3":null
                    },
                    "III":{
                        "0":1.0,
                        "1":null,
                        "2":null,
                        "3":null
                    },
                    "IV":{
                        "0":16.0,
                        "1":null,
                        "2":null,
                        "3":null
                    },
                    "V":{
                        "0":"10",
                        "1":"4",
                        "2":"23:22",
                        "3":"24:22"
                    },
                    "VI":{
                        "0":6.0,
                        "1":null,
                        "2":null,
                        "3":null
                    }
                },
                "Set 5":{
                    "I":{
                        "0":3
                    },
                    "II":{
                        "0":1
                    },
                    "III":{
                        "0":6
                    },
                    "IV":{
                        "0":17
                    },
                    "V":{
                        "0":5
                    },
                    "VI":{
                        "0":8
                    }
                }
            },
            "Substitutions 2":{
                "Set 1":{
                    "I":{
                        "0":8
                    },
                    "II":{
                        "0":3
                    },
                    "III":{
                        "0":1
                    },
                    "IV":{
                        "0":6
                    },
                    "V":{
                        "0":17
                    },
                    "VI":{
                        "0":5
                    }
                },
                "Set 2":{
                    "I":{
                        "0":3.0,
                        "1":null,
                        "2":null,
                        "3":null
                    },
                    "II":{
                        "0":1.0,
                        "1":null,
                        "2":null,
                        "3":null
                    },
                    "III":{
                        "0":6.0,
                        "1":null,
                        "2":null,
                        "3":null
                    },
                    "IV":{
                        "0":"17",
                        "1":"11",
                        "2":"17:14",
                        "3":"18:15"
                    },
                    "V":{
                        "0":5.0,
                        "1":null,
                        "2":null,
                        "3":null
                    },
                    "VI":{
                        "0":8.0,
                        "1":null,
                        "2":null,
                        "3":null
                    }
                },
                "Set 3":{
                    "I":{
                        "0":8
                    },
                    "II":{
                        "0":3
                    },
                    "III":{
                        "0":1
                    },
                    "IV":{
                        "0":6
                    },
                    "V":{
                        "0":17
                    },
                    "VI":{
                        "0":5
                    }
                },
                "Set 4":{
                    "I":{
                        "0":3
                    },
                    "II":{
                        "0":1
                    },
                    "III":{
                        "0":6
                    },
                    "IV":{
                        "0":17
                    },
                    "V":{
                        "0":5
                    },
                    "VI":{
                        "0":8
                    }
                },
                "Set 5":{
                    "I":{
                        "0":3.0,
                        "1":null,
                        "2":null
                    },
                    "II":{
                        "0":"5",
                        "1":"4",
                        "2":"3:12"
                    },
                    "III":{
                        "0":1.0,
                        "1":null,
                        "2":null
                    },
                    "IV":{
                        "0":16.0,
                        "1":null,
                        "2":null
                    },
                    "V":{
                        "0":"10",
                        "1":"7",
                        "2":"3:10"
                    },
                    "VI":{
                        "0":6.0,
                        "1":null,
                        "2":null
                    }
                }
            },
            "Serves 1":{
                "Set 1":{
                    "I":{
                        "0":"0",
                        "1":22
                    },
                    "II":{
                        "0":"12",
                        "1":24
                    },
                    "III":{
                        "0":"14",
                        "1":25
                    },
                    "IV":{
                        "0":"17",
                        "1":null
                    },
                    "V":{
                        "0":"20",
                        "1":null
                    },
                    "VI":{
                        "0":"21",
                        "1":null
                    }
                },
                "Set 2":{
                    "I":{
                        "0":null,
                        "1":11.0,
                        "2":17.0
                    },
                    "II":{
                        "0":"3",
                        "1":12,
                        "2":18
                    },
                    "III":{
                        "0":"4",
                        "1":13.0,
                        "2":null
                    },
                    "IV":{
                        "0":"5",
                        "1":14.0,
                        "2":null
                    },
                    "V":{
                        "0":"8",
                        "1":15.0,
                        "2":null
                    },
                    "VI":{
                        "0":"10",
                        "1":16.0,
                        "2":null
                    }
                },
                "Set 3":{
                    "I":{
                        "0":"0",
                        "1":11
                    },
                    "II":{
                        "0":"4",
                        "1":12
                    },
                    "III":{
                        "0":"5",
                        "1":14
                    },
                    "IV":{
                        "0":"7",
                        "1":15
                    },
                    "V":{
                        "0":"8",
                        "1":16
                    },
                    "VI":{
                        "0":"9",
                        "1":null
                    }
                },
                "Set 4":{
                    "I":{
                        "0":null,
                        "1":11.0,
                        "2":23.0
                    },
                    "II":{
                        "0":"6",
                        "1":12,
                        "2":25
                    },
                    "III":{
                        "0":"7",
                        "1":14.0,
                        "2":null
                    },
                    "IV":{
                        "0":"8",
                        "1":17.0,
                        "2":null
                    },
                    "V":{
                        "0":"9",
                        "1":21.0,
                        "2":null
                    },
                    "VI":{
                        "0":"10",
                        "1":22.0,
                        "2":null
                    }
                },
                "Set 5":{
                    "I":{
                        "0":"2"
                    },
                    "II":{
                        "0":"12"
                    },
                    "III":{
                        "0":"14"
                    },
                    "IV":{
                        "0":"15"
                    },
                    "V":{
                        "0":null
                    },
                    "VI":{
                        "0":null
                    }
                }
            },
            "Serves 2":{
                "Set 1":{
                    "I":{
                        "0":null,
                        "1":6.0
                    },
                    "II":{
                        "0":"1",
                        "1":12
                    },
                    "III":{
                        "0":"2",
                        "1":14
                    },
                    "IV":{
                        "0":"3",
                        "1":null
                    },
                    "V":{
                        "0":"4",
                        "1":null
                    },
                    "VI":{
                        "0":"5",
                        "1":null
                    }
                },
                "Set 2":{
                    "I":{
                        "0":"0",
                        "1":14,
                        "2":21
                    },
                    "II":{
                        "0":"1",
                        "1":15,
                        "2":25
                    },
                    "III":{
                        "0":"4",
                        "1":16.0,
                        "2":null
                    },
                    "IV":{
                        "0":"10",
                        "1":18.0,
                        "2":null
                    },
                    "V":{
                        "0":"11",
                        "1":19.0,
                        "2":null
                    },
                    "VI":{
                        "0":"13",
                        "1":20.0,
                        "2":null
                    }
                },
                "Set 3":{
                    "I":{
                        "0":null,
                        "1":12.0
                    },
                    "II":{
                        "0":"1",
                        "1":13
                    },
                    "III":{
                        "0":"3",
                        "1":15
                    },
                    "IV":{
                        "0":"6",
                        "1":18
                    },
                    "V":{
                        "0":"7",
                        "1":22
                    },
                    "VI":{
                        "0":"10",
                        "1":25
                    }
                },
                "Set 4":{
                    "I":{
                        "0":"0",
                        "1":11,
                        "2":22
                    },
                    "II":{
                        "0":"1",
                        "1":12.0,
                        "2":null
                    },
                    "III":{
                        "0":"7",
                        "1":13.0,
                        "2":null
                    },
                    "IV":{
                        "0":"8",
                        "1":14.0,
                        "2":null
                    },
                    "V":{
                        "0":"9",
                        "1":16.0,
                        "2":null
                    },
                    "VI":{
                        "0":"10",
                        "1":18.0,
                        "2":null
                    }
                },
                "Set 5":{
                    "I":{
                        "0":null
                    },
                    "II":{
                        "0":"3"
                    },
                    "III":{
                        "0":"4"
                    },
                    "IV":{
                        "0":"5"
                    },
                    "V":{
                        "0":null
                    },
                    "VI":{
                        "0":null
                    }
                }
            },
            "Timeouts 1":{
                "Set 1":{
                    "T":{
                        "0":"22:11"
                    }
                },
                "Set 2":{
                    "T":{
                        "0":"5:10",
                        "1":"14:18"
                    }
                },
                "Set 3":{
                    "T":{
                        "0":"8:10",
                        "1":"15:20"
                    }
                },
                "Set 4":{
                    "T":{
                        "0":"7:6",
                        "1":"22:18"
                    }
                },
                "Set 5":{
                    "T":{

                    }
                }
            },
            "Timeouts 2":{
                "Set 1":{
                    "T":{
                        "0":"1:7"
                    }
                },
                "Set 2":{
                    "T":{
                        "0":"10:8"
                    }
                },
                "Set 3":{
                    "T":{

                    }
                },
                "Set 4":{
                    "T":{
                        "0":"0:5",
                        "1":"14:20"
                    }
                },
                "Set 5":{
                    "T":{
                        "0":"3:6",
                        "1":"3:7"
                    }
                }
            }
        },
        "Teams":{
            "Name":{
                "Team 1":"MONTGERMONT VOLLEY-BALL CLUB",
                "Team 2":"C S M CLAMART 2"
            },
            "Players":{
                "Team 1":{
                    "N\u00b0":{
                        "0":1,
                        "1":3,
                        "2":4,
                        "3":5,
                        "4":6,
                        "5":7,
                        "6":8,
                        "7":10,
                        "8":14,
                        "9":16
                    },
                    "Nom Pr\u00e9nom":{
                        "0":"LE ROUX CLARA",
                        "1":"GUYOT ALIX",
                        "2":"ERDTMANN CECILE",
                        "3":"PELHATRE CLAIRE",
                        "4":"ANDRE TRACY",
                        "5":"COJAN CELIA",
                        "6":"WILKIE MARIE",
                        "7":"TESSIER ROMANE",
                        "8":"LE ROUX JULIETTE",
                        "9":"LEPORCHER BLEUENN"
                    },
                    "Licence":{
                        "0":1731838,
                        "1":1802263,
                        "2":1809667,
                        "3":1829599,
                        "4":1992637,
                        "5":2038931,
                        "6":1843291,
                        "7":1891139,
                        "8":1801275,
                        "9":1807099
                    }
                },
                "Team 2":{
                    "N\u00b0":{
                        "0":1,
                        "1":3,
                        "2":5,
                        "3":6,
                        "4":8,
                        "5":11,
                        "6":14,
                        "7":17,
                        "8":20
                    },
                    "Nom Pr\u00e9nom":{
                        "0":"GIORDANO PAULINE",
                        "1":"OUFDOU AMEL",
                        "2":"LECLERE CAPUCINE",
                        "3":"NEVOT MARIE",
                        "4":"COURTEILLE JULIETTE",
                        "5":"CHARRASSE EMMY",
                        "6":"PUSSIEUX NINA",
                        "7":"VERGER MANON",
                        "8":"PATROIS MARION"
                    },
                    "Licence":{
                        "0":1828603,
                        "1":1870269,
                        "2":2182768,
                        "3":1818786,
                        "4":2037446,
                        "5":1921301,
                        "6":1940992,
                        "7":2036752,
                        "8":2160170
                    }
                }
            },
            "Liberos":{
                "Team 1":{
                    "N\u00b0":{
                        "0":14
                    },
                    "Nom Pr\u00e9nom":{
                        "0":"LE ROUX JULIETTE"
                    },
                    "Licence":{
                        "0":1801275
                    }
                },
                "Team 2":{
                    "N\u00b0":{
                        "0":14,
                        "1":20
                    },
                    "Nom Pr\u00e9nom":{
                        "0":"PUSSIEUX NINA",
                        "1":"PATROIS MARION"
                    },
                    "Licence":{
                        "0":1940992,
                        "1":2160170
                    }
                }
            },
            "Officials":{
                "Team 1":{
                    "N\u00b0":{
                        "0":"EA",
                        "1":"EB"
                    },
                    "Nom Pr\u00e9nom":{
                        "0":"LEROUX ROLAND",
                        "1":"GARAGNON MARC"
                    },
                    "Licence":{
                        "0":1822539,
                        "1":1755133
                    }
                },
                "Team 2":{
                    "N\u00b0":{
                        "0":"EA"
                    },
                    "Nom Pr\u00e9nom":{
                        "0":"ALBERTI HUGO"
                    },
                    "Licence":{
                        "0":1463576
                    }
                }
            }
        },
        "Results":{
            "winner":"C S M CLAMART 2",
            "score":"3\/2"
        },
        "Referees":{
            "NOM Pr\u00e9nom":{
                "1er":"MOUNIER MORGANE",
                "2\u00e8me":"LOSHI ALBAN",
                "Marqueur":"BOUDJADA CELIA",
                "Marq.Ass":".",
                "nan":null
            },
            "Ligue":{
                "1er":"LIG_BR",
                "2\u00e8me":"LIG_BR",
                "Marqueur":"LIG_BR",
                "Marq.Ass":null,
                "nan":"Juges"
            },
            "Licence":{
                "1er":1085633.0,
                "2\u00e8me":1578067.0,
                "Marqueur":1739790.0,
                "Marq.Ass":null,
                "nan":null
            }
        },
        "Penalties":{

        }
    }
}