{
    "Match":{
        "Title":{
            "div_code":"3FH ",
            "div_name":"NATIONALE 3 FEMININE POULE H",
            "div_pool":"",
            "match_number":"3FH069",
            "match_day":"12",
            "city":"SAINT-LO",
            "gym":"SALLE ANDRE GUILBERT",
            "category":"SENIOR | FEMININE",
            "ligue":"Comp\u00e9titions Nationales SENIORS",
            "date":"2020-02-01 20:00:00",
            "team_1":"SAINT-LO VOLLEY",
            "team_2":"UNION SPORTIVE GUIGNEN"
        },
        "Sets":{
            "Teams":{
                "Set 1":{
                    "Name":{
                        "Team 1":"SAINT-LO VOLLEY",
                        "Team 2":"UNION SPORTIVE GUIGNEN"
                    },
                    "Starting":{
                        "Team 1":"Reception",
                        "Team 2":"Service"
                    }
                },
                "Set 2":{
                    "Name":{
                        "Team 1":"SAINT-LO VOLLEY",
                        "Team 2":"UNION SPORTIVE GUIGNEN"
                    },
                    "Starting":{
                        "Team 1":"Reception",
                        "Team 2":"Service"
                    }
                },
                "Set 3":{
                    "Name":{
                        "Team 1":"SAINT-LO VOLLEY",
                        "Team 2":"UNION SPORTIVE GUIGNEN"
                    },
                    "Starting":{
                        "Team 1":"Reception",
                        "Team 2":"Service"
                    }
                },
                "Set 4":0,
                "Set 5":0
            },
            "Time":{
                "Set 1":{
                    "Time":{
                        "Start":"2020-02-01 19:53:00",
                        "End":"2020-02-01 20:20:00"
                    }
                },
                "Set 2":{
                    "Time":{
                        "Start":"2020-02-01 20:23:00",
                        "End":"2020-02-01 20:53:00"
                    }
                },
                "Set 3":{
                    "Time":{
                        "Start":"2020-02-01 20:57:00",
                        "End":"2020-02-01 21:23:00"
                    }
                },
                "Set 4":0,
                "Set 5":0
            },
            "Substitutions 1":{
                "Set 1":{
                    "I":{
                        "0":3
                    },
                    "II":{
                        "0":2
                    },
                    "III":{
                        "0":11
                    },
                    "IV":{
                        "0":4
                    },
                    "V":{
                        "0":9
                    },
                    "VI":{
                        "0":6
                    }
                },
                "Set 2":{
                    "I":{
                        "0":6
                    },
                    "II":{
                        "0":3
                    },
                    "III":{
                        "0":2
                    },
                    "IV":{
                        "0":11
                    },
                    "V":{
                        "0":4
                    },
                    "VI":{
                        "0":9
                    }
                },
                "Set 3":{
                    "I":{
                        "0":3.0,
                        "1":null,
                        "2":null
                    },
                    "II":{
                        "0":2.0,
                        "1":null,
                        "2":null
                    },
                    "III":{
                        "0":"11",
                        "1":"5",
                        "2":"12:14"
                    },
                    "IV":{
                        "0":4.0,
                        "1":null,
                        "2":null
                    },
                    "V":{
                        "0":9.0,
                        "1":null,
                        "2":null
                    },
                    "VI":{
                        "0":6.0,
                        "1":null,
                        "2":null
                    }
                },
                "Set 4":0,
                "Set 5":0
            },
            "Substitutions 2":{
                "Set 1":{
                    "I":{
                        "0":5
                    },
                    "II":{
                        "0":9
                    },
                    "III":{
                        "0":1
                    },
                    "IV":{
                        "0":2
                    },
                    "V":{
                        "0":6
                    },
                    "VI":{
                        "0":7
                    }
                },
                "Set 2":{
                    "I":{
                        "0":9.0,
                        "1":null,
                        "2":null,
                        "3":null
                    },
                    "II":{
                        "0":"2",
                        "1":"11",
                        "2":"8:13",
                        "3":"12:14"
                    },
                    "III":{
                        "0":1.0,
                        "1":null,
                        "2":null,
                        "3":null
                    },
                    "IV":{
                        "0":"6",
                        "1":"8",
                        "2":"20:23",
                        "3":null
                    },
                    "V":{
                        "0":5.0,
                        "1":null,
                        "2":null,
                        "3":null
                    },
                    "VI":{
                        "0":7.0,
                        "1":null,
                        "2":null,
                        "3":null
                    }
                },
                "Set 3":{
                    "I":{
                        "0":"7",
                        "1":"11",
                        "2":"18:21",
                        "3":"18:22"
                    },
                    "II":{
                        "0":"9",
                        "1":"6",
                        "2":"19:22",
                        "3":"19:23"
                    },
                    "III":{
                        "0":2.0,
                        "1":null,
                        "2":null,
                        "3":null
                    },
                    "IV":{
                        "0":8.0,
                        "1":null,
                        "2":null,
                        "3":null
                    },
                    "V":{
                        "0":1.0,
                        "1":null,
                        "2":null,
                        "3":null
                    },
                    "VI":{
                        "0":5.0,
                        "1":null,
                        "2":null,
                        "3":null
                    }
                },
                "Set 4":0,
                "Set 5":0
            },
            "Serves 1":{
                "Set 1":{
                    "I":{
                        "0":null
                    },
                    "II":{
                        "0":null
                    },
                    "III":{
                        "0":null
                    },
                    "IV":{
                        "0":null
                    },
                    "V":{
                        "0":null
                    },
                    "VI":{
                        "0":"["
                    }
                },
                "Set 2":{
                    "I":{
                        "0":null,
                        "1":10.0,
                        "2":22.0
                    },
                    "II":{
                        "0":"3",
                        "1":13,
                        "2":23
                    },
                    "III":{
                        "0":"4",
                        "1":15,
                        "2":24
                    },
                    "IV":{
                        "0":"5",
                        "1":16,
                        "2":26
                    },
                    "V":{
                        "0":"6",
                        "1":17.0,
                        "2":null
                    },
                    "VI":{
                        "0":"9",
                        "1":19.0,
                        "2":null
                    }
                },
                "Set 3":{
                    "I":{
                        "0":null,
                        "1":8.0,
                        "2":21.0
                    },
                    "II":{
                        "0":"1",
                        "1":9,
                        "2":22
                    },
                    "III":{
                        "0":"2",
                        "1":12,
                        "2":23
                    },
                    "IV":{
                        "0":"4",
                        "1":13,
                        "2":25
                    },
                    "V":{
                        "0":"6",
                        "1":18.0,
                        "2":null
                    },
                    "VI":{
                        "0":"7",
                        "1":20.0,
                        "2":null
                    }
                },
                "Set 4":0,
                "Set 5":0
            },
            "Serves 2":{
                "Set 1":{
                    "I":{
                        "0":"2",
                        "1":12,
                        "2":19
                    },
                    "II":{
                        "0":"3",
                        "1":13.0,
                        "2":null
                    },
                    "III":{
                        "0":"7",
                        "1":14.0,
                        "2":null
                    },
                    "IV":{
                        "0":"8",
                        "1":15.0,
                        "2":null
                    },
                    "V":{
                        "0":"9",
                        "1":16.0,
                        "2":null
                    },
                    "VI":{
                        "0":"10",
                        "1":18.0,
                        "2":null
                    }
                },
                "Set 2":{
                    "I":{
                        "0":"0",
                        "1":7,
                        "2":19
                    },
                    "II":{
                        "0":"1",
                        "1":12,
                        "2":21
                    },
                    "III":{
                        "0":"3",
                        "1":13,
                        "2":24
                    },
                    "IV":{
                        "0":"4",
                        "1":15.0,
                        "2":null
                    },
                    "V":{
                        "0":"5",
                        "1":16.0,
                        "2":null
                    },
                    "VI":{
                        "0":"6",
                        "1":18.0,
                        "2":null
                    }
                },
                "Set 3":{
                    "I":{
                        "0":"0",
                        "1":12,
                        "2":18
                    },
                    "II":{
                        "0":"3",
                        "1":13,
                        "2":19
                    },
                    "III":{
                        "0":"5",
                        "1":14,
                        "2":20
                    },
                    "IV":{
                        "0":"7",
                        "1":15.0,
                        "2":null
                    },
                    "V":{
                        "0":"8",
                        "1":16.0,
                        "2":null
                    },
                    "VI":{
                        "0":"9",
                        "1":17.0,
                        "2":null
                    }
                },
                "Set 4":0,
                "Set 5":0
            },
            "Timeouts 1":{
                "Set 1":{
                    "T":{

                    }
                },
                "Set 2":{
                    "T":{
                        "0":"13:11",
                        "1":"24:23"
                    }
                },
                "Set 3":{
                    "T":{

                    }
                },
                "Set 4":0,
                "Set 5":0
            },
            "Timeouts 2":{
                "Set 1":{
                    "T":{
                        "0":"15:18"
                    }
                },
                "Set 2":{
                    "T":{
                        "0":"7:13",
                        "1":"18:21"
                    }
                },
                "Set 3":{
                    "T":{
                        "0":"20:24"
                    }
                },
                "Set 4":0,
                "Set 5":0
            }
        },
        "Teams":{
            "Name":{
                "Team 1":"SAINT-LO VOLLEY",
                "Team 2":"UNION SPORTIVE GUIGNEN"
            },
            "Players":{
                "Team 1":{
                    "N\u00b0":{
                        "0":2,
                        "1":3,
                        "2":4,
                        "3":5,
                        "4":6,
                        "5":9,
                        "6":10,
                        "7":11,
                        "8":12
                    },
                    "Nom Pr\u00e9nom":{
                        "0":"BLESTEL ZOE",
                        "1":"MARTIN LO\u00cfSE",
                        "2":"LEGENDRE ANG\u00c8LE",
                        "3":"DELABROUSSE PAULINE",
                        "4":"HEFSI MASSILIA",
                        "5":"BAUDE CHARLOTTE",
                        "6":"NOEL SUZON",
                        "7":"FLAMBARD NATHALIE",
                        "8":"LAMORA ELSA"
                    },
                    "Licence":{
                        "0":1941722,
                        "1":2040277,
                        "2":2093864,
                        "3":2194783,
                        "4":2043579,
                        "5":1376845,
                        "6":2198105,
                        "7":1817085,
                        "8":1758149
                    }
                },
                "Team 2":{
                    "N\u00b0":{
                        "0":1,
                        "1":2,
                        "2":5,
                        "3":6,
                        "4":7,
                        "5":8,
                        "6":9,
                        "7":11,
                        "8":12
                    },
                    "Nom Pr\u00e9nom":{
                        "0":"GAUDICHE EMMANUELLE",
                        "1":"COLOMBEL MARIE",
                        "2":"CORBIN EDWIGE",
                        "3":"BERTIN AUDREY",
                        "4":"TESSIER JULIE",
                        "5":"TOURNIER PAULINE",
                        "6":"MOISAN FANNY",
                        "7":"DUMESNIL MANUELA",
                        "8":"BOUTEVILLE VIRGINIE"
                    },
                    "Licence":{
                        "0":1228278,
                        "1":1740452,
                        "2":1088600,
                        "3":1942827,
                        "4":1548289,
                        "5":1447791,
                        "6":1547703,
                        "7":1158917,
                        "8":1148734
                    }
                }
            },
            "Liberos":{
                "Team 1":{
                    "N\u00b0":{
                        "0":10
                    },
                    "Nom Pr\u00e9nom":{
                        "0":"NOEL SUZON"
                    },
                    "Licence":{
                        "0":2198105
                    }
                },
                "Team 2":{
                    "N\u00b0":{
                        "0":12
                    },
                    "Nom Pr\u00e9nom":{
                        "0":"BOUTEVILLE VIRGINIE"
                    },
                    "Licence":{
                        "0":1148734
                    }
                }
            },
            "Officials":{
                "Team 1":{
                    "N\u00b0":{
                        "0":"EA"
                    },
                    "Nom Pr\u00e9nom":{
                        "0":"NOEL GILLES"
                    },
                    "Licence":{
                        "0":149104
                    }
                },
                "Team 2":{
                    "N\u00b0":{
                        "0":"EA",
                        "1":"EB"
                    },
                    "Nom Pr\u00e9nom":{
                        "0":"GONGORA MARL\u00c8NE",
                        "1":"DUBOIS LIONEL"
                    },
                    "Licence":{
                        "0":2357308,
                        "1":2431330
                    }
                }
            }
        },
        "Results":{
            "winner":"SAINT-LO VOLLEY",
            "score":"3\/0"
        },
        "Referees":{
            "NOM Pr\u00e9nom":{
                "1er":"CARRIERE DAVID",
                "2\u00e8me":"QUELLEC GORDON",
                "Marqueur":"FROMENTIN AGNES",
                "Marq.Ass":".",
                "R.Salle":"DE PRATO PIERRE"
            },
            "Ligue":{
                "1er":"LIG_NO",
                "2\u00e8me":"LIG_NO",
                "Marqueur":"LIG_NO",
                "Marq.Ass":null,
                "R.Salle":null
            },
            "Licence":{
                "1er":493403.0,
                "2\u00e8me":2067840.0,
                "Marqueur":682211.0,
                "Marq.Ass":null,
                "R.Salle":2350897.0
            }
        },
        "Penalties":{

        }
    }
}