{
    "Match":{
        "Title":{
            "div_code":"3FH ",
            "div_name":"NATIONALE 3 FEMININE POULE H",
            "div_pool":"",
            "match_number":"3FH048",
            "match_day":"08",
            "city":"CAEN",
            "gym":"VICTOR VINDE",
            "category":"SENIOR | FEMININE",
            "ligue":"Comp\u00e9titions Nationales SENIORS",
            "date":"2019-12-08 15:00:00",
            "team_1":"ASPTT DE CAEN",
            "team_2":"ETOILE ST LAURENT"
        },
        "Sets":{
            "Teams":{
                "Set 1":{
                    "Name":{
                        "Team 1":"ETOILE ST LAURENT",
                        "Team 2":"ASPTT DE CAEN"
                    },
                    "Starting":{
                        "Team 1":"Reception",
                        "Team 2":"Service"
                    }
                },
                "Set 2":{
                    "Name":{
                        "Team 1":"ETOILE ST LAURENT",
                        "Team 2":"ASPTT DE CAEN"
                    },
                    "Starting":{
                        "Team 1":"Service",
                        "Team 2":"Reception"
                    }
                },
                "Set 3":{
                    "Name":{
                        "Team 1":"ETOILE ST LAURENT",
                        "Team 2":"ASPTT DE CAEN"
                    },
                    "Starting":{
                        "Team 1":"Reception",
                        "Team 2":"Service"
                    }
                },
                "Set 4":0,
                "Set 5":0
            },
            "Time":{
                "Set 1":{
                    "Time":{
                        "Start":"2019-12-08 15:00:00",
                        "End":"2019-12-08 15:19:00"
                    }
                },
                "Set 2":{
                    "Time":{
                        "Start":"2019-12-08 15:22:00",
                        "End":"2019-12-08 15:50:00"
                    }
                },
                "Set 3":{
                    "Time":{
                        "Start":"2019-12-08 15:53:00",
                        "End":"2019-12-08 16:22:00"
                    }
                },
                "Set 4":0,
                "Set 5":0
            },
            "Substitutions 1":{
                "Set 1":{
                    "I":{
                        "0":12
                    },
                    "II":{
                        "0":3
                    },
                    "III":{
                        "0":4
                    },
                    "IV":{
                        "0":9
                    },
                    "V":{
                        "0":6
                    },
                    "VI":{
                        "0":11
                    }
                },
                "Set 2":{
                    "I":{
                        "0":3.0,
                        "1":null,
                        "2":null
                    },
                    "II":{
                        "0":4.0,
                        "1":null,
                        "2":null
                    },
                    "III":{
                        "0":9.0,
                        "1":null,
                        "2":null
                    },
                    "IV":{
                        "0":"6",
                        "1":"2",
                        "2":"19:17"
                    },
                    "V":{
                        "0":11.0,
                        "1":null,
                        "2":null
                    },
                    "VI":{
                        "0":12.0,
                        "1":null,
                        "2":null
                    }
                },
                "Set 3":{
                    "I":{
                        "0":12
                    },
                    "II":{
                        "0":3
                    },
                    "III":{
                        "0":4
                    },
                    "IV":{
                        "0":9
                    },
                    "V":{
                        "0":2
                    },
                    "VI":{
                        "0":11
                    }
                },
                "Set 4":0,
                "Set 5":0
            },
            "Substitutions 2":{
                "Set 1":{
                    "I":{
                        "0":"9",
                        "1":"5",
                        "2":"9:18",
                        "3":"9:22"
                    },
                    "II":{
                        "0":6.0,
                        "1":null,
                        "2":null,
                        "3":null
                    },
                    "III":{
                        "0":1.0,
                        "1":null,
                        "2":null,
                        "3":null
                    },
                    "IV":{
                        "0":8.0,
                        "1":null,
                        "2":null,
                        "3":null
                    },
                    "V":{
                        "0":"10",
                        "1":"20",
                        "2":"9:20",
                        "3":null
                    },
                    "VI":{
                        "0":18.0,
                        "1":null,
                        "2":null,
                        "3":null
                    }
                },
                "Set 2":{
                    "I":{
                        "0":"10",
                        "1":"6",
                        "2":"21:24"
                    },
                    "II":{
                        "0":20.0,
                        "1":null,
                        "2":null
                    },
                    "III":{
                        "0":1.0,
                        "1":null,
                        "2":null
                    },
                    "IV":{
                        "0":9.0,
                        "1":null,
                        "2":null
                    },
                    "V":{
                        "0":18.0,
                        "1":null,
                        "2":null
                    },
                    "VI":{
                        "0":8.0,
                        "1":null,
                        "2":null
                    }
                },
                "Set 3":{
                    "I":{
                        "0":"20",
                        "1":"6",
                        "2":"12:16",
                        "3":"15:21"
                    },
                    "II":{
                        "0":"1",
                        "1":"5",
                        "2":"17:22",
                        "3":null
                    },
                    "III":{
                        "0":9.0,
                        "1":null,
                        "2":null,
                        "3":null
                    },
                    "IV":{
                        "0":18.0,
                        "1":null,
                        "2":null,
                        "3":null
                    },
                    "V":{
                        "0":8.0,
                        "1":null,
                        "2":null,
                        "3":null
                    },
                    "VI":{
                        "0":10.0,
                        "1":null,
                        "2":null,
                        "3":null
                    }
                },
                "Set 4":0,
                "Set 5":0
            },
            "Serves 1":{
                "Set 1":{
                    "I":{
                        "0":null,
                        "1":6.0
                    },
                    "II":{
                        "0":"1",
                        "1":8
                    },
                    "III":{
                        "0":"2",
                        "1":23
                    },
                    "IV":{
                        "0":"3",
                        "1":24
                    },
                    "V":{
                        "0":"4",
                        "1":25
                    },
                    "VI":{
                        "0":"5",
                        "1":null
                    }
                },
                "Set 2":{
                    "I":{
                        "0":"3",
                        "1":14,
                        "2":25
                    },
                    "II":{
                        "0":"4",
                        "1":15.0,
                        "2":null
                    },
                    "III":{
                        "0":"6",
                        "1":18.0,
                        "2":null
                    },
                    "IV":{
                        "0":"8",
                        "1":19.0,
                        "2":null
                    },
                    "V":{
                        "0":"9",
                        "1":21.0,
                        "2":null
                    },
                    "VI":{
                        "0":"12",
                        "1":24.0,
                        "2":null
                    }
                },
                "Set 3":{
                    "I":{
                        "0":null,
                        "1":10.0,
                        "2":20.0
                    },
                    "II":{
                        "0":"3",
                        "1":11,
                        "2":21
                    },
                    "III":{
                        "0":"4",
                        "1":13,
                        "2":24
                    },
                    "IV":{
                        "0":"5",
                        "1":14,
                        "2":25
                    },
                    "V":{
                        "0":"6",
                        "1":18.0,
                        "2":null
                    },
                    "VI":{
                        "0":"7",
                        "1":19.0,
                        "2":null
                    }
                },
                "Set 4":0,
                "Set 5":0
            },
            "Serves 2":{
                "Set 1":{
                    "I":{
                        "0":"0",
                        "1":8
                    },
                    "II":{
                        "0":"1",
                        "1":9
                    },
                    "III":{
                        "0":"3",
                        "1":10
                    },
                    "IV":{
                        "0":"4",
                        "1":12
                    },
                    "V":{
                        "0":"6",
                        "1":null
                    },
                    "VI":{
                        "0":"7",
                        "1":null
                    }
                },
                "Set 2":{
                    "I":{
                        "0":null,
                        "1":9.0,
                        "2":22.0
                    },
                    "II":{
                        "0":"2",
                        "1":12.0,
                        "2":null
                    },
                    "III":{
                        "0":"3",
                        "1":13.0,
                        "2":null
                    },
                    "IV":{
                        "0":"5",
                        "1":17.0,
                        "2":null
                    },
                    "V":{
                        "0":"7",
                        "1":19.0,
                        "2":null
                    },
                    "VI":{
                        "0":"8",
                        "1":21.0,
                        "2":null
                    }
                },
                "Set 3":{
                    "I":{
                        "0":"0",
                        "1":9,
                        "2":15
                    },
                    "II":{
                        "0":"1",
                        "1":10,
                        "2":17
                    },
                    "III":{
                        "0":"2",
                        "1":11,
                        "2":19
                    },
                    "IV":{
                        "0":"4",
                        "1":12.0,
                        "2":null
                    },
                    "V":{
                        "0":"5",
                        "1":13.0,
                        "2":null
                    },
                    "VI":{
                        "0":"8",
                        "1":14.0,
                        "2":null
                    }
                },
                "Set 4":0,
                "Set 5":0
            },
            "Timeouts 1":{
                "Set 1":{
                    "T":{

                    }
                },
                "Set 2":{
                    "T":{
                        "0":"18:17"
                    }
                },
                "Set 3":{
                    "T":{
                        "0":"24:19"
                    }
                },
                "Set 4":0,
                "Set 5":0
            },
            "Timeouts 2":{
                "Set 1":{
                    "T":{
                        "0":"9:11"
                    }
                },
                "Set 2":{
                    "T":{
                        "0":"21:23",
                        "1":"21:24"
                    }
                },
                "Set 3":{
                    "T":{
                        "0":"0:3",
                        "1":"10:13"
                    }
                },
                "Set 4":0,
                "Set 5":0
            }
        },
        "Teams":{
            "Name":{
                "Team 1":"ASPTT DE CAEN",
                "Team 2":"ETOILE ST LAURENT"
            },
            "Players":{
                "Team 1":{
                    "N\u00b0":{
                        "0":1,
                        "1":5,
                        "2":6,
                        "3":8,
                        "4":9,
                        "5":10,
                        "6":15,
                        "7":18,
                        "8":20
                    },
                    "Nom Pr\u00e9nom":{
                        "0":"BAKER ALYSIA",
                        "1":"MADI EMA",
                        "2":"MALLEK MAROUA",
                        "3":"LAPRUNE MANON",
                        "4":"LE DUFF CLARA",
                        "5":"DUMAND LEA",
                        "6":"BELLAIL LAURA",
                        "7":"KEITA KAFING",
                        "8":"GUITTENIT AXELLE"
                    },
                    "Licence":{
                        "0":2187010,
                        "1":2163304,
                        "2":2043152,
                        "3":1802000,
                        "4":1998084,
                        "5":2049509,
                        "6":1993564,
                        "7":1922829,
                        "8":1831135
                    }
                },
                "Team 2":{
                    "N\u00b0":{
                        "0":2,
                        "1":3,
                        "2":4,
                        "3":6,
                        "4":9,
                        "5":11,
                        "6":12,
                        "7":14
                    },
                    "Nom Pr\u00e9nom":{
                        "0":"SCAVINNER AMBRE",
                        "1":"LESVEN LAURINE",
                        "2":"DUSSOT SEVERINE",
                        "3":"PAUL MARINE",
                        "4":"PIGACHE CELINE",
                        "5":"FAVRE CAROLINE",
                        "6":"LESVEN MELANIE",
                        "7":"BRETEL MA\u00cfNA"
                    },
                    "Licence":{
                        "0":2020376,
                        "1":1537617,
                        "2":2242449,
                        "3":1602147,
                        "4":1218020,
                        "5":1547537,
                        "6":1487154,
                        "7":2013319
                    }
                }
            },
            "Liberos":{
                "Team 1":{
                    "N\u00b0":{
                        "0":15
                    },
                    "Nom Pr\u00e9nom":{
                        "0":"BELLAIL LAURA"
                    },
                    "Licence":{
                        "0":1993564
                    }
                },
                "Team 2":{
                    "N\u00b0":{
                        "0":14
                    },
                    "Nom Pr\u00e9nom":{
                        "0":"BRETEL MA\u00cfNA"
                    },
                    "Licence":{
                        "0":2013319
                    }
                }
            },
            "Officials":{
                "Team 1":{
                    "N\u00b0":{
                        "0":"EA",
                        "1":"EB"
                    },
                    "Nom Pr\u00e9nom":{
                        "0":"SCELLOS FREDERIC",
                        "1":"BAISNEE CL\u00e9MENT"
                    },
                    "Licence":{
                        "0":878660,
                        "1":2264065
                    }
                },
                "Team 2":{
                    "N\u00b0":{
                        "0":"EA"
                    },
                    "Nom Pr\u00e9nom":{
                        "0":"JOUAN THOMAS"
                    },
                    "Licence":{
                        "0":1678210
                    }
                }
            }
        },
        "Results":{
            "winner":"ETOILE ST LAURENT",
            "score":"3\/0"
        },
        "Referees":{
            "NOM Pr\u00e9nom":{
                "1er":"ABBAS MEHDI",
                "2\u00e8me":"LAMOTHE LAURENT",
                "Marqueur":"GENETEY RUDY",
                "Marq.Ass":".",
                "R.Salle":"CHARBONNIER NORMAN"
            },
            "Ligue":{
                "1er":"LIG_NO",
                "2\u00e8me":"LIG_NO",
                "Marqueur":"LIG_NO",
                "Marq.Ass":null,
                "R.Salle":"LIG_NO"
            },
            "Licence":{
                "1er":1875296.0,
                "2\u00e8me":1437135.0,
                "Marqueur":2304245.0,
                "Marq.Ass":null,
                "R.Salle":2021016.0
            }
        },
        "Penalties":{

        }
    }
}