{
    "Match":{
        "Title":{
            "div_code":"3FH ",
            "div_name":"NATIONALE 3 FEMININE POULE H",
            "div_pool":"",
            "match_number":"3FH047",
            "match_day":"08",
            "city":"CLAMART",
            "gym":"ANDRE DESCHAMPS",
            "category":"SENIOR | FEMININE",
            "ligue":"Comp\u00e9titions Nationales SENIORS",
            "date":"2019-12-08 14:00:00",
            "team_1":"C S M CLAMART 2",
            "team_2":"SAINT-LO VOLLEY"
        },
        "Sets":{
            "Teams":{
                "Set 1":{
                    "Name":{
                        "Team 1":"SAINT-LO VOLLEY",
                        "Team 2":"C S M CLAMART 2"
                    },
                    "Starting":{
                        "Team 1":"Service",
                        "Team 2":"Reception"
                    }
                },
                "Set 2":{
                    "Name":{
                        "Team 1":"SAINT-LO VOLLEY",
                        "Team 2":"C S M CLAMART 2"
                    },
                    "Starting":{
                        "Team 1":"Reception",
                        "Team 2":"Service"
                    }
                },
                "Set 3":{
                    "Name":{
                        "Team 1":"SAINT-LO VOLLEY",
                        "Team 2":"C S M CLAMART 2"
                    },
                    "Starting":{
                        "Team 1":"Service",
                        "Team 2":"Reception"
                    }
                },
                "Set 4":0,
                "Set 5":0
            },
            "Time":{
                "Set 1":{
                    "Time":{
                        "Start":"2019-12-08 14:00:00",
                        "End":"2019-12-08 14:24:00"
                    }
                },
                "Set 2":{
                    "Time":{
                        "Start":"2019-12-08 14:27:00",
                        "End":"2019-12-08 14:53:00"
                    }
                },
                "Set 3":{
                    "Time":{
                        "Start":"2019-12-08 14:56:00",
                        "End":"2019-12-08 15:23:00"
                    }
                },
                "Set 4":0,
                "Set 5":0
            },
            "Substitutions 1":{
                "Set 1":{
                    "I":{
                        "0":2
                    },
                    "II":{
                        "0":11
                    },
                    "III":{
                        "0":4
                    },
                    "IV":{
                        "0":8
                    },
                    "V":{
                        "0":6
                    },
                    "VI":{
                        "0":7
                    }
                },
                "Set 2":{
                    "I":{
                        "0":7
                    },
                    "II":{
                        "0":2
                    },
                    "III":{
                        "0":11
                    },
                    "IV":{
                        "0":4
                    },
                    "V":{
                        "0":8
                    },
                    "VI":{
                        "0":6
                    }
                },
                "Set 3":{
                    "I":{
                        "0":7
                    },
                    "II":{
                        "0":2
                    },
                    "III":{
                        "0":11
                    },
                    "IV":{
                        "0":4
                    },
                    "V":{
                        "0":8
                    },
                    "VI":{
                        "0":6
                    }
                },
                "Set 4":0,
                "Set 5":0
            },
            "Substitutions 2":{
                "Set 1":{
                    "I":{
                        "0":17
                    },
                    "II":{
                        "0":7
                    },
                    "III":{
                        "0":8
                    },
                    "IV":{
                        "0":3
                    },
                    "V":{
                        "0":1
                    },
                    "VI":{
                        "0":5
                    }
                },
                "Set 2":{
                    "I":{
                        "0":7.0,
                        "1":null,
                        "2":null
                    },
                    "II":{
                        "0":8.0,
                        "1":null,
                        "2":null
                    },
                    "III":{
                        "0":3.0,
                        "1":null,
                        "2":null
                    },
                    "IV":{
                        "0":1.0,
                        "1":null,
                        "2":null
                    },
                    "V":{
                        "0":"5",
                        "1":"9",
                        "2":"23:16"
                    },
                    "VI":{
                        "0":17.0,
                        "1":null,
                        "2":null
                    }
                },
                "Set 3":{
                    "I":{
                        "0":17
                    },
                    "II":{
                        "0":7
                    },
                    "III":{
                        "0":8
                    },
                    "IV":{
                        "0":3
                    },
                    "V":{
                        "0":1
                    },
                    "VI":{
                        "0":5
                    }
                },
                "Set 4":0,
                "Set 5":0
            },
            "Serves 1":{
                "Set 1":{
                    "I":{
                        "0":"0",
                        "1":8
                    },
                    "II":{
                        "0":"1",
                        "1":9
                    },
                    "III":{
                        "0":"3",
                        "1":10
                    },
                    "IV":{
                        "0":"4",
                        "1":12
                    },
                    "V":{
                        "0":"5",
                        "1":13
                    },
                    "VI":{
                        "0":"6",
                        "1":16
                    }
                },
                "Set 2":{
                    "I":{
                        "0":null,
                        "1":10.0
                    },
                    "II":{
                        "0":"1",
                        "1":11
                    },
                    "III":{
                        "0":"3",
                        "1":14
                    },
                    "IV":{
                        "0":"4",
                        "1":15
                    },
                    "V":{
                        "0":"5",
                        "1":16
                    },
                    "VI":{
                        "0":"7",
                        "1":17
                    }
                },
                "Set 3":{
                    "I":{
                        "0":"2",
                        "1":8,
                        "2":18
                    },
                    "II":{
                        "0":"3",
                        "1":10,
                        "2":20
                    },
                    "III":{
                        "0":"4",
                        "1":11.0,
                        "2":null
                    },
                    "IV":{
                        "0":"5",
                        "1":13.0,
                        "2":null
                    },
                    "V":{
                        "0":"6",
                        "1":15.0,
                        "2":null
                    },
                    "VI":{
                        "0":"7",
                        "1":16.0,
                        "2":null
                    }
                },
                "Set 4":0,
                "Set 5":0
            },
            "Serves 2":{
                "Set 1":{
                    "I":{
                        "0":null,
                        "1":15.0,
                        "2":25.0
                    },
                    "II":{
                        "0":"2",
                        "1":16.0,
                        "2":null
                    },
                    "III":{
                        "0":"3",
                        "1":20.0,
                        "2":null
                    },
                    "IV":{
                        "0":"4",
                        "1":22.0,
                        "2":null
                    },
                    "V":{
                        "0":"5",
                        "1":23.0,
                        "2":null
                    },
                    "VI":{
                        "0":"11",
                        "1":24.0,
                        "2":null
                    }
                },
                "Set 2":{
                    "I":{
                        "0":"0",
                        "1":14
                    },
                    "II":{
                        "0":"3",
                        "1":16
                    },
                    "III":{
                        "0":"7",
                        "1":19
                    },
                    "IV":{
                        "0":"9",
                        "1":22
                    },
                    "V":{
                        "0":"10",
                        "1":23
                    },
                    "VI":{
                        "0":"12",
                        "1":25
                    }
                },
                "Set 3":{
                    "I":{
                        "0":null,
                        "1":10.0,
                        "2":21.0
                    },
                    "II":{
                        "0":"3",
                        "1":12,
                        "2":24
                    },
                    "III":{
                        "0":"4",
                        "1":14,
                        "2":25
                    },
                    "IV":{
                        "0":"6",
                        "1":15.0,
                        "2":null
                    },
                    "V":{
                        "0":"7",
                        "1":18.0,
                        "2":null
                    },
                    "VI":{
                        "0":"9",
                        "1":20.0,
                        "2":null
                    }
                },
                "Set 4":0,
                "Set 5":0
            },
            "Timeouts 1":{
                "Set 1":{
                    "T":{
                        "0":"9:19",
                        "1":"10:21"
                    }
                },
                "Set 2":{
                    "T":{
                        "0":"14:19",
                        "1":"15:21"
                    }
                },
                "Set 3":{
                    "T":{
                        "0":"13:17",
                        "1":"18:23"
                    }
                },
                "Set 4":0,
                "Set 5":0
            },
            "Timeouts 2":{
                "Set 1":{
                    "T":{

                    }
                },
                "Set 2":{
                    "T":{

                    }
                },
                "Set 3":{
                    "T":{

                    }
                },
                "Set 4":0,
                "Set 5":0
            }
        },
        "Teams":{
            "Name":{
                "Team 1":"C S M CLAMART 2",
                "Team 2":"SAINT-LO VOLLEY"
            },
            "Players":{
                "Team 1":{
                    "N\u00b0":{
                        "0":1,
                        "1":3,
                        "2":5,
                        "3":7,
                        "4":8,
                        "5":9,
                        "6":11,
                        "7":14,
                        "8":17,
                        "9":20
                    },
                    "Nom Pr\u00e9nom":{
                        "0":"VERGER LOUANE",
                        "1":"OUFDOU MONTEIRO AMEL",
                        "2":"LECL\u00c8RE CAPUCINE",
                        "3":"GIORDANO PAULINE",
                        "4":"COURTEILLE JULIETTE",
                        "5":"SIDIBE NANA",
                        "6":"CHARRASSE EMMY",
                        "7":"PUSSIEUX NINA",
                        "8":"VERGER MANON",
                        "9":"PATROIS MARION"
                    },
                    "Licence":{
                        "0":2134834,
                        "1":1870269,
                        "2":2182768,
                        "3":1828603,
                        "4":2037446,
                        "5":1652171,
                        "6":1921301,
                        "7":1940992,
                        "8":2036752,
                        "9":2160170
                    }
                },
                "Team 2":{
                    "N\u00b0":{
                        "0":1,
                        "1":2,
                        "2":4,
                        "3":5,
                        "4":6,
                        "5":7,
                        "6":8,
                        "7":11
                    },
                    "Nom Pr\u00e9nom":{
                        "0":"BAUDE CHARLOTTE",
                        "1":"BLESTEL ZOE",
                        "2":"LEGENDRE ANG\u00c8LE",
                        "3":"DELABROUSSE PAULINE",
                        "4":"HEFSI MASSILIA",
                        "5":"JEANNETTE MICHELE",
                        "6":"PRUD'HOMME JUSTINE",
                        "7":"FLAMBARD NATHALIE"
                    },
                    "Licence":{
                        "0":1376845,
                        "1":1941722,
                        "2":2093864,
                        "3":2194783,
                        "4":2043579,
                        "5":1159129,
                        "6":1991801,
                        "7":1817085
                    }
                }
            },
            "Liberos":{
                "Team 1":{
                    "N\u00b0":{
                        "0":14,
                        "1":20
                    },
                    "Nom Pr\u00e9nom":{
                        "0":"PUSSIEUX NINA",
                        "1":"PATROIS MARION"
                    },
                    "Licence":{
                        "0":1940992,
                        "1":2160170
                    }
                },
                "Team 2":{
                    "N\u00b0":{
                        "0":1
                    },
                    "Nom Pr\u00e9nom":{
                        "0":"BAUDE CHARLOTTE"
                    },
                    "Licence":{
                        "0":1376845
                    }
                }
            },
            "Officials":{
                "Team 1":{
                    "N\u00b0":{
                        "0":"EA"
                    },
                    "Nom Pr\u00e9nom":{
                        "0":"GARNON FRANCOIS XAVIER"
                    },
                    "Licence":{
                        "0":1599010
                    }
                },
                "Team 2":{
                    "N\u00b0":{
                        "0":"EA"
                    },
                    "Nom Pr\u00e9nom":{
                        "0":"NOEL GILLES"
                    },
                    "Licence":{
                        "0":149104
                    }
                }
            }
        },
        "Results":{
            "winner":"C S M CLAMART 2",
            "score":"3\/0"
        },
        "Referees":{
            "NOM Pr\u00e9nom":{
                "1er":"BRUDEY JEAN-FRANCOIS",
                "2\u00e8me":"COMBE PHILIPPE",
                "Marqueur":"CHAUMETTE ARNAUD",
                "Marq.Ass":".",
                "R.Salle":"DESCHAMPS JEANNE"
            },
            "Ligue":{
                "1er":"LIG_IF",
                "2\u00e8me":"LIG_PL",
                "Marqueur":"LIG_IF",
                "Marq.Ass":null,
                "R.Salle":"LIG_IF"
            },
            "Licence":{
                "1er":1693905.0,
                "2\u00e8me":1468986.0,
                "Marqueur":1851373.0,
                "Marq.Ass":null,
                "R.Salle":1517288.0
            }
        },
        "Penalties":{

        }
    }
}