{
    "Match":{
        "Title":{
            "div_code":"3FH ",
            "div_name":"NATIONALE 3 FEMININE POULE H",
            "div_pool":"",
            "match_number":"3FH036",
            "match_day":"06",
            "city":"BREST",
            "gym":"PENN AR CHLEUZ",
            "category":"SENIOR | FEMININE",
            "ligue":"Comp\u00e9titions Nationales SENIORS",
            "date":"2019-11-24 15:00:00",
            "team_1":"ETOILE ST LAURENT",
            "team_2":"SAINT-LO VOLLEY"
        },
        "Sets":{
            "Teams":{
                "Set 1":{
                    "Name":{
                        "Team 1":"ETOILE ST LAURENT",
                        "Team 2":"SAINT-LO VOLLEY"
                    },
                    "Starting":{
                        "Team 1":"Service",
                        "Team 2":"Reception"
                    }
                },
                "Set 2":{
                    "Name":{
                        "Team 1":"ETOILE ST LAURENT",
                        "Team 2":"SAINT-LO VOLLEY"
                    },
                    "Starting":{
                        "Team 1":"Reception",
                        "Team 2":"Service"
                    }
                },
                "Set 3":{
                    "Name":{
                        "Team 1":"ETOILE ST LAURENT",
                        "Team 2":"SAINT-LO VOLLEY"
                    },
                    "Starting":{
                        "Team 1":"Service",
                        "Team 2":"Reception"
                    }
                },
                "Set 4":0,
                "Set 5":0
            },
            "Time":{
                "Set 1":{
                    "Time":{
                        "Start":"2019-11-24 14:58:00",
                        "End":"2019-11-24 15:20:00"
                    }
                },
                "Set 2":{
                    "Time":{
                        "Start":"2019-11-24 15:23:00",
                        "End":"2019-11-24 15:47:00"
                    }
                },
                "Set 3":{
                    "Time":{
                        "Start":"2019-11-24 15:50:00",
                        "End":"2019-11-24 16:17:00"
                    }
                },
                "Set 4":0,
                "Set 5":0
            },
            "Substitutions 1":{
                "Set 1":{
                    "I":{
                        "0":3
                    },
                    "II":{
                        "0":4
                    },
                    "III":{
                        "0":9
                    },
                    "IV":{
                        "0":6
                    },
                    "V":{
                        "0":11
                    },
                    "VI":{
                        "0":12
                    }
                },
                "Set 2":{
                    "I":{
                        "0":12.0,
                        "1":null,
                        "2":null
                    },
                    "II":{
                        "0":3.0,
                        "1":null,
                        "2":null
                    },
                    "III":{
                        "0":4.0,
                        "1":null,
                        "2":null
                    },
                    "IV":{
                        "0":9.0,
                        "1":null,
                        "2":null
                    },
                    "V":{
                        "0":"6",
                        "1":"2",
                        "2":"19:12"
                    },
                    "VI":{
                        "0":11.0,
                        "1":null,
                        "2":null
                    }
                },
                "Set 3":{
                    "I":{
                        "0":3.0,
                        "1":null,
                        "2":null
                    },
                    "II":{
                        "0":4.0,
                        "1":null,
                        "2":null
                    },
                    "III":{
                        "0":9.0,
                        "1":null,
                        "2":null
                    },
                    "IV":{
                        "0":"6",
                        "1":"2",
                        "2":"16:7"
                    },
                    "V":{
                        "0":"11",
                        "1":"7",
                        "2":"10:3"
                    },
                    "VI":{
                        "0":"12",
                        "1":"13",
                        "2":"20:13"
                    }
                },
                "Set 4":0,
                "Set 5":0
            },
            "Substitutions 2":{
                "Set 1":{
                    "I":{
                        "0":3
                    },
                    "II":{
                        "0":2
                    },
                    "III":{
                        "0":11
                    },
                    "IV":{
                        "0":4
                    },
                    "V":{
                        "0":9
                    },
                    "VI":{
                        "0":6
                    }
                },
                "Set 2":{
                    "I":{
                        "0":2.0,
                        "1":null,
                        "2":null
                    },
                    "II":{
                        "0":11.0,
                        "1":null,
                        "2":null
                    },
                    "III":{
                        "0":7.0,
                        "1":null,
                        "2":null
                    },
                    "IV":{
                        "0":9.0,
                        "1":null,
                        "2":null
                    },
                    "V":{
                        "0":6.0,
                        "1":null,
                        "2":null
                    },
                    "VI":{
                        "0":"3",
                        "1":"4",
                        "2":"14:22"
                    }
                },
                "Set 3":{
                    "I":{
                        "0":3.0,
                        "1":null,
                        "2":null
                    },
                    "II":{
                        "0":2.0,
                        "1":null,
                        "2":null
                    },
                    "III":{
                        "0":7.0,
                        "1":null,
                        "2":null
                    },
                    "IV":{
                        "0":4.0,
                        "1":null,
                        "2":null
                    },
                    "V":{
                        "0":"8",
                        "1":"9",
                        "2":"16:21"
                    },
                    "VI":{
                        "0":6.0,
                        "1":null,
                        "2":null
                    }
                },
                "Set 4":0,
                "Set 5":0
            },
            "Serves 1":{
                "Set 1":{
                    "I":{
                        "0":"3",
                        "1":18
                    },
                    "II":{
                        "0":"5",
                        "1":19
                    },
                    "III":{
                        "0":"10",
                        "1":20
                    },
                    "IV":{
                        "0":"11",
                        "1":22
                    },
                    "V":{
                        "0":"12",
                        "1":24
                    },
                    "VI":{
                        "0":"15",
                        "1":25
                    }
                },
                "Set 2":{
                    "I":{
                        "0":null,
                        "1":11.0,
                        "2":24.0
                    },
                    "II":{
                        "0":"3",
                        "1":15,
                        "2":25
                    },
                    "III":{
                        "0":"6",
                        "1":16.0,
                        "2":null
                    },
                    "IV":{
                        "0":"8",
                        "1":18.0,
                        "2":null
                    },
                    "V":{
                        "0":"9",
                        "1":19.0,
                        "2":null
                    },
                    "VI":{
                        "0":"10",
                        "1":22.0,
                        "2":null
                    }
                },
                "Set 3":{
                    "I":{
                        "0":"3",
                        "1":16
                    },
                    "II":{
                        "0":"4",
                        "1":19
                    },
                    "III":{
                        "0":"6",
                        "1":20
                    },
                    "IV":{
                        "0":"11",
                        "1":21
                    },
                    "V":{
                        "0":"13",
                        "1":22
                    },
                    "VI":{
                        "0":"15",
                        "1":25
                    }
                },
                "Set 4":0,
                "Set 5":0
            },
            "Serves 2":{
                "Set 1":{
                    "I":{
                        "0":null,
                        "1":10.0
                    },
                    "II":{
                        "0":"4",
                        "1":11
                    },
                    "III":{
                        "0":"6",
                        "1":12
                    },
                    "IV":{
                        "0":"7",
                        "1":13
                    },
                    "V":{
                        "0":"8",
                        "1":15
                    },
                    "VI":{
                        "0":"9",
                        "1":16
                    }
                },
                "Set 2":{
                    "I":{
                        "0":"0",
                        "1":7,
                        "2":17
                    },
                    "II":{
                        "0":"1",
                        "1":9.0,
                        "2":null
                    },
                    "III":{
                        "0":"3",
                        "1":10.0,
                        "2":null
                    },
                    "IV":{
                        "0":"4",
                        "1":12.0,
                        "2":null
                    },
                    "V":{
                        "0":"5",
                        "1":13.0,
                        "2":null
                    },
                    "VI":{
                        "0":"6",
                        "1":16.0,
                        "2":null
                    }
                },
                "Set 3":{
                    "I":{
                        "0":null,
                        "1":7.0
                    },
                    "II":{
                        "0":"1",
                        "1":8
                    },
                    "III":{
                        "0":"2",
                        "1":13
                    },
                    "IV":{
                        "0":"3",
                        "1":15
                    },
                    "V":{
                        "0":"5",
                        "1":16
                    },
                    "VI":{
                        "0":"6",
                        "1":20
                    }
                },
                "Set 4":0,
                "Set 5":0
            },
            "Timeouts 1":{
                "Set 1":{
                    "T":{

                    }
                },
                "Set 2":{
                    "T":{

                    }
                },
                "Set 3":{
                    "T":{
                        "0":"19:12",
                        "1":"22:20"
                    }
                },
                "Set 4":0,
                "Set 5":0
            },
            "Timeouts 2":{
                "Set 1":{
                    "T":{
                        "0":"15:23"
                    }
                },
                "Set 2":{
                    "T":{
                        "0":"13:20",
                        "1":"13:21"
                    }
                },
                "Set 3":{
                    "T":{
                        "0":"5:13",
                        "1":"13:20"
                    }
                },
                "Set 4":0,
                "Set 5":0
            }
        },
        "Teams":{
            "Name":{
                "Team 1":"ETOILE ST LAURENT",
                "Team 2":"SAINT-LO VOLLEY"
            },
            "Players":{
                "Team 1":{
                    "N\u00b0":{
                        "0":2,
                        "1":3,
                        "2":4,
                        "3":6,
                        "4":7,
                        "5":9,
                        "6":11,
                        "7":12,
                        "8":13,
                        "9":14
                    },
                    "Nom Pr\u00e9nom":{
                        "0":"SCAVINNER AMBRE",
                        "1":"LESVEN LAURINE",
                        "2":"DUSSOT SEVERINE",
                        "3":"PAUL MARINE",
                        "4":"GELEBART TIPHAINE",
                        "5":"PIGACHE CELINE",
                        "6":"FAVRE CAROLINE",
                        "7":"LESVEN MELANIE",
                        "8":"DERRIEN AURELIE",
                        "9":"BRETEL MA\u00cfNA"
                    },
                    "Licence":{
                        "0":2020376,
                        "1":1537617,
                        "2":2242449,
                        "3":1602147,
                        "4":2164188,
                        "5":1218020,
                        "6":1547537,
                        "7":1487154,
                        "8":1136085,
                        "9":2013319
                    }
                },
                "Team 2":{
                    "N\u00b0":{
                        "0":2,
                        "1":3,
                        "2":4,
                        "3":6,
                        "4":7,
                        "5":8,
                        "6":9,
                        "7":10,
                        "8":11
                    },
                    "Nom Pr\u00e9nom":{
                        "0":"BLESTEL ZOE",
                        "1":"MARTIN LO\u00cfSE",
                        "2":"LEGENDRE ANG\u00c8LE",
                        "3":"HEFSI MASSILIA",
                        "4":"JEANNETTE MICHELE",
                        "5":"PRUD'HOMME JUSTINE",
                        "6":"BAUDE CHARLOTTE",
                        "7":"NOEL SUZON",
                        "8":"FLAMBARD NATHALIE"
                    },
                    "Licence":{
                        "0":1941722,
                        "1":2040277,
                        "2":2093864,
                        "3":2043579,
                        "4":1159129,
                        "5":1991801,
                        "6":1376845,
                        "7":2198105,
                        "8":1817085
                    }
                }
            },
            "Liberos":{
                "Team 1":{
                    "N\u00b0":{
                        "0":14
                    },
                    "Nom Pr\u00e9nom":{
                        "0":"BRETEL MA\u00cfNA"
                    },
                    "Licence":{
                        "0":2013319
                    }
                },
                "Team 2":{
                    "N\u00b0":{
                        "0":10
                    },
                    "Nom Pr\u00e9nom":{
                        "0":"NOEL SUZON"
                    },
                    "Licence":{
                        "0":2198105
                    }
                }
            },
            "Officials":{
                "Team 1":{
                    "N\u00b0":{
                        "0":"EA",
                        "1":"EB"
                    },
                    "Nom Pr\u00e9nom":{
                        "0":"JOUAN THOMAS",
                        "1":"ROUDEY ETIENNE"
                    },
                    "Licence":{
                        "0":1678210,
                        "1":2306367
                    }
                },
                "Team 2":{
                    "N\u00b0":{
                        "0":"EA"
                    },
                    "Nom Pr\u00e9nom":{
                        "0":"NOEL GILLES"
                    },
                    "Licence":{
                        "0":149104
                    }
                }
            }
        },
        "Results":{
            "winner":"ETOILE ST LAURENT",
            "score":"3\/0"
        },
        "Referees":{
            "NOM Pr\u00e9nom":{
                "1er":"CAUDAL KEVIN",
                "2\u00e8me":"GADIN PAUL",
                "Marqueur":"DAILLET ZOE",
                "Marq.Ass":". EMILE MARGAUX",
                "R.Salle":"LETO ANTONIO"
            },
            "Ligue":{
                "1er":"LIG_GES",
                "2\u00e8me":"LIG_CE",
                "Marqueur":"LIG_BR",
                "Marq.Ass":"LIG_BR",
                "R.Salle":"LIG_BR"
            },
            "Licence":{
                "1er":1612830,
                "2\u00e8me":1935197,
                "Marqueur":2305445,
                "Marq.Ass":1953326,
                "R.Salle":1000703
            }
        },
        "Penalties":{

        }
    }
}