{
    "Match":{
        "Title":{
            "div_code":"3FH ",
            "div_name":"NATIONALE 3 FEMININE POULE H",
            "div_pool":"",
            "match_number":"3FH034",
            "match_day":"06",
            "city":"CLAMART",
            "gym":"ANDRE DESCHAMPS",
            "category":"SENIOR | FEMININE",
            "ligue":"Comp\u00e9titions Nationales SENIORS",
            "date":"2019-11-24 14:00:00",
            "team_1":"C S M CLAMART 2",
            "team_2":"C.P.B. RENNES 35"
        },
        "Sets":{
            "Teams":{
                "Set 1":{
                    "Name":{
                        "Team 1":"C.P.B. RENNES 35",
                        "Team 2":"C S M CLAMART 2"
                    },
                    "Starting":{
                        "Team 1":"Reception",
                        "Team 2":"Service"
                    }
                },
                "Set 2":{
                    "Name":{
                        "Team 1":"C.P.B. RENNES 35",
                        "Team 2":"C S M CLAMART 2"
                    },
                    "Starting":{
                        "Team 1":"Service",
                        "Team 2":"Reception"
                    }
                },
                "Set 3":{
                    "Name":{
                        "Team 1":"C.P.B. RENNES 35",
                        "Team 2":"C S M CLAMART 2"
                    },
                    "Starting":{
                        "Team 1":"Reception",
                        "Team 2":"Service"
                    }
                },
                "Set 4":{
                    "Name":{
                        "Team 1":"C.P.B. RENNES 35",
                        "Team 2":"C S M CLAMART 2"
                    },
                    "Starting":{
                        "Team 1":"Service",
                        "Team 2":"Reception"
                    }
                },
                "Set 5":0
            },
            "Time":{
                "Set 1":{
                    "Time":{
                        "Start":"2019-11-24 14:00:00",
                        "End":"2019-11-24 14:29:00"
                    }
                },
                "Set 2":{
                    "Time":{
                        "Start":"2019-11-24 14:32:00",
                        "End":"2019-11-24 14:53:00"
                    }
                },
                "Set 3":{
                    "Time":{
                        "Start":"2019-11-24 14:56:00",
                        "End":"2019-11-24 15:21:00"
                    }
                },
                "Set 4":{
                    "Time":{
                        "Start":"2019-11-24 15:26:00",
                        "End":"2019-11-24 15:49:00"
                    }
                },
                "Set 5":0
            },
            "Substitutions 1":{
                "Set 1":{
                    "I":{
                        "0":14.0,
                        "1":null,
                        "2":null,
                        "3":null
                    },
                    "II":{
                        "0":3.0,
                        "1":null,
                        "2":null,
                        "3":null
                    },
                    "III":{
                        "0":4.0,
                        "1":null,
                        "2":null,
                        "3":null
                    },
                    "IV":{
                        "0":7.0,
                        "1":null,
                        "2":null,
                        "3":null
                    },
                    "V":{
                        "0":"12",
                        "1":"2",
                        "2":"11:13",
                        "3":"19:17"
                    },
                    "VI":{
                        "0":9.0,
                        "1":null,
                        "2":null,
                        "3":null
                    }
                },
                "Set 2":{
                    "I":{
                        "0":3.0,
                        "1":null,
                        "2":null
                    },
                    "II":{
                        "0":4.0,
                        "1":null,
                        "2":null
                    },
                    "III":{
                        "0":7.0,
                        "1":null,
                        "2":null
                    },
                    "IV":{
                        "0":"12",
                        "1":"2",
                        "2":"3:10"
                    },
                    "V":{
                        "0":"9",
                        "1":"6",
                        "2":"3:12"
                    },
                    "VI":{
                        "0":14.0,
                        "1":null,
                        "2":null
                    }
                },
                "Set 3":{
                    "I":{
                        "0":9.0,
                        "1":null,
                        "2":null
                    },
                    "II":{
                        "0":14.0,
                        "1":null,
                        "2":null
                    },
                    "III":{
                        "0":3.0,
                        "1":null,
                        "2":null
                    },
                    "IV":{
                        "0":"4",
                        "1":"6",
                        "2":"17:20"
                    },
                    "V":{
                        "0":7.0,
                        "1":null,
                        "2":null
                    },
                    "VI":{
                        "0":"12",
                        "1":"2",
                        "2":"16:18"
                    }
                },
                "Set 4":{
                    "I":{
                        "0":3.0,
                        "1":null,
                        "2":null,
                        "3":null
                    },
                    "II":{
                        "0":"4",
                        "1":"6",
                        "2":"0:4",
                        "3":"12:24"
                    },
                    "III":{
                        "0":7.0,
                        "1":null,
                        "2":null,
                        "3":null
                    },
                    "IV":{
                        "0":"12",
                        "1":"2",
                        "2":"0:8",
                        "3":null
                    },
                    "V":{
                        "0":9.0,
                        "1":null,
                        "2":null,
                        "3":null
                    },
                    "VI":{
                        "0":14.0,
                        "1":null,
                        "2":null,
                        "3":null
                    }
                },
                "Set 5":0
            },
            "Substitutions 2":{
                "Set 1":{
                    "I":{
                        "0":7
                    },
                    "II":{
                        "0":8
                    },
                    "III":{
                        "0":3
                    },
                    "IV":{
                        "0":1
                    },
                    "V":{
                        "0":5
                    },
                    "VI":{
                        "0":17
                    }
                },
                "Set 2":{
                    "I":{
                        "0":17
                    },
                    "II":{
                        "0":7
                    },
                    "III":{
                        "0":5
                    },
                    "IV":{
                        "0":3
                    },
                    "V":{
                        "0":1
                    },
                    "VI":{
                        "0":8
                    }
                },
                "Set 3":{
                    "I":{
                        "0":7
                    },
                    "II":{
                        "0":5
                    },
                    "III":{
                        "0":3
                    },
                    "IV":{
                        "0":1
                    },
                    "V":{
                        "0":8
                    },
                    "VI":{
                        "0":17
                    }
                },
                "Set 4":{
                    "I":{
                        "0":17
                    },
                    "II":{
                        "0":7
                    },
                    "III":{
                        "0":5
                    },
                    "IV":{
                        "0":3
                    },
                    "V":{
                        "0":1
                    },
                    "VI":{
                        "0":8
                    }
                },
                "Set 5":0
            },
            "Serves 1":{
                "Set 1":{
                    "I":{
                        "0":null,
                        "1":15.0
                    },
                    "II":{
                        "0":"1",
                        "1":19
                    },
                    "III":{
                        "0":"3",
                        "1":21
                    },
                    "IV":{
                        "0":"4",
                        "1":24
                    },
                    "V":{
                        "0":"9",
                        "1":25
                    },
                    "VI":{
                        "0":"11",
                        "1":null
                    }
                },
                "Set 2":{
                    "I":{
                        "0":"0",
                        "1":8
                    },
                    "II":{
                        "0":"1",
                        "1":9
                    },
                    "III":{
                        "0":"2",
                        "1":10
                    },
                    "IV":{
                        "0":"3",
                        "1":null
                    },
                    "V":{
                        "0":"5",
                        "1":null
                    },
                    "VI":{
                        "0":"6",
                        "1":null
                    }
                },
                "Set 3":{
                    "I":{
                        "0":null,
                        "1":11.0,
                        "2":19.0
                    },
                    "II":{
                        "0":"4",
                        "1":12.0,
                        "2":null
                    },
                    "III":{
                        "0":"6",
                        "1":13.0,
                        "2":null
                    },
                    "IV":{
                        "0":"8",
                        "1":14.0,
                        "2":null
                    },
                    "V":{
                        "0":"9",
                        "1":16.0,
                        "2":null
                    },
                    "VI":{
                        "0":"10",
                        "1":17.0,
                        "2":null
                    }
                },
                "Set 4":{
                    "I":{
                        "0":"0",
                        "1":11
                    },
                    "II":{
                        "0":"1",
                        "1":12
                    },
                    "III":{
                        "0":"2",
                        "1":null
                    },
                    "IV":{
                        "0":"4",
                        "1":null
                    },
                    "V":{
                        "0":"5",
                        "1":null
                    },
                    "VI":{
                        "0":"8",
                        "1":null
                    }
                },
                "Set 5":0
            },
            "Serves 2":{
                "Set 1":{
                    "I":{
                        "0":"4",
                        "1":14
                    },
                    "II":{
                        "0":"5",
                        "1":17
                    },
                    "III":{
                        "0":"10",
                        "1":19
                    },
                    "IV":{
                        "0":"11",
                        "1":20
                    },
                    "V":{
                        "0":"12",
                        "1":null
                    },
                    "VI":{
                        "0":"13",
                        "1":null
                    }
                },
                "Set 2":{
                    "I":{
                        "0":null,
                        "1":14.0
                    },
                    "II":{
                        "0":"2",
                        "1":21
                    },
                    "III":{
                        "0":"4",
                        "1":22
                    },
                    "IV":{
                        "0":"7",
                        "1":25
                    },
                    "V":{
                        "0":"12",
                        "1":null
                    },
                    "VI":{
                        "0":"13",
                        "1":null
                    }
                },
                "Set 3":{
                    "I":{
                        "0":"0",
                        "1":13,
                        "2":25
                    },
                    "II":{
                        "0":"3",
                        "1":14.0,
                        "2":null
                    },
                    "III":{
                        "0":"4",
                        "1":16.0,
                        "2":null
                    },
                    "IV":{
                        "0":"7",
                        "1":17.0,
                        "2":null
                    },
                    "V":{
                        "0":"8",
                        "1":18.0,
                        "2":null
                    },
                    "VI":{
                        "0":"11",
                        "1":21.0,
                        "2":null
                    }
                },
                "Set 4":{
                    "I":{
                        "0":null,
                        "1":21.0
                    },
                    "II":{
                        "0":"8",
                        "1":24
                    },
                    "III":{
                        "0":"14",
                        "1":25
                    },
                    "IV":{
                        "0":"16",
                        "1":null
                    },
                    "V":{
                        "0":"17",
                        "1":null
                    },
                    "VI":{
                        "0":"19",
                        "1":null
                    }
                },
                "Set 5":0
            },
            "Timeouts 1":{
                "Set 1":{
                    "T":{
                        "0":"0:4",
                        "1":"21:19"
                    }
                },
                "Set 2":{
                    "T":{
                        "0":"8:19",
                        "1":"8:21"
                    }
                },
                "Set 3":{
                    "T":{
                        "0":"10:11",
                        "1":"17:21"
                    }
                },
                "Set 4":{
                    "T":{
                        "0":"0:5",
                        "1":"1:10"
                    }
                },
                "Set 5":0
            },
            "Timeouts 2":{
                "Set 1":{
                    "T":{
                        "0":"13:15",
                        "1":"14:19"
                    }
                },
                "Set 2":{
                    "T":{

                    }
                },
                "Set 3":{
                    "T":{

                    }
                },
                "Set 4":{
                    "T":{
                        "0":"19:8"
                    }
                },
                "Set 5":0
            }
        },
        "Teams":{
            "Name":{
                "Team 1":"C S M CLAMART 2",
                "Team 2":"C.P.B. RENNES 35"
            },
            "Players":{
                "Team 1":{
                    "N\u00b0":{
                        "0":1,
                        "1":3,
                        "2":5,
                        "3":7,
                        "4":8,
                        "5":14,
                        "6":17,
                        "7":20
                    },
                    "Nom Pr\u00e9nom":{
                        "0":"VERGER LOUANE",
                        "1":"OUFDOU MONTEIRO AMEL",
                        "2":"LECL\u00c8RE CAPUCINE",
                        "3":"GIORDANO PAULINE",
                        "4":"COURTEILLE JULIETTE",
                        "5":"PUSSIEUX NINA",
                        "6":"VERGER MANON",
                        "7":"PATROIS MARION"
                    },
                    "Licence":{
                        "0":2134834,
                        "1":1870269,
                        "2":2182768,
                        "3":1828603,
                        "4":2037446,
                        "5":1940992,
                        "6":2036752,
                        "7":2160170
                    }
                },
                "Team 2":{
                    "N\u00b0":{
                        "0":2,
                        "1":3,
                        "2":4,
                        "3":5,
                        "4":6,
                        "5":7,
                        "6":9,
                        "7":12,
                        "8":13,
                        "9":14
                    },
                    "Nom Pr\u00e9nom":{
                        "0":"DESPONDS LISE",
                        "1":"PICARD ZOE",
                        "2":"BRAULT SOIZIC",
                        "3":"DE THY MORGANE",
                        "4":"MAURICE JUSTINE",
                        "5":"BOISSELIER ERINE",
                        "6":"TOUTAIN JULIE",
                        "7":"DELAUNAY MARGOT",
                        "8":"PERRIER JADE",
                        "9":"CHAROLLAIS ANAIS"
                    },
                    "Licence":{
                        "0":1763450,
                        "1":1839650,
                        "2":1897648,
                        "3":1146767,
                        "4":1791585,
                        "5":2106545,
                        "6":1675244,
                        "7":1822351,
                        "8":1891676,
                        "9":1537445
                    }
                }
            },
            "Liberos":{
                "Team 1":{
                    "N\u00b0":{
                        "0":14,
                        "1":20
                    },
                    "Nom Pr\u00e9nom":{
                        "0":"PUSSIEUX NINA",
                        "1":"PATROIS MARION"
                    },
                    "Licence":{
                        "0":1940992,
                        "1":2160170
                    }
                },
                "Team 2":{
                    "N\u00b0":{
                        "0":13
                    },
                    "Nom Pr\u00e9nom":{
                        "0":"PERRIER JADE"
                    },
                    "Licence":{
                        "0":1891676
                    }
                }
            },
            "Officials":{
                "Team 1":{
                    "N\u00b0":{
                        "0":"EA"
                    },
                    "Nom Pr\u00e9nom":{
                        "0":"ALBERTI HUGO"
                    },
                    "Licence":{
                        "0":1463576
                    }
                },
                "Team 2":{
                    "N\u00b0":{
                        "0":"EA"
                    },
                    "Nom Pr\u00e9nom":{
                        "0":"DE THY MORGANE"
                    },
                    "Licence":{
                        "0":1146767
                    }
                }
            }
        },
        "Results":{
            "winner":"C S M CLAMART 2",
            "score":"3\/1"
        },
        "Referees":{
            "NOM Pr\u00e9nom":{
                "1er":"TEBOUL JEAN-PIERRE",
                "2\u00e8me":"MERCK PHILIPPE",
                "Marqueur":null,
                "Marq.Ass":". ANDRE TH\u00c9O",
                "R.Salle":"DESCHAMPS JEANNE"
            },
            "Ligue":{
                "1er":"LIG_IF",
                "2\u00e8me":"LIG_GES",
                "Marqueur":null,
                "Marq.Ass":"LIG_IF",
                "R.Salle":"LIG_IF"
            },
            "Licence":{
                "1er":1680578.0,
                "2\u00e8me":1119712.0,
                "Marqueur":null,
                "Marq.Ass":2068328.0,
                "R.Salle":1517288.0
            }
        },
        "Penalties":{

        }
    }
}