{
    "Match":{
        "Title":{
            "div_code":"3FH ",
            "div_name":"NATIONALE 3 FEMININE POULE H",
            "div_pool":"",
            "match_number":"3FH057",
            "match_day":"10",
            "city":"VELIZY VILLACOUBLAY",
            "gym":"CENTRE SPORTIF ROBERT WAGNER",
            "category":"SENIOR | FEMININE",
            "ligue":"Comp\u00e9titions Nationales SENIORS",
            "date":"2020-01-19 14:00:00",
            "team_1":"AS VOLLEY-BALL VELIZY",
            "team_2":"PLESSIS-ROBINSON VOLLEY-BALL"
        },
        "Sets":{
            "Teams":{
                "Set 1":{
                    "Name":{
                        "Team 1":"AS VOLLEY-BALL VELIZY",
                        "Team 2":"PLESSIS-ROBINSON VOLLE"
                    },
                    "Starting":{
                        "Team 1":"Reception",
                        "Team 2":"Service"
                    }
                },
                "Set 2":{
                    "Name":{
                        "Team 1":"AS VOLLEY-BALL VELIZY",
                        "Team 2":"PLESSIS-ROBINSON VOLLE"
                    },
                    "Starting":{
                        "Team 1":"Reception",
                        "Team 2":"Service"
                    }
                },
                "Set 3":{
                    "Name":{
                        "Team 1":"AS VOLLEY-BALL VELIZY",
                        "Team 2":"PLESSIS-ROBINSON VOLLE"
                    },
                    "Starting":{
                        "Team 1":"Reception",
                        "Team 2":"Service"
                    }
                },
                "Set 4":0,
                "Set 5":0
            },
            "Time":{
                "Set 1":{
                    "Time":{
                        "Start":"2020-01-19 14:00:00",
                        "End":"2020-01-19 14:29:00"
                    }
                },
                "Set 2":{
                    "Time":{
                        "Start":"2020-01-19 14:32:00",
                        "End":"2020-01-19 15:05:00"
                    }
                },
                "Set 3":{
                    "Time":{
                        "Start":"2020-01-19 15:07:00",
                        "End":"2020-01-19 15:34:00"
                    }
                },
                "Set 4":0,
                "Set 5":0
            },
            "Substitutions 1":{
                "Set 1":{
                    "I":{
                        "0":"19",
                        "1":"12",
                        "2":"9:14"
                    },
                    "II":{
                        "0":3.0,
                        "1":null,
                        "2":null
                    },
                    "III":{
                        "0":"10",
                        "1":"9",
                        "2":"14:19"
                    },
                    "IV":{
                        "0":4.0,
                        "1":null,
                        "2":null
                    },
                    "V":{
                        "0":"11",
                        "1":"2",
                        "2":"16:22"
                    },
                    "VI":{
                        "0":"14",
                        "1":"7",
                        "2":"14:19"
                    }
                },
                "Set 2":{
                    "I":{
                        "0":"12",
                        "1":"19",
                        "2":"6:14",
                        "3":"10:19"
                    },
                    "II":{
                        "0":3.0,
                        "1":null,
                        "2":null,
                        "3":null
                    },
                    "III":{
                        "0":"4",
                        "1":"14",
                        "2":"6:8",
                        "3":null
                    },
                    "IV":{
                        "0":10.0,
                        "1":null,
                        "2":null,
                        "3":null
                    },
                    "V":{
                        "0":11.0,
                        "1":null,
                        "2":null,
                        "3":null
                    },
                    "VI":{
                        "0":7.0,
                        "1":null,
                        "2":null,
                        "3":null
                    }
                },
                "Set 3":{
                    "I":{
                        "0":12.0,
                        "1":null,
                        "2":null,
                        "3":null
                    },
                    "II":{
                        "0":5.0,
                        "1":null,
                        "2":null,
                        "3":null
                    },
                    "III":{
                        "0":"9",
                        "1":"10",
                        "2":"6:15",
                        "3":null
                    },
                    "IV":{
                        "0":4.0,
                        "1":null,
                        "2":null,
                        "3":null
                    },
                    "V":{
                        "0":"11",
                        "1":"2",
                        "2":"4:12",
                        "3":"10:19"
                    },
                    "VI":{
                        "0":"7",
                        "1":"14",
                        "2":"6:15",
                        "3":null
                    }
                },
                "Set 4":0,
                "Set 5":0
            },
            "Substitutions 2":{
                "Set 1":{
                    "I":{
                        "0":10
                    },
                    "II":{
                        "0":13
                    },
                    "III":{
                        "0":3
                    },
                    "IV":{
                        "0":6
                    },
                    "V":{
                        "0":9
                    },
                    "VI":{
                        "0":4
                    }
                },
                "Set 2":{
                    "I":{
                        "0":4.0,
                        "1":null,
                        "2":null
                    },
                    "II":{
                        "0":"10",
                        "1":"14",
                        "2":"24:13"
                    },
                    "III":{
                        "0":13.0,
                        "1":null,
                        "2":null
                    },
                    "IV":{
                        "0":3.0,
                        "1":null,
                        "2":null
                    },
                    "V":{
                        "0":"6",
                        "1":"1",
                        "2":"16:8"
                    },
                    "VI":{
                        "0":9.0,
                        "1":null,
                        "2":null
                    }
                },
                "Set 3":{
                    "I":{
                        "0":"10",
                        "1":"1",
                        "2":"14:5"
                    },
                    "II":{
                        "0":13.0,
                        "1":null,
                        "2":null
                    },
                    "III":{
                        "0":3.0,
                        "1":null,
                        "2":null
                    },
                    "IV":{
                        "0":"6",
                        "1":"14",
                        "2":"18:6"
                    },
                    "V":{
                        "0":9.0,
                        "1":null,
                        "2":null
                    },
                    "VI":{
                        "0":4.0,
                        "1":null,
                        "2":null
                    }
                },
                "Set 4":0,
                "Set 5":0
            },
            "Serves 1":{
                "Set 1":{
                    "I":{
                        "0":null,
                        "1":12.0
                    },
                    "II":{
                        "0":"1",
                        "1":13
                    },
                    "III":{
                        "0":"2",
                        "1":14
                    },
                    "IV":{
                        "0":"5",
                        "1":15
                    },
                    "V":{
                        "0":"6",
                        "1":16
                    },
                    "VI":{
                        "0":"8",
                        "1":18
                    }
                },
                "Set 2":{
                    "I":{
                        "0":null,
                        "1":7.0
                    },
                    "II":{
                        "0":"1",
                        "1":8
                    },
                    "III":{
                        "0":"2",
                        "1":10
                    },
                    "IV":{
                        "0":"4",
                        "1":12
                    },
                    "V":{
                        "0":"5",
                        "1":13
                    },
                    "VI":{
                        "0":"6",
                        "1":null
                    }
                },
                "Set 3":{
                    "I":{
                        "0":null,
                        "1":9.0
                    },
                    "II":{
                        "0":"1",
                        "1":10
                    },
                    "III":{
                        "0":"2",
                        "1":11
                    },
                    "IV":{
                        "0":"4",
                        "1":13
                    },
                    "V":{
                        "0":"5",
                        "1":15
                    },
                    "VI":{
                        "0":"6",
                        "1":null
                    }
                },
                "Set 4":0,
                "Set 5":0
            },
            "Serves 2":{
                "Set 1":{
                    "I":{
                        "0":"2",
                        "1":15
                    },
                    "II":{
                        "0":"4",
                        "1":16
                    },
                    "III":{
                        "0":"10",
                        "1":20
                    },
                    "IV":{
                        "0":"11",
                        "1":22
                    },
                    "V":{
                        "0":"12",
                        "1":24
                    },
                    "VI":{
                        "0":"14",
                        "1":25
                    }
                },
                "Set 2":{
                    "I":{
                        "0":"1",
                        "1":15
                    },
                    "II":{
                        "0":"5",
                        "1":16
                    },
                    "III":{
                        "0":"6",
                        "1":22
                    },
                    "IV":{
                        "0":"7",
                        "1":23
                    },
                    "V":{
                        "0":"8",
                        "1":25
                    },
                    "VI":{
                        "0":"14",
                        "1":null
                    }
                },
                "Set 3":{
                    "I":{
                        "0":"3",
                        "1":19
                    },
                    "II":{
                        "0":"6",
                        "1":21
                    },
                    "III":{
                        "0":"8",
                        "1":22
                    },
                    "IV":{
                        "0":"12",
                        "1":24
                    },
                    "V":{
                        "0":"15",
                        "1":25
                    },
                    "VI":{
                        "0":"18",
                        "1":null
                    }
                },
                "Set 4":0,
                "Set 5":0
            },
            "Timeouts 1":{
                "Set 1":{
                    "T":{
                        "0":"2:10",
                        "1":"14:20"
                    }
                },
                "Set 2":{
                    "T":{
                        "0":"6:12",
                        "1":"10:17"
                    }
                },
                "Set 3":{
                    "T":{
                        "0":"1:6",
                        "1":"4:11"
                    }
                },
                "Set 4":0,
                "Set 5":0
            },
            "Timeouts 2":{
                "Set 1":{
                    "T":{

                    }
                },
                "Set 2":{
                    "T":{

                    }
                },
                "Set 3":{
                    "T":{

                    }
                },
                "Set 4":0,
                "Set 5":0
            }
        },
        "Teams":{
            "Name":{
                "Team 1":"AS VOLLEY-BALL VELIZY",
                "Team 2":"PLESSIS-ROBINSON VOLLEY-BALL"
            },
            "Players":{
                "Team 1":{
                    "N\u00b0":{
                        "0":2,
                        "1":3,
                        "2":4,
                        "3":5,
                        "4":7,
                        "5":9,
                        "6":10,
                        "7":11,
                        "8":12,
                        "9":14,
                        "10":17,
                        "11":19
                    },
                    "Nom Pr\u00e9nom":{
                        "0":"CHERADI ANAIS",
                        "1":"AHO SANDRA",
                        "2":"GODEFROY CAMILLE",
                        "3":"DURAES ANNE",
                        "4":"IVANSCHITZ LISA",
                        "5":"BOGDAN ALEXIA",
                        "6":"SOUCHE MELODY",
                        "7":"VEGA ANAIS",
                        "8":"RIEUPEYROUT LENA",
                        "9":"BIZET MARION",
                        "10":"ROCHETEAU EMILIE",
                        "11":"DORNIER AMAIA"
                    },
                    "Licence":{
                        "0":1945089,
                        "1":1749901,
                        "2":1833498,
                        "3":1747691,
                        "4":1658574,
                        "5":1948209,
                        "6":1800447,
                        "7":1768718,
                        "8":1736748,
                        "9":1784634,
                        "10":1736747,
                        "11":2093237
                    }
                },
                "Team 2":{
                    "N\u00b0":{
                        "0":1,
                        "1":3,
                        "2":4,
                        "3":5,
                        "4":6,
                        "5":9,
                        "6":10,
                        "7":13,
                        "8":14,
                        "9":15,
                        "10":18
                    },
                    "Nom Pr\u00e9nom":{
                        "0":"ABOULKER CLAIRE",
                        "1":"CHAUSSEMY JENNIFER",
                        "2":"MESCAM MARINE",
                        "3":"RISBOURG RAPHAELLE",
                        "4":"SILVA SAMANTHA",
                        "5":"GODALLIER MARINE",
                        "6":"MEFLAH FAIZA",
                        "7":"HAMZAOUI NATACHA",
                        "8":"DIXMIER CLEMENCE",
                        "9":"PAVAN PAULINE",
                        "10":"DEGOUY MANON"
                    },
                    "Licence":{
                        "0":1960194,
                        "1":1549337,
                        "2":1898686,
                        "3":1829560,
                        "4":1965478,
                        "5":1637205,
                        "6":2243473,
                        "7":1207054,
                        "8":1832804,
                        "9":1404482,
                        "10":2011073
                    }
                }
            },
            "Liberos":{
                "Team 1":{
                    "N\u00b0":{
                        "0":17
                    },
                    "Nom Pr\u00e9nom":{
                        "0":"ROCHETEAU EMILIE"
                    },
                    "Licence":{
                        "0":1736747
                    }
                },
                "Team 2":{
                    "N\u00b0":{
                        "0":18
                    },
                    "Nom Pr\u00e9nom":{
                        "0":"DEGOUY MANON"
                    },
                    "Licence":{
                        "0":2011073
                    }
                }
            },
            "Officials":{
                "Team 1":{
                    "N\u00b0":{
                        "0":"EA"
                    },
                    "Nom Pr\u00e9nom":{
                        "0":"VERNET LAURENT"
                    },
                    "Licence":{
                        "0":1381910
                    }
                },
                "Team 2":{
                    "N\u00b0":{
                        "0":"EA"
                    },
                    "Nom Pr\u00e9nom":{
                        "0":"LAMY JULIEN"
                    },
                    "Licence":{
                        "0":1427083
                    }
                }
            }
        },
        "Results":{
            "winner":"PLESSIS-ROBINSON VOLLE",
            "score":"3\/0"
        },
        "Referees":{
            "NOM Pr\u00e9nom":{
                "1er":"BRETON KEVIN",
                "2\u00e8me":"CHANTEUR VALERIE",
                "Marqueur":"NESTILE NOAH",
                "Marq.Ass":".",
                "R.Salle":"LE GUILLOU PHILIPPE"
            },
            "Ligue":{
                "1er":"LIG_IF",
                "2\u00e8me":"LIG_IF",
                "Marqueur":"LIG_IF",
                "Marq.Ass":null,
                "R.Salle":"LIG_IF"
            },
            "Licence":{
                "1er":1741094.0,
                "2\u00e8me":1068790.0,
                "Marqueur":2227510.0,
                "Marq.Ass":null,
                "R.Salle":1720882.0
            }
        },
        "Penalties":{

        }
    }
}