{
    "Match":{
        "Title":{
            "div_code":"3FH ",
            "div_name":"NATIONALE 3 FEMININE POULE H",
            "div_pool":"",
            "match_number":"3FH078",
            "match_day":"13",
            "city":"RENNES",
            "gym":"GYMNASE CDT BOUGOUIN",
            "category":"SENIOR | FEMININE",
            "ligue":"Comp\u00e9titions Nationales SENIORS",
            "date":"2020-02-16 16:00:00",
            "team_1":"C.P.B. RENNES 35",
            "team_2":"PLESSIS-ROBINSON VOLLEY-BALL"
        },
        "Sets":{
            "Teams":{
                "Set 1":{
                    "Name":{
                        "Team 1":"C.P.B. RENNES 35",
                        "Team 2":"PLESSIS-ROBINSON VOLLE"
                    },
                    "Starting":{
                        "Team 1":"Reception",
                        "Team 2":"Service"
                    }
                },
                "Set 2":{
                    "Name":{
                        "Team 1":"C.P.B. RENNES 35",
                        "Team 2":"PLESSIS-ROBINSON VOLLE"
                    },
                    "Starting":{
                        "Team 1":"Service",
                        "Team 2":"Reception"
                    }
                },
                "Set 3":{
                    "Name":{
                        "Team 1":"C.P.B. RENNES 35",
                        "Team 2":"PLESSIS-ROBINSON VOLLE"
                    },
                    "Starting":{
                        "Team 1":"Reception",
                        "Team 2":"Service"
                    }
                },
                "Set 4":0,
                "Set 5":0
            },
            "Time":{
                "Set 1":{
                    "Time":{
                        "Start":"2020-02-16 16:41:00",
                        "End":"2020-02-16 17:07:00"
                    }
                },
                "Set 2":{
                    "Time":{
                        "Start":"2020-02-16 17:11:00",
                        "End":"2020-02-16 17:35:00"
                    }
                },
                "Set 3":{
                    "Time":{
                        "Start":"2020-02-16 17:37:00",
                        "End":"2020-02-16 18:02:00"
                    }
                },
                "Set 4":0,
                "Set 5":0
            },
            "Substitutions 1":{
                "Set 1":{
                    "I":{
                        "0":16
                    },
                    "II":{
                        "0":3
                    },
                    "III":{
                        "0":4
                    },
                    "IV":{
                        "0":7
                    },
                    "V":{
                        "0":6
                    },
                    "VI":{
                        "0":9
                    }
                },
                "Set 2":{
                    "I":{
                        "0":3
                    },
                    "II":{
                        "0":4
                    },
                    "III":{
                        "0":7
                    },
                    "IV":{
                        "0":6
                    },
                    "V":{
                        "0":9
                    },
                    "VI":{
                        "0":16
                    }
                },
                "Set 3":{
                    "I":{
                        "0":7
                    },
                    "II":{
                        "0":3
                    },
                    "III":{
                        "0":4
                    },
                    "IV":{
                        "0":16
                    },
                    "V":{
                        "0":6
                    },
                    "VI":{
                        "0":9
                    }
                },
                "Set 4":0,
                "Set 5":0
            },
            "Substitutions 2":{
                "Set 1":{
                    "I":{
                        "0":7.0,
                        "1":null,
                        "2":null
                    },
                    "II":{
                        "0":5.0,
                        "1":null,
                        "2":null
                    },
                    "III":{
                        "0":10.0,
                        "1":null,
                        "2":null
                    },
                    "IV":{
                        "0":9.0,
                        "1":null,
                        "2":null
                    },
                    "V":{
                        "0":3.0,
                        "1":null,
                        "2":null
                    },
                    "VI":{
                        "0":"4",
                        "1":"1",
                        "2":"24:20"
                    }
                },
                "Set 2":{
                    "I":{
                        "0":7.0,
                        "1":null,
                        "2":null
                    },
                    "II":{
                        "0":5.0,
                        "1":null,
                        "2":null
                    },
                    "III":{
                        "0":"10",
                        "1":"1",
                        "2":"14:8"
                    },
                    "IV":{
                        "0":9.0,
                        "1":null,
                        "2":null
                    },
                    "V":{
                        "0":3.0,
                        "1":null,
                        "2":null
                    },
                    "VI":{
                        "0":15.0,
                        "1":null,
                        "2":null
                    }
                },
                "Set 3":{
                    "I":{
                        "0":15.0,
                        "1":null,
                        "2":null
                    },
                    "II":{
                        "0":4.0,
                        "1":null,
                        "2":null
                    },
                    "III":{
                        "0":1.0,
                        "1":null,
                        "2":null
                    },
                    "IV":{
                        "0":9.0,
                        "1":null,
                        "2":null
                    },
                    "V":{
                        "0":3.0,
                        "1":null,
                        "2":null
                    },
                    "VI":{
                        "0":"7",
                        "1":"5",
                        "2":"22:16"
                    }
                },
                "Set 4":0,
                "Set 5":0
            },
            "Serves 1":{
                "Set 1":{
                    "I":{
                        "0":null,
                        "1":15.0,
                        "2":21.0
                    },
                    "II":{
                        "0":"1",
                        "1":16.0,
                        "2":null
                    },
                    "III":{
                        "0":"3",
                        "1":17.0,
                        "2":null
                    },
                    "IV":{
                        "0":"4",
                        "1":18.0,
                        "2":null
                    },
                    "V":{
                        "0":"11",
                        "1":19.0,
                        "2":null
                    },
                    "VI":{
                        "0":"12",
                        "1":20.0,
                        "2":null
                    }
                },
                "Set 2":{
                    "I":{
                        "0":"1",
                        "1":8
                    },
                    "II":{
                        "0":"2",
                        "1":9
                    },
                    "III":{
                        "0":"3",
                        "1":10
                    },
                    "IV":{
                        "0":"4",
                        "1":12
                    },
                    "V":{
                        "0":"5",
                        "1":13
                    },
                    "VI":{
                        "0":"7",
                        "1":16
                    }
                },
                "Set 3":{
                    "I":{
                        "0":null,
                        "1":13.0
                    },
                    "II":{
                        "0":"1",
                        "1":15
                    },
                    "III":{
                        "0":"2",
                        "1":16
                    },
                    "IV":{
                        "0":"4",
                        "1":17
                    },
                    "V":{
                        "0":"7",
                        "1":18
                    },
                    "VI":{
                        "0":"12",
                        "1":null
                    }
                },
                "Set 4":0,
                "Set 5":0
            },
            "Serves 2":{
                "Set 1":{
                    "I":{
                        "0":"0",
                        "1":12,
                        "2":25
                    },
                    "II":{
                        "0":"1",
                        "1":16.0,
                        "2":null
                    },
                    "III":{
                        "0":"5",
                        "1":18.0,
                        "2":null
                    },
                    "IV":{
                        "0":"7",
                        "1":22.0,
                        "2":null
                    },
                    "V":{
                        "0":"8",
                        "1":23.0,
                        "2":null
                    },
                    "VI":{
                        "0":"11",
                        "1":24.0,
                        "2":null
                    }
                },
                "Set 2":{
                    "I":{
                        "0":null,
                        "1":14.0,
                        "2":25.0
                    },
                    "II":{
                        "0":"2",
                        "1":16.0,
                        "2":null
                    },
                    "III":{
                        "0":"3",
                        "1":17.0,
                        "2":null
                    },
                    "IV":{
                        "0":"4",
                        "1":18.0,
                        "2":null
                    },
                    "V":{
                        "0":"8",
                        "1":21.0,
                        "2":null
                    },
                    "VI":{
                        "0":"11",
                        "1":24.0,
                        "2":null
                    }
                },
                "Set 3":{
                    "I":{
                        "0":"0",
                        "1":10
                    },
                    "II":{
                        "0":"1",
                        "1":21
                    },
                    "III":{
                        "0":"2",
                        "1":22
                    },
                    "IV":{
                        "0":"5",
                        "1":24
                    },
                    "V":{
                        "0":"6",
                        "1":25
                    },
                    "VI":{
                        "0":"9",
                        "1":null
                    }
                },
                "Set 4":0,
                "Set 5":0
            },
            "Timeouts 1":{
                "Set 1":{
                    "T":{
                        "0":"16:16",
                        "1":"18:22"
                    }
                },
                "Set 2":{
                    "T":{
                        "0":"5:11",
                        "1":"12:21"
                    }
                },
                "Set 3":{
                    "T":{
                        "0":"15:19"
                    }
                },
                "Set 4":0,
                "Set 5":0
            },
            "Timeouts 2":{
                "Set 1":{
                    "T":{

                    }
                },
                "Set 2":{
                    "T":{

                    }
                },
                "Set 3":{
                    "T":{
                        "0":"6:12"
                    }
                },
                "Set 4":0,
                "Set 5":0
            }
        },
        "Teams":{
            "Name":{
                "Team 1":"C.P.B. RENNES 35",
                "Team 2":"PLESSIS-ROBINSON VOLLEY-BALL"
            },
            "Players":{
                "Team 1":{
                    "N\u00b0":{
                        "0":3,
                        "1":4,
                        "2":6,
                        "3":7,
                        "4":9,
                        "5":12,
                        "6":15,
                        "7":16,
                        "8":18
                    },
                    "Nom Pr\u00e9nom":{
                        "0":"PICARD ZOE",
                        "1":"LEPUISSANT APOLLINE",
                        "2":"MAURICE JUSTINE",
                        "3":"BOISSELIER ERINE",
                        "4":"TOUTAIN JULIE",
                        "5":"DELAUNAY MARGOT",
                        "6":"DE THY MORGANE",
                        "7":"CHAROLLAIS ANAIS",
                        "8":"BRAULT SOIZIC"
                    },
                    "Licence":{
                        "0":1839650,
                        "1":1957257,
                        "2":1791585,
                        "3":2106545,
                        "4":1675244,
                        "5":1822351,
                        "6":1146767,
                        "7":1537445,
                        "8":1897648
                    }
                },
                "Team 2":{
                    "N\u00b0":{
                        "0":1,
                        "1":3,
                        "2":4,
                        "3":5,
                        "4":7,
                        "5":9,
                        "6":10,
                        "7":15,
                        "8":18
                    },
                    "Nom Pr\u00e9nom":{
                        "0":"ABOULKER CLAIRE",
                        "1":"CHAUSSEMY JENNIFER",
                        "2":"MESCAM MARINE",
                        "3":"RISBOURG RAPHAELLE",
                        "4":"PERCHEY CHAN TIPHAINE",
                        "5":"GODALLIER MARINE",
                        "6":"MEFLAH FAIZA",
                        "7":"PAVAN PAULINE",
                        "8":"DEGOUY MANON"
                    },
                    "Licence":{
                        "0":1960194,
                        "1":1549337,
                        "2":1898686,
                        "3":1829560,
                        "4":1514718,
                        "5":1637205,
                        "6":2243473,
                        "7":1404482,
                        "8":2011073
                    }
                }
            },
            "Liberos":{
                "Team 1":{
                    "N\u00b0":{
                        "0":18
                    },
                    "Nom Pr\u00e9nom":{
                        "0":"BRAULT SOIZIC"
                    },
                    "Licence":{
                        "0":1897648
                    }
                },
                "Team 2":{
                    "N\u00b0":{
                        "0":18
                    },
                    "Nom Pr\u00e9nom":{
                        "0":"DEGOUY MANON"
                    },
                    "Licence":{
                        "0":2011073
                    }
                }
            },
            "Officials":{
                "Team 1":{
                    "N\u00b0":{
                        "0":"EA",
                        "1":"EB"
                    },
                    "Nom Pr\u00e9nom":{
                        "0":"DE THY MORGANE",
                        "1":"GUEGUEN FANNY"
                    },
                    "Licence":{
                        "0":1146767,
                        "1":1859886
                    }
                },
                "Team 2":{
                    "N\u00b0":{
                        "0":"EA",
                        "1":"EB"
                    },
                    "Nom Pr\u00e9nom":{
                        "0":"LAMY JULIEN",
                        "1":"ABOULKER JEAN PAUL"
                    },
                    "Licence":{
                        "0":1427083,
                        "1":519082
                    }
                }
            }
        },
        "Results":{
            "winner":"PLESSIS-ROBINSON VOLLE",
            "score":"3\/0"
        },
        "Referees":{
            "NOM Pr\u00e9nom":{
                "1er":"FAVRE MAXIME",
                "2\u00e8me":"BOULEAU NATHALIE",
                "Marqueur":"QUESSART ANNA",
                "Marq.Ass":".",
                "R.Salle":"LESOURD PASCAL"
            },
            "Ligue":{
                "1er":"LIG_BR",
                "2\u00e8me":"LIG_PL",
                "Marqueur":"LIG_BR",
                "Marq.Ass":null,
                "R.Salle":null
            },
            "Licence":{
                "1er":1862287.0,
                "2\u00e8me":1758711.0,
                "Marqueur":2091330.0,
                "Marq.Ass":null,
                "R.Salle":2357178.0
            }
        },
        "Penalties":{

        }
    }
}