{
    "Match":{
        "Title":{
            "div_code":"3FH ",
            "div_name":"NATIONALE 3 FEMININE POULE H",
            "div_pool":"",
            "match_number":"3FH063",
            "match_day":"11",
            "city":"BREST",
            "gym":"PENN AR CHLEUZ",
            "category":"SENIOR | FEMININE",
            "ligue":"Comp\u00e9titions Nationales SENIORS",
            "date":"2020-01-26 15:00:00",
            "team_1":"ETOILE ST LAURENT",
            "team_2":"PARIS AMICALE CAMOU"
        },
        "Sets":{
            "Teams":{
                "Set 1":{
                    "Name":{
                        "Team 1":"PARIS AMICALE CAMOU",
                        "Team 2":"ETOILE ST LAURENT"
                    },
                    "Starting":{
                        "Team 1":"Service",
                        "Team 2":"Reception"
                    }
                },
                "Set 2":{
                    "Name":{
                        "Team 1":"PARIS AMICALE CAMOU",
                        "Team 2":"ETOILE ST LAURENT"
                    },
                    "Starting":{
                        "Team 1":"Reception",
                        "Team 2":"Service"
                    }
                },
                "Set 3":{
                    "Name":{
                        "Team 1":"PARIS AMICALE CAMOU",
                        "Team 2":"ETOILE ST LAURENT"
                    },
                    "Starting":{
                        "Team 1":"Service",
                        "Team 2":"Reception"
                    }
                },
                "Set 4":0,
                "Set 5":0
            },
            "Time":{
                "Set 1":{
                    "Time":{
                        "Start":"2020-01-26 15:03:00",
                        "End":"2020-01-26 15:28:00"
                    }
                },
                "Set 2":{
                    "Time":{
                        "Start":"2020-01-26 15:31:00",
                        "End":"2020-01-26 15:52:00"
                    }
                },
                "Set 3":{
                    "Time":{
                        "Start":"2020-01-26 15:55:00",
                        "End":"2020-01-26 16:21:00"
                    }
                },
                "Set 4":0,
                "Set 5":0
            },
            "Substitutions 1":{
                "Set 1":{
                    "I":{
                        "0":6.0,
                        "1":null,
                        "2":null
                    },
                    "II":{
                        "0":20.0,
                        "1":null,
                        "2":null
                    },
                    "III":{
                        "0":"8",
                        "1":"18",
                        "2":"20:15"
                    },
                    "IV":{
                        "0":7.0,
                        "1":null,
                        "2":null
                    },
                    "V":{
                        "0":19.0,
                        "1":null,
                        "2":null
                    },
                    "VI":{
                        "0":9.0,
                        "1":null,
                        "2":null
                    }
                },
                "Set 2":{
                    "I":{
                        "0":9.0,
                        "1":null,
                        "2":null
                    },
                    "II":{
                        "0":6.0,
                        "1":null,
                        "2":null
                    },
                    "III":{
                        "0":20.0,
                        "1":null,
                        "2":null
                    },
                    "IV":{
                        "0":8.0,
                        "1":null,
                        "2":null
                    },
                    "V":{
                        "0":"7",
                        "1":"18",
                        "2":"18:5"
                    },
                    "VI":{
                        "0":19.0,
                        "1":null,
                        "2":null
                    }
                },
                "Set 3":{
                    "I":{
                        "0":6.0,
                        "1":null,
                        "2":null
                    },
                    "II":{
                        "0":20.0,
                        "1":null,
                        "2":null
                    },
                    "III":{
                        "0":8.0,
                        "1":null,
                        "2":null
                    },
                    "IV":{
                        "0":18.0,
                        "1":null,
                        "2":null
                    },
                    "V":{
                        "0":19.0,
                        "1":null,
                        "2":null
                    },
                    "VI":{
                        "0":"9",
                        "1":"7",
                        "2":"15:10"
                    }
                },
                "Set 4":0,
                "Set 5":0
            },
            "Substitutions 2":{
                "Set 1":{
                    "I":{
                        "0":13.0,
                        "1":null,
                        "2":null,
                        "3":null
                    },
                    "II":{
                        "0":6.0,
                        "1":null,
                        "2":null,
                        "3":null
                    },
                    "III":{
                        "0":"11",
                        "1":"7",
                        "2":"9:15",
                        "3":"16:22"
                    },
                    "IV":{
                        "0":"9",
                        "1":"2",
                        "2":"16:20",
                        "3":null
                    },
                    "V":{
                        "0":3.0,
                        "1":null,
                        "2":null,
                        "3":null
                    },
                    "VI":{
                        "0":4.0,
                        "1":null,
                        "2":null,
                        "3":null
                    }
                },
                "Set 2":{
                    "I":{
                        "0":"4",
                        "1":"12",
                        "2":"4:17"
                    },
                    "II":{
                        "0":13.0,
                        "1":null,
                        "2":null
                    },
                    "III":{
                        "0":"6",
                        "1":"2",
                        "2":"4:17"
                    },
                    "IV":{
                        "0":"11",
                        "1":"7",
                        "2":"4:12"
                    },
                    "V":{
                        "0":9.0,
                        "1":null,
                        "2":null
                    },
                    "VI":{
                        "0":3.0,
                        "1":null,
                        "2":null
                    }
                },
                "Set 3":{
                    "I":{
                        "0":13.0,
                        "1":null,
                        "2":null
                    },
                    "II":{
                        "0":"6",
                        "1":"2",
                        "2":"15:19"
                    },
                    "III":{
                        "0":"7",
                        "1":"11",
                        "2":"9:12"
                    },
                    "IV":{
                        "0":9.0,
                        "1":null,
                        "2":null
                    },
                    "V":{
                        "0":3.0,
                        "1":null,
                        "2":null
                    },
                    "VI":{
                        "0":12.0,
                        "1":null,
                        "2":null
                    }
                },
                "Set 4":0,
                "Set 5":0
            },
            "Serves 1":{
                "Set 1":{
                    "I":{
                        "0":"0",
                        "1":18
                    },
                    "II":{
                        "0":"1",
                        "1":19
                    },
                    "III":{
                        "0":"5",
                        "1":20
                    },
                    "IV":{
                        "0":"10",
                        "1":23
                    },
                    "V":{
                        "0":"12",
                        "1":25
                    },
                    "VI":{
                        "0":"15",
                        "1":null
                    }
                },
                "Set 2":{
                    "I":{
                        "0":null,
                        "1":20.0
                    },
                    "II":{
                        "0":"3",
                        "1":21
                    },
                    "III":{
                        "0":"5",
                        "1":22
                    },
                    "IV":{
                        "0":"7",
                        "1":23
                    },
                    "V":{
                        "0":"18",
                        "1":24
                    },
                    "VI":{
                        "0":"19",
                        "1":25
                    }
                },
                "Set 3":{
                    "I":{
                        "0":"1",
                        "1":10,
                        "2":19
                    },
                    "II":{
                        "0":"4",
                        "1":14,
                        "2":22
                    },
                    "III":{
                        "0":"5",
                        "1":15,
                        "2":25
                    },
                    "IV":{
                        "0":"7",
                        "1":16.0,
                        "2":null
                    },
                    "V":{
                        "0":"8",
                        "1":17.0,
                        "2":null
                    },
                    "VI":{
                        "0":"9",
                        "1":18.0,
                        "2":null
                    }
                },
                "Set 4":0,
                "Set 5":0
            },
            "Serves 2":{
                "Set 1":{
                    "I":{
                        "0":null,
                        "1":13.0
                    },
                    "II":{
                        "0":"2",
                        "1":14
                    },
                    "III":{
                        "0":"4",
                        "1":15
                    },
                    "IV":{
                        "0":"5",
                        "1":16
                    },
                    "V":{
                        "0":"8",
                        "1":17
                    },
                    "VI":{
                        "0":"9",
                        "1":null
                    }
                },
                "Set 2":{
                    "I":{
                        "0":"1",
                        "1":7
                    },
                    "II":{
                        "0":"2",
                        "1":9
                    },
                    "III":{
                        "0":"3",
                        "1":10
                    },
                    "IV":{
                        "0":"4",
                        "1":11
                    },
                    "V":{
                        "0":"5",
                        "1":14
                    },
                    "VI":{
                        "0":"6",
                        "1":null
                    }
                },
                "Set 3":{
                    "I":{
                        "0":null,
                        "1":8.0,
                        "2":14.0
                    },
                    "II":{
                        "0":"1",
                        "1":9,
                        "2":18
                    },
                    "III":{
                        "0":"4",
                        "1":10,
                        "2":19
                    },
                    "IV":{
                        "0":"5",
                        "1":11.0,
                        "2":null
                    },
                    "V":{
                        "0":"6",
                        "1":12.0,
                        "2":null
                    },
                    "VI":{
                        "0":"7",
                        "1":13.0,
                        "2":null
                    }
                },
                "Set 4":0,
                "Set 5":0
            },
            "Timeouts 1":{
                "Set 1":{
                    "T":{
                        "0":"15:12"
                    }
                },
                "Set 2":{
                    "T":{

                    }
                },
                "Set 3":{
                    "T":{
                        "0":"4:4",
                        "1":"19:16"
                    }
                },
                "Set 4":0,
                "Set 5":0
            },
            "Timeouts 2":{
                "Set 1":{
                    "T":{
                        "0":"5:10"
                    }
                },
                "Set 2":{
                    "T":{
                        "0":"4:14"
                    }
                },
                "Set 3":{
                    "T":{
                        "0":"9:13",
                        "1":"18:21"
                    }
                },
                "Set 4":0,
                "Set 5":0
            }
        },
        "Teams":{
            "Name":{
                "Team 1":"ETOILE ST LAURENT",
                "Team 2":"PARIS AMICALE CAMOU"
            },
            "Players":{
                "Team 1":{
                    "N\u00b0":{
                        "0":2,
                        "1":3,
                        "2":4,
                        "3":5,
                        "4":6,
                        "5":7,
                        "6":9,
                        "7":11,
                        "8":12,
                        "9":13,
                        "10":14
                    },
                    "Nom Pr\u00e9nom":{
                        "0":"SCAVINNER AMBRE",
                        "1":"LESVEN LAURINE",
                        "2":"DUSSOT SEVERINE",
                        "3":"LESVEN MELANIE",
                        "4":"PAUL MARINE",
                        "5":"GELEBART TIPHAINE",
                        "6":"PIGACHE CELINE",
                        "7":"FAVRE CAROLINE",
                        "8":"FORMANKOVA MICHAELA",
                        "9":"DERRIEN AURELIE",
                        "10":"BRETEL MA\u00cfNA"
                    },
                    "Licence":{
                        "0":2020376,
                        "1":1537617,
                        "2":2242449,
                        "3":1487154,
                        "4":1602147,
                        "5":2164188,
                        "6":1218020,
                        "7":1547537,
                        "8":1859584,
                        "9":1136085,
                        "10":2013319
                    }
                },
                "Team 2":{
                    "N\u00b0":{
                        "0":1,
                        "1":6,
                        "2":7,
                        "3":8,
                        "4":9,
                        "5":18,
                        "6":19,
                        "7":20
                    },
                    "Nom Pr\u00e9nom":{
                        "0":"AMINTAS CHLOE",
                        "1":"GUILLOT MARION",
                        "2":"OSULLIVAN OCEANNE",
                        "3":"CHENIER DORINE",
                        "4":"SEGUIN ANNE-CHARLOTTE",
                        "5":"ZERAH NAOMI",
                        "6":"ROUSSEAU EMMA",
                        "7":"REY CAPUCINE"
                    },
                    "Licence":{
                        "0":1551346,
                        "1":1595506,
                        "2":1766614,
                        "3":1951407,
                        "4":2088830,
                        "5":2107240,
                        "6":2146946,
                        "7":1580184
                    }
                }
            },
            "Liberos":{
                "Team 1":{
                    "N\u00b0":{
                        "0":14
                    },
                    "Nom Pr\u00e9nom":{
                        "0":"BRETEL MA\u00cfNA"
                    },
                    "Licence":{
                        "0":2013319
                    }
                },
                "Team 2":{
                    "N\u00b0":{
                        "0":1
                    },
                    "Nom Pr\u00e9nom":{
                        "0":"AMINTAS CHLOE"
                    },
                    "Licence":{
                        "0":1551346
                    }
                }
            },
            "Officials":{
                "Team 1":{
                    "N\u00b0":{
                        "0":"EA",
                        "1":"EB"
                    },
                    "Nom Pr\u00e9nom":{
                        "0":"JOUAN THOMAS",
                        "1":"ROUDEY ETIENNE"
                    },
                    "Licence":{
                        "0":1678210,
                        "1":2306367
                    }
                },
                "Team 2":{
                    "N\u00b0":{
                        "0":"EA"
                    },
                    "Nom Pr\u00e9nom":{
                        "0":"ZERAH RAFAEL"
                    },
                    "Licence":{
                        "0":1675411
                    }
                }
            }
        },
        "Results":{
            "winner":"PARIS AMICALE CAMOU",
            "score":"3\/0"
        },
        "Referees":{
            "NOM Pr\u00e9nom":{
                "1er":"GAUDEL MARC",
                "2\u00e8me":"DURAND AUDREY",
                "Marqueur":"DAILLET ZOE",
                "Marq.Ass":".",
                "R.Salle":"MICHEL PHILIPPE"
            },
            "Ligue":{
                "1er":"LIG_BR",
                "2\u00e8me":"LIG_BR",
                "Marqueur":"LIG_BR",
                "Marq.Ass":null,
                "R.Salle":"LIG_BR"
            },
            "Licence":{
                "1er":48082.0,
                "2\u00e8me":1996440.0,
                "Marqueur":2305445.0,
                "Marq.Ass":null,
                "R.Salle":1796978.0
            }
        },
        "Penalties":{

        }
    }
}