{
    "Match":{
        "Title":{
            "div_code":"3FH ",
            "div_name":"NATIONALE 3 FEMININE POULE H",
            "div_pool":"",
            "match_number":"3FH022",
            "match_day":"04",
            "city":"CAEN",
            "gym":"VICTOR VINDE",
            "category":"SENIOR | FEMININE",
            "ligue":"Comp\u00e9titions Nationales SENIORS",
            "date":"2019-11-03 15:00:00",
            "team_1":"ASPTT DE CAEN",
            "team_2":"RENNES ETUDIANTS CLUB 2"
        },
        "Sets":{
            "Teams":{
                "Set 1":{
                    "Name":{
                        "Team 1":"ASPTT DE CAEN",
                        "Team 2":"RENNES ETUDIANTS CLUB"
                    },
                    "Starting":{
                        "Team 1":"Reception",
                        "Team 2":"Service"
                    }
                },
                "Set 2":{
                    "Name":{
                        "Team 1":"ASPTT DE CAEN",
                        "Team 2":"RENNES ETUDIANTS CLUB"
                    },
                    "Starting":{
                        "Team 1":"Reception",
                        "Team 2":"Service"
                    }
                },
                "Set 3":{
                    "Name":{
                        "Team 1":"ASPTT DE CAEN",
                        "Team 2":"RENNES ETUDIANTS CLUB"
                    },
                    "Starting":{
                        "Team 1":"Reception",
                        "Team 2":"Service"
                    }
                },
                "Set 4":{
                    "Name":{
                        "Team 1":"ASPTT DE CAEN",
                        "Team 2":"RENNES ETUDIANTS CLUB"
                    },
                    "Starting":{
                        "Team 1":"Reception",
                        "Team 2":"Service"
                    }
                },
                "Set 5":0
            },
            "Time":{
                "Set 1":{
                    "Time":{
                        "Start":"2019-11-03 14:51:00",
                        "End":"2019-11-03 15:21:00"
                    }
                },
                "Set 2":{
                    "Time":{
                        "Start":"2019-11-03 15:24:00",
                        "End":"2019-11-03 15:58:00"
                    }
                },
                "Set 3":{
                    "Time":{
                        "Start":"2019-11-03 16:01:00",
                        "End":"2019-11-03 16:23:00"
                    }
                },
                "Set 4":{
                    "Time":{
                        "Start":"2019-11-03 16:26:00",
                        "End":"2019-11-03 16:57:00"
                    }
                },
                "Set 5":0
            },
            "Substitutions 1":{
                "Set 1":{
                    "I":{
                        "0":4.0,
                        "1":null,
                        "2":null,
                        "3":null
                    },
                    "II":{
                        "0":2.0,
                        "1":null,
                        "2":null,
                        "3":null
                    },
                    "III":{
                        "0":1.0,
                        "1":null,
                        "2":null,
                        "3":null
                    },
                    "IV":{
                        "0":10.0,
                        "1":null,
                        "2":null,
                        "3":null
                    },
                    "V":{
                        "0":"18",
                        "1":"20",
                        "2":"10:17",
                        "3":"10:22"
                    },
                    "VI":{
                        "0":9.0,
                        "1":null,
                        "2":null,
                        "3":null
                    }
                },
                "Set 2":{
                    "I":{
                        "0":2
                    },
                    "II":{
                        "0":1
                    },
                    "III":{
                        "0":6
                    },
                    "IV":{
                        "0":18
                    },
                    "V":{
                        "0":9
                    },
                    "VI":{
                        "0":4
                    }
                },
                "Set 3":{
                    "I":{
                        "0":4.0,
                        "1":null,
                        "2":null
                    },
                    "II":{
                        "0":2.0,
                        "1":null,
                        "2":null
                    },
                    "III":{
                        "0":1.0,
                        "1":null,
                        "2":null
                    },
                    "IV":{
                        "0":6.0,
                        "1":null,
                        "2":null
                    },
                    "V":{
                        "0":18.0,
                        "1":null,
                        "2":null
                    },
                    "VI":{
                        "0":"9",
                        "1":"20",
                        "2":"4:18"
                    }
                },
                "Set 4":{
                    "I":{
                        "0":2.0,
                        "1":null,
                        "2":null
                    },
                    "II":{
                        "0":1.0,
                        "1":null,
                        "2":null
                    },
                    "III":{
                        "0":6.0,
                        "1":null,
                        "2":null
                    },
                    "IV":{
                        "0":"20",
                        "1":"18",
                        "2":"10:17"
                    },
                    "V":{
                        "0":9.0,
                        "1":null,
                        "2":null
                    },
                    "VI":{
                        "0":"10",
                        "1":"4",
                        "2":"13:20"
                    }
                },
                "Set 5":0
            },
            "Substitutions 2":{
                "Set 1":{
                    "I":{
                        "0":3
                    },
                    "II":{
                        "0":15
                    },
                    "III":{
                        "0":16
                    },
                    "IV":{
                        "0":9
                    },
                    "V":{
                        "0":5
                    },
                    "VI":{
                        "0":2
                    }
                },
                "Set 2":{
                    "I":{
                        "0":2.0,
                        "1":null,
                        "2":null
                    },
                    "II":{
                        "0":3.0,
                        "1":null,
                        "2":null
                    },
                    "III":{
                        "0":"15",
                        "1":"6",
                        "2":"17:20"
                    },
                    "IV":{
                        "0":16.0,
                        "1":null,
                        "2":null
                    },
                    "V":{
                        "0":9.0,
                        "1":null,
                        "2":null
                    },
                    "VI":{
                        "0":5.0,
                        "1":null,
                        "2":null
                    }
                },
                "Set 3":{
                    "I":{
                        "0":3.0,
                        "1":null,
                        "2":null
                    },
                    "II":{
                        "0":15.0,
                        "1":null,
                        "2":null
                    },
                    "III":{
                        "0":16.0,
                        "1":null,
                        "2":null
                    },
                    "IV":{
                        "0":"9",
                        "1":"7",
                        "2":"21:5"
                    },
                    "V":{
                        "0":5.0,
                        "1":null,
                        "2":null
                    },
                    "VI":{
                        "0":2.0,
                        "1":null,
                        "2":null
                    }
                },
                "Set 4":{
                    "I":{
                        "0":2.0,
                        "1":null,
                        "2":null
                    },
                    "II":{
                        "0":3.0,
                        "1":null,
                        "2":null
                    },
                    "III":{
                        "0":15.0,
                        "1":null,
                        "2":null
                    },
                    "IV":{
                        "0":16.0,
                        "1":null,
                        "2":null
                    },
                    "V":{
                        "0":"9",
                        "1":"7",
                        "2":"20:14"
                    },
                    "VI":{
                        "0":5.0,
                        "1":null,
                        "2":null
                    }
                },
                "Set 5":0
            },
            "Serves 1":{
                "Set 1":{
                    "I":{
                        "0":null,
                        "1":10.0
                    },
                    "II":{
                        "0":"1",
                        "1":12
                    },
                    "III":{
                        "0":"3",
                        "1":13
                    },
                    "IV":{
                        "0":"4",
                        "1":null
                    },
                    "V":{
                        "0":"5",
                        "1":null
                    },
                    "VI":{
                        "0":"7",
                        "1":null
                    }
                },
                "Set 2":{
                    "I":{
                        "0":null,
                        "1":12.0,
                        "2":23.0
                    },
                    "II":{
                        "0":"2",
                        "1":13,
                        "2":24
                    },
                    "III":{
                        "0":"3",
                        "1":14,
                        "2":25
                    },
                    "IV":{
                        "0":"5",
                        "1":17.0,
                        "2":null
                    },
                    "V":{
                        "0":"7",
                        "1":18.0,
                        "2":null
                    },
                    "VI":{
                        "0":"9",
                        "1":20.0,
                        "2":null
                    }
                },
                "Set 3":{
                    "I":{
                        "0":null,
                        "1":9.0
                    },
                    "II":{
                        "0":"2",
                        "1":null
                    },
                    "III":{
                        "0":"3",
                        "1":null
                    },
                    "IV":{
                        "0":"4",
                        "1":null
                    },
                    "V":{
                        "0":"6",
                        "1":null
                    },
                    "VI":{
                        "0":"8",
                        "1":null
                    }
                },
                "Set 4":{
                    "I":{
                        "0":null,
                        "1":8.0,
                        "2":19.0
                    },
                    "II":{
                        "0":"1",
                        "1":9,
                        "2":21
                    },
                    "III":{
                        "0":"2",
                        "1":10.0,
                        "2":null
                    },
                    "IV":{
                        "0":"3",
                        "1":12.0,
                        "2":null
                    },
                    "V":{
                        "0":"5",
                        "1":13.0,
                        "2":null
                    },
                    "VI":{
                        "0":"6",
                        "1":14.0,
                        "2":null
                    }
                },
                "Set 5":0
            },
            "Serves 2":{
                "Set 1":{
                    "I":{
                        "0":"0",
                        "1":23
                    },
                    "II":{
                        "0":"3",
                        "1":24
                    },
                    "III":{
                        "0":"7",
                        "1":25
                    },
                    "IV":{
                        "0":"8",
                        "1":null
                    },
                    "V":{
                        "0":"9",
                        "1":null
                    },
                    "VI":{
                        "0":"12",
                        "1":null
                    }
                },
                "Set 2":{
                    "I":{
                        "0":"0",
                        "1":11,
                        "2":19
                    },
                    "II":{
                        "0":"3",
                        "1":12,
                        "2":21
                    },
                    "III":{
                        "0":"4",
                        "1":13.0,
                        "2":null
                    },
                    "IV":{
                        "0":"7",
                        "1":14.0,
                        "2":null
                    },
                    "V":{
                        "0":"9",
                        "1":17.0,
                        "2":null
                    },
                    "VI":{
                        "0":"10",
                        "1":18.0,
                        "2":null
                    }
                },
                "Set 3":{
                    "I":{
                        "0":"7",
                        "1":25
                    },
                    "II":{
                        "0":"11",
                        "1":null
                    },
                    "III":{
                        "0":"12",
                        "1":null
                    },
                    "IV":{
                        "0":"21",
                        "1":null
                    },
                    "V":{
                        "0":"22",
                        "1":null
                    },
                    "VI":{
                        "0":"23",
                        "1":null
                    }
                },
                "Set 4":{
                    "I":{
                        "0":"0",
                        "1":14,
                        "2":24
                    },
                    "II":{
                        "0":"4",
                        "1":15,
                        "2":25
                    },
                    "III":{
                        "0":"5",
                        "1":18.0,
                        "2":null
                    },
                    "IV":{
                        "0":"8",
                        "1":19.0,
                        "2":null
                    },
                    "V":{
                        "0":"9",
                        "1":20.0,
                        "2":null
                    },
                    "VI":{
                        "0":"11",
                        "1":21.0,
                        "2":null
                    }
                },
                "Set 5":0
            },
            "Timeouts 1":{
                "Set 1":{
                    "T":{
                        "0":"3:6",
                        "1":"10:19"
                    }
                },
                "Set 2":{
                    "T":{
                        "0":"18:17",
                        "1":"24:21"
                    }
                },
                "Set 3":{
                    "T":{
                        "0":"0:5",
                        "1":"4:21"
                    }
                },
                "Set 4":{
                    "T":{
                        "0":"1:4",
                        "1":"19:22"
                    }
                },
                "Set 5":0
            },
            "Timeouts 2":{
                "Set 1":{
                    "T":{

                    }
                },
                "Set 2":{
                    "T":{
                        "0":"11:13",
                        "1":"17:20"
                    }
                },
                "Set 3":{
                    "T":{

                    }
                },
                "Set 4":{
                    "T":{
                        "0":"21:17"
                    }
                },
                "Set 5":0
            }
        },
        "Teams":{
            "Name":{
                "Team 1":"ASPTT DE CAEN",
                "Team 2":"RENNES ETUDIANTS CLUB 2"
            },
            "Players":{
                "Team 1":{
                    "N\u00b0":{
                        "0":1,
                        "1":2,
                        "2":4,
                        "3":6,
                        "4":9,
                        "5":10,
                        "6":14,
                        "7":15,
                        "8":18,
                        "9":20
                    },
                    "Nom Pr\u00e9nom":{
                        "0":"BAKER ALYSIA",
                        "1":"MARTIN CECILIA",
                        "2":"LAME AURELIE",
                        "3":"MALLEK MAROUA",
                        "4":"LE DUFF CLARA",
                        "5":"DUMAND LEA",
                        "6":"SCELLOS CHARLOTTE",
                        "7":"BELLAIL LAURA",
                        "8":"KEITA KAFING",
                        "9":"GUITTENIT AXELLE"
                    },
                    "Licence":{
                        "0":2187010,
                        "1":1680044,
                        "2":1891494,
                        "3":2043152,
                        "4":1998084,
                        "5":2049509,
                        "6":2071704,
                        "7":1993564,
                        "8":1922829,
                        "9":1831135
                    }
                },
                "Team 2":{
                    "N\u00b0":{
                        "0":2,
                        "1":3,
                        "2":5,
                        "3":6,
                        "4":7,
                        "5":8,
                        "6":9,
                        "7":15,
                        "8":16,
                        "9":18
                    },
                    "Nom Pr\u00e9nom":{
                        "0":"DELANGHE LAURIE",
                        "1":"WARTH NO\u00cbMIE",
                        "2":"SAULNIER ELOISE",
                        "3":"LEMETAYER EMMA",
                        "4":"AMINTAS DIANE",
                        "5":"RIOU ENORA",
                        "6":"DELANGHE C\u00c9LIA",
                        "7":"BESLY LEA",
                        "8":"HAMON ELISE",
                        "9":"HUBERT LENA"
                    },
                    "Licence":{
                        "0":1906120,
                        "1":1995428,
                        "2":1898438,
                        "3":1990352,
                        "4":1829360,
                        "5":2009761,
                        "6":1906121,
                        "7":1804634,
                        "8":1896683,
                        "9":1943234
                    }
                }
            },
            "Liberos":{
                "Team 1":{
                    "N\u00b0":{
                        "0":14,
                        "1":15
                    },
                    "Nom Pr\u00e9nom":{
                        "0":"SCELLOS CHARLOTTE",
                        "1":"BELLAIL LAURA"
                    },
                    "Licence":{
                        "0":2071704,
                        "1":1993564
                    }
                },
                "Team 2":{
                    "N\u00b0":{
                        "0":18
                    },
                    "Nom Pr\u00e9nom":{
                        "0":"HUBERT LENA"
                    },
                    "Licence":{
                        "0":1943234
                    }
                }
            },
            "Officials":{
                "Team 1":{
                    "N\u00b0":{
                        "0":"EA"
                    },
                    "Nom Pr\u00e9nom":{
                        "0":"SCELLOS FREDERIC"
                    },
                    "Licence":{
                        "0":878660
                    }
                },
                "Team 2":{
                    "N\u00b0":{
                        "0":"EA"
                    },
                    "Nom Pr\u00e9nom":{
                        "0":"COPIN LUCAS"
                    },
                    "Licence":{
                        "0":1834173
                    }
                }
            }
        },
        "Results":{
            "winner":"RENNES ETUDIANTS CLUB",
            "score":"3\/1"
        },
        "Referees":{
            "NOM Pr\u00e9nom":{
                "1er":"MERTENS SEBASTIEN",
                "2\u00e8me":"CARRIERE DAVID",
                "Marqueur":"GENETEY RUDY",
                "Marq.Ass":".",
                "R.Salle":"CHARBONNIER NORMAN"
            },
            "Ligue":{
                "1er":"LIG_HDF",
                "2\u00e8me":"LIG_NO",
                "Marqueur":"LIG_NO",
                "Marq.Ass":null,
                "R.Salle":"LIG_NO"
            },
            "Licence":{
                "1er":1911361.0,
                "2\u00e8me":493403.0,
                "Marqueur":2304245.0,
                "Marq.Ass":null,
                "R.Salle":2021016.0
            }
        },
        "Penalties":{

        }
    }
}