{
    "Match":{
        "Title":{
            "div_code":"3FH ",
            "div_name":"NATIONALE 3 FEMININE POULE H",
            "div_pool":"",
            "match_number":"3FH089",
            "match_day":"15",
            "city":"RENNES",
            "gym":"GYMNASE CDT BOUGOUIN",
            "category":"SENIOR | FEMININE",
            "ligue":"Comp\u00e9titions Nationales SENIORS",
            "date":"2020-03-01 16:00:00",
            "team_1":"C.P.B. RENNES 35",
            "team_2":"ETOILE ST LAURENT"
        },
        "Sets":{
            "Teams":{
                "Set 1":{
                    "Name":{
                        "Team 1":"C.P.B. RENNES 35",
                        "Team 2":"ETOILE ST LAURENT"
                    },
                    "Starting":{
                        "Team 1":"Service",
                        "Team 2":"Reception"
                    }
                },
                "Set 2":{
                    "Name":{
                        "Team 1":"C.P.B. RENNES 35",
                        "Team 2":"ETOILE ST LAURENT"
                    },
                    "Starting":{
                        "Team 1":"Reception",
                        "Team 2":"Service"
                    }
                },
                "Set 3":{
                    "Name":{
                        "Team 1":"C.P.B. RENNES 35",
                        "Team 2":"ETOILE ST LAURENT"
                    },
                    "Starting":{
                        "Team 1":"Service",
                        "Team 2":"Reception"
                    }
                },
                "Set 4":{
                    "Name":{
                        "Team 1":"C.P.B. RENNES 35",
                        "Team 2":"ETOILE ST LAURENT"
                    },
                    "Starting":{
                        "Team 1":"Reception",
                        "Team 2":"Service"
                    }
                },
                "Set 5":0
            },
            "Time":{
                "Set 1":{
                    "Time":{
                        "Start":"2020-03-01 17:02:00",
                        "End":"2020-03-01 17:30:00"
                    }
                },
                "Set 2":{
                    "Time":{
                        "Start":"2020-03-01 17:34:00",
                        "End":"2020-03-01 17:55:00"
                    }
                },
                "Set 3":{
                    "Time":{
                        "Start":"2020-03-01 17:59:00",
                        "End":"2020-03-01 18:25:00"
                    }
                },
                "Set 4":{
                    "Time":{
                        "Start":"2020-03-01 18:29:00",
                        "End":"2020-03-01 18:55:00"
                    }
                },
                "Set 5":0
            },
            "Substitutions 1":{
                "Set 1":{
                    "I":{
                        "0":3.0,
                        "1":null,
                        "2":null,
                        "3":null
                    },
                    "II":{
                        "0":"6",
                        "1":"5",
                        "2":"16:14",
                        "3":"18:17"
                    },
                    "III":{
                        "0":7.0,
                        "1":null,
                        "2":null,
                        "3":null
                    },
                    "IV":{
                        "0":12.0,
                        "1":null,
                        "2":null,
                        "3":null
                    },
                    "V":{
                        "0":9.0,
                        "1":null,
                        "2":null,
                        "3":null
                    },
                    "VI":{
                        "0":16.0,
                        "1":null,
                        "2":null,
                        "3":null
                    }
                },
                "Set 2":{
                    "I":{
                        "0":16.0,
                        "1":null,
                        "2":null
                    },
                    "II":{
                        "0":3.0,
                        "1":null,
                        "2":null
                    },
                    "III":{
                        "0":"6",
                        "1":"5",
                        "2":"19:18"
                    },
                    "IV":{
                        "0":7.0,
                        "1":null,
                        "2":null
                    },
                    "V":{
                        "0":12.0,
                        "1":null,
                        "2":null
                    },
                    "VI":{
                        "0":9.0,
                        "1":null,
                        "2":null
                    }
                },
                "Set 3":{
                    "I":{
                        "0":3.0,
                        "1":null,
                        "2":null,
                        "3":null
                    },
                    "II":{
                        "0":6.0,
                        "1":null,
                        "2":null,
                        "3":null
                    },
                    "III":{
                        "0":16.0,
                        "1":null,
                        "2":null,
                        "3":null
                    },
                    "IV":{
                        "0":"12",
                        "1":"4",
                        "2":"21:23",
                        "3":null
                    },
                    "V":{
                        "0":"9",
                        "1":"5",
                        "2":"16:13",
                        "3":"21:21"
                    },
                    "VI":{
                        "0":7.0,
                        "1":null,
                        "2":null,
                        "3":null
                    }
                },
                "Set 4":{
                    "I":{
                        "0":7.0,
                        "1":null,
                        "2":null
                    },
                    "II":{
                        "0":3.0,
                        "1":null,
                        "2":null
                    },
                    "III":{
                        "0":"6",
                        "1":"5",
                        "2":"7:11"
                    },
                    "IV":{
                        "0":16.0,
                        "1":null,
                        "2":null
                    },
                    "V":{
                        "0":12.0,
                        "1":null,
                        "2":null
                    },
                    "VI":{
                        "0":"9",
                        "1":"4",
                        "2":"11:19"
                    }
                },
                "Set 5":0
            },
            "Substitutions 2":{
                "Set 1":{
                    "I":{
                        "0":13.0,
                        "1":null,
                        "2":null
                    },
                    "II":{
                        "0":6.0,
                        "1":null,
                        "2":null
                    },
                    "III":{
                        "0":"11",
                        "1":"4",
                        "2":"9:13"
                    },
                    "IV":{
                        "0":9.0,
                        "1":null,
                        "2":null
                    },
                    "V":{
                        "0":3.0,
                        "1":null,
                        "2":null
                    },
                    "VI":{
                        "0":12.0,
                        "1":null,
                        "2":null
                    }
                },
                "Set 2":{
                    "I":{
                        "0":6.0,
                        "1":null,
                        "2":null,
                        "3":null
                    },
                    "II":{
                        "0":4.0,
                        "1":null,
                        "2":null,
                        "3":null
                    },
                    "III":{
                        "0":9.0,
                        "1":null,
                        "2":null,
                        "3":null
                    },
                    "IV":{
                        "0":3.0,
                        "1":null,
                        "2":null,
                        "3":null
                    },
                    "V":{
                        "0":12.0,
                        "1":null,
                        "2":null,
                        "3":null
                    },
                    "VI":{
                        "0":"13",
                        "1":"2",
                        "2":"18:19",
                        "3":"18:20"
                    }
                },
                "Set 3":{
                    "I":{
                        "0":13.0,
                        "1":null,
                        "2":null
                    },
                    "II":{
                        "0":6.0,
                        "1":null,
                        "2":null
                    },
                    "III":{
                        "0":"11",
                        "1":"4",
                        "2":"11:14"
                    },
                    "IV":{
                        "0":9.0,
                        "1":null,
                        "2":null
                    },
                    "V":{
                        "0":3.0,
                        "1":null,
                        "2":null
                    },
                    "VI":{
                        "0":12.0,
                        "1":null,
                        "2":null
                    }
                },
                "Set 4":{
                    "I":{
                        "0":6.0,
                        "1":null,
                        "2":null,
                        "3":null
                    },
                    "II":{
                        "0":11.0,
                        "1":null,
                        "2":null,
                        "3":null
                    },
                    "III":{
                        "0":9.0,
                        "1":null,
                        "2":null,
                        "3":null
                    },
                    "IV":{
                        "0":3.0,
                        "1":null,
                        "2":null,
                        "3":null
                    },
                    "V":{
                        "0":12.0,
                        "1":null,
                        "2":null,
                        "3":null
                    },
                    "VI":{
                        "0":"13",
                        "1":"7",
                        "2":"15:8",
                        "3":"20:11"
                    }
                },
                "Set 5":0
            },
            "Serves 1":{
                "Set 1":{
                    "I":{
                        "0":"0",
                        "1":17
                    },
                    "II":{
                        "0":"1",
                        "1":18
                    },
                    "III":{
                        "0":"2",
                        "1":21
                    },
                    "IV":{
                        "0":"5",
                        "1":23
                    },
                    "V":{
                        "0":"14",
                        "1":null
                    },
                    "VI":{
                        "0":"16",
                        "1":null
                    }
                },
                "Set 2":{
                    "I":{
                        "0":null,
                        "1":7.0,
                        "2":20.0
                    },
                    "II":{
                        "0":"1",
                        "1":11,
                        "2":25
                    },
                    "III":{
                        "0":"2",
                        "1":14.0,
                        "2":null
                    },
                    "IV":{
                        "0":"4",
                        "1":16.0,
                        "2":null
                    },
                    "V":{
                        "0":"5",
                        "1":18.0,
                        "2":null
                    },
                    "VI":{
                        "0":"6",
                        "1":19.0,
                        "2":null
                    }
                },
                "Set 3":{
                    "I":{
                        "0":"2",
                        "1":15
                    },
                    "II":{
                        "0":"4",
                        "1":16
                    },
                    "III":{
                        "0":"6",
                        "1":19
                    },
                    "IV":{
                        "0":"8",
                        "1":20
                    },
                    "V":{
                        "0":"9",
                        "1":21
                    },
                    "VI":{
                        "0":"10",
                        "1":null
                    }
                },
                "Set 4":{
                    "I":{
                        "0":null,
                        "1":9.0
                    },
                    "II":{
                        "0":"2",
                        "1":10
                    },
                    "III":{
                        "0":"5",
                        "1":11
                    },
                    "IV":{
                        "0":"6",
                        "1":null
                    },
                    "V":{
                        "0":"7",
                        "1":null
                    },
                    "VI":{
                        "0":"8",
                        "1":null
                    }
                },
                "Set 5":0
            },
            "Serves 2":{
                "Set 1":{
                    "I":{
                        "0":null,
                        "1":15.0
                    },
                    "II":{
                        "0":"2",
                        "1":17
                    },
                    "III":{
                        "0":"6",
                        "1":18
                    },
                    "IV":{
                        "0":"7",
                        "1":20
                    },
                    "V":{
                        "0":"9",
                        "1":25
                    },
                    "VI":{
                        "0":"10",
                        "1":null
                    }
                },
                "Set 2":{
                    "I":{
                        "0":"0",
                        "1":8,
                        "2":19
                    },
                    "II":{
                        "0":"2",
                        "1":9.0,
                        "2":null
                    },
                    "III":{
                        "0":"3",
                        "1":12.0,
                        "2":null
                    },
                    "IV":{
                        "0":"4",
                        "1":14.0,
                        "2":null
                    },
                    "V":{
                        "0":"5",
                        "1":17.0,
                        "2":null
                    },
                    "VI":{
                        "0":"7",
                        "1":18.0,
                        "2":null
                    }
                },
                "Set 3":{
                    "I":{
                        "0":null,
                        "1":11.0
                    },
                    "II":{
                        "0":"1",
                        "1":13
                    },
                    "III":{
                        "0":"3",
                        "1":16
                    },
                    "IV":{
                        "0":"7",
                        "1":20
                    },
                    "V":{
                        "0":"8",
                        "1":21
                    },
                    "VI":{
                        "0":"9",
                        "1":25
                    }
                },
                "Set 4":{
                    "I":{
                        "0":"2",
                        "1":16
                    },
                    "II":{
                        "0":"4",
                        "1":19
                    },
                    "III":{
                        "0":"7",
                        "1":25
                    },
                    "IV":{
                        "0":"8",
                        "1":null
                    },
                    "V":{
                        "0":"14",
                        "1":null
                    },
                    "VI":{
                        "0":"15",
                        "1":null
                    }
                },
                "Set 5":0
            },
            "Timeouts 1":{
                "Set 1":{
                    "T":{
                        "0":"1:6",
                        "1":"21:20"
                    }
                },
                "Set 2":{
                    "T":{
                        "0":"18:17"
                    }
                },
                "Set 3":{
                    "T":{
                        "0":"16:16",
                        "1":"19:20"
                    }
                },
                "Set 4":{
                    "T":{
                        "0":"7:10",
                        "1":"10:19"
                    }
                },
                "Set 5":0
            },
            "Timeouts 2":{
                "Set 1":{
                    "T":{
                        "0":"9:10"
                    }
                },
                "Set 2":{
                    "T":{

                    }
                },
                "Set 3":{
                    "T":{

                    }
                },
                "Set 4":{
                    "T":{

                    }
                },
                "Set 5":0
            }
        },
        "Teams":{
            "Name":{
                "Team 1":"C.P.B. RENNES 35",
                "Team 2":"ETOILE ST LAURENT"
            },
            "Players":{
                "Team 1":{
                    "N\u00b0":{
                        "0":3,
                        "1":4,
                        "2":5,
                        "3":6,
                        "4":7,
                        "5":9,
                        "6":12,
                        "7":13,
                        "8":15,
                        "9":16
                    },
                    "Nom Pr\u00e9nom":{
                        "0":"PICARD ZOE",
                        "1":"BRAULT SOIZIC",
                        "2":"AIROLA ROMANE",
                        "3":"MAURICE JUSTINE",
                        "4":"BOISSELIER ERINE",
                        "5":"TOUTAIN JULIE",
                        "6":"DELAUNAY MARGOT",
                        "7":"PERRIER JADE",
                        "8":"DE THY MORGANE",
                        "9":"CHAROLLAIS ANAIS"
                    },
                    "Licence":{
                        "0":1839650,
                        "1":1897648,
                        "2":1727546,
                        "3":1791585,
                        "4":2106545,
                        "5":1675244,
                        "6":1822351,
                        "7":1891676,
                        "8":1146767,
                        "9":1537445
                    }
                },
                "Team 2":{
                    "N\u00b0":{
                        "0":2,
                        "1":3,
                        "2":4,
                        "3":6,
                        "4":7,
                        "5":9,
                        "6":11,
                        "7":12,
                        "8":13,
                        "9":14
                    },
                    "Nom Pr\u00e9nom":{
                        "0":"SCAVINNER AMBRE",
                        "1":"LESVEN LAURINE",
                        "2":"DUSSOT SEVERINE",
                        "3":"PAUL MARINE",
                        "4":"GELEBART TIPHAINE",
                        "5":"PIGACHE CELINE",
                        "6":"FAVRE CAROLINE",
                        "7":"FORMANKOVA MICHAELA",
                        "8":"DERRIEN AURELIE",
                        "9":"BRETEL MA\u00cfNA"
                    },
                    "Licence":{
                        "0":2020376,
                        "1":1537617,
                        "2":2242449,
                        "3":1602147,
                        "4":2164188,
                        "5":1218020,
                        "6":1547537,
                        "7":1859584,
                        "8":1136085,
                        "9":2013319
                    }
                }
            },
            "Liberos":{
                "Team 1":{
                    "N\u00b0":{
                        "0":13
                    },
                    "Nom Pr\u00e9nom":{
                        "0":"PERRIER JADE"
                    },
                    "Licence":{
                        "0":1891676
                    }
                },
                "Team 2":{
                    "N\u00b0":{
                        "0":14
                    },
                    "Nom Pr\u00e9nom":{
                        "0":"BRETEL MA\u00cfNA"
                    },
                    "Licence":{
                        "0":2013319
                    }
                }
            },
            "Officials":{
                "Team 1":{
                    "N\u00b0":{
                        "0":"EA"
                    },
                    "Nom Pr\u00e9nom":{
                        "0":"DE THY MORGANE"
                    },
                    "Licence":{
                        "0":1146767
                    }
                },
                "Team 2":{
                    "N\u00b0":{
                        "0":"EA"
                    },
                    "Nom Pr\u00e9nom":{
                        "0":"JOUAN THOMAS"
                    },
                    "Licence":{
                        "0":1678210
                    }
                }
            }
        },
        "Results":{
            "winner":"ETOILE ST LAURENT",
            "score":"3\/1"
        },
        "Referees":{
            "NOM Pr\u00e9nom":{
                "1er":"MARLIERE HEDIN ANTOINE",
                "2\u00e8me":"PITOUX LAURENT",
                "Marqueur":"COMBOT LOLA",
                "Marq.Ass":".",
                "R.Salle":"CHEVALLIER PAUL"
            },
            "Ligue":{
                "1er":"LIG_BR",
                "2\u00e8me":"LIG_IF",
                "Marqueur":"LIG_BR",
                "Marq.Ass":null,
                "R.Salle":null
            },
            "Licence":{
                "1er":1894020.0,
                "2\u00e8me":1382264.0,
                "Marqueur":2098697.0,
                "Marq.Ass":null,
                "R.Salle":2425504.0
            }
        },
        "Penalties":{

        }
    }
}