{
    "Match":{
        "Title":{
            "div_code":"3FF ",
            "div_name":"NATIONALE 3 FEMININE POULE F",
            "div_pool":"",
            "match_number":"3FF060",
            "match_day":"10",
            "city":"LONGUEAU",
            "gym":"GYMNASE PELLERIN (CES)",
            "category":"SENIOR | FEMININE",
            "ligue":"Comp\u00e9titions Nationales SENIORS",
            "date":"2020-01-19 14:00:00",
            "team_1":"LONGUEAU AMIENS METROPOLE VOLLEY-BALL",
            "team_2":"LE HAVRE ESTUAIRE VOLLEY-BALL"
        },
        "Sets":{
            "Teams":{
                "Set 1":{
                    "Name":{
                        "Team 1":"LONGUEAU AMIENS METROP",
                        "Team 2":"LE HAVRE ESTUAIRE VOLL"
                    },
                    "Starting":{
                        "Team 1":"Reception",
                        "Team 2":"Service"
                    }
                },
                "Set 2":{
                    "Name":{
                        "Team 1":"LONGUEAU AMIENS METROP",
                        "Team 2":"LE HAVRE ESTUAIRE VOLL"
                    },
                    "Starting":{
                        "Team 1":"Reception",
                        "Team 2":"Service"
                    }
                },
                "Set 3":{
                    "Name":{
                        "Team 1":"LONGUEAU AMIENS METROP",
                        "Team 2":"LE HAVRE ESTUAIRE VOLL"
                    },
                    "Starting":{
                        "Team 1":"Reception",
                        "Team 2":"Service"
                    }
                },
                "Set 4":{
                    "Name":{
                        "Team 1":"LONGUEAU AMIENS METROP",
                        "Team 2":"LE HAVRE ESTUAIRE VOLL"
                    },
                    "Starting":{
                        "Team 1":"Reception",
                        "Team 2":"Service"
                    }
                },
                "Set 5":0
            },
            "Time":{
                "Set 1":{
                    "Time":{
                        "Start":"2020-01-19 13:51:00",
                        "End":"2020-01-19 14:23:00"
                    }
                },
                "Set 2":{
                    "Time":{
                        "Start":"2020-01-19 14:25:00",
                        "End":"2020-01-19 14:51:00"
                    }
                },
                "Set 3":{
                    "Time":{
                        "Start":"2020-01-19 14:53:00",
                        "End":"2020-01-19 15:25:00"
                    }
                },
                "Set 4":{
                    "Time":{
                        "Start":"2020-01-19 15:28:00",
                        "End":"2020-01-19 15:54:00"
                    }
                },
                "Set 5":0
            },
            "Substitutions 1":{
                "Set 1":{
                    "I":{
                        "0":3
                    },
                    "II":{
                        "0":7
                    },
                    "III":{
                        "0":9
                    },
                    "IV":{
                        "0":11
                    },
                    "V":{
                        "0":18
                    },
                    "VI":{
                        "0":4
                    }
                },
                "Set 2":{
                    "I":{
                        "0":"3",
                        "1":"1",
                        "2":"14:9"
                    },
                    "II":{
                        "0":7.0,
                        "1":null,
                        "2":null
                    },
                    "III":{
                        "0":"9",
                        "1":"8",
                        "2":"13:7"
                    },
                    "IV":{
                        "0":11.0,
                        "1":null,
                        "2":null
                    },
                    "V":{
                        "0":18.0,
                        "1":null,
                        "2":null
                    },
                    "VI":{
                        "0":"4",
                        "1":"13",
                        "2":"20:13"
                    }
                },
                "Set 3":{
                    "I":{
                        "0":1.0,
                        "1":null,
                        "2":null
                    },
                    "II":{
                        "0":"7",
                        "1":"9",
                        "2":"22:18"
                    },
                    "III":{
                        "0":8.0,
                        "1":null,
                        "2":null
                    },
                    "IV":{
                        "0":11.0,
                        "1":null,
                        "2":null
                    },
                    "V":{
                        "0":18.0,
                        "1":null,
                        "2":null
                    },
                    "VI":{
                        "0":"4",
                        "1":"13",
                        "2":"16:12"
                    }
                },
                "Set 4":{
                    "I":{
                        "0":3.0,
                        "1":null,
                        "2":null
                    },
                    "II":{
                        "0":"11",
                        "1":"5",
                        "2":"24:17"
                    },
                    "III":{
                        "0":9.0,
                        "1":null,
                        "2":null
                    },
                    "IV":{
                        "0":4.0,
                        "1":null,
                        "2":null
                    },
                    "V":{
                        "0":18.0,
                        "1":null,
                        "2":null
                    },
                    "VI":{
                        "0":13.0,
                        "1":null,
                        "2":null
                    }
                },
                "Set 5":0
            },
            "Substitutions 2":{
                "Set 1":{
                    "I":{
                        "0":6.0,
                        "1":null,
                        "2":null
                    },
                    "II":{
                        "0":15.0,
                        "1":null,
                        "2":null
                    },
                    "III":{
                        "0":7.0,
                        "1":null,
                        "2":null
                    },
                    "IV":{
                        "0":10.0,
                        "1":null,
                        "2":null
                    },
                    "V":{
                        "0":14.0,
                        "1":null,
                        "2":null
                    },
                    "VI":{
                        "0":"1",
                        "1":"11",
                        "2":"12:15"
                    }
                },
                "Set 2":{
                    "I":{
                        "0":6
                    },
                    "II":{
                        "0":15
                    },
                    "III":{
                        "0":7
                    },
                    "IV":{
                        "0":10
                    },
                    "V":{
                        "0":14
                    },
                    "VI":{
                        "0":11
                    }
                },
                "Set 3":{
                    "I":{
                        "0":6
                    },
                    "II":{
                        "0":15
                    },
                    "III":{
                        "0":7
                    },
                    "IV":{
                        "0":10
                    },
                    "V":{
                        "0":14
                    },
                    "VI":{
                        "0":11
                    }
                },
                "Set 4":{
                    "I":{
                        "0":6
                    },
                    "II":{
                        "0":15
                    },
                    "III":{
                        "0":7
                    },
                    "IV":{
                        "0":10
                    },
                    "V":{
                        "0":14
                    },
                    "VI":{
                        "0":11
                    }
                },
                "Set 5":0
            },
            "Serves 1":{
                "Set 1":{
                    "I":{
                        "0":null,
                        "1":25.0
                    },
                    "II":{
                        "0":"1",
                        "1":null
                    },
                    "III":{
                        "0":"3",
                        "1":null
                    },
                    "IV":{
                        "0":"6",
                        "1":null
                    },
                    "V":{
                        "0":"9",
                        "1":null
                    },
                    "VI":{
                        "0":"15",
                        "1":null
                    }
                },
                "Set 2":{
                    "I":{
                        "0":null,
                        "1":13.0,
                        "2":25.0
                    },
                    "II":{
                        "0":"3",
                        "1":16.0,
                        "2":null
                    },
                    "III":{
                        "0":"5",
                        "1":17.0,
                        "2":null
                    },
                    "IV":{
                        "0":"7",
                        "1":18.0,
                        "2":null
                    },
                    "V":{
                        "0":"10",
                        "1":20.0,
                        "2":null
                    },
                    "VI":{
                        "0":"12",
                        "1":22.0,
                        "2":null
                    }
                },
                "Set 3":{
                    "I":{
                        "0":null,
                        "1":11.0,
                        "2":22.0
                    },
                    "II":{
                        "0":"2",
                        "1":12,
                        "2":24
                    },
                    "III":{
                        "0":"5",
                        "1":16.0,
                        "2":null
                    },
                    "IV":{
                        "0":"6",
                        "1":17.0,
                        "2":null
                    },
                    "V":{
                        "0":"8",
                        "1":18.0,
                        "2":null
                    },
                    "VI":{
                        "0":"10",
                        "1":21.0,
                        "2":null
                    }
                },
                "Set 4":{
                    "I":{
                        "0":null,
                        "1":22.0
                    },
                    "II":{
                        "0":"2",
                        "1":25
                    },
                    "III":{
                        "0":"4",
                        "1":null
                    },
                    "IV":{
                        "0":"8",
                        "1":null
                    },
                    "V":{
                        "0":"17",
                        "1":null
                    },
                    "VI":{
                        "0":"21",
                        "1":null
                    }
                },
                "Set 5":0
            },
            "Serves 2":{
                "Set 1":{
                    "I":{
                        "0":"2"
                    },
                    "II":{
                        "0":"4"
                    },
                    "III":{
                        "0":"8"
                    },
                    "IV":{
                        "0":"9"
                    },
                    "V":{
                        "0":"12"
                    },
                    "VI":{
                        "0":"14"
                    }
                },
                "Set 2":{
                    "I":{
                        "0":"0",
                        "1":9
                    },
                    "II":{
                        "0":"1",
                        "1":11
                    },
                    "III":{
                        "0":"4",
                        "1":12
                    },
                    "IV":{
                        "0":"5",
                        "1":13
                    },
                    "V":{
                        "0":"6",
                        "1":15
                    },
                    "VI":{
                        "0":"7",
                        "1":16
                    }
                },
                "Set 3":{
                    "I":{
                        "0":"0",
                        "1":9,
                        "2":23
                    },
                    "II":{
                        "0":"1",
                        "1":10,
                        "2":26
                    },
                    "III":{
                        "0":"2",
                        "1":15.0,
                        "2":null
                    },
                    "IV":{
                        "0":"5",
                        "1":16.0,
                        "2":null
                    },
                    "V":{
                        "0":"6",
                        "1":17.0,
                        "2":null
                    },
                    "VI":{
                        "0":"7",
                        "1":18.0,
                        "2":null
                    }
                },
                "Set 4":{
                    "I":{
                        "0":"1",
                        "1":17
                    },
                    "II":{
                        "0":"3",
                        "1":null
                    },
                    "III":{
                        "0":"4",
                        "1":null
                    },
                    "IV":{
                        "0":"5",
                        "1":null
                    },
                    "V":{
                        "0":"7",
                        "1":null
                    },
                    "VI":{
                        "0":"10",
                        "1":null
                    }
                },
                "Set 5":0
            },
            "Timeouts 1":{
                "Set 1":{
                    "T":{
                        "0":"9:12"
                    }
                },
                "Set 2":{
                    "T":{

                    }
                },
                "Set 3":{
                    "T":{
                        "0":"16:14",
                        "1":"17:16"
                    }
                },
                "Set 4":{
                    "T":{
                        "0":"22:14"
                    }
                },
                "Set 5":0
            },
            "Timeouts 2":{
                "Set 1":{
                    "T":{
                        "0":"9:9",
                        "1":"14:17"
                    }
                },
                "Set 2":{
                    "T":{
                        "0":"6:12",
                        "1":"15:22"
                    }
                },
                "Set 3":{
                    "T":{
                        "0":"10:14",
                        "1":"17:20"
                    }
                },
                "Set 4":{
                    "T":{
                        "0":"5:12",
                        "1":"7:21"
                    }
                },
                "Set 5":0
            }
        },
        "Teams":{
            "Name":{
                "Team 1":"LONGUEAU AMIENS METROPOLE VO",
                "Team 2":"LE HAVRE ESTUAIRE VOLLEY-BALL"
            },
            "Players":{
                "Team 1":{
                    "N\u00b0":{
                        "0":1,
                        "1":2,
                        "2":3,
                        "3":4,
                        "4":5,
                        "5":7,
                        "6":8,
                        "7":9,
                        "8":11,
                        "9":13,
                        "10":14,
                        "11":18
                    },
                    "Nom Pr\u00e9nom":{
                        "0":"LENTZ COLLEEN",
                        "1":"CARREEL SAMANTHA",
                        "2":"CADART JULIE",
                        "3":"LOUBARD LEILA",
                        "4":"BRAY CHLOE",
                        "5":"ALLEMEERSCH MORGANE",
                        "6":"CANLERS JULIE",
                        "7":"DARRAS CAMILLE",
                        "8":"MALIVOIR ELEONORE",
                        "9":"LAPEYRONIE CECILE",
                        "10":"DEVAUX JULIE",
                        "11":"YUWEI LI"
                    },
                    "Licence":{
                        "0":2004272,
                        "1":1578730,
                        "2":1209171,
                        "3":1722871,
                        "4":1666010,
                        "5":1771927,
                        "6":2139282,
                        "7":2049859,
                        "8":2003836,
                        "9":2004275,
                        "10":1897588,
                        "11":2411202
                    }
                },
                "Team 2":{
                    "N\u00b0":{
                        "0":1,
                        "1":3,
                        "2":4,
                        "3":6,
                        "4":7,
                        "5":10,
                        "6":11,
                        "7":13,
                        "8":14,
                        "9":15
                    },
                    "Nom Pr\u00e9nom":{
                        "0":"JOUNINET PRESCILLIA",
                        "1":"LANGEVIN CELINE",
                        "2":"BERNAD KEZIA",
                        "3":"LAMANDE LENA",
                        "4":"BENABDESSELAM SABAH",
                        "5":"HAMOUM AMEL",
                        "6":"NAGLOO KAREN",
                        "7":"RICORDEAU MARION",
                        "8":"PAPILLON SARAH",
                        "9":"POUPET CELINE"
                    },
                    "Licence":{
                        "0":2248332,
                        "1":1548653,
                        "2":2053296,
                        "3":1870072,
                        "4":1888602,
                        "5":2436818,
                        "6":1738306,
                        "7":1430581,
                        "8":2037662,
                        "9":1825889
                    }
                }
            },
            "Liberos":{
                "Team 1":{
                    "N\u00b0":{
                        "0":2,
                        "1":14
                    },
                    "Nom Pr\u00e9nom":{
                        "0":"CARREEL SAMANTHA",
                        "1":"DEVAUX JULIE"
                    },
                    "Licence":{
                        "0":1578730,
                        "1":1897588
                    }
                },
                "Team 2":{
                    "N\u00b0":{
                        "0":3,
                        "1":4
                    },
                    "Nom Pr\u00e9nom":{
                        "0":"LANGEVIN CELINE",
                        "1":"BERNAD KEZIA"
                    },
                    "Licence":{
                        "0":1548653,
                        "1":2053296
                    }
                }
            },
            "Officials":{
                "Team 1":{
                    "N\u00b0":{
                        "0":"EA",
                        "1":"EB"
                    },
                    "Nom Pr\u00e9nom":{
                        "0":"BEVILACQUA CLEMENT",
                        "1":"LORIETTE CEDRIC"
                    },
                    "Licence":{
                        "0":1025966,
                        "1":1066794
                    }
                },
                "Team 2":{
                    "N\u00b0":{
                        "0":"EA"
                    },
                    "Nom Pr\u00e9nom":{
                        "0":"TABET HAZIZ"
                    },
                    "Licence":{
                        "0":530477
                    }
                }
            }
        },
        "Results":{
            "winner":"LONGUEAU AMIENS METROP",
            "score":"3\/1"
        },
        "Referees":{
            "NOM Pr\u00e9nom":{
                "1er":"ELOY GUILLAUME",
                "2\u00e8me":"JAMET ADRIEN",
                "Marqueur":"COYETTE MATHIEU",
                "Marq.Ass":".",
                "R.Salle":"CARREEL THIERRY"
            },
            "Ligue":{
                "1er":"LIG_HDF",
                "2\u00e8me":"LIG_GES",
                "Marqueur":"LIG_HDF",
                "Marq.Ass":null,
                "R.Salle":"LIG_HDF"
            },
            "Licence":{
                "1er":1720533.0,
                "2\u00e8me":1129740.0,
                "Marqueur":2314593.0,
                "Marq.Ass":null,
                "R.Salle":1647893.0
            }
        },
        "Penalties":{

        }
    }
}