{
    "Match":{
        "Title":{
            "div_code":"3FF ",
            "div_name":"NATIONALE 3 FEMININE POULE F",
            "div_pool":"",
            "match_number":"3FF014",
            "match_day":"03",
            "city":"BOULOGNE BILLANCOURT",
            "gym":"COUCHOT",
            "category":"SENIOR | FEMININE",
            "ligue":"Comp\u00e9titions Nationales SENIORS",
            "date":"2019-10-27 14:00:00",
            "team_1":"ACBB",
            "team_2":"VINCENNES VOLLEY CLUB"
        },
        "Sets":{
            "Teams":{
                "Set 1":{
                    "Name":{
                        "Team 1":"ACBB",
                        "Team 2":"VINCENNES VOLLEY CLUB"
                    },
                    "Starting":{
                        "Team 1":"Reception",
                        "Team 2":"Service"
                    }
                },
                "Set 2":{
                    "Name":{
                        "Team 1":"ACBB",
                        "Team 2":"VINCENNES VOLLEY CLUB"
                    },
                    "Starting":{
                        "Team 1":"Service",
                        "Team 2":"Reception"
                    }
                },
                "Set 3":{
                    "Name":{
                        "Team 1":"ACBB",
                        "Team 2":"VINCENNES VOLLEY CLUB"
                    },
                    "Starting":{
                        "Team 1":"Reception",
                        "Team 2":"Service"
                    }
                },
                "Set 4":{
                    "Name":{
                        "Team 1":"ACBB",
                        "Team 2":"VINCENNES VOLLEY CLUB"
                    },
                    "Starting":{
                        "Team 1":"Service",
                        "Team 2":"Reception"
                    }
                },
                "Set 5":0
            },
            "Time":{
                "Set 1":{
                    "Time":{
                        "Start":"2019-10-27 14:00:00",
                        "End":"2019-10-27 14:28:00"
                    }
                },
                "Set 2":{
                    "Time":{
                        "Start":"2019-10-27 14:32:00",
                        "End":"2019-10-27 14:59:00"
                    }
                },
                "Set 3":{
                    "Time":{
                        "Start":"2019-10-27 15:02:00",
                        "End":"2019-10-27 15:28:00"
                    }
                },
                "Set 4":{
                    "Time":{
                        "Start":"2019-10-27 15:32:00",
                        "End":"2019-10-27 15:58:00"
                    }
                },
                "Set 5":0
            },
            "Substitutions 1":{
                "Set 1":{
                    "I":{
                        "0":14.0,
                        "1":null,
                        "2":null
                    },
                    "II":{
                        "0":4.0,
                        "1":null,
                        "2":null
                    },
                    "III":{
                        "0":5.0,
                        "1":null,
                        "2":null
                    },
                    "IV":{
                        "0":16.0,
                        "1":null,
                        "2":null
                    },
                    "V":{
                        "0":1.0,
                        "1":null,
                        "2":null
                    },
                    "VI":{
                        "0":"12",
                        "1":"2",
                        "2":"20:24"
                    }
                },
                "Set 2":{
                    "I":{
                        "0":"4",
                        "1":"17",
                        "2":"20:13",
                        "3":null
                    },
                    "II":{
                        "0":5.0,
                        "1":null,
                        "2":null,
                        "3":null
                    },
                    "III":{
                        "0":16.0,
                        "1":null,
                        "2":null,
                        "3":null
                    },
                    "IV":{
                        "0":"1",
                        "1":"11",
                        "2":"19:12",
                        "3":"20:13"
                    },
                    "V":{
                        "0":2.0,
                        "1":null,
                        "2":null,
                        "3":null
                    },
                    "VI":{
                        "0":14.0,
                        "1":null,
                        "2":null,
                        "3":null
                    }
                },
                "Set 3":{
                    "I":{
                        "0":14.0,
                        "1":null,
                        "2":null,
                        "3":null
                    },
                    "II":{
                        "0":4.0,
                        "1":null,
                        "2":null,
                        "3":null
                    },
                    "III":{
                        "0":5.0,
                        "1":null,
                        "2":null,
                        "3":null
                    },
                    "IV":{
                        "0":16.0,
                        "1":null,
                        "2":null,
                        "3":null
                    },
                    "V":{
                        "0":"1",
                        "1":"17",
                        "2":"21:16",
                        "3":"22:18"
                    },
                    "VI":{
                        "0":2.0,
                        "1":null,
                        "2":null,
                        "3":null
                    }
                },
                "Set 4":{
                    "I":{
                        "0":4.0,
                        "1":null,
                        "2":null,
                        "3":null
                    },
                    "II":{
                        "0":5.0,
                        "1":null,
                        "2":null,
                        "3":null
                    },
                    "III":{
                        "0":16.0,
                        "1":null,
                        "2":null,
                        "3":null
                    },
                    "IV":{
                        "0":1.0,
                        "1":null,
                        "2":null,
                        "3":null
                    },
                    "V":{
                        "0":"2",
                        "1":"12",
                        "2":"14:12",
                        "3":"23:18"
                    },
                    "VI":{
                        "0":14.0,
                        "1":null,
                        "2":null,
                        "3":null
                    }
                },
                "Set 5":0
            },
            "Substitutions 2":{
                "Set 1":{
                    "I":{
                        "0":10
                    },
                    "II":{
                        "0":8
                    },
                    "III":{
                        "0":3
                    },
                    "IV":{
                        "0":5
                    },
                    "V":{
                        "0":4
                    },
                    "VI":{
                        "0":7
                    }
                },
                "Set 2":{
                    "I":{
                        "0":7.0,
                        "1":null,
                        "2":null,
                        "3":null
                    },
                    "II":{
                        "0":"10",
                        "1":"12",
                        "2":"13:20",
                        "3":null
                    },
                    "III":{
                        "0":"8",
                        "1":"1",
                        "2":"11:15",
                        "3":"14:22"
                    },
                    "IV":{
                        "0":"3",
                        "1":"6",
                        "2":"10:11",
                        "3":null
                    },
                    "V":{
                        "0":5.0,
                        "1":null,
                        "2":null,
                        "3":null
                    },
                    "VI":{
                        "0":4.0,
                        "1":null,
                        "2":null,
                        "3":null
                    }
                },
                "Set 3":{
                    "I":{
                        "0":"12",
                        "1":"10",
                        "2":"13:20"
                    },
                    "II":{
                        "0":"8",
                        "1":"2",
                        "2":"12:16"
                    },
                    "III":{
                        "0":"6",
                        "1":"3",
                        "2":"12:17"
                    },
                    "IV":{
                        "0":5.0,
                        "1":null,
                        "2":null
                    },
                    "V":{
                        "0":4.0,
                        "1":null,
                        "2":null
                    },
                    "VI":{
                        "0":7.0,
                        "1":null,
                        "2":null
                    }
                },
                "Set 4":{
                    "I":{
                        "0":7.0,
                        "1":null,
                        "2":null
                    },
                    "II":{
                        "0":10.0,
                        "1":null,
                        "2":null
                    },
                    "III":{
                        "0":"2",
                        "1":"8",
                        "2":"0:6"
                    },
                    "IV":{
                        "0":3.0,
                        "1":null,
                        "2":null
                    },
                    "V":{
                        "0":5.0,
                        "1":null,
                        "2":null
                    },
                    "VI":{
                        "0":4.0,
                        "1":null,
                        "2":null
                    }
                },
                "Set 5":0
            },
            "Serves 1":{
                "Set 1":{
                    "I":{
                        "0":null,
                        "1":15.0
                    },
                    "II":{
                        "0":"2",
                        "1":16
                    },
                    "III":{
                        "0":"3",
                        "1":18
                    },
                    "IV":{
                        "0":"10",
                        "1":19
                    },
                    "V":{
                        "0":"11",
                        "1":20
                    },
                    "VI":{
                        "0":"12",
                        "1":22
                    }
                },
                "Set 2":{
                    "I":{
                        "0":"2",
                        "1":10,
                        "2":25
                    },
                    "II":{
                        "0":"3",
                        "1":11.0,
                        "2":null
                    },
                    "III":{
                        "0":"5",
                        "1":18.0,
                        "2":null
                    },
                    "IV":{
                        "0":"7",
                        "1":19.0,
                        "2":null
                    },
                    "V":{
                        "0":"8",
                        "1":20.0,
                        "2":null
                    },
                    "VI":{
                        "0":"9",
                        "1":22.0,
                        "2":null
                    }
                },
                "Set 3":{
                    "I":{
                        "0":null,
                        "1":20.0
                    },
                    "II":{
                        "0":"1",
                        "1":22
                    },
                    "III":{
                        "0":"3",
                        "1":23
                    },
                    "IV":{
                        "0":"6",
                        "1":25
                    },
                    "V":{
                        "0":"7",
                        "1":null
                    },
                    "VI":{
                        "0":"12",
                        "1":null
                    }
                },
                "Set 4":{
                    "I":{
                        "0":"7",
                        "1":14,
                        "2":25
                    },
                    "II":{
                        "0":"8",
                        "1":17.0,
                        "2":null
                    },
                    "III":{
                        "0":"9",
                        "1":19.0,
                        "2":null
                    },
                    "IV":{
                        "0":"10",
                        "1":20.0,
                        "2":null
                    },
                    "V":{
                        "0":"11",
                        "1":23.0,
                        "2":null
                    },
                    "VI":{
                        "0":"12",
                        "1":24.0,
                        "2":null
                    }
                },
                "Set 5":0
            },
            "Serves 2":{
                "Set 1":{
                    "I":{
                        "0":"2",
                        "1":15
                    },
                    "II":{
                        "0":"5",
                        "1":16
                    },
                    "III":{
                        "0":"7",
                        "1":20
                    },
                    "IV":{
                        "0":"12",
                        "1":23
                    },
                    "V":{
                        "0":"13",
                        "1":24
                    },
                    "VI":{
                        "0":"14",
                        "1":25
                    }
                },
                "Set 2":{
                    "I":{
                        "0":null,
                        "1":9.0,
                        "2":16.0
                    },
                    "II":{
                        "0":"2",
                        "1":10.0,
                        "2":null
                    },
                    "III":{
                        "0":"3",
                        "1":11.0,
                        "2":null
                    },
                    "IV":{
                        "0":"5",
                        "1":12.0,
                        "2":null
                    },
                    "V":{
                        "0":"7",
                        "1":13.0,
                        "2":null
                    },
                    "VI":{
                        "0":"8",
                        "1":14.0,
                        "2":null
                    }
                },
                "Set 3":{
                    "I":{
                        "0":"0",
                        "1":16
                    },
                    "II":{
                        "0":"1",
                        "1":18
                    },
                    "III":{
                        "0":"3",
                        "1":19
                    },
                    "IV":{
                        "0":"7",
                        "1":null
                    },
                    "V":{
                        "0":"10",
                        "1":null
                    },
                    "VI":{
                        "0":"12",
                        "1":null
                    }
                },
                "Set 4":{
                    "I":{
                        "0":null,
                        "1":11.0,
                        "2":22.0
                    },
                    "II":{
                        "0":"1",
                        "1":12.0,
                        "2":null
                    },
                    "III":{
                        "0":"3",
                        "1":14.0,
                        "2":null
                    },
                    "IV":{
                        "0":"5",
                        "1":15.0,
                        "2":null
                    },
                    "V":{
                        "0":"6",
                        "1":17.0,
                        "2":null
                    },
                    "VI":{
                        "0":"9",
                        "1":21.0,
                        "2":null
                    }
                },
                "Set 5":0
            },
            "Timeouts 1":{
                "Set 1":{
                    "T":{
                        "0":"18:18",
                        "1":"19:22"
                    }
                },
                "Set 2":{
                    "T":{
                        "0":"22:16"
                    }
                },
                "Set 3":{
                    "T":{
                        "0":"20:15"
                    }
                },
                "Set 4":{
                    "T":{
                        "0":"9:5",
                        "1":"23:20"
                    }
                },
                "Set 5":0
            },
            "Timeouts 2":{
                "Set 1":{
                    "T":{
                        "0":"24:22"
                    }
                },
                "Set 2":{
                    "T":{
                        "0":"11:14",
                        "1":"11:18"
                    }
                },
                "Set 3":{
                    "T":{
                        "0":"10:12",
                        "1":"12:19"
                    }
                },
                "Set 4":{
                    "T":{
                        "0":"0:5",
                        "1":"14:19"
                    }
                },
                "Set 5":0
            }
        },
        "Teams":{
            "Name":{
                "Team 1":"ACBB",
                "Team 2":"VINCENNES VOLLEY CLUB"
            },
            "Players":{
                "Team 1":{
                    "N\u00b0":{
                        "0":1,
                        "1":2,
                        "2":4,
                        "3":5,
                        "4":11,
                        "5":12,
                        "6":14,
                        "7":15,
                        "8":16,
                        "9":17
                    },
                    "Nom Pr\u00e9nom":{
                        "0":"RICHARD LOUISE",
                        "1":"TAUPIN AUDREY",
                        "2":"HOUIS MARINE",
                        "3":"QUILAN CHRISTELLE",
                        "4":"GROSJEAN VIRGINIE",
                        "5":"GONDRAN TELLIER FLORE",
                        "6":"BRADY SUZANNE",
                        "7":"ROBIN ALEXIA",
                        "8":"DUDOUIT JEANNE",
                        "9":"CHEZE JEANNE"
                    },
                    "Licence":{
                        "0":1128888,
                        "1":1525923,
                        "2":2413235,
                        "3":1604222,
                        "4":2242186,
                        "5":1764836,
                        "6":2414408,
                        "7":1829081,
                        "8":1619692,
                        "9":2359187
                    }
                },
                "Team 2":{
                    "N\u00b0":{
                        "0":1,
                        "1":2,
                        "2":3,
                        "3":4,
                        "4":5,
                        "5":6,
                        "6":7,
                        "7":8,
                        "8":10,
                        "9":12,
                        "10":15
                    },
                    "Nom Pr\u00e9nom":{
                        "0":"BOUYEURE GIULIA",
                        "1":"ZEMZEMI ILHEME",
                        "2":"PERRIER MATHIDE",
                        "3":"WATSON AUDREY",
                        "4":"MALLET ALBANE",
                        "5":"VIEUX ESTELLE",
                        "6":"TOM\u00c9 EMMA",
                        "7":"CHOQUIN MARINE",
                        "8":"WISER CHIARA",
                        "9":"BOULLERY ANNA",
                        "10":"CHEVALLIER MARION"
                    },
                    "Licence":{
                        "0":2150962,
                        "1":2275577,
                        "2":2186531,
                        "3":1695483,
                        "4":2096922,
                        "5":2248757,
                        "6":2141279,
                        "7":1679347,
                        "8":2095742,
                        "9":2139864,
                        "10":1993389
                    }
                }
            },
            "Liberos":{
                "Team 1":{
                    "N\u00b0":{
                        "0":15
                    },
                    "Nom Pr\u00e9nom":{
                        "0":"ROBIN ALEXIA"
                    },
                    "Licence":{
                        "0":1829081
                    }
                },
                "Team 2":{
                    "N\u00b0":{
                        "0":15
                    },
                    "Nom Pr\u00e9nom":{
                        "0":"CHEVALLIER MARION"
                    },
                    "Licence":{
                        "0":1993389
                    }
                }
            },
            "Officials":{
                "Team 1":{
                    "N\u00b0":{
                        "0":"EA"
                    },
                    "Nom Pr\u00e9nom":{
                        "0":"KRAWCZYK LIDIA"
                    },
                    "Licence":{
                        "0":1079511
                    }
                },
                "Team 2":{
                    "N\u00b0":{
                        "0":"EA"
                    },
                    "Nom Pr\u00e9nom":{
                        "0":"LE CHASTELAIN ERIC"
                    },
                    "Licence":{
                        "0":1006626
                    }
                }
            }
        },
        "Results":{
            "winner":"ACBB",
            "score":"3\/1"
        },
        "Referees":{
            "NOM Pr\u00e9nom":{
                "1er":"CHANTEUR VALERIE",
                "2\u00e8me":"TROOST MAIKEL",
                "Marqueur":"ECHALIER CHARLOTTE",
                "Marq.Ass":".",
                "R.Salle":"PARISOT PIERRE"
            },
            "Ligue":{
                "1er":"LIG_IF",
                "2\u00e8me":"LIG_IF",
                "Marqueur":"LIG_IF",
                "Marq.Ass":null,
                "R.Salle":"LIG_IF"
            },
            "Licence":{
                "1er":1068790.0,
                "2\u00e8me":1521612.0,
                "Marqueur":2413207.0,
                "Marq.Ass":null,
                "R.Salle":1764236.0
            }
        },
        "Penalties":{

        }
    }
}