{
    "Match":{
        "Title":{
            "div_code":"3FF ",
            "div_name":"NATIONALE 3 FEMININE POULE F",
            "div_pool":"",
            "match_number":"3FF051",
            "match_day":"09",
            "city":"VINCENNES",
            "gym":"CENTRE SPORTIF G. POMPIDOU",
            "category":"SENIOR | FEMININE",
            "ligue":"Comp\u00e9titions Nationales SENIORS",
            "date":"2020-01-12 14:00:00",
            "team_1":"VINCENNES VOLLEY CLUB",
            "team_2":"DUNKERQUE GRAND LITTORAL V.B."
        },
        "Sets":{
            "Teams":{
                "Set 1":{
                    "Name":{
                        "Team 1":"VINCENNES VOLLEY CLUB",
                        "Team 2":"DUNKERQUE GRAND LITTOR"
                    },
                    "Starting":{
                        "Team 1":"Service",
                        "Team 2":"Reception"
                    }
                },
                "Set 2":{
                    "Name":{
                        "Team 1":"VINCENNES VOLLEY CLUB",
                        "Team 2":"DUNKERQUE GRAND LITTOR"
                    },
                    "Starting":{
                        "Team 1":"Reception",
                        "Team 2":"Service"
                    }
                },
                "Set 3":{
                    "Name":{
                        "Team 1":"VINCENNES VOLLEY CLUB",
                        "Team 2":"DUNKERQUE GRAND LITTOR"
                    },
                    "Starting":{
                        "Team 1":"Service",
                        "Team 2":"Reception"
                    }
                },
                "Set 4":0,
                "Set 5":0
            },
            "Time":{
                "Set 1":{
                    "Time":{
                        "Start":"2020-01-12 14:01:00",
                        "End":"2020-01-12 14:30:00"
                    }
                },
                "Set 2":{
                    "Time":{
                        "Start":"2020-01-12 14:32:00",
                        "End":"2020-01-12 14:58:00"
                    }
                },
                "Set 3":{
                    "Time":{
                        "Start":"2020-01-12 15:01:00",
                        "End":"2020-01-12 15:30:00"
                    }
                },
                "Set 4":0,
                "Set 5":0
            },
            "Substitutions 1":{
                "Set 1":{
                    "I":{
                        "0":10
                    },
                    "II":{
                        "0":8
                    },
                    "III":{
                        "0":6
                    },
                    "IV":{
                        "0":1
                    },
                    "V":{
                        "0":5
                    },
                    "VI":{
                        "0":7
                    }
                },
                "Set 2":{
                    "I":{
                        "0":7.0,
                        "1":null,
                        "2":null
                    },
                    "II":{
                        "0":10.0,
                        "1":null,
                        "2":null
                    },
                    "III":{
                        "0":8.0,
                        "1":null,
                        "2":null
                    },
                    "IV":{
                        "0":6.0,
                        "1":null,
                        "2":null
                    },
                    "V":{
                        "0":"1",
                        "1":"11",
                        "2":"20:13"
                    },
                    "VI":{
                        "0":5.0,
                        "1":null,
                        "2":null
                    }
                },
                "Set 3":{
                    "I":{
                        "0":10.0,
                        "1":null,
                        "2":null
                    },
                    "II":{
                        "0":"8",
                        "1":"2",
                        "2":"11:14"
                    },
                    "III":{
                        "0":6.0,
                        "1":null,
                        "2":null
                    },
                    "IV":{
                        "0":1.0,
                        "1":null,
                        "2":null
                    },
                    "V":{
                        "0":5.0,
                        "1":null,
                        "2":null
                    },
                    "VI":{
                        "0":7.0,
                        "1":null,
                        "2":null
                    }
                },
                "Set 4":0,
                "Set 5":0
            },
            "Substitutions 2":{
                "Set 1":{
                    "I":{
                        "0":3.0,
                        "1":null,
                        "2":null
                    },
                    "II":{
                        "0":2.0,
                        "1":null,
                        "2":null
                    },
                    "III":{
                        "0":8.0,
                        "1":null,
                        "2":null
                    },
                    "IV":{
                        "0":"4",
                        "1":"5",
                        "2":"19:24"
                    },
                    "V":{
                        "0":6.0,
                        "1":null,
                        "2":null
                    },
                    "VI":{
                        "0":12.0,
                        "1":null,
                        "2":null
                    }
                },
                "Set 2":{
                    "I":{
                        "0":2.0,
                        "1":null,
                        "2":null,
                        "3":null
                    },
                    "II":{
                        "0":8.0,
                        "1":null,
                        "2":null,
                        "3":null
                    },
                    "III":{
                        "0":"5",
                        "1":"7",
                        "2":"11:11",
                        "3":"14:22"
                    },
                    "IV":{
                        "0":6.0,
                        "1":null,
                        "2":null,
                        "3":null
                    },
                    "V":{
                        "0":12.0,
                        "1":null,
                        "2":null,
                        "3":null
                    },
                    "VI":{
                        "0":3.0,
                        "1":null,
                        "2":null,
                        "3":null
                    }
                },
                "Set 3":{
                    "I":{
                        "0":3
                    },
                    "II":{
                        "0":2
                    },
                    "III":{
                        "0":8
                    },
                    "IV":{
                        "0":5
                    },
                    "V":{
                        "0":6
                    },
                    "VI":{
                        "0":12
                    }
                },
                "Set 4":0,
                "Set 5":0
            },
            "Serves 1":{
                "Set 1":{
                    "I":{
                        "0":"1",
                        "1":11,
                        "2":23
                    },
                    "II":{
                        "0":"4",
                        "1":13,
                        "2":24
                    },
                    "III":{
                        "0":"6",
                        "1":14,
                        "2":25
                    },
                    "IV":{
                        "0":"7",
                        "1":16.0,
                        "2":null
                    },
                    "V":{
                        "0":"9",
                        "1":20.0,
                        "2":null
                    },
                    "VI":{
                        "0":"10",
                        "1":21.0,
                        "2":null
                    }
                },
                "Set 2":{
                    "I":{
                        "0":null,
                        "1":6.0,
                        "2":25.0
                    },
                    "II":{
                        "0":"1",
                        "1":10.0,
                        "2":null
                    },
                    "III":{
                        "0":"2",
                        "1":11.0,
                        "2":null
                    },
                    "IV":{
                        "0":"3",
                        "1":16.0,
                        "2":null
                    },
                    "V":{
                        "0":"4",
                        "1":20.0,
                        "2":null
                    },
                    "VI":{
                        "0":"5",
                        "1":22.0,
                        "2":null
                    }
                },
                "Set 3":{
                    "I":{
                        "0":"0",
                        "1":10,
                        "2":24
                    },
                    "II":{
                        "0":"1",
                        "1":11,
                        "2":25
                    },
                    "III":{
                        "0":"2",
                        "1":15.0,
                        "2":null
                    },
                    "IV":{
                        "0":"6",
                        "1":17.0,
                        "2":null
                    },
                    "V":{
                        "0":"7",
                        "1":21.0,
                        "2":null
                    },
                    "VI":{
                        "0":"8",
                        "1":22.0,
                        "2":null
                    }
                },
                "Set 4":0,
                "Set 5":0
            },
            "Serves 2":{
                "Set 1":{
                    "I":{
                        "0":null,
                        "1":7.0,
                        "2":18.0
                    },
                    "II":{
                        "0":"1",
                        "1":8,
                        "2":19
                    },
                    "III":{
                        "0":"2",
                        "1":13,
                        "2":20
                    },
                    "IV":{
                        "0":"4",
                        "1":15.0,
                        "2":null
                    },
                    "V":{
                        "0":"5",
                        "1":16.0,
                        "2":null
                    },
                    "VI":{
                        "0":"6",
                        "1":17.0,
                        "2":null
                    }
                },
                "Set 2":{
                    "I":{
                        "0":"0",
                        "1":9
                    },
                    "II":{
                        "0":"1",
                        "1":10
                    },
                    "III":{
                        "0":"2",
                        "1":11
                    },
                    "IV":{
                        "0":"4",
                        "1":12
                    },
                    "V":{
                        "0":"6",
                        "1":13
                    },
                    "VI":{
                        "0":"8",
                        "1":14
                    }
                },
                "Set 3":{
                    "I":{
                        "0":null,
                        "1":10.0,
                        "2":19.0
                    },
                    "II":{
                        "0":"1",
                        "1":12,
                        "2":21
                    },
                    "III":{
                        "0":"3",
                        "1":14.0,
                        "2":null
                    },
                    "IV":{
                        "0":"5",
                        "1":15.0,
                        "2":null
                    },
                    "V":{
                        "0":"7",
                        "1":16.0,
                        "2":null
                    },
                    "VI":{
                        "0":"8",
                        "1":18.0,
                        "2":null
                    }
                },
                "Set 4":0,
                "Set 5":0
            },
            "Timeouts 1":{
                "Set 1":{
                    "T":{
                        "0":"13:12",
                        "1":"24:20"
                    }
                },
                "Set 2":{
                    "T":{

                    }
                },
                "Set 3":{
                    "T":{
                        "0":"21:18"
                    }
                },
                "Set 4":0,
                "Set 5":0
            },
            "Timeouts 2":{
                "Set 1":{
                    "T":{
                        "0":"16:19",
                        "1":"19:24"
                    }
                },
                "Set 2":{
                    "T":{
                        "0":"11:14",
                        "1":"12:20"
                    }
                },
                "Set 3":{
                    "T":{
                        "0":"16:19",
                        "1":"19:24"
                    }
                },
                "Set 4":0,
                "Set 5":0
            }
        },
        "Teams":{
            "Name":{
                "Team 1":"VINCENNES VOLLEY CLUB",
                "Team 2":"DUNKERQUE GRAND LITTORAL V.B."
            },
            "Players":{
                "Team 1":{
                    "N\u00b0":{
                        "0":1,
                        "1":2,
                        "2":3,
                        "3":4,
                        "4":5,
                        "5":6,
                        "6":7,
                        "7":8,
                        "8":10,
                        "9":11,
                        "10":12,
                        "11":15
                    },
                    "Nom Pr\u00e9nom":{
                        "0":"BOUYEURE GIULIA",
                        "1":"ZEMZEMI ILHEME",
                        "2":"PERRIER MATHIDE",
                        "3":"KONE KADIATOU",
                        "4":"MALLET ALBANE",
                        "5":"VIEUX ESTELLE",
                        "6":"TOM\u00c9 EMMA",
                        "7":"CHOQUIN MARINE",
                        "8":"WISER CHIARA",
                        "9":"ROMANO LAURIE",
                        "10":"BOULLERY ANNA",
                        "11":"CHEVALLIER MARION"
                    },
                    "Licence":{
                        "0":2150962,
                        "1":2275577,
                        "2":2186531,
                        "3":2205146,
                        "4":2096922,
                        "5":2248757,
                        "6":2141279,
                        "7":1679347,
                        "8":2095742,
                        "9":1763252,
                        "10":2139864,
                        "11":1993389
                    }
                },
                "Team 2":{
                    "N\u00b0":{
                        "0":2,
                        "1":3,
                        "2":4,
                        "3":5,
                        "4":6,
                        "5":7,
                        "6":8,
                        "7":10,
                        "8":12
                    },
                    "Nom Pr\u00e9nom":{
                        "0":"RAGOUBI LATIFA",
                        "1":"MARQUIS SARAH",
                        "2":"DAVROUX MARGOT",
                        "3":"ROGIER NOLWENN",
                        "4":"LETREZ LEA",
                        "5":"EECKHOUTTE CANDICE",
                        "6":"VIAENE JOSEPHINE",
                        "7":"ROUSSEY PAULINE",
                        "8":"CLYTI MANON"
                    },
                    "Licence":{
                        "0":2046786,
                        "1":1904110,
                        "2":1943137,
                        "3":1943150,
                        "4":1868117,
                        "5":2003758,
                        "6":1901228,
                        "7":1660030,
                        "8":1536942
                    }
                }
            },
            "Liberos":{
                "Team 1":{
                    "N\u00b0":{
                        "0":15
                    },
                    "Nom Pr\u00e9nom":{
                        "0":"CHEVALLIER MARION"
                    },
                    "Licence":{
                        "0":1993389
                    }
                },
                "Team 2":{
                    "N\u00b0":{
                        "0":10
                    },
                    "Nom Pr\u00e9nom":{
                        "0":"ROUSSEY PAULINE"
                    },
                    "Licence":{
                        "0":1660030
                    }
                }
            },
            "Officials":{
                "Team 1":{
                    "N\u00b0":{
                        "0":"EA"
                    },
                    "Nom Pr\u00e9nom":{
                        "0":"LE CHASTELAIN ERIC"
                    },
                    "Licence":{
                        "0":1006626
                    }
                },
                "Team 2":{
                    "N\u00b0":{
                        "0":"EA"
                    },
                    "Nom Pr\u00e9nom":{
                        "0":"WYNANTS VINCENT"
                    },
                    "Licence":{
                        "0":1355429
                    }
                }
            }
        },
        "Results":{
            "winner":"VINCENNES VOLLEY CLUB",
            "score":"3\/0"
        },
        "Referees":{
            "NOM Pr\u00e9nom":{
                "1er":"GRIMONET LAURENCE",
                "2\u00e8me":"AZENNOUD RAYAN",
                "Marqueur":"GROC TITOUAN",
                "Marq.Ass":".",
                "R.Salle":"GROC SYLVAIN"
            },
            "Ligue":{
                "1er":"LIG_AQ",
                "2\u00e8me":"LIG_IF",
                "Marqueur":"LIG_IF",
                "Marq.Ass":null,
                "R.Salle":"LIG_IF"
            },
            "Licence":{
                "1er":1440442.0,
                "2\u00e8me":1905021.0,
                "Marqueur":2063848.0,
                "Marq.Ass":null,
                "R.Salle":55418.0
            }
        },
        "Penalties":{

        }
    }
}