{
    "Match":{
        "Title":{
            "div_code":"3FF ",
            "div_name":"NATIONALE 3 FEMININE POULE F",
            "div_pool":"",
            "match_number":"3FF087",
            "match_day":"15",
            "city":"SAINT POL SUR MER",
            "gym":"SALLE DE LA FERME MARCHAND",
            "category":"SENIOR | FEMININE",
            "ligue":"Comp\u00e9titions Nationales SENIORS",
            "date":"2020-02-29 20:00:00",
            "team_1":"VOLLEY CLUB SAINT POLOIS",
            "team_2":"LONGUEAU AMIENS METROPOLE VOLLEY-BALL"
        },
        "Sets":{
            "Teams":{
                "Set 1":{
                    "Name":{
                        "Team 1":"LONGUEAU AMIENS METROP",
                        "Team 2":"VOLLEY CLUB SAINT POLO"
                    },
                    "Starting":{
                        "Team 1":"Reception",
                        "Team 2":"Service"
                    }
                },
                "Set 2":{
                    "Name":{
                        "Team 1":"LONGUEAU AMIENS METROP",
                        "Team 2":"VOLLEY CLUB SAINT POLO"
                    },
                    "Starting":{
                        "Team 1":"Service",
                        "Team 2":"Reception"
                    }
                },
                "Set 3":{
                    "Name":{
                        "Team 1":"LONGUEAU AMIENS METROP",
                        "Team 2":"VOLLEY CLUB SAINT POLO"
                    },
                    "Starting":{
                        "Team 1":"Reception",
                        "Team 2":"Service"
                    }
                },
                "Set 4":{
                    "Name":{
                        "Team 1":"LONGUEAU AMIENS METROP",
                        "Team 2":"VOLLEY CLUB SAINT POLO"
                    },
                    "Starting":{
                        "Team 1":"Service",
                        "Team 2":"Reception"
                    }
                },
                "Set 5":{
                    "Name":{
                        "Team 1":"VOLLEY CLUB SAINT P",
                        "Team 2":"LONGUEAU AMIENS MET"
                    },
                    "Starting":{
                        "Team 1":"Reception",
                        "Team 2":"Service"
                    }
                }
            },
            "Time":{
                "Set 1":{
                    "Time":{
                        "Start":"2020-02-29 20:00:00",
                        "End":"2020-02-29 20:36:00"
                    }
                },
                "Set 2":{
                    "Time":{
                        "Start":"2020-02-29 20:39:00",
                        "End":"2020-02-29 21:11:00"
                    }
                },
                "Set 3":{
                    "Time":{
                        "Start":"2020-02-29 21:14:00",
                        "End":"2020-02-29 21:42:00"
                    }
                },
                "Set 4":{
                    "Time":{
                        "Start":"2020-02-29 21:45:00",
                        "End":"2020-02-29 22:19:00"
                    }
                },
                "Set 5":{
                    "Time":{
                        "Start":"2020-02-29 22:20:00",
                        "End":"2020-02-29 22:38:00"
                    }
                }
            },
            "Substitutions 1":{
                "Set 1":{
                    "I":{
                        "0":4.0,
                        "1":null,
                        "2":null
                    },
                    "II":{
                        "0":3.0,
                        "1":null,
                        "2":null
                    },
                    "III":{
                        "0":5.0,
                        "1":null,
                        "2":null
                    },
                    "IV":{
                        "0":"9",
                        "1":"13",
                        "2":"23:23"
                    },
                    "V":{
                        "0":11.0,
                        "1":null,
                        "2":null
                    },
                    "VI":{
                        "0":18.0,
                        "1":null,
                        "2":null
                    }
                },
                "Set 2":{
                    "I":{
                        "0":"3",
                        "1":"1",
                        "2":"20:18",
                        "3":"23:23"
                    },
                    "II":{
                        "0":5.0,
                        "1":null,
                        "2":null,
                        "3":null
                    },
                    "III":{
                        "0":9.0,
                        "1":null,
                        "2":null,
                        "3":null
                    },
                    "IV":{
                        "0":"11",
                        "1":"8",
                        "2":"22:21",
                        "3":null
                    },
                    "V":{
                        "0":18.0,
                        "1":null,
                        "2":null,
                        "3":null
                    },
                    "VI":{
                        "0":4.0,
                        "1":null,
                        "2":null,
                        "3":null
                    }
                },
                "Set 3":{
                    "I":{
                        "0":3
                    },
                    "II":{
                        "0":5
                    },
                    "III":{
                        "0":9
                    },
                    "IV":{
                        "0":11
                    },
                    "V":{
                        "0":18
                    },
                    "VI":{
                        "0":4
                    }
                },
                "Set 4":{
                    "I":{
                        "0":"3",
                        "1":"1",
                        "2":"17:11",
                        "3":"18:16"
                    },
                    "II":{
                        "0":5.0,
                        "1":null,
                        "2":null,
                        "3":null
                    },
                    "III":{
                        "0":9.0,
                        "1":null,
                        "2":null,
                        "3":null
                    },
                    "IV":{
                        "0":11.0,
                        "1":null,
                        "2":null,
                        "3":null
                    },
                    "V":{
                        "0":18.0,
                        "1":null,
                        "2":null,
                        "3":null
                    },
                    "VI":{
                        "0":4.0,
                        "1":null,
                        "2":null,
                        "3":null
                    }
                },
                "Set 5":{
                    "I":{
                        "0":4.0,
                        "1":null,
                        "2":null
                    },
                    "II":{
                        "0":"14",
                        "1":"8",
                        "2":"6:4"
                    },
                    "III":{
                        "0":5.0,
                        "1":null,
                        "2":null
                    },
                    "IV":{
                        "0":2.0,
                        "1":null,
                        "2":null
                    },
                    "V":{
                        "0":9.0,
                        "1":null,
                        "2":null
                    },
                    "VI":{
                        "0":3.0,
                        "1":null,
                        "2":null
                    }
                }
            },
            "Substitutions 2":{
                "Set 1":{
                    "I":{
                        "0":"3",
                        "1":"14",
                        "2":"17:17",
                        "3":"19:21"
                    },
                    "II":{
                        "0":4.0,
                        "1":null,
                        "2":null,
                        "3":null
                    },
                    "III":{
                        "0":8.0,
                        "1":null,
                        "2":null,
                        "3":null
                    },
                    "IV":{
                        "0":5.0,
                        "1":null,
                        "2":null,
                        "3":null
                    },
                    "V":{
                        "0":2.0,
                        "1":null,
                        "2":null,
                        "3":null
                    },
                    "VI":{
                        "0":9.0,
                        "1":null,
                        "2":null,
                        "3":null
                    }
                },
                "Set 2":{
                    "I":{
                        "0":4.0,
                        "1":null,
                        "2":null
                    },
                    "II":{
                        "0":8.0,
                        "1":null,
                        "2":null
                    },
                    "III":{
                        "0":5.0,
                        "1":null,
                        "2":null
                    },
                    "IV":{
                        "0":2.0,
                        "1":null,
                        "2":null
                    },
                    "V":{
                        "0":9.0,
                        "1":null,
                        "2":null
                    },
                    "VI":{
                        "0":"3",
                        "1":"14",
                        "2":"12:16"
                    }
                },
                "Set 3":{
                    "I":{
                        "0":"14",
                        "1":"3",
                        "2":"8:14"
                    },
                    "II":{
                        "0":4.0,
                        "1":null,
                        "2":null
                    },
                    "III":{
                        "0":8.0,
                        "1":null,
                        "2":null
                    },
                    "IV":{
                        "0":5.0,
                        "1":null,
                        "2":null
                    },
                    "V":{
                        "0":2.0,
                        "1":null,
                        "2":null
                    },
                    "VI":{
                        "0":9.0,
                        "1":null,
                        "2":null
                    }
                },
                "Set 4":{
                    "I":{
                        "0":3.0,
                        "1":null,
                        "2":null
                    },
                    "II":{
                        "0":"8",
                        "1":"4",
                        "2":"8:14"
                    },
                    "III":{
                        "0":14.0,
                        "1":null,
                        "2":null
                    },
                    "IV":{
                        "0":5.0,
                        "1":null,
                        "2":null
                    },
                    "V":{
                        "0":2.0,
                        "1":null,
                        "2":null
                    },
                    "VI":{
                        "0":9.0,
                        "1":null,
                        "2":null
                    }
                },
                "Set 5":{
                    "I":{
                        "0":3
                    },
                    "II":{
                        "0":5
                    },
                    "III":{
                        "0":9
                    },
                    "IV":{
                        "0":11
                    },
                    "V":{
                        "0":18
                    },
                    "VI":{
                        "0":4
                    }
                }
            },
            "Serves 1":{
                "Set 1":{
                    "I":{
                        "0":null,
                        "1":8.0,
                        "2":18.0
                    },
                    "II":{
                        "0":"1",
                        "1":9,
                        "2":21
                    },
                    "III":{
                        "0":"2",
                        "1":10,
                        "2":22
                    },
                    "IV":{
                        "0":"3",
                        "1":12,
                        "2":23
                    },
                    "V":{
                        "0":"6",
                        "1":16,
                        "2":24
                    },
                    "VI":{
                        "0":"7",
                        "1":17,
                        "2":26
                    }
                },
                "Set 2":{
                    "I":{
                        "0":"0",
                        "1":12,
                        "2":25
                    },
                    "II":{
                        "0":"3",
                        "1":17.0,
                        "2":null
                    },
                    "III":{
                        "0":"5",
                        "1":19.0,
                        "2":null
                    },
                    "IV":{
                        "0":"6",
                        "1":21.0,
                        "2":null
                    },
                    "V":{
                        "0":"9",
                        "1":22.0,
                        "2":null
                    },
                    "VI":{
                        "0":"10",
                        "1":23.0,
                        "2":null
                    }
                },
                "Set 3":{
                    "I":{
                        "0":null,
                        "1":18.0
                    },
                    "II":{
                        "0":"2",
                        "1":20
                    },
                    "III":{
                        "0":"4",
                        "1":22
                    },
                    "IV":{
                        "0":"6",
                        "1":23
                    },
                    "V":{
                        "0":"8",
                        "1":24
                    },
                    "VI":{
                        "0":"17",
                        "1":25
                    }
                },
                "Set 4":{
                    "I":{
                        "0":"4",
                        "1":17
                    },
                    "II":{
                        "0":"8",
                        "1":18
                    },
                    "III":{
                        "0":"9",
                        "1":19
                    },
                    "IV":{
                        "0":"11",
                        "1":21
                    },
                    "V":{
                        "0":"14",
                        "1":22
                    },
                    "VI":{
                        "0":"16",
                        "1":null
                    }
                },
                "Set 5":{
                    "I":{
                        "0":null,
                        "1":9.0
                    },
                    "II":{
                        "0":"1",
                        "1":12
                    },
                    "III":{
                        "0":"4",
                        "1":15
                    },
                    "IV":{
                        "0":"5",
                        "1":null
                    },
                    "V":{
                        "0":"6",
                        "1":null
                    },
                    "VI":{
                        "0":"8",
                        "1":null
                    }
                }
            },
            "Serves 2":{
                "Set 1":{
                    "I":{
                        "0":"1",
                        "1":10,
                        "2":19
                    },
                    "II":{
                        "0":"2",
                        "1":11,
                        "2":20
                    },
                    "III":{
                        "0":"3",
                        "1":13,
                        "2":23
                    },
                    "IV":{
                        "0":"4",
                        "1":14,
                        "2":24
                    },
                    "V":{
                        "0":"5",
                        "1":16,
                        "2":25
                    },
                    "VI":{
                        "0":"7",
                        "1":18,
                        "2":28
                    }
                },
                "Set 2":{
                    "I":{
                        "0":null,
                        "1":11.0,
                        "2":23.0
                    },
                    "II":{
                        "0":"2",
                        "1":12.0,
                        "2":null
                    },
                    "III":{
                        "0":"4",
                        "1":16.0,
                        "2":null
                    },
                    "IV":{
                        "0":"5",
                        "1":18.0,
                        "2":null
                    },
                    "V":{
                        "0":"8",
                        "1":20.0,
                        "2":null
                    },
                    "VI":{
                        "0":"9",
                        "1":22.0,
                        "2":null
                    }
                },
                "Set 3":{
                    "I":{
                        "0":"3",
                        "1":13
                    },
                    "II":{
                        "0":"4",
                        "1":15
                    },
                    "III":{
                        "0":"6",
                        "1":16
                    },
                    "IV":{
                        "0":"7",
                        "1":19
                    },
                    "V":{
                        "0":"8",
                        "1":21
                    },
                    "VI":{
                        "0":"10",
                        "1":null
                    }
                },
                "Set 4":{
                    "I":{
                        "0":null,
                        "1":10.0
                    },
                    "II":{
                        "0":"3",
                        "1":13
                    },
                    "III":{
                        "0":"6",
                        "1":19
                    },
                    "IV":{
                        "0":"7",
                        "1":20
                    },
                    "V":{
                        "0":"8",
                        "1":21
                    },
                    "VI":{
                        "0":"9",
                        "1":25
                    }
                },
                "Set 5":{
                    "I":{
                        "0":"0",
                        "1":9
                    },
                    "II":{
                        "0":"1",
                        "1":11
                    },
                    "III":{
                        "0":"2",
                        "1":null
                    },
                    "IV":{
                        "0":"4",
                        "1":null
                    },
                    "V":{
                        "0":"6",
                        "1":null
                    },
                    "VI":{
                        "0":"7",
                        "1":null
                    }
                }
            },
            "Timeouts 1":{
                "Set 1":{
                    "T":{
                        "0":"8:10",
                        "1":"22:23"
                    }
                },
                "Set 2":{
                    "T":{
                        "0":"17:15",
                        "1":"22:21"
                    }
                },
                "Set 3":{
                    "T":{
                        "0":"18:13"
                    }
                },
                "Set 4":{
                    "T":{
                        "0":"18:17",
                        "1":"18:19"
                    }
                },
                "Set 5":{
                    "T":{
                        "0":"9:9"
                    }
                }
            },
            "Timeouts 2":{
                "Set 1":{
                    "T":{
                        "0":"14:15",
                        "1":"23:23"
                    }
                },
                "Set 2":{
                    "T":{
                        "0":"8:9",
                        "1":"12:15"
                    }
                },
                "Set 3":{
                    "T":{
                        "0":"8:11",
                        "1":"8:13"
                    }
                },
                "Set 4":{
                    "T":{
                        "0":"0:3",
                        "1":"8:13"
                    }
                },
                "Set 5":{
                    "T":{
                        "0":"1:4",
                        "1":"9:11"
                    }
                }
            }
        },
        "Teams":{
            "Name":{
                "Team 1":"VOLLEY CLUB SAINT POLOIS",
                "Team 2":"LONGUEAU AMIENS METROPOLE VOL"
            },
            "Players":{
                "Team 1":{
                    "N\u00b0":{
                        "0":2,
                        "1":3,
                        "2":4,
                        "3":5,
                        "4":8,
                        "5":9,
                        "6":13,
                        "7":14
                    },
                    "Nom Pr\u00e9nom":{
                        "0":"ADAM JULIE",
                        "1":"VALLEZ CAMILLE",
                        "2":"GROUX ANGELE",
                        "3":"CHOUIKH BARBEZ EILORA",
                        "4":"CHOUIKH BARBEZ NAWELLE",
                        "5":"DUPONT ROMANE",
                        "6":"VALLEZ PAULINE",
                        "7":"DOUAY LOUISE"
                    },
                    "Licence":{
                        "0":1956283,
                        "1":1622130,
                        "2":1998910,
                        "3":1851066,
                        "4":1996127,
                        "5":2040645,
                        "6":1622129,
                        "7":2139417
                    }
                },
                "Team 2":{
                    "N\u00b0":{
                        "0":1,
                        "1":2,
                        "2":3,
                        "3":4,
                        "4":5,
                        "5":8,
                        "6":9,
                        "7":11,
                        "8":13,
                        "9":14,
                        "10":18
                    },
                    "Nom Pr\u00e9nom":{
                        "0":"LENTZ COLLEEN",
                        "1":"CARREEL SAMANTHA",
                        "2":"CADART JULIE",
                        "3":"LOUBARD LEILA",
                        "4":"BRAY CHLO\u00e9",
                        "5":"CANLERS JULIE",
                        "6":"DARRAS CAMILLE",
                        "7":"MALIVOIR ELEONORE",
                        "8":"LAPEYRONIE CECILE",
                        "9":"DEVAUX JULIE",
                        "10":"YUWEI LI"
                    },
                    "Licence":{
                        "0":2004272,
                        "1":1578730,
                        "2":1209171,
                        "3":1722871,
                        "4":1666010,
                        "5":2139282,
                        "6":2049859,
                        "7":2003836,
                        "8":2004275,
                        "9":1897588,
                        "10":2411202
                    }
                }
            },
            "Liberos":{
                "Team 1":{
                    "N\u00b0":{
                        "0":13
                    },
                    "Nom Pr\u00e9nom":{
                        "0":"VALLEZ PAULINE"
                    },
                    "Licence":{
                        "0":1622129
                    }
                },
                "Team 2":{
                    "N\u00b0":{
                        "0":2,
                        "1":14
                    },
                    "Nom Pr\u00e9nom":{
                        "0":"CARREEL SAMANTHA",
                        "1":"DEVAUX JULIE"
                    },
                    "Licence":{
                        "0":1578730,
                        "1":1897588
                    }
                }
            },
            "Officials":{
                "Team 1":{
                    "N\u00b0":{
                        "0":"EA"
                    },
                    "Nom Pr\u00e9nom":{
                        "0":"BOLLENGIER GAEL"
                    },
                    "Licence":{
                        "0":182113
                    }
                },
                "Team 2":{
                    "N\u00b0":{
                        "0":"EA",
                        "1":"EB"
                    },
                    "Nom Pr\u00e9nom":{
                        "0":"BEVILACQUA CLEMENT",
                        "1":"LORIETTE CEDRIC"
                    },
                    "Licence":{
                        "0":1025966,
                        "1":1066794
                    }
                }
            }
        },
        "Results":{
            "winner":"VOLLEY CLUB SAINT POLO",
            "score":"3\/2"
        },
        "Referees":{
            "NOM Pr\u00e9nom":{
                "1er":"WIBAUX EMELYNE",
                "2\u00e8me":"DANGLEANT LILYA",
                "Marqueur":"DISSAUX ROMANE",
                "Marq.Ass":".",
                "R.Salle":"GROUX BENOIT"
            },
            "Ligue":{
                "1er":"LIG_HDF",
                "2\u00e8me":"LIG_HDF",
                "Marqueur":"LIG_HDF",
                "Marq.Ass":null,
                "R.Salle":"LIG_HDF"
            },
            "Licence":{
                "1er":1849971.0,
                "2\u00e8me":1400392.0,
                "Marqueur":2126643.0,
                "Marq.Ass":null,
                "R.Salle":1079597.0
            }
        },
        "Penalties":{

        }
    }
}