{
    "Match":{
        "Title":{
            "div_code":"3FF ",
            "div_name":"NATIONALE 3 FEMININE POULE F",
            "div_pool":"",
            "match_number":"3FF026",
            "match_day":"05",
            "city":"MONTESSON",
            "gym":"LES MERLETTES",
            "category":"SENIOR | FEMININE",
            "ligue":"Comp\u00e9titions Nationales SENIORS",
            "date":"2019-11-10 16:00:00",
            "team_1":"VESINET STADE ST-GERMANOIS VB",
            "team_2":"VOLLEY-CLUB LIEVINOIS"
        },
        "Sets":{
            "Teams":{
                "Set 1":{
                    "Name":{
                        "Team 1":"VESINET STADE ST-GERMA",
                        "Team 2":"VOLLEY-CLUB LIEVINOIS"
                    },
                    "Starting":{
                        "Team 1":"Service",
                        "Team 2":"Reception"
                    }
                },
                "Set 2":{
                    "Name":{
                        "Team 1":"VESINET STADE ST-GERMA",
                        "Team 2":"VOLLEY-CLUB LIEVINOIS"
                    },
                    "Starting":{
                        "Team 1":"Reception",
                        "Team 2":"Service"
                    }
                },
                "Set 3":{
                    "Name":{
                        "Team 1":"VESINET STADE ST-GERMA",
                        "Team 2":"VOLLEY-CLUB LIEVINOIS"
                    },
                    "Starting":{
                        "Team 1":"Service",
                        "Team 2":"Reception"
                    }
                },
                "Set 4":0,
                "Set 5":0
            },
            "Time":{
                "Set 1":{
                    "Time":{
                        "Start":"2019-11-10 16:10:00",
                        "End":"2019-11-10 16:37:00"
                    }
                },
                "Set 2":{
                    "Time":{
                        "Start":"2019-11-10 16:40:00",
                        "End":"2019-11-10 17:08:00"
                    }
                },
                "Set 3":{
                    "Time":{
                        "Start":"2019-11-10 17:11:00",
                        "End":"2019-11-10 17:39:00"
                    }
                },
                "Set 4":0,
                "Set 5":0
            },
            "Substitutions 1":{
                "Set 1":{
                    "I":{
                        "0":5.0,
                        "1":null,
                        "2":null
                    },
                    "II":{
                        "0":10.0,
                        "1":null,
                        "2":null
                    },
                    "III":{
                        "0":9.0,
                        "1":null,
                        "2":null
                    },
                    "IV":{
                        "0":7.0,
                        "1":null,
                        "2":null
                    },
                    "V":{
                        "0":"2",
                        "1":"15",
                        "2":"12:18"
                    },
                    "VI":{
                        "0":"12",
                        "1":"8",
                        "2":"18:23"
                    }
                },
                "Set 2":{
                    "I":{
                        "0":9.0,
                        "1":null,
                        "2":null
                    },
                    "II":{
                        "0":7.0,
                        "1":null,
                        "2":null
                    },
                    "III":{
                        "0":"15",
                        "1":"2",
                        "2":"1:6"
                    },
                    "IV":{
                        "0":12.0,
                        "1":null,
                        "2":null
                    },
                    "V":{
                        "0":5.0,
                        "1":null,
                        "2":null
                    },
                    "VI":{
                        "0":"10",
                        "1":"1",
                        "2":"21:19"
                    }
                },
                "Set 3":{
                    "I":{
                        "0":"10",
                        "1":"1",
                        "2":"16:20"
                    },
                    "II":{
                        "0":"9",
                        "1":"6",
                        "2":"13:15"
                    },
                    "III":{
                        "0":7.0,
                        "1":null,
                        "2":null
                    },
                    "IV":{
                        "0":2.0,
                        "1":null,
                        "2":null
                    },
                    "V":{
                        "0":"12",
                        "1":"8",
                        "2":"10:13"
                    },
                    "VI":{
                        "0":5.0,
                        "1":null,
                        "2":null
                    }
                },
                "Set 4":0,
                "Set 5":0
            },
            "Substitutions 2":{
                "Set 1":{
                    "I":{
                        "0":3
                    },
                    "II":{
                        "0":16
                    },
                    "III":{
                        "0":6
                    },
                    "IV":{
                        "0":8
                    },
                    "V":{
                        "0":2
                    },
                    "VI":{
                        "0":10
                    }
                },
                "Set 2":{
                    "I":{
                        "0":16
                    },
                    "II":{
                        "0":6
                    },
                    "III":{
                        "0":8
                    },
                    "IV":{
                        "0":2
                    },
                    "V":{
                        "0":10
                    },
                    "VI":{
                        "0":3
                    }
                },
                "Set 3":{
                    "I":{
                        "0":3
                    },
                    "II":{
                        "0":16
                    },
                    "III":{
                        "0":6
                    },
                    "IV":{
                        "0":8
                    },
                    "V":{
                        "0":2
                    },
                    "VI":{
                        "0":10
                    }
                },
                "Set 4":0,
                "Set 5":0
            },
            "Serves 1":{
                "Set 1":{
                    "I":{
                        "0":"0",
                        "1":10,
                        "2":21
                    },
                    "II":{
                        "0":"2",
                        "1":11.0,
                        "2":null
                    },
                    "III":{
                        "0":"3",
                        "1":12.0,
                        "2":null
                    },
                    "IV":{
                        "0":"6",
                        "1":16.0,
                        "2":null
                    },
                    "V":{
                        "0":"8",
                        "1":18.0,
                        "2":null
                    },
                    "VI":{
                        "0":"9",
                        "1":19.0,
                        "2":null
                    }
                },
                "Set 2":{
                    "I":{
                        "0":null,
                        "1":13.0,
                        "2":22.0
                    },
                    "II":{
                        "0":"1",
                        "1":14.0,
                        "2":null
                    },
                    "III":{
                        "0":"2",
                        "1":15.0,
                        "2":null
                    },
                    "IV":{
                        "0":"3",
                        "1":16.0,
                        "2":null
                    },
                    "V":{
                        "0":"8",
                        "1":20.0,
                        "2":null
                    },
                    "VI":{
                        "0":"10",
                        "1":21.0,
                        "2":null
                    }
                },
                "Set 3":{
                    "I":{
                        "0":"2",
                        "1":8,
                        "2":16
                    },
                    "II":{
                        "0":"3",
                        "1":10,
                        "2":18
                    },
                    "III":{
                        "0":"4",
                        "1":12.0,
                        "2":null
                    },
                    "IV":{
                        "0":"5",
                        "1":13.0,
                        "2":null
                    },
                    "V":{
                        "0":"6",
                        "1":14.0,
                        "2":null
                    },
                    "VI":{
                        "0":"7",
                        "1":15.0,
                        "2":null
                    }
                },
                "Set 4":0,
                "Set 5":0
            },
            "Serves 2":{
                "Set 1":{
                    "I":{
                        "0":null,
                        "1":10.0,
                        "2":24.0
                    },
                    "II":{
                        "0":"1",
                        "1":11,
                        "2":25
                    },
                    "III":{
                        "0":"2",
                        "1":15.0,
                        "2":null
                    },
                    "IV":{
                        "0":"3",
                        "1":18.0,
                        "2":null
                    },
                    "V":{
                        "0":"6",
                        "1":20.0,
                        "2":null
                    },
                    "VI":{
                        "0":"9",
                        "1":23.0,
                        "2":null
                    }
                },
                "Set 2":{
                    "I":{
                        "0":"2",
                        "1":13,
                        "2":25
                    },
                    "II":{
                        "0":"6",
                        "1":14.0,
                        "2":null
                    },
                    "III":{
                        "0":"9",
                        "1":17.0,
                        "2":null
                    },
                    "IV":{
                        "0":"10",
                        "1":18.0,
                        "2":null
                    },
                    "V":{
                        "0":"11",
                        "1":19.0,
                        "2":null
                    },
                    "VI":{
                        "0":"12",
                        "1":20.0,
                        "2":null
                    }
                },
                "Set 3":{
                    "I":{
                        "0":null,
                        "1":10.0,
                        "2":20.0
                    },
                    "II":{
                        "0":"1",
                        "1":11,
                        "2":22
                    },
                    "III":{
                        "0":"3",
                        "1":13,
                        "2":25
                    },
                    "IV":{
                        "0":"7",
                        "1":14.0,
                        "2":null
                    },
                    "V":{
                        "0":"8",
                        "1":15.0,
                        "2":null
                    },
                    "VI":{
                        "0":"9",
                        "1":19.0,
                        "2":null
                    }
                },
                "Set 4":0,
                "Set 5":0
            },
            "Timeouts 1":{
                "Set 1":{
                    "T":{
                        "0":"11:14"
                    }
                },
                "Set 2":{
                    "T":{
                        "0":"22:23"
                    }
                },
                "Set 3":{
                    "T":{
                        "0":"14:17"
                    }
                },
                "Set 4":0,
                "Set 5":0
            },
            "Timeouts 2":{
                "Set 1":{
                    "T":{
                        "0":"18:16",
                        "1":"24:21"
                    }
                },
                "Set 2":{
                    "T":{
                        "0":"10:7",
                        "1":"18:19"
                    }
                },
                "Set 3":{
                    "T":{

                    }
                },
                "Set 4":0,
                "Set 5":0
            }
        },
        "Teams":{
            "Name":{
                "Team 1":"VESINET STADE ST-GERMANOIS VB",
                "Team 2":"VOLLEY-CLUB LIEVINOIS"
            },
            "Players":{
                "Team 1":{
                    "N\u00b0":{
                        "0":1,
                        "1":2,
                        "2":3,
                        "3":4,
                        "4":5,
                        "5":6,
                        "6":7,
                        "7":8,
                        "8":9,
                        "9":10,
                        "10":12,
                        "11":15
                    },
                    "Nom Pr\u00e9nom":{
                        "0":"MADUREIRA ADRIANA",
                        "1":"LE FAOU OCEANE",
                        "2":"GOURMELEN LOU",
                        "3":"BILLARD ZOE",
                        "4":"DEKEUKELAIRE MARION",
                        "5":"MOREAU NELL",
                        "6":"BOURNEUF MAYLIS",
                        "7":"BOUFFARD VICTORIA",
                        "8":"EON NOLWENN",
                        "9":"LOCHARD LENA",
                        "10":"OFFREDI JADE",
                        "11":"BERNARD ANNE-SOPHIE"
                    },
                    "Licence":{
                        "0":1997652,
                        "1":1837419,
                        "2":2110813,
                        "3":2103114,
                        "4":1987971,
                        "5":1874808,
                        "6":1679652,
                        "7":2250156,
                        "8":1677381,
                        "9":2312953,
                        "10":1863527,
                        "11":2088670
                    }
                },
                "Team 2":{
                    "N\u00b0":{
                        "0":2,
                        "1":3,
                        "2":5,
                        "3":6,
                        "4":8,
                        "5":10,
                        "6":16
                    },
                    "Nom Pr\u00e9nom":{
                        "0":"FACHE MARINE",
                        "1":"COSMA AURELIE",
                        "2":"HADJAM SAKINA",
                        "3":"BENOIT MATHILDE",
                        "4":"SELLIER FLORENCE",
                        "5":"MAGRY JULIETTE",
                        "6":"GORILLIOT MARINE"
                    },
                    "Licence":{
                        "0":1765440,
                        "1":1229489,
                        "2":2411817,
                        "3":1827526,
                        "4":1484140,
                        "5":1860413,
                        "6":1678818
                    }
                }
            },
            "Liberos":{
                "Team 1":{
                    "N\u00b0":{
                        "0":3,
                        "1":4
                    },
                    "Nom Pr\u00e9nom":{
                        "0":"GOURMELEN LOU",
                        "1":"BILLARD ZOE"
                    },
                    "Licence":{
                        "0":2110813,
                        "1":2103114
                    }
                },
                "Team 2":{
                    "N\u00b0":{
                        "0":5
                    },
                    "Nom Pr\u00e9nom":{
                        "0":"HADJAM SAKINA"
                    },
                    "Licence":{
                        "0":2411817
                    }
                }
            },
            "Officials":{
                "Team 1":{
                    "N\u00b0":{
                        "0":"EA"
                    },
                    "Nom Pr\u00e9nom":{
                        "0":"SZCZYGIELSKI SZCZEPAN"
                    },
                    "Licence":{
                        "0":1839533
                    }
                },
                "Team 2":{
                    "N\u00b0":{
                        "0":"EA"
                    },
                    "Nom Pr\u00e9nom":{
                        "0":"BENOIT ANTOINE"
                    },
                    "Licence":{
                        "0":1685262
                    }
                }
            }
        },
        "Results":{
            "winner":"VOLLEY-CLUB LIEVINOIS",
            "score":"3\/0"
        },
        "Referees":{
            "NOM Pr\u00e9nom":{
                "1er":"GICQUEL OLIVIER",
                "2\u00e8me":"JAMET ADRIEN",
                "Marqueur":"MOREAU HERVE",
                "Marq.Ass":".",
                "R.Salle":"MOLINARIO YVES"
            },
            "Ligue":{
                "1er":"LIG_IF",
                "2\u00e8me":"LIG_GES",
                "Marqueur":"LIG_IF",
                "Marq.Ass":null,
                "R.Salle":"LIG_IF"
            },
            "Licence":{
                "1er":975820.0,
                "2\u00e8me":1129740.0,
                "Marqueur":1834095.0,
                "Marq.Ass":null,
                "R.Salle":72611.0
            }
        },
        "Penalties":{

        }
    }
}