{
    "Match":{
        "Title":{
            "div_code":"3FF ",
            "div_name":"NATIONALE 3 FEMININE POULE F",
            "div_pool":"",
            "match_number":"3FF039",
            "match_day":"07",
            "city":"LONGUEAU",
            "gym":"GYMNASE PELLERIN (CES)",
            "category":"SENIOR | FEMININE",
            "ligue":"Comp\u00e9titions Nationales SENIORS",
            "date":"2019-12-01 15:00:00",
            "team_1":"LONGUEAU AMIENS METROPOLE VOLLEY-BALL",
            "team_2":"VESINET STADE ST-GERMANOIS VB"
        },
        "Sets":{
            "Teams":{
                "Set 1":{
                    "Name":{
                        "Team 1":"LONGUEAU AMIENS METROP",
                        "Team 2":"VESINET STADE ST-GERMA"
                    },
                    "Starting":{
                        "Team 1":"Service",
                        "Team 2":"Reception"
                    }
                },
                "Set 2":{
                    "Name":{
                        "Team 1":"LONGUEAU AMIENS METROP",
                        "Team 2":"VESINET STADE ST-GERMA"
                    },
                    "Starting":{
                        "Team 1":"Reception",
                        "Team 2":"Service"
                    }
                },
                "Set 3":{
                    "Name":{
                        "Team 1":"LONGUEAU AMIENS METROP",
                        "Team 2":"VESINET STADE ST-GERMA"
                    },
                    "Starting":{
                        "Team 1":"Service",
                        "Team 2":"Reception"
                    }
                },
                "Set 4":0,
                "Set 5":0
            },
            "Time":{
                "Set 1":{
                    "Time":{
                        "Start":"2019-12-01 14:59:00",
                        "End":"2019-12-01 15:22:00"
                    }
                },
                "Set 2":{
                    "Time":{
                        "Start":"2019-12-01 15:25:00",
                        "End":"2019-12-01 15:53:00"
                    }
                },
                "Set 3":{
                    "Time":{
                        "Start":"2019-12-01 15:56:00",
                        "End":"2019-12-01 16:22:00"
                    }
                },
                "Set 4":0,
                "Set 5":0
            },
            "Substitutions 1":{
                "Set 1":{
                    "I":{
                        "0":3
                    },
                    "II":{
                        "0":7
                    },
                    "III":{
                        "0":13
                    },
                    "IV":{
                        "0":11
                    },
                    "V":{
                        "0":18
                    },
                    "VI":{
                        "0":4
                    }
                },
                "Set 2":{
                    "I":{
                        "0":"4",
                        "1":"9",
                        "2":"17:11"
                    },
                    "II":{
                        "0":"3",
                        "1":"1",
                        "2":"23:19"
                    },
                    "III":{
                        "0":7.0,
                        "1":null,
                        "2":null
                    },
                    "IV":{
                        "0":"13",
                        "1":"8",
                        "2":"17:11"
                    },
                    "V":{
                        "0":"11",
                        "1":"6",
                        "2":"11:6"
                    },
                    "VI":{
                        "0":18.0,
                        "1":null,
                        "2":null
                    }
                },
                "Set 3":{
                    "I":{
                        "0":"3",
                        "1":"1",
                        "2":"12:12"
                    },
                    "II":{
                        "0":7.0,
                        "1":null,
                        "2":null
                    },
                    "III":{
                        "0":9.0,
                        "1":null,
                        "2":null
                    },
                    "IV":{
                        "0":11.0,
                        "1":null,
                        "2":null
                    },
                    "V":{
                        "0":"18",
                        "1":"6",
                        "2":"20:18"
                    },
                    "VI":{
                        "0":4.0,
                        "1":null,
                        "2":null
                    }
                },
                "Set 4":0,
                "Set 5":0
            },
            "Substitutions 2":{
                "Set 1":{
                    "I":{
                        "0":"12",
                        "1":"6",
                        "2":"14:19"
                    },
                    "II":{
                        "0":5.0,
                        "1":null,
                        "2":null
                    },
                    "III":{
                        "0":2.0,
                        "1":null,
                        "2":null
                    },
                    "IV":{
                        "0":"9",
                        "1":"8",
                        "2":"14:19"
                    },
                    "V":{
                        "0":"7",
                        "1":"3",
                        "2":"16:23"
                    },
                    "VI":{
                        "0":15.0,
                        "1":null,
                        "2":null
                    }
                },
                "Set 2":{
                    "I":{
                        "0":"6",
                        "1":"12",
                        "2":"12:17"
                    },
                    "II":{
                        "0":7.0,
                        "1":null,
                        "2":null
                    },
                    "III":{
                        "0":15.0,
                        "1":null,
                        "2":null
                    },
                    "IV":{
                        "0":"8",
                        "1":"9",
                        "2":"12:18"
                    },
                    "V":{
                        "0":5.0,
                        "1":null,
                        "2":null
                    },
                    "VI":{
                        "0":2.0,
                        "1":null,
                        "2":null
                    }
                },
                "Set 3":{
                    "I":{
                        "0":2
                    },
                    "II":{
                        "0":9
                    },
                    "III":{
                        "0":7
                    },
                    "IV":{
                        "0":15
                    },
                    "V":{
                        "0":12
                    },
                    "VI":{
                        "0":5
                    }
                },
                "Set 4":0,
                "Set 5":0
            },
            "Serves 1":{
                "Set 1":{
                    "I":{
                        "0":"0",
                        "1":12
                    },
                    "II":{
                        "0":"1",
                        "1":20
                    },
                    "III":{
                        "0":"2",
                        "1":25
                    },
                    "IV":{
                        "0":"8",
                        "1":null
                    },
                    "V":{
                        "0":"9",
                        "1":null
                    },
                    "VI":{
                        "0":"11",
                        "1":null
                    }
                },
                "Set 2":{
                    "I":{
                        "0":null,
                        "1":13.0,
                        "2":22.0
                    },
                    "II":{
                        "0":"5",
                        "1":14,
                        "2":23
                    },
                    "III":{
                        "0":"8",
                        "1":16,
                        "2":25
                    },
                    "IV":{
                        "0":"9",
                        "1":17.0,
                        "2":null
                    },
                    "V":{
                        "0":"11",
                        "1":18.0,
                        "2":null
                    },
                    "VI":{
                        "0":"12",
                        "1":19.0,
                        "2":null
                    }
                },
                "Set 3":{
                    "I":{
                        "0":"0",
                        "1":10,
                        "2":22
                    },
                    "II":{
                        "0":"4",
                        "1":12,
                        "2":25
                    },
                    "III":{
                        "0":"5",
                        "1":13.0,
                        "2":null
                    },
                    "IV":{
                        "0":"6",
                        "1":17.0,
                        "2":null
                    },
                    "V":{
                        "0":"7",
                        "1":20.0,
                        "2":null
                    },
                    "VI":{
                        "0":"9",
                        "1":21.0,
                        "2":null
                    }
                },
                "Set 4":0,
                "Set 5":0
            },
            "Serves 2":{
                "Set 1":{
                    "I":{
                        "0":null,
                        "1":12.0
                    },
                    "II":{
                        "0":"1",
                        "1":14
                    },
                    "III":{
                        "0":"3",
                        "1":16
                    },
                    "IV":{
                        "0":"4",
                        "1":null
                    },
                    "V":{
                        "0":"6",
                        "1":null
                    },
                    "VI":{
                        "0":"9",
                        "1":null
                    }
                },
                "Set 2":{
                    "I":{
                        "0":"2",
                        "1":9,
                        "2":19
                    },
                    "II":{
                        "0":"3",
                        "1":10,
                        "2":22
                    },
                    "III":{
                        "0":"4",
                        "1":11.0,
                        "2":null
                    },
                    "IV":{
                        "0":"5",
                        "1":12.0,
                        "2":null
                    },
                    "V":{
                        "0":"6",
                        "1":16.0,
                        "2":null
                    },
                    "VI":{
                        "0":"7",
                        "1":17.0,
                        "2":null
                    }
                },
                "Set 3":{
                    "I":{
                        "0":null,
                        "1":9.0,
                        "2":19.0
                    },
                    "II":{
                        "0":"2",
                        "1":12,
                        "2":20
                    },
                    "III":{
                        "0":"3",
                        "1":14.0,
                        "2":null
                    },
                    "IV":{
                        "0":"5",
                        "1":15.0,
                        "2":null
                    },
                    "V":{
                        "0":"7",
                        "1":17.0,
                        "2":null
                    },
                    "VI":{
                        "0":"8",
                        "1":18.0,
                        "2":null
                    }
                },
                "Set 4":0,
                "Set 5":0
            },
            "Timeouts 1":{
                "Set 1":{
                    "T":{
                        "0":"9:9"
                    }
                },
                "Set 2":{
                    "T":{
                        "0":"18:16",
                        "1":"23:22"
                    }
                },
                "Set 3":{
                    "T":{

                    }
                },
                "Set 4":0,
                "Set 5":0
            },
            "Timeouts 2":{
                "Set 1":{
                    "T":{
                        "0":"14:18",
                        "1":"14:20"
                    }
                },
                "Set 2":{
                    "T":{
                        "0":"17:21"
                    }
                },
                "Set 3":{
                    "T":{
                        "0":"2:4",
                        "1":"17:19"
                    }
                },
                "Set 4":0,
                "Set 5":0
            }
        },
        "Teams":{
            "Name":{
                "Team 1":"LONGUEAU AMIENS METROPOLE VO",
                "Team 2":"VESINET STADE ST-GERMANOIS VB"
            },
            "Players":{
                "Team 1":{
                    "N\u00b0":{
                        "0":1,
                        "1":2,
                        "2":3,
                        "3":4,
                        "4":6,
                        "5":7,
                        "6":8,
                        "7":9,
                        "8":11,
                        "9":13,
                        "10":14,
                        "11":18
                    },
                    "Nom Pr\u00e9nom":{
                        "0":"LENTZ COLLEEN",
                        "1":"CARREEL SAMANTHA",
                        "2":"CADART JULIE",
                        "3":"LOUBARD LEILA",
                        "4":"LECLERE FLORENCE",
                        "5":"ALLEMEERSCH MORGANE",
                        "6":"CANLERS JULIE",
                        "7":"DARRAS CAMILLE",
                        "8":"MALIVOIR ELEONORE",
                        "9":"LAPEYRONIE CECILE",
                        "10":"DEVAUX JULIE",
                        "11":"YUWEI LI"
                    },
                    "Licence":{
                        "0":2004272,
                        "1":1578730,
                        "2":1209171,
                        "3":1722871,
                        "4":1505251,
                        "5":1771927,
                        "6":2139282,
                        "7":2049859,
                        "8":2003836,
                        "9":2004275,
                        "10":1897588,
                        "11":2411202
                    }
                },
                "Team 2":{
                    "N\u00b0":{
                        "0":1,
                        "1":2,
                        "2":3,
                        "3":4,
                        "4":5,
                        "5":6,
                        "6":7,
                        "7":8,
                        "8":9,
                        "9":12,
                        "10":15
                    },
                    "Nom Pr\u00e9nom":{
                        "0":"MADUREIRA ADRIANA",
                        "1":"LE FAOU OCEANE",
                        "2":"GOURMELEN LOU",
                        "3":"BILLARD ZOE",
                        "4":"DEKEUKELAIRE MARION",
                        "5":"MOREAU NELL",
                        "6":"BOURNEUF MAYLIS",
                        "7":"BOUFFARD VICTORIA",
                        "8":"EON NOLWENN",
                        "9":"OFFREDI JADE",
                        "10":"BERNARD ANNE-SOPHIE"
                    },
                    "Licence":{
                        "0":1997652,
                        "1":1837419,
                        "2":2110813,
                        "3":2103114,
                        "4":1987971,
                        "5":1874808,
                        "6":1679652,
                        "7":2250156,
                        "8":1677381,
                        "9":1863527,
                        "10":2088670
                    }
                }
            },
            "Liberos":{
                "Team 1":{
                    "N\u00b0":{
                        "0":2,
                        "1":14
                    },
                    "Nom Pr\u00e9nom":{
                        "0":"CARREEL SAMANTHA",
                        "1":"DEVAUX JULIE"
                    },
                    "Licence":{
                        "0":1578730,
                        "1":1897588
                    }
                },
                "Team 2":{
                    "N\u00b0":{
                        "0":1,
                        "1":4
                    },
                    "Nom Pr\u00e9nom":{
                        "0":"MADUREIRA ADRIANA",
                        "1":"BILLARD ZOE"
                    },
                    "Licence":{
                        "0":1997652,
                        "1":2103114
                    }
                }
            },
            "Officials":{
                "Team 1":{
                    "N\u00b0":{
                        "0":"EA",
                        "1":"EB",
                        "2":"EB",
                        "3":"SO"
                    },
                    "Nom Pr\u00e9nom":{
                        "0":"BEVILACQUA CLEMENT",
                        "1":"LORIETTE CEDRIC",
                        "2":"DEVAUX OLIVIER",
                        "3":"BRAY CHLOE"
                    },
                    "Licence":{
                        "0":1025966,
                        "1":1066794,
                        "2":2141675,
                        "3":1666010
                    }
                },
                "Team 2":{
                    "N\u00b0":{
                        "0":"EA"
                    },
                    "Nom Pr\u00e9nom":{
                        "0":"SZCZYGIELSKI SZCZEPAN"
                    },
                    "Licence":{
                        "0":1839533
                    }
                }
            }
        },
        "Results":{
            "winner":"LONGUEAU AMIENS METROP",
            "score":"3\/0"
        },
        "Referees":{
            "NOM Pr\u00e9nom":{
                "1er":"DERESMES JEAN-LUC",
                "2\u00e8me":"ELOY GUILLAUME",
                "Marqueur":"OUDART MAURINE",
                "Marq.Ass":".",
                "R.Salle":"CARREEL THIERRY"
            },
            "Ligue":{
                "1er":"LIG_HDF",
                "2\u00e8me":"LIG_HDF",
                "Marqueur":"LIG_HDF",
                "Marq.Ass":null,
                "R.Salle":"LIG_HDF"
            },
            "Licence":{
                "1er":1082737.0,
                "2\u00e8me":1720533.0,
                "Marqueur":2413838.0,
                "Marq.Ass":null,
                "R.Salle":1647893.0
            }
        },
        "Penalties":{

        }
    }
}