{
    "Match":{
        "Title":{
            "div_code":"3FF ",
            "div_name":"NATIONALE 3 FEMININE POULE F",
            "div_pool":"",
            "match_number":"3FF003",
            "match_day":"01",
            "city":"SAINT POL SUR MER",
            "gym":"SALLE DE LA FERME MARCHAND",
            "category":"SENIOR | FEMININE",
            "ligue":"Comp\u00e9titions Nationales SENIORS",
            "date":"2019-10-06 15:00:00",
            "team_1":"VOLLEY CLUB SAINT POLOIS",
            "team_2":"VINCENNES VOLLEY CLUB"
        },
        "Sets":{
            "Teams":{
                "Set 1":{
                    "Name":{
                        "Team 1":"VINCENNES VOLLEY CLUB",
                        "Team 2":"VOLLEY CLUB SAINT POLO"
                    },
                    "Starting":{
                        "Team 1":"Service",
                        "Team 2":"Reception"
                    }
                },
                "Set 2":{
                    "Name":{
                        "Team 1":"VINCENNES VOLLEY CLUB",
                        "Team 2":"VOLLEY CLUB SAINT POLO"
                    },
                    "Starting":{
                        "Team 1":"Service",
                        "Team 2":"Reception"
                    }
                },
                "Set 3":{
                    "Name":{
                        "Team 1":"VINCENNES VOLLEY CLUB",
                        "Team 2":"VOLLEY CLUB SAINT POLO"
                    },
                    "Starting":{
                        "Team 1":"Service",
                        "Team 2":"Reception"
                    }
                },
                "Set 4":0,
                "Set 5":0
            },
            "Time":{
                "Set 1":{
                    "Time":{
                        "Start":"2019-10-06 14:56:00",
                        "End":"2019-10-06 15:33:00"
                    }
                },
                "Set 2":{
                    "Time":{
                        "Start":"2019-10-06 15:35:00",
                        "End":"2019-10-06 16:07:00"
                    }
                },
                "Set 3":{
                    "Time":{
                        "Start":"2019-10-06 16:09:00",
                        "End":"2019-10-06 16:44:00"
                    }
                },
                "Set 4":0,
                "Set 5":0
            },
            "Substitutions 1":{
                "Set 1":{
                    "I":{
                        "0":"10",
                        "1":"12",
                        "2":"15:21"
                    },
                    "II":{
                        "0":8.0,
                        "1":null,
                        "2":null
                    },
                    "III":{
                        "0":3.0,
                        "1":null,
                        "2":null
                    },
                    "IV":{
                        "0":5.0,
                        "1":null,
                        "2":null
                    },
                    "V":{
                        "0":4.0,
                        "1":null,
                        "2":null
                    },
                    "VI":{
                        "0":7.0,
                        "1":null,
                        "2":null
                    }
                },
                "Set 2":{
                    "I":{
                        "0":7.0,
                        "1":null,
                        "2":null
                    },
                    "II":{
                        "0":"12",
                        "1":"10",
                        "2":"12:14"
                    },
                    "III":{
                        "0":8.0,
                        "1":null,
                        "2":null
                    },
                    "IV":{
                        "0":3.0,
                        "1":null,
                        "2":null
                    },
                    "V":{
                        "0":5.0,
                        "1":null,
                        "2":null
                    },
                    "VI":{
                        "0":4.0,
                        "1":null,
                        "2":null
                    }
                },
                "Set 3":{
                    "I":{
                        "0":"10",
                        "1":"1",
                        "2":"14:18"
                    },
                    "II":{
                        "0":8.0,
                        "1":null,
                        "2":null
                    },
                    "III":{
                        "0":6.0,
                        "1":null,
                        "2":null
                    },
                    "IV":{
                        "0":"5",
                        "1":"12",
                        "2":"14:18"
                    },
                    "V":{
                        "0":4.0,
                        "1":null,
                        "2":null
                    },
                    "VI":{
                        "0":7.0,
                        "1":null,
                        "2":null
                    }
                },
                "Set 4":0,
                "Set 5":0
            },
            "Substitutions 2":{
                "Set 1":{
                    "I":{
                        "0":8.0,
                        "1":null,
                        "2":null,
                        "3":null
                    },
                    "II":{
                        "0":17.0,
                        "1":null,
                        "2":null,
                        "3":null
                    },
                    "III":{
                        "0":"5",
                        "1":"14",
                        "2":"17:13",
                        "3":"23:19"
                    },
                    "IV":{
                        "0":2.0,
                        "1":null,
                        "2":null,
                        "3":null
                    },
                    "V":{
                        "0":9.0,
                        "1":null,
                        "2":null,
                        "3":null
                    },
                    "VI":{
                        "0":"3",
                        "1":"4",
                        "2":"17:12",
                        "3":"23:19"
                    }
                },
                "Set 2":{
                    "I":{
                        "0":3.0,
                        "1":null,
                        "2":null
                    },
                    "II":{
                        "0":"8",
                        "1":"7",
                        "2":"24:21"
                    },
                    "III":{
                        "0":17.0,
                        "1":null,
                        "2":null
                    },
                    "IV":{
                        "0":5.0,
                        "1":null,
                        "2":null
                    },
                    "V":{
                        "0":2.0,
                        "1":null,
                        "2":null
                    },
                    "VI":{
                        "0":9.0,
                        "1":null,
                        "2":null
                    }
                },
                "Set 3":{
                    "I":{
                        "0":8.0,
                        "1":null,
                        "2":null,
                        "3":null
                    },
                    "II":{
                        "0":17.0,
                        "1":null,
                        "2":null,
                        "3":null
                    },
                    "III":{
                        "0":"5",
                        "1":"14",
                        "2":"16:10",
                        "3":"22:20"
                    },
                    "IV":{
                        "0":"2",
                        "1":"7",
                        "2":"17:11",
                        "3":null
                    },
                    "V":{
                        "0":9.0,
                        "1":null,
                        "2":null,
                        "3":null
                    },
                    "VI":{
                        "0":"3",
                        "1":"4",
                        "2":"15:9",
                        "3":"22:20"
                    }
                },
                "Set 4":0,
                "Set 5":0
            },
            "Serves 1":{
                "Set 1":{
                    "I":{
                        "0":"1",
                        "1":11,
                        "2":21
                    },
                    "II":{
                        "0":"2",
                        "1":12.0,
                        "2":null
                    },
                    "III":{
                        "0":"3",
                        "1":13.0,
                        "2":null
                    },
                    "IV":{
                        "0":"4",
                        "1":15.0,
                        "2":null
                    },
                    "V":{
                        "0":"8",
                        "1":19.0,
                        "2":null
                    },
                    "VI":{
                        "0":"10",
                        "1":20.0,
                        "2":null
                    }
                },
                "Set 2":{
                    "I":{
                        "0":"0",
                        "1":9,
                        "2":20
                    },
                    "II":{
                        "0":"2",
                        "1":11,
                        "2":21
                    },
                    "III":{
                        "0":"3",
                        "1":12,
                        "2":22
                    },
                    "IV":{
                        "0":"4",
                        "1":14.0,
                        "2":null
                    },
                    "V":{
                        "0":"5",
                        "1":15.0,
                        "2":null
                    },
                    "VI":{
                        "0":"8",
                        "1":18.0,
                        "2":null
                    }
                },
                "Set 3":{
                    "I":{
                        "0":"0",
                        "1":8
                    },
                    "II":{
                        "0":"1",
                        "1":9
                    },
                    "III":{
                        "0":"2",
                        "1":11
                    },
                    "IV":{
                        "0":"5",
                        "1":14
                    },
                    "V":{
                        "0":"6",
                        "1":16
                    },
                    "VI":{
                        "0":"7",
                        "1":21
                    }
                },
                "Set 4":0,
                "Set 5":0
            },
            "Serves 2":{
                "Set 1":{
                    "I":{
                        "0":null,
                        "1":15.0,
                        "2":24.0
                    },
                    "II":{
                        "0":"1",
                        "1":16,
                        "2":25
                    },
                    "III":{
                        "0":"6",
                        "1":17.0,
                        "2":null
                    },
                    "IV":{
                        "0":"7",
                        "1":20.0,
                        "2":null
                    },
                    "V":{
                        "0":"10",
                        "1":22.0,
                        "2":null
                    },
                    "VI":{
                        "0":"11",
                        "1":23.0,
                        "2":null
                    }
                },
                "Set 2":{
                    "I":{
                        "0":null,
                        "1":9.0,
                        "2":22.0
                    },
                    "II":{
                        "0":"1",
                        "1":11,
                        "2":23
                    },
                    "III":{
                        "0":"2",
                        "1":12,
                        "2":24
                    },
                    "IV":{
                        "0":"3",
                        "1":15,
                        "2":25
                    },
                    "V":{
                        "0":"5",
                        "1":16.0,
                        "2":null
                    },
                    "VI":{
                        "0":"8",
                        "1":18.0,
                        "2":null
                    }
                },
                "Set 3":{
                    "I":{
                        "0":null,
                        "1":11.0,
                        "2":25.0
                    },
                    "II":{
                        "0":"2",
                        "1":14.0,
                        "2":null
                    },
                    "III":{
                        "0":"3",
                        "1":16.0,
                        "2":null
                    },
                    "IV":{
                        "0":"4",
                        "1":17.0,
                        "2":null
                    },
                    "V":{
                        "0":"5",
                        "1":21.0,
                        "2":null
                    },
                    "VI":{
                        "0":"10",
                        "1":22.0,
                        "2":null
                    }
                },
                "Set 4":0,
                "Set 5":0
            },
            "Timeouts 1":{
                "Set 1":{
                    "T":{
                        "0":"10:14",
                        "1":"13:19"
                    }
                },
                "Set 2":{
                    "T":{
                        "0":"12:15",
                        "1":"15:18"
                    }
                },
                "Set 3":{
                    "T":{
                        "0":"8:13",
                        "1":"14:20"
                    }
                },
                "Set 4":0,
                "Set 5":0
            },
            "Timeouts 2":{
                "Set 1":{
                    "T":{
                        "0":"10:7",
                        "1":"22:19"
                    }
                },
                "Set 2":{
                    "T":{
                        "0":"18:17",
                        "1":"24:22"
                    }
                },
                "Set 3":{
                    "T":{
                        "0":"17:14",
                        "1":"22:19"
                    }
                },
                "Set 4":0,
                "Set 5":0
            }
        },
        "Teams":{
            "Name":{
                "Team 1":"VOLLEY CLUB SAINT POLOIS",
                "Team 2":"VINCENNES VOLLEY CLUB"
            },
            "Players":{
                "Team 1":{
                    "N\u00b0":{
                        "0":2,
                        "1":3,
                        "2":4,
                        "3":5,
                        "4":7,
                        "5":8,
                        "6":9,
                        "7":13,
                        "8":14,
                        "9":17
                    },
                    "Nom Pr\u00e9nom":{
                        "0":"ADAM JULIE",
                        "1":"VALLEZ CAMILLE",
                        "2":"GROUX ANGELE",
                        "3":"CHOUIKH BARBEZ EILORA",
                        "4":"TSALIKIS CHLOE",
                        "5":"CHOUIKH--BARBEZ NAWELLE",
                        "6":"DUPONT ROMANE",
                        "7":"VALLEZ PAULINE",
                        "8":"DOUAY LOUISE",
                        "9":"ALBERT CLEMENCE"
                    },
                    "Licence":{
                        "0":1956283,
                        "1":1622130,
                        "2":1998910,
                        "3":1851066,
                        "4":1851072,
                        "5":1996127,
                        "6":2040645,
                        "7":1622129,
                        "8":2139417,
                        "9":1635791
                    }
                },
                "Team 2":{
                    "N\u00b0":{
                        "0":1,
                        "1":2,
                        "2":3,
                        "3":4,
                        "4":5,
                        "5":6,
                        "6":7,
                        "7":8,
                        "8":10,
                        "9":12,
                        "10":15
                    },
                    "Nom Pr\u00e9nom":{
                        "0":"BOUYEURE GIULIA",
                        "1":"ZEMZEMI ILHEME",
                        "2":"PERRIER MATHIDE",
                        "3":"WATSON AUDREY",
                        "4":"MALLET ALBANE",
                        "5":"VIEUX ESTELLE",
                        "6":"TOM\u00c9 EMMA",
                        "7":"CHOQUIN MARINE",
                        "8":"WISER CHIARA",
                        "9":"BOULLERY ANNA",
                        "10":"CHEVALLIER MARION"
                    },
                    "Licence":{
                        "0":2150962,
                        "1":2275577,
                        "2":2186531,
                        "3":1695483,
                        "4":2096922,
                        "5":2248757,
                        "6":2141279,
                        "7":1679347,
                        "8":2095742,
                        "9":2139864,
                        "10":1993389
                    }
                }
            },
            "Liberos":{
                "Team 1":{
                    "N\u00b0":{
                        "0":13
                    },
                    "Nom Pr\u00e9nom":{
                        "0":"VALLEZ PAULINE"
                    },
                    "Licence":{
                        "0":1622129
                    }
                },
                "Team 2":{
                    "N\u00b0":{
                        "0":15
                    },
                    "Nom Pr\u00e9nom":{
                        "0":"CHEVALLIER MARION"
                    },
                    "Licence":{
                        "0":1993389
                    }
                }
            },
            "Officials":{
                "Team 1":{
                    "N\u00b0":{
                        "0":"EA"
                    },
                    "Nom Pr\u00e9nom":{
                        "0":"BOLLENGIER GAEL"
                    },
                    "Licence":{
                        "0":182113
                    }
                },
                "Team 2":{
                    "N\u00b0":{
                        "0":"EA"
                    },
                    "Nom Pr\u00e9nom":{
                        "0":"LE CHASTELAIN ERIC"
                    },
                    "Licence":{
                        "0":1006626
                    }
                }
            }
        },
        "Results":{
            "winner":"VOLLEY CLUB SAINT POLO",
            "score":"3\/0"
        },
        "Referees":{
            "NOM Pr\u00e9nom":{
                "1er":"DANGLEANT LILYA",
                "2\u00e8me":"KONARKOWSKI DIDIER",
                "Marqueur":"VERON HUGO",
                "Marq.Ass":".",
                "nan":null
            },
            "Ligue":{
                "1er":"LIG_HDF",
                "2\u00e8me":"LIG_HDF",
                "Marqueur":"LIG_HDF",
                "Marq.Ass":null,
                "nan":"Juges"
            },
            "Licence":{
                "1er":1400392.0,
                "2\u00e8me":721183.0,
                "Marqueur":1863316.0,
                "Marq.Ass":null,
                "nan":null
            }
        },
        "Penalties":{

        }
    }
}