{
    "Match":{
        "Title":{
            "div_code":"3FF ",
            "div_name":"NATIONALE 3 FEMININE POULE F",
            "div_pool":"",
            "match_number":"3FF086",
            "match_day":"15",
            "city":"MEUDON LA FORET",
            "gym":"MILLANDY",
            "category":"SENIOR | FEMININE",
            "ligue":"Comp\u00e9titions Nationales SENIORS",
            "date":"2020-03-01 13:30:00",
            "team_1":"ASS SPORTIVE MEUDONNAISE",
            "team_2":"DUNKERQUE GRAND LITTORAL V.B."
        },
        "Sets":{
            "Teams":{
                "Set 1":{
                    "Name":{
                        "Team 1":"DUNKERQUE GRAND LITTOR",
                        "Team 2":"ASS SPORTIVE MEUDONNAI"
                    },
                    "Starting":{
                        "Team 1":"Service",
                        "Team 2":"Reception"
                    }
                },
                "Set 2":{
                    "Name":{
                        "Team 1":"DUNKERQUE GRAND LITTOR",
                        "Team 2":"ASS SPORTIVE MEUDONNAI"
                    },
                    "Starting":{
                        "Team 1":"Service",
                        "Team 2":"Reception"
                    }
                },
                "Set 3":{
                    "Name":{
                        "Team 1":"DUNKERQUE GRAND LITTOR",
                        "Team 2":"ASS SPORTIVE MEUDONNAI"
                    },
                    "Starting":{
                        "Team 1":"Service",
                        "Team 2":"Reception"
                    }
                },
                "Set 4":0,
                "Set 5":0
            },
            "Time":{
                "Set 1":{
                    "Time":{
                        "Start":"2020-03-01 13:29:00",
                        "End":"2020-03-01 14:01:00"
                    }
                },
                "Set 2":{
                    "Time":{
                        "Start":"2020-03-01 14:04:00",
                        "End":"2020-03-01 14:27:00"
                    }
                },
                "Set 3":{
                    "Time":{
                        "Start":"2020-03-01 14:29:00",
                        "End":"2020-03-01 14:56:00"
                    }
                },
                "Set 4":0,
                "Set 5":0
            },
            "Substitutions 1":{
                "Set 1":{
                    "I":{
                        "0":18.0,
                        "1":null,
                        "2":null
                    },
                    "II":{
                        "0":5.0,
                        "1":null,
                        "2":null
                    },
                    "III":{
                        "0":"11",
                        "1":"2",
                        "2":"21:17"
                    },
                    "IV":{
                        "0":6.0,
                        "1":null,
                        "2":null
                    },
                    "V":{
                        "0":4.0,
                        "1":null,
                        "2":null
                    },
                    "VI":{
                        "0":8.0,
                        "1":null,
                        "2":null
                    }
                },
                "Set 2":{
                    "I":{
                        "0":5.0,
                        "1":null,
                        "2":null
                    },
                    "II":{
                        "0":"11",
                        "1":"2",
                        "2":"3:16"
                    },
                    "III":{
                        "0":6.0,
                        "1":null,
                        "2":null
                    },
                    "IV":{
                        "0":"4",
                        "1":"9",
                        "2":"3:18"
                    },
                    "V":{
                        "0":8.0,
                        "1":null,
                        "2":null
                    },
                    "VI":{
                        "0":"18",
                        "1":"1",
                        "2":"3:12"
                    }
                },
                "Set 3":{
                    "I":{
                        "0":"9",
                        "1":"15",
                        "2":"12:16"
                    },
                    "II":{
                        "0":5.0,
                        "1":null,
                        "2":null
                    },
                    "III":{
                        "0":11.0,
                        "1":null,
                        "2":null
                    },
                    "IV":{
                        "0":6.0,
                        "1":null,
                        "2":null
                    },
                    "V":{
                        "0":4.0,
                        "1":null,
                        "2":null
                    },
                    "VI":{
                        "0":8.0,
                        "1":null,
                        "2":null
                    }
                },
                "Set 4":0,
                "Set 5":0
            },
            "Substitutions 2":{
                "Set 1":{
                    "I":{
                        "0":16.0,
                        "1":null,
                        "2":null,
                        "3":null
                    },
                    "II":{
                        "0":14.0,
                        "1":null,
                        "2":null,
                        "3":null
                    },
                    "III":{
                        "0":8.0,
                        "1":null,
                        "2":null,
                        "3":null
                    },
                    "IV":{
                        "0":"10",
                        "1":"12",
                        "2":"4:12",
                        "3":"21:22"
                    },
                    "V":{
                        "0":3.0,
                        "1":null,
                        "2":null,
                        "3":null
                    },
                    "VI":{
                        "0":11.0,
                        "1":null,
                        "2":null,
                        "3":null
                    }
                },
                "Set 2":{
                    "I":{
                        "0":16.0,
                        "1":null,
                        "2":null
                    },
                    "II":{
                        "0":14.0,
                        "1":null,
                        "2":null
                    },
                    "III":{
                        "0":8.0,
                        "1":null,
                        "2":null
                    },
                    "IV":{
                        "0":10.0,
                        "1":null,
                        "2":null
                    },
                    "V":{
                        "0":3.0,
                        "1":null,
                        "2":null
                    },
                    "VI":{
                        "0":"11",
                        "1":"12",
                        "2":"24:8"
                    }
                },
                "Set 3":{
                    "I":{
                        "0":16
                    },
                    "II":{
                        "0":14
                    },
                    "III":{
                        "0":8
                    },
                    "IV":{
                        "0":10
                    },
                    "V":{
                        "0":3
                    },
                    "VI":{
                        "0":11
                    }
                },
                "Set 4":0,
                "Set 5":0
            },
            "Serves 1":{
                "Set 1":{
                    "I":{
                        "0":"0",
                        "1":19
                    },
                    "II":{
                        "0":"4",
                        "1":20
                    },
                    "III":{
                        "0":"9",
                        "1":21
                    },
                    "IV":{
                        "0":"12",
                        "1":22
                    },
                    "V":{
                        "0":"13",
                        "1":23
                    },
                    "VI":{
                        "0":"16",
                        "1":null
                    }
                },
                "Set 2":{
                    "I":{
                        "0":"0",
                        "1":9
                    },
                    "II":{
                        "0":"1",
                        "1":null
                    },
                    "III":{
                        "0":"3",
                        "1":null
                    },
                    "IV":{
                        "0":"4",
                        "1":null
                    },
                    "V":{
                        "0":"5",
                        "1":null
                    },
                    "VI":{
                        "0":"8",
                        "1":null
                    }
                },
                "Set 3":{
                    "I":{
                        "0":"0",
                        "1":8,
                        "2":15
                    },
                    "II":{
                        "0":"1",
                        "1":10.0,
                        "2":null
                    },
                    "III":{
                        "0":"2",
                        "1":11.0,
                        "2":null
                    },
                    "IV":{
                        "0":"3",
                        "1":12.0,
                        "2":null
                    },
                    "V":{
                        "0":"5",
                        "1":13.0,
                        "2":null
                    },
                    "VI":{
                        "0":"7",
                        "1":14.0,
                        "2":null
                    }
                },
                "Set 4":0,
                "Set 5":0
            },
            "Serves 2":{
                "Set 1":{
                    "I":{
                        "0":null,
                        "1":14.0
                    },
                    "II":{
                        "0":"2",
                        "1":15
                    },
                    "III":{
                        "0":"3",
                        "1":17
                    },
                    "IV":{
                        "0":"4",
                        "1":21
                    },
                    "V":{
                        "0":"7",
                        "1":23
                    },
                    "VI":{
                        "0":"11",
                        "1":25
                    }
                },
                "Set 2":{
                    "I":{
                        "0":null,
                        "1":24.0
                    },
                    "II":{
                        "0":"2",
                        "1":25
                    },
                    "III":{
                        "0":"7",
                        "1":null
                    },
                    "IV":{
                        "0":"19",
                        "1":null
                    },
                    "V":{
                        "0":"21",
                        "1":null
                    },
                    "VI":{
                        "0":"23",
                        "1":null
                    }
                },
                "Set 3":{
                    "I":{
                        "0":null,
                        "1":12.0,
                        "2":24.0
                    },
                    "II":{
                        "0":"1",
                        "1":13,
                        "2":25
                    },
                    "III":{
                        "0":"2",
                        "1":14.0,
                        "2":null
                    },
                    "IV":{
                        "0":"3",
                        "1":15.0,
                        "2":null
                    },
                    "V":{
                        "0":"5",
                        "1":16.0,
                        "2":null
                    },
                    "VI":{
                        "0":"7",
                        "1":21.0,
                        "2":null
                    }
                },
                "Set 4":0,
                "Set 5":0
            },
            "Timeouts 1":{
                "Set 1":{
                    "T":{
                        "0":"13:10",
                        "1":"16:14"
                    }
                },
                "Set 2":{
                    "T":{
                        "0":"1:5",
                        "1":"3:13"
                    }
                },
                "Set 3":{
                    "T":{
                        "0":"7:11",
                        "1":"13:18"
                    }
                },
                "Set 4":0,
                "Set 5":0
            },
            "Timeouts 2":{
                "Set 1":{
                    "T":{
                        "0":"2:4"
                    }
                },
                "Set 2":{
                    "T":{

                    }
                },
                "Set 3":{
                    "T":{

                    }
                },
                "Set 4":0,
                "Set 5":0
            }
        },
        "Teams":{
            "Name":{
                "Team 1":"ASS SPORTIVE MEUDONNAISE",
                "Team 2":"DUNKERQUE GRAND LITTORAL V.B."
            },
            "Players":{
                "Team 1":{
                    "N\u00b0":{
                        "0":3,
                        "1":6,
                        "2":8,
                        "3":9,
                        "4":10,
                        "5":11,
                        "6":12,
                        "7":14,
                        "8":16
                    },
                    "Nom Pr\u00e9nom":{
                        "0":"HAMERY ANNE-LAURE",
                        "1":"JASINSKI ANDREA",
                        "2":"CHAILLOU SALOM\u00c9",
                        "3":"MASQUELIN SARAH",
                        "4":"BILLARD BRANDY",
                        "5":"LAURENS EMMY",
                        "6":"O'REILLY LAURA",
                        "7":"MOURADIAN VANESSA",
                        "8":"LABADIE PAULINE"
                    },
                    "Licence":{
                        "0":1148342,
                        "1":1841427,
                        "2":2008134,
                        "3":2004915,
                        "4":1909704,
                        "5":2046332,
                        "6":1554053,
                        "7":1488774,
                        "8":1995484
                    }
                },
                "Team 2":{
                    "N\u00b0":{
                        "0":1,
                        "1":2,
                        "2":4,
                        "3":5,
                        "4":6,
                        "5":8,
                        "6":9,
                        "7":10,
                        "8":11,
                        "9":15,
                        "10":18
                    },
                    "Nom Pr\u00e9nom":{
                        "0":"TONDEUR CHARLOTTE",
                        "1":"RAGOUBI LATIFA",
                        "2":"DAVROUX MARGOT",
                        "3":"BAK LEIA",
                        "4":"LETREZ LEA",
                        "5":"VIAENE JOSEPHINE",
                        "6":"LEMAIRE GAELLE",
                        "7":"ROUSSEY PAULINE",
                        "8":"BOUCHERIE MURIEL",
                        "9":"TONDEUR CLEMENTINE",
                        "10":"IMBERT MARGAUX"
                    },
                    "Licence":{
                        "0":2140952,
                        "1":2046786,
                        "2":1943137,
                        "3":1992101,
                        "4":1868117,
                        "5":1901228,
                        "6":1808444,
                        "7":1660030,
                        "8":2435901,
                        "9":2140958,
                        "10":1702804
                    }
                }
            },
            "Liberos":{
                "Team 1":{
                    "N\u00b0":{
                        "0":9
                    },
                    "Nom Pr\u00e9nom":{
                        "0":"MASQUELIN SARAH"
                    },
                    "Licence":{
                        "0":2004915
                    }
                },
                "Team 2":{
                    "N\u00b0":{
                        "0":10
                    },
                    "Nom Pr\u00e9nom":{
                        "0":"ROUSSEY PAULINE"
                    },
                    "Licence":{
                        "0":1660030
                    }
                }
            },
            "Officials":{
                "Team 1":{
                    "N\u00b0":{
                        "0":"EA"
                    },
                    "Nom Pr\u00e9nom":{
                        "0":"RIBINIK SAMUEL"
                    },
                    "Licence":{
                        "0":1679106
                    }
                },
                "Team 2":{
                    "N\u00b0":{
                        "0":"EA"
                    },
                    "Nom Pr\u00e9nom":{
                        "0":"MEENEBOO DAVID"
                    },
                    "Licence":{
                        "0":1132934
                    }
                }
            }
        },
        "Results":{
            "winner":"ASS SPORTIVE MEUDONNAI",
            "score":"3\/0"
        },
        "Referees":{
            "NOM Pr\u00e9nom":{
                "1er":"DINARD QUENTIN",
                "2\u00e8me":"IOUSSAIDENE ABDERRAHMANE",
                "Marqueur":"BEUN TATIANA",
                "Marq.Ass":".",
                "nan":null
            },
            "Ligue":{
                "1er":"LIG_IF",
                "2\u00e8me":"LIG_IF",
                "Marqueur":"LIG_IF",
                "Marq.Ass":null,
                "nan":"Juges"
            },
            "Licence":{
                "1er":2010667.0,
                "2\u00e8me":1715208.0,
                "Marqueur":1651432.0,
                "Marq.Ass":null,
                "nan":null
            }
        },
        "Penalties":{

        }
    }
}