{
    "Match":{
        "Title":{
            "div_code":"3FF ",
            "div_name":"NATIONALE 3 FEMININE POULE F",
            "div_pool":"",
            "match_number":"3FF042",
            "match_day":"07",
            "city":"SAINT POL SUR MER",
            "gym":"SALLE DE LA FERME MARCHAND",
            "category":"SENIOR | FEMININE",
            "ligue":"Comp\u00e9titions Nationales SENIORS",
            "date":"2019-12-01 15:00:00",
            "team_1":"VOLLEY CLUB SAINT POLOIS",
            "team_2":"ASS SPORTIVE MEUDONNAISE"
        },
        "Sets":{
            "Teams":{
                "Set 1":{
                    "Name":{
                        "Team 1":"ASS SPORTIVE MEUDONNAI",
                        "Team 2":"VOLLEY CLUB SAINT POLO"
                    },
                    "Starting":{
                        "Team 1":"Reception",
                        "Team 2":"Service"
                    }
                },
                "Set 2":{
                    "Name":{
                        "Team 1":"ASS SPORTIVE MEUDONNAI",
                        "Team 2":"VOLLEY CLUB SAINT POLO"
                    },
                    "Starting":{
                        "Team 1":"Service",
                        "Team 2":"Reception"
                    }
                },
                "Set 3":{
                    "Name":{
                        "Team 1":"ASS SPORTIVE MEUDONNAI",
                        "Team 2":"VOLLEY CLUB SAINT POLO"
                    },
                    "Starting":{
                        "Team 1":"Reception",
                        "Team 2":"Service"
                    }
                },
                "Set 4":{
                    "Name":{
                        "Team 1":"ASS SPORTIVE MEUDONNAI",
                        "Team 2":"VOLLEY CLUB SAINT POLO"
                    },
                    "Starting":{
                        "Team 1":"Service",
                        "Team 2":"Reception"
                    }
                },
                "Set 5":0
            },
            "Time":{
                "Set 1":{
                    "Time":{
                        "Start":"2019-12-01 14:58:00",
                        "End":"2019-12-01 15:29:00"
                    }
                },
                "Set 2":{
                    "Time":{
                        "Start":"2019-12-01 15:31:00",
                        "End":"2019-12-01 15:55:00"
                    }
                },
                "Set 3":{
                    "Time":{
                        "Start":"2019-12-01 15:58:00",
                        "End":"2019-12-01 16:24:00"
                    }
                },
                "Set 4":{
                    "Time":{
                        "Start":"2019-12-01 16:27:00",
                        "End":"2019-12-01 16:50:00"
                    }
                },
                "Set 5":0
            },
            "Substitutions 1":{
                "Set 1":{
                    "I":{
                        "0":"11",
                        "1":"1",
                        "2":"5:9"
                    },
                    "II":{
                        "0":14.0,
                        "1":null,
                        "2":null
                    },
                    "III":{
                        "0":8.0,
                        "1":null,
                        "2":null
                    },
                    "IV":{
                        "0":10.0,
                        "1":null,
                        "2":null
                    },
                    "V":{
                        "0":3.0,
                        "1":null,
                        "2":null
                    },
                    "VI":{
                        "0":6.0,
                        "1":null,
                        "2":null
                    }
                },
                "Set 2":{
                    "I":{
                        "0":1.0,
                        "1":null,
                        "2":null
                    },
                    "II":{
                        "0":14.0,
                        "1":null,
                        "2":null
                    },
                    "III":{
                        "0":8.0,
                        "1":null,
                        "2":null
                    },
                    "IV":{
                        "0":10.0,
                        "1":null,
                        "2":null
                    },
                    "V":{
                        "0":3.0,
                        "1":null,
                        "2":null
                    },
                    "VI":{
                        "0":"6",
                        "1":"12",
                        "2":"13:21"
                    }
                },
                "Set 3":{
                    "I":{
                        "0":1.0,
                        "1":null,
                        "2":null,
                        "3":null
                    },
                    "II":{
                        "0":14.0,
                        "1":null,
                        "2":null,
                        "3":null
                    },
                    "III":{
                        "0":"8",
                        "1":"11",
                        "2":"6:11",
                        "3":"12:19"
                    },
                    "IV":{
                        "0":10.0,
                        "1":null,
                        "2":null,
                        "3":null
                    },
                    "V":{
                        "0":3.0,
                        "1":null,
                        "2":null,
                        "3":null
                    },
                    "VI":{
                        "0":"12",
                        "1":"6",
                        "2":"6:11",
                        "3":"12:19"
                    }
                },
                "Set 4":{
                    "I":{
                        "0":8.0,
                        "1":null,
                        "2":null,
                        "3":null
                    },
                    "II":{
                        "0":10.0,
                        "1":null,
                        "2":null,
                        "3":null
                    },
                    "III":{
                        "0":3.0,
                        "1":null,
                        "2":null,
                        "3":null
                    },
                    "IV":{
                        "0":"11",
                        "1":"6",
                        "2":"1:6",
                        "3":"8:21"
                    },
                    "V":{
                        "0":1.0,
                        "1":null,
                        "2":null,
                        "3":null
                    },
                    "VI":{
                        "0":14.0,
                        "1":null,
                        "2":null,
                        "3":null
                    }
                },
                "Set 5":0
            },
            "Substitutions 2":{
                "Set 1":{
                    "I":{
                        "0":"3",
                        "1":"14",
                        "2":"16:9",
                        "3":"23:20"
                    },
                    "II":{
                        "0":4.0,
                        "1":null,
                        "2":null,
                        "3":null
                    },
                    "III":{
                        "0":7.0,
                        "1":null,
                        "2":null,
                        "3":null
                    },
                    "IV":{
                        "0":5.0,
                        "1":null,
                        "2":null,
                        "3":null
                    },
                    "V":{
                        "0":2.0,
                        "1":null,
                        "2":null,
                        "3":null
                    },
                    "VI":{
                        "0":9.0,
                        "1":null,
                        "2":null,
                        "3":null
                    }
                },
                "Set 2":{
                    "I":{
                        "0":"3",
                        "1":"14",
                        "2":"22:13"
                    },
                    "II":{
                        "0":2.0,
                        "1":null,
                        "2":null
                    },
                    "III":{
                        "0":7.0,
                        "1":null,
                        "2":null
                    },
                    "IV":{
                        "0":5.0,
                        "1":null,
                        "2":null
                    },
                    "V":{
                        "0":4.0,
                        "1":null,
                        "2":null
                    },
                    "VI":{
                        "0":9.0,
                        "1":null,
                        "2":null
                    }
                },
                "Set 3":{
                    "I":{
                        "0":"3",
                        "1":"14",
                        "2":"23:13"
                    },
                    "II":{
                        "0":2.0,
                        "1":null,
                        "2":null
                    },
                    "III":{
                        "0":7.0,
                        "1":null,
                        "2":null
                    },
                    "IV":{
                        "0":5.0,
                        "1":null,
                        "2":null
                    },
                    "V":{
                        "0":4.0,
                        "1":null,
                        "2":null
                    },
                    "VI":{
                        "0":9.0,
                        "1":null,
                        "2":null
                    }
                },
                "Set 4":{
                    "I":{
                        "0":"3",
                        "1":"14",
                        "2":"15:7"
                    },
                    "II":{
                        "0":2.0,
                        "1":null,
                        "2":null
                    },
                    "III":{
                        "0":7.0,
                        "1":null,
                        "2":null
                    },
                    "IV":{
                        "0":5.0,
                        "1":null,
                        "2":null
                    },
                    "V":{
                        "0":4.0,
                        "1":null,
                        "2":null
                    },
                    "VI":{
                        "0":9.0,
                        "1":null,
                        "2":null
                    }
                },
                "Set 5":0
            },
            "Serves 1":{
                "Set 1":{
                    "I":{
                        "0":null,
                        "1":11.0
                    },
                    "II":{
                        "0":"3",
                        "1":12
                    },
                    "III":{
                        "0":"4",
                        "1":13
                    },
                    "IV":{
                        "0":"5",
                        "1":15
                    },
                    "V":{
                        "0":"7",
                        "1":16
                    },
                    "VI":{
                        "0":"9",
                        "1":25
                    }
                },
                "Set 2":{
                    "I":{
                        "0":"1",
                        "1":11
                    },
                    "II":{
                        "0":"5",
                        "1":12
                    },
                    "III":{
                        "0":"6",
                        "1":13
                    },
                    "IV":{
                        "0":"7",
                        "1":14
                    },
                    "V":{
                        "0":"9",
                        "1":null
                    },
                    "VI":{
                        "0":"10",
                        "1":null
                    }
                },
                "Set 3":{
                    "I":{
                        "0":null,
                        "1":10.0
                    },
                    "II":{
                        "0":"2",
                        "1":11
                    },
                    "III":{
                        "0":"3",
                        "1":12
                    },
                    "IV":{
                        "0":"4",
                        "1":13
                    },
                    "V":{
                        "0":"5",
                        "1":null
                    },
                    "VI":{
                        "0":"9",
                        "1":null
                    }
                },
                "Set 4":{
                    "I":{
                        "0":"0",
                        "1":7
                    },
                    "II":{
                        "0":"1",
                        "1":8
                    },
                    "III":{
                        "0":"2",
                        "1":11
                    },
                    "IV":{
                        "0":"3",
                        "1":null
                    },
                    "V":{
                        "0":"5",
                        "1":null
                    },
                    "VI":{
                        "0":"6",
                        "1":null
                    }
                },
                "Set 5":0
            },
            "Serves 2":{
                "Set 1":{
                    "I":{
                        "0":"1",
                        "1":17
                    },
                    "II":{
                        "0":"2",
                        "1":20
                    },
                    "III":{
                        "0":"5",
                        "1":21
                    },
                    "IV":{
                        "0":"10",
                        "1":22
                    },
                    "V":{
                        "0":"11",
                        "1":23
                    },
                    "VI":{
                        "0":"16",
                        "1":null
                    }
                },
                "Set 2":{
                    "I":{
                        "0":null,
                        "1":13.0
                    },
                    "II":{
                        "0":"1",
                        "1":18
                    },
                    "III":{
                        "0":"5",
                        "1":21
                    },
                    "IV":{
                        "0":"7",
                        "1":23
                    },
                    "V":{
                        "0":"8",
                        "1":25
                    },
                    "VI":{
                        "0":"12",
                        "1":null
                    }
                },
                "Set 3":{
                    "I":{
                        "0":"0",
                        "1":14
                    },
                    "II":{
                        "0":"3",
                        "1":16
                    },
                    "III":{
                        "0":"5",
                        "1":23
                    },
                    "IV":{
                        "0":"8",
                        "1":25
                    },
                    "V":{
                        "0":"11",
                        "1":null
                    },
                    "VI":{
                        "0":"13",
                        "1":null
                    }
                },
                "Set 4":{
                    "I":{
                        "0":null,
                        "1":15.0
                    },
                    "II":{
                        "0":"1",
                        "1":19
                    },
                    "III":{
                        "0":"7",
                        "1":21
                    },
                    "IV":{
                        "0":"9",
                        "1":25
                    },
                    "V":{
                        "0":"10",
                        "1":null
                    },
                    "VI":{
                        "0":"11",
                        "1":null
                    }
                },
                "Set 5":0
            },
            "Timeouts 1":{
                "Set 1":{
                    "T":{
                        "0":"9:14"
                    }
                },
                "Set 2":{
                    "T":{
                        "0":"11:14"
                    }
                },
                "Set 3":{
                    "T":{
                        "0":"12:19"
                    }
                },
                "Set 4":{
                    "T":{
                        "0":"6:13"
                    }
                },
                "Set 5":0
            },
            "Timeouts 2":{
                "Set 1":{
                    "T":{
                        "0":"23:18",
                        "1":"23:21"
                    }
                },
                "Set 2":{
                    "T":{
                        "0":"1:4"
                    }
                },
                "Set 3":{
                    "T":{
                        "0":"11:7",
                        "1":"11:9"
                    }
                },
                "Set 4":{
                    "T":{
                        "0":"21:11"
                    }
                },
                "Set 5":0
            }
        },
        "Teams":{
            "Name":{
                "Team 1":"VOLLEY CLUB SAINT POLOIS",
                "Team 2":"ASS SPORTIVE MEUDONNAISE"
            },
            "Players":{
                "Team 1":{
                    "N\u00b0":{
                        "0":2,
                        "1":3,
                        "2":4,
                        "3":5,
                        "4":7,
                        "5":9,
                        "6":13,
                        "7":14
                    },
                    "Nom Pr\u00e9nom":{
                        "0":"ADAM JULIE",
                        "1":"VALLEZ CAMILLE",
                        "2":"GROUX ANGELE",
                        "3":"CHOUIKH BARBEZ EILORA",
                        "4":"TSALIKIS CHLOE",
                        "5":"DUPONT ROMANE",
                        "6":"VALLEZ PAULINE",
                        "7":"DOUAY LOUISE"
                    },
                    "Licence":{
                        "0":1956283,
                        "1":1622130,
                        "2":1998910,
                        "3":1851066,
                        "4":1851072,
                        "5":2040645,
                        "6":1622129,
                        "7":2139417
                    }
                },
                "Team 2":{
                    "N\u00b0":{
                        "0":1,
                        "1":3,
                        "2":6,
                        "3":8,
                        "4":10,
                        "5":11,
                        "6":12,
                        "7":14,
                        "8":16
                    },
                    "Nom Pr\u00e9nom":{
                        "0":"BEZIE TATIANA",
                        "1":"HAMERY ANNE LAURE",
                        "2":"JASINSKI ANDREA",
                        "3":"CHAILLOU SALOM\u00c9",
                        "4":"BILLARD BRANDY",
                        "5":"LAURENS EMMY",
                        "6":"O'REILLY LAURA",
                        "7":"MOURADIAN VANESSA",
                        "8":"LABADIE PAULINE"
                    },
                    "Licence":{
                        "0":1747862,
                        "1":1148342,
                        "2":1841427,
                        "3":2008134,
                        "4":1909704,
                        "5":2046332,
                        "6":1554053,
                        "7":1488774,
                        "8":1995484
                    }
                }
            },
            "Liberos":{
                "Team 1":{
                    "N\u00b0":{
                        "0":13
                    },
                    "Nom Pr\u00e9nom":{
                        "0":"VALLEZ PAULINE"
                    },
                    "Licence":{
                        "0":1622129
                    }
                },
                "Team 2":{
                    "N\u00b0":{
                        "0":16
                    },
                    "Nom Pr\u00e9nom":{
                        "0":"LABADIE PAULINE"
                    },
                    "Licence":{
                        "0":1995484
                    }
                }
            },
            "Officials":{
                "Team 1":{
                    "N\u00b0":{
                        "0":"EA"
                    },
                    "Nom Pr\u00e9nom":{
                        "0":"BOLLENGIER GAEL"
                    },
                    "Licence":{
                        "0":182113
                    }
                },
                "Team 2":{
                    "N\u00b0":{
                        "0":"EA"
                    },
                    "Nom Pr\u00e9nom":{
                        "0":"RIBINIK SAMUEL"
                    },
                    "Licence":{
                        "0":1679106
                    }
                }
            }
        },
        "Results":{
            "winner":"VOLLEY CLUB SAINT POLO",
            "score":"3\/1"
        },
        "Referees":{
            "NOM Pr\u00e9nom":{
                "1er":"LE GODEC BRIGITTE",
                "2\u00e8me":null,
                "Marqueur":"VERON HUGO",
                "Marq.Ass":".",
                "R.Salle":"GROUX BENOIT"
            },
            "Ligue":{
                "1er":"LIG_HDF",
                "2\u00e8me":null,
                "Marqueur":"LIG_HDF",
                "Marq.Ass":null,
                "R.Salle":"LIG_HDF"
            },
            "Licence":{
                "1er":958373.0,
                "2\u00e8me":null,
                "Marqueur":1863316.0,
                "Marq.Ass":null,
                "R.Salle":1079597.0
            }
        },
        "Penalties":{

        }
    }
}