{
    "Match":{
        "Title":{
            "div_code":"3FF ",
            "div_name":"NATIONALE 3 FEMININE POULE F",
            "div_pool":"",
            "match_number":"3FF070",
            "match_day":"12",
            "city":"LIEVIN",
            "gym":"SALLE NOEL JOSEPHE",
            "category":"SENIOR | FEMININE",
            "ligue":"Comp\u00e9titions Nationales SENIORS",
            "date":"2020-02-02 15:00:00",
            "team_1":"VOLLEY-CLUB LIEVINOIS",
            "team_2":"ASS SPORTIVE MEUDONNAISE"
        },
        "Sets":{
            "Teams":{
                "Set 1":{
                    "Name":{
                        "Team 1":"ASS SPORTIVE MEUDONNAI",
                        "Team 2":"VOLLEY-CLUB LIEVINOIS"
                    },
                    "Starting":{
                        "Team 1":"Reception",
                        "Team 2":"Service"
                    }
                },
                "Set 2":{
                    "Name":{
                        "Team 1":"ASS SPORTIVE MEUDONNAI",
                        "Team 2":"VOLLEY-CLUB LIEVINOIS"
                    },
                    "Starting":{
                        "Team 1":"Service",
                        "Team 2":"Reception"
                    }
                },
                "Set 3":{
                    "Name":{
                        "Team 1":"ASS SPORTIVE MEUDONNAI",
                        "Team 2":"VOLLEY-CLUB LIEVINOIS"
                    },
                    "Starting":{
                        "Team 1":"Reception",
                        "Team 2":"Service"
                    }
                },
                "Set 4":{
                    "Name":{
                        "Team 1":"ASS SPORTIVE MEUDONNAI",
                        "Team 2":"VOLLEY-CLUB LIEVINOIS"
                    },
                    "Starting":{
                        "Team 1":"Service",
                        "Team 2":"Reception"
                    }
                },
                "Set 5":{
                    "Name":{
                        "Team 1":"VOLLEY-CLUB LIEVINO",
                        "Team 2":"ASS SPORTIVE MEUDON"
                    },
                    "Starting":{
                        "Team 1":"Service",
                        "Team 2":"Reception"
                    }
                }
            },
            "Time":{
                "Set 1":{
                    "Time":{
                        "Start":"2020-02-02 15:00:00",
                        "End":"2020-02-02 15:28:00"
                    }
                },
                "Set 2":{
                    "Time":{
                        "Start":"2020-02-02 15:31:00",
                        "End":"2020-02-02 16:02:00"
                    }
                },
                "Set 3":{
                    "Time":{
                        "Start":"2020-02-02 16:05:00",
                        "End":"2020-02-02 16:32:00"
                    }
                },
                "Set 4":{
                    "Time":{
                        "Start":"2020-02-02 16:35:00",
                        "End":"2020-02-02 17:05:00"
                    }
                },
                "Set 5":{
                    "Time":{
                        "Start":"2020-02-02 17:08:00",
                        "End":"2020-02-02 17:25:00"
                    }
                }
            },
            "Substitutions 1":{
                "Set 1":{
                    "I":{
                        "0":16.0,
                        "1":null,
                        "2":null
                    },
                    "II":{
                        "0":14.0,
                        "1":null,
                        "2":null
                    },
                    "III":{
                        "0":"8",
                        "1":"6",
                        "2":"21:17"
                    },
                    "IV":{
                        "0":10.0,
                        "1":null,
                        "2":null
                    },
                    "V":{
                        "0":3.0,
                        "1":null,
                        "2":null
                    },
                    "VI":{
                        "0":12.0,
                        "1":null,
                        "2":null
                    }
                },
                "Set 2":{
                    "I":{
                        "0":"16",
                        "1":"11",
                        "2":"11:14",
                        "3":"14:23"
                    },
                    "II":{
                        "0":14.0,
                        "1":null,
                        "2":null,
                        "3":null
                    },
                    "III":{
                        "0":"8",
                        "1":"6",
                        "2":"11:16",
                        "3":null
                    },
                    "IV":{
                        "0":10.0,
                        "1":null,
                        "2":null,
                        "3":null
                    },
                    "V":{
                        "0":3.0,
                        "1":null,
                        "2":null,
                        "3":null
                    },
                    "VI":{
                        "0":12.0,
                        "1":null,
                        "2":null,
                        "3":null
                    }
                },
                "Set 3":{
                    "I":{
                        "0":16
                    },
                    "II":{
                        "0":14
                    },
                    "III":{
                        "0":6
                    },
                    "IV":{
                        "0":10
                    },
                    "V":{
                        "0":3
                    },
                    "VI":{
                        "0":12
                    }
                },
                "Set 4":{
                    "I":{
                        "0":6
                    },
                    "II":{
                        "0":10
                    },
                    "III":{
                        "0":3
                    },
                    "IV":{
                        "0":12
                    },
                    "V":{
                        "0":16
                    },
                    "VI":{
                        "0":14
                    }
                },
                "Set 5":{
                    "I":{
                        "0":7
                    },
                    "II":{
                        "0":17
                    },
                    "III":{
                        "0":2
                    },
                    "IV":{
                        "0":3
                    },
                    "V":{
                        "0":10
                    },
                    "VI":{
                        "0":8
                    }
                }
            },
            "Substitutions 2":{
                "Set 1":{
                    "I":{
                        "0":17
                    },
                    "II":{
                        "0":2
                    },
                    "III":{
                        "0":3
                    },
                    "IV":{
                        "0":10
                    },
                    "V":{
                        "0":8
                    },
                    "VI":{
                        "0":7
                    }
                },
                "Set 2":{
                    "I":{
                        "0":7
                    },
                    "II":{
                        "0":17
                    },
                    "III":{
                        "0":2
                    },
                    "IV":{
                        "0":3
                    },
                    "V":{
                        "0":10
                    },
                    "VI":{
                        "0":8
                    }
                },
                "Set 3":{
                    "I":{
                        "0":17
                    },
                    "II":{
                        "0":2
                    },
                    "III":{
                        "0":3
                    },
                    "IV":{
                        "0":10
                    },
                    "V":{
                        "0":8
                    },
                    "VI":{
                        "0":7
                    }
                },
                "Set 4":{
                    "I":{
                        "0":7
                    },
                    "II":{
                        "0":17
                    },
                    "III":{
                        "0":2
                    },
                    "IV":{
                        "0":3
                    },
                    "V":{
                        "0":10
                    },
                    "VI":{
                        "0":8
                    }
                },
                "Set 5":{
                    "I":{
                        "0":16
                    },
                    "II":{
                        "0":14
                    },
                    "III":{
                        "0":6
                    },
                    "IV":{
                        "0":10
                    },
                    "V":{
                        "0":3
                    },
                    "VI":{
                        "0":12
                    }
                }
            },
            "Serves 1":{
                "Set 1":{
                    "I":{
                        "0":null,
                        "1":12.0
                    },
                    "II":{
                        "0":"2",
                        "1":14
                    },
                    "III":{
                        "0":"4",
                        "1":19
                    },
                    "IV":{
                        "0":"5",
                        "1":20
                    },
                    "V":{
                        "0":"8",
                        "1":25
                    },
                    "VI":{
                        "0":"11",
                        "1":null
                    }
                },
                "Set 2":{
                    "I":{
                        "0":"3",
                        "1":12
                    },
                    "II":{
                        "0":"4",
                        "1":14
                    },
                    "III":{
                        "0":"5",
                        "1":23
                    },
                    "IV":{
                        "0":"6",
                        "1":26
                    },
                    "V":{
                        "0":"10",
                        "1":null
                    },
                    "VI":{
                        "0":"11",
                        "1":null
                    }
                },
                "Set 3":{
                    "I":{
                        "0":null,
                        "1":11.0,
                        "2":19.0
                    },
                    "II":{
                        "0":"3",
                        "1":12.0,
                        "2":null
                    },
                    "III":{
                        "0":"4",
                        "1":15.0,
                        "2":null
                    },
                    "IV":{
                        "0":"5",
                        "1":16.0,
                        "2":null
                    },
                    "V":{
                        "0":"6",
                        "1":17.0,
                        "2":null
                    },
                    "VI":{
                        "0":"10",
                        "1":18.0,
                        "2":null
                    }
                },
                "Set 4":{
                    "I":{
                        "0":"2",
                        "1":11,
                        "2":20
                    },
                    "II":{
                        "0":"3",
                        "1":12,
                        "2":21
                    },
                    "III":{
                        "0":"5",
                        "1":13.0,
                        "2":null
                    },
                    "IV":{
                        "0":"6",
                        "1":14.0,
                        "2":null
                    },
                    "V":{
                        "0":"8",
                        "1":17.0,
                        "2":null
                    },
                    "VI":{
                        "0":"9",
                        "1":18.0,
                        "2":null
                    }
                },
                "Set 5":{
                    "I":{
                        "0":"1",
                        "1":13
                    },
                    "II":{
                        "0":"2",
                        "1":15
                    },
                    "III":{
                        "0":"5",
                        "1":null
                    },
                    "IV":{
                        "0":"7",
                        "1":null
                    },
                    "V":{
                        "0":"8",
                        "1":null
                    },
                    "VI":{
                        "0":"10",
                        "1":null
                    }
                }
            },
            "Serves 2":{
                "Set 1":{
                    "I":{
                        "0":"0",
                        "1":8
                    },
                    "II":{
                        "0":"1",
                        "1":13
                    },
                    "III":{
                        "0":"2",
                        "1":16
                    },
                    "IV":{
                        "0":"3",
                        "1":17
                    },
                    "V":{
                        "0":"4",
                        "1":null
                    },
                    "VI":{
                        "0":"5",
                        "1":null
                    }
                },
                "Set 2":{
                    "I":{
                        "0":null,
                        "1":17.0
                    },
                    "II":{
                        "0":"1",
                        "1":21
                    },
                    "III":{
                        "0":"2",
                        "1":23
                    },
                    "IV":{
                        "0":"3",
                        "1":24
                    },
                    "V":{
                        "0":"4",
                        "1":null
                    },
                    "VI":{
                        "0":"5",
                        "1":null
                    }
                },
                "Set 3":{
                    "I":{
                        "0":"0",
                        "1":15,
                        "2":25
                    },
                    "II":{
                        "0":"2",
                        "1":17.0,
                        "2":null
                    },
                    "III":{
                        "0":"3",
                        "1":19.0,
                        "2":null
                    },
                    "IV":{
                        "0":"7",
                        "1":21.0,
                        "2":null
                    },
                    "V":{
                        "0":"8",
                        "1":22.0,
                        "2":null
                    },
                    "VI":{
                        "0":"9",
                        "1":24.0,
                        "2":null
                    }
                },
                "Set 4":{
                    "I":{
                        "0":null,
                        "1":14.0,
                        "2":22.0
                    },
                    "II":{
                        "0":"2",
                        "1":15,
                        "2":23
                    },
                    "III":{
                        "0":"6",
                        "1":16,
                        "2":25
                    },
                    "IV":{
                        "0":"8",
                        "1":17.0,
                        "2":null
                    },
                    "V":{
                        "0":"9",
                        "1":18.0,
                        "2":null
                    },
                    "VI":{
                        "0":"11",
                        "1":20.0,
                        "2":null
                    }
                },
                "Set 5":{
                    "I":{
                        "0":null,
                        "1":9.0
                    },
                    "II":{
                        "0":"2",
                        "1":12
                    },
                    "III":{
                        "0":"4",
                        "1":null
                    },
                    "IV":{
                        "0":"5",
                        "1":null
                    },
                    "V":{
                        "0":"6",
                        "1":null
                    },
                    "VI":{
                        "0":"7",
                        "1":null
                    }
                }
            },
            "Timeouts 1":{
                "Set 1":{
                    "T":{
                        "0":"14:13"
                    }
                },
                "Set 2":{
                    "T":{
                        "0":"11:11"
                    }
                },
                "Set 3":{
                    "T":{
                        "0":"11:13",
                        "1":"16:21"
                    }
                },
                "Set 4":{
                    "T":{
                        "0":"9:14",
                        "1":"17:20"
                    }
                },
                "Set 5":{
                    "T":{
                        "0":"13:11"
                    }
                }
            },
            "Timeouts 2":{
                "Set 1":{
                    "T":{
                        "0":"4:10",
                        "1":"13:18"
                    }
                },
                "Set 2":{
                    "T":{
                        "0":"4:10",
                        "1":"23:17"
                    }
                },
                "Set 3":{
                    "T":{

                    }
                },
                "Set 4":{
                    "T":{
                        "0":"22:20"
                    }
                },
                "Set 5":{
                    "T":{
                        "0":"7:10",
                        "1":"9:12"
                    }
                }
            }
        },
        "Teams":{
            "Name":{
                "Team 1":"VOLLEY-CLUB LIEVINOIS",
                "Team 2":"ASS SPORTIVE MEUDONNAISE"
            },
            "Players":{
                "Team 1":{
                    "N\u00b0":{
                        "0":2,
                        "1":3,
                        "2":4,
                        "3":7,
                        "4":8,
                        "5":9,
                        "6":10,
                        "7":17
                    },
                    "Nom Pr\u00e9nom":{
                        "0":"BENOIT MATHILDE",
                        "1":"SELLIER FLORENCE",
                        "2":"FERNANDEZ JEANNE",
                        "3":"FACHE MARINE",
                        "4":"HADJAM SAKINA",
                        "5":"DEBEUGNY MARION",
                        "6":"VENDEVILLE EMILI",
                        "7":"GORILLIOT MARINE"
                    },
                    "Licence":{
                        "0":1827526,
                        "1":1484140,
                        "2":1896352,
                        "3":1765440,
                        "4":2411817,
                        "5":2043368,
                        "6":1507645,
                        "7":1678818
                    }
                },
                "Team 2":{
                    "N\u00b0":{
                        "0":3,
                        "1":6,
                        "2":8,
                        "3":9,
                        "4":10,
                        "5":11,
                        "6":12,
                        "7":14,
                        "8":16
                    },
                    "Nom Pr\u00e9nom":{
                        "0":"HAMERY ANNE-LAURE",
                        "1":"JASINSKI ANDREA",
                        "2":"CHAILLOU SALOM\u00c9",
                        "3":"MASQUELIN SARAH",
                        "4":"BILLARD BRANDY",
                        "5":"LAURENS EMMY",
                        "6":"O'REILLY LAURA",
                        "7":"MOURADIAN VANESSA",
                        "8":"LABADIE PAULINE"
                    },
                    "Licence":{
                        "0":1148342,
                        "1":1841427,
                        "2":2008134,
                        "3":2004915,
                        "4":1909704,
                        "5":2046332,
                        "6":1554053,
                        "7":1488774,
                        "8":1995484
                    }
                }
            },
            "Liberos":{
                "Team 1":{
                    "N\u00b0":{

                    },
                    "Nom Pr\u00e9nom":{

                    },
                    "Licence":{

                    }
                },
                "Team 2":{
                    "N\u00b0":{
                        "0":9
                    },
                    "Nom Pr\u00e9nom":{
                        "0":"MASQUELIN SARAH"
                    },
                    "Licence":{
                        "0":2004915
                    }
                }
            },
            "Officials":{
                "Team 1":{
                    "N\u00b0":{
                        "0":"EA"
                    },
                    "Nom Pr\u00e9nom":{
                        "0":"BENOIT ANTOINE"
                    },
                    "Licence":{
                        "0":1685262
                    }
                },
                "Team 2":{
                    "N\u00b0":{
                        "0":"EA"
                    },
                    "Nom Pr\u00e9nom":{
                        "0":"BEUN TATIANA"
                    },
                    "Licence":{
                        "0":1651432
                    }
                }
            }
        },
        "Results":{
            "winner":"VOLLEY-CLUB LIEVINOIS",
            "score":"3\/2"
        },
        "Referees":{
            "NOM Pr\u00e9nom":{
                "1er":"DUMORTIER ANTOINE",
                "2\u00e8me":"OUENOUGHI BOUBEKEUR",
                "Marqueur":"SAUREL VALENTIN",
                "Marq.Ass":".",
                "R.Salle":"SAUREL DAMIEN"
            },
            "Ligue":{
                "1er":"LIG_HDF",
                "2\u00e8me":"LIG_HDF",
                "Marqueur":"LIG_HDF",
                "Marq.Ass":null,
                "R.Salle":"LIG_HDF"
            },
            "Licence":{
                "1er":1562215.0,
                "2\u00e8me":2305605.0,
                "Marqueur":1950259.0,
                "Marq.Ass":null,
                "R.Salle":1687588.0
            }
        },
        "Penalties":{

        }
    }
}