{
    "Match":{
        "Title":{
            "div_code":"3FF ",
            "div_name":"NATIONALE 3 FEMININE POULE F",
            "div_pool":"",
            "match_number":"3FF034",
            "match_day":"06",
            "city":"LONGUEAU",
            "gym":"GYMNASE PELLERIN (CES)",
            "category":"SENIOR | FEMININE",
            "ligue":"Comp\u00e9titions Nationales SENIORS",
            "date":"2019-11-24 14:00:00",
            "team_1":"LONGUEAU AMIENS METROPOLE VOLLEY-BALL",
            "team_2":"ACBB"
        },
        "Sets":{
            "Teams":{
                "Set 1":{
                    "Name":{
                        "Team 1":"LONGUEAU AMIENS METROP",
                        "Team 2":"ACBB"
                    },
                    "Starting":{
                        "Team 1":"Service",
                        "Team 2":"Reception"
                    }
                },
                "Set 2":{
                    "Name":{
                        "Team 1":"LONGUEAU AMIENS METROP",
                        "Team 2":"ACBB"
                    },
                    "Starting":{
                        "Team 1":"Reception",
                        "Team 2":"Service"
                    }
                },
                "Set 3":{
                    "Name":{
                        "Team 1":"LONGUEAU AMIENS METROP",
                        "Team 2":"ACBB"
                    },
                    "Starting":{
                        "Team 1":"Service",
                        "Team 2":"Reception"
                    }
                },
                "Set 4":{
                    "Name":{
                        "Team 1":"LONGUEAU AMIENS METROP",
                        "Team 2":"ACBB"
                    },
                    "Starting":{
                        "Team 1":"Reception",
                        "Team 2":"Service"
                    }
                },
                "Set 5":0
            },
            "Time":{
                "Set 1":{
                    "Time":{
                        "Start":"2019-11-24 14:00:00",
                        "End":"2019-11-24 14:28:00"
                    }
                },
                "Set 2":{
                    "Time":{
                        "Start":"2019-11-24 14:31:00",
                        "End":"2019-11-24 14:57:00"
                    }
                },
                "Set 3":{
                    "Time":{
                        "Start":"2019-11-24 15:00:00",
                        "End":"2019-11-24 15:27:00"
                    }
                },
                "Set 4":{
                    "Time":{
                        "Start":"2019-11-24 15:30:00",
                        "End":"2019-11-24 15:55:00"
                    }
                },
                "Set 5":0
            },
            "Substitutions 1":{
                "Set 1":{
                    "I":{
                        "0":"3",
                        "1":"1",
                        "2":"16:8"
                    },
                    "II":{
                        "0":"7",
                        "1":"6",
                        "2":"17:11"
                    },
                    "III":{
                        "0":9.0,
                        "1":null,
                        "2":null
                    },
                    "IV":{
                        "0":11.0,
                        "1":null,
                        "2":null
                    },
                    "V":{
                        "0":18.0,
                        "1":null,
                        "2":null
                    },
                    "VI":{
                        "0":4.0,
                        "1":null,
                        "2":null
                    }
                },
                "Set 2":{
                    "I":{
                        "0":4.0,
                        "1":null,
                        "2":null,
                        "3":null
                    },
                    "II":{
                        "0":"3",
                        "1":"1",
                        "2":"12:18",
                        "3":null
                    },
                    "III":{
                        "0":7.0,
                        "1":null,
                        "2":null,
                        "3":null
                    },
                    "IV":{
                        "0":"9",
                        "1":"13",
                        "2":"14:22",
                        "3":null
                    },
                    "V":{
                        "0":11.0,
                        "1":null,
                        "2":null,
                        "3":null
                    },
                    "VI":{
                        "0":"18",
                        "1":"6",
                        "2":"7:11",
                        "3":"14:19"
                    }
                },
                "Set 3":{
                    "I":{
                        "0":3
                    },
                    "II":{
                        "0":7
                    },
                    "III":{
                        "0":13
                    },
                    "IV":{
                        "0":11
                    },
                    "V":{
                        "0":18
                    },
                    "VI":{
                        "0":4
                    }
                },
                "Set 4":{
                    "I":{
                        "0":4
                    },
                    "II":{
                        "0":3
                    },
                    "III":{
                        "0":7
                    },
                    "IV":{
                        "0":13
                    },
                    "V":{
                        "0":11
                    },
                    "VI":{
                        "0":18
                    }
                },
                "Set 5":0
            },
            "Substitutions 2":{
                "Set 1":{
                    "I":{
                        "0":14.0,
                        "1":null,
                        "2":null,
                        "3":null
                    },
                    "II":{
                        "0":4.0,
                        "1":null,
                        "2":null,
                        "3":null
                    },
                    "III":{
                        "0":"5",
                        "1":"1",
                        "2":"4:13",
                        "3":"16:24"
                    },
                    "IV":{
                        "0":16.0,
                        "1":null,
                        "2":null,
                        "3":null
                    },
                    "V":{
                        "0":7.0,
                        "1":null,
                        "2":null,
                        "3":null
                    },
                    "VI":{
                        "0":"2",
                        "1":"12",
                        "2":"9:17",
                        "3":"17:24"
                    }
                },
                "Set 2":{
                    "I":{
                        "0":4
                    },
                    "II":{
                        "0":5
                    },
                    "III":{
                        "0":16
                    },
                    "IV":{
                        "0":7
                    },
                    "V":{
                        "0":2
                    },
                    "VI":{
                        "0":14
                    }
                },
                "Set 3":{
                    "I":{
                        "0":"14",
                        "1":"11",
                        "2":"20:24",
                        "3":null
                    },
                    "II":{
                        "0":4.0,
                        "1":null,
                        "2":null,
                        "3":null
                    },
                    "III":{
                        "0":"5",
                        "1":"1",
                        "2":"11:18",
                        "3":null
                    },
                    "IV":{
                        "0":16.0,
                        "1":null,
                        "2":null,
                        "3":null
                    },
                    "V":{
                        "0":7.0,
                        "1":null,
                        "2":null,
                        "3":null
                    },
                    "VI":{
                        "0":"2",
                        "1":"12",
                        "2":"12:19",
                        "3":"18:22"
                    }
                },
                "Set 4":{
                    "I":{
                        "0":"4",
                        "1":"1",
                        "2":"1:7",
                        "3":"8:15"
                    },
                    "II":{
                        "0":5.0,
                        "1":null,
                        "2":null,
                        "3":null
                    },
                    "III":{
                        "0":16.0,
                        "1":null,
                        "2":null,
                        "3":null
                    },
                    "IV":{
                        "0":"7",
                        "1":"11",
                        "2":"14:22",
                        "3":null
                    },
                    "V":{
                        "0":"2",
                        "1":"12",
                        "2":"9:18",
                        "3":"15:23"
                    },
                    "VI":{
                        "0":14.0,
                        "1":null,
                        "2":null,
                        "3":null
                    }
                },
                "Set 5":0
            },
            "Serves 1":{
                "Set 1":{
                    "I":{
                        "0":"0",
                        "1":15
                    },
                    "II":{
                        "0":"2",
                        "1":17
                    },
                    "III":{
                        "0":"4",
                        "1":20
                    },
                    "IV":{
                        "0":"9",
                        "1":21
                    },
                    "V":{
                        "0":"13",
                        "1":24
                    },
                    "VI":{
                        "0":"14",
                        "1":25
                    }
                },
                "Set 2":{
                    "I":{
                        "0":null,
                        "1":11.0
                    },
                    "II":{
                        "0":"4",
                        "1":13
                    },
                    "III":{
                        "0":"6",
                        "1":14
                    },
                    "IV":{
                        "0":"7",
                        "1":15
                    },
                    "V":{
                        "0":"9",
                        "1":16
                    },
                    "VI":{
                        "0":"10",
                        "1":null
                    }
                },
                "Set 3":{
                    "I":{
                        "0":"1",
                        "1":16,
                        "2":25
                    },
                    "II":{
                        "0":"6",
                        "1":19.0,
                        "2":null
                    },
                    "III":{
                        "0":"8",
                        "1":20.0,
                        "2":null
                    },
                    "IV":{
                        "0":"10",
                        "1":21.0,
                        "2":null
                    },
                    "V":{
                        "0":"12",
                        "1":22.0,
                        "2":null
                    },
                    "VI":{
                        "0":"15",
                        "1":24.0,
                        "2":null
                    }
                },
                "Set 4":{
                    "I":{
                        "0":null,
                        "1":15.0,
                        "2":25.0
                    },
                    "II":{
                        "0":"4",
                        "1":18.0,
                        "2":null
                    },
                    "III":{
                        "0":"8",
                        "1":19.0,
                        "2":null
                    },
                    "IV":{
                        "0":"9",
                        "1":20.0,
                        "2":null
                    },
                    "V":{
                        "0":"13",
                        "1":23.0,
                        "2":null
                    },
                    "VI":{
                        "0":"14",
                        "1":24.0,
                        "2":null
                    }
                },
                "Set 5":0
            },
            "Serves 2":{
                "Set 1":{
                    "I":{
                        "0":null,
                        "1":7.0
                    },
                    "II":{
                        "0":"1",
                        "1":8
                    },
                    "III":{
                        "0":"2",
                        "1":11
                    },
                    "IV":{
                        "0":"3",
                        "1":14
                    },
                    "V":{
                        "0":"4",
                        "1":16
                    },
                    "VI":{
                        "0":"6",
                        "1":17
                    }
                },
                "Set 2":{
                    "I":{
                        "0":"0",
                        "1":18
                    },
                    "II":{
                        "0":"1",
                        "1":19
                    },
                    "III":{
                        "0":"8",
                        "1":22
                    },
                    "IV":{
                        "0":"12",
                        "1":23
                    },
                    "V":{
                        "0":"14",
                        "1":25
                    },
                    "VI":{
                        "0":"15",
                        "1":null
                    }
                },
                "Set 3":{
                    "I":{
                        "0":null,
                        "1":10.0,
                        "2":20.0
                    },
                    "II":{
                        "0":"3",
                        "1":11.0,
                        "2":null
                    },
                    "III":{
                        "0":"4",
                        "1":13.0,
                        "2":null
                    },
                    "IV":{
                        "0":"5",
                        "1":15.0,
                        "2":null
                    },
                    "V":{
                        "0":"7",
                        "1":17.0,
                        "2":null
                    },
                    "VI":{
                        "0":"9",
                        "1":19.0,
                        "2":null
                    }
                },
                "Set 4":{
                    "I":{
                        "0":"0",
                        "1":8
                    },
                    "II":{
                        "0":"1",
                        "1":11
                    },
                    "III":{
                        "0":"2",
                        "1":12
                    },
                    "IV":{
                        "0":"3",
                        "1":14
                    },
                    "V":{
                        "0":"4",
                        "1":15
                    },
                    "VI":{
                        "0":"7",
                        "1":16
                    }
                },
                "Set 5":0
            },
            "Timeouts 1":{
                "Set 1":{
                    "T":{
                        "0":"20:14"
                    }
                },
                "Set 2":{
                    "T":{
                        "0":"6:7",
                        "1":"11:18"
                    }
                },
                "Set 3":{
                    "T":{

                    }
                },
                "Set 4":{
                    "T":{

                    }
                },
                "Set 5":0
            },
            "Timeouts 2":{
                "Set 1":{
                    "T":{
                        "0":"4:11",
                        "1":"11:20"
                    }
                },
                "Set 2":{
                    "T":{
                        "0":"0:4"
                    }
                },
                "Set 3":{
                    "T":{
                        "0":"3:5",
                        "1":"9:15"
                    }
                },
                "Set 4":{
                    "T":{
                        "0":"0:4",
                        "1":"3:12"
                    }
                },
                "Set 5":0
            }
        },
        "Teams":{
            "Name":{
                "Team 1":"LONGUEAU AMIENS METROPOLE VO",
                "Team 2":"ACBB"
            },
            "Players":{
                "Team 1":{
                    "N\u00b0":{
                        "0":1,
                        "1":2,
                        "2":3,
                        "3":4,
                        "4":6,
                        "5":7,
                        "6":8,
                        "7":9,
                        "8":11,
                        "9":13,
                        "10":14,
                        "11":18
                    },
                    "Nom Pr\u00e9nom":{
                        "0":"LENTZ COLLEEN",
                        "1":"CARREEL SAMANTHA",
                        "2":"CADART JULIE",
                        "3":"LOUBARD LEILA",
                        "4":"LECLERE FLORENCE",
                        "5":"ALLEMEERSCH MORGANE",
                        "6":"CANLERS JULIE",
                        "7":"DARRAS CAMILLE",
                        "8":"MALIVOIR ELEONORE",
                        "9":"LAPEYRONIE CECILE",
                        "10":"DEVAUX JULIE",
                        "11":"YUWEI LI"
                    },
                    "Licence":{
                        "0":2004272,
                        "1":1578730,
                        "2":1209171,
                        "3":1722871,
                        "4":1505251,
                        "5":1771927,
                        "6":2139282,
                        "7":2049859,
                        "8":2003836,
                        "9":2004275,
                        "10":1897588,
                        "11":2411202
                    }
                },
                "Team 2":{
                    "N\u00b0":{
                        "0":1,
                        "1":2,
                        "2":4,
                        "3":5,
                        "4":7,
                        "5":11,
                        "6":12,
                        "7":14,
                        "8":15,
                        "9":16,
                        "10":17,
                        "11":18
                    },
                    "Nom Pr\u00e9nom":{
                        "0":"RICHARD LOUISE",
                        "1":"TAUPIN AUDREY",
                        "2":"HOUIS MARINE",
                        "3":"QUILAN CHRISTELLE",
                        "4":"LUQUIN JULIETTE",
                        "5":"GROSJEAN VIRGINIE",
                        "6":"GONDRAN TELLIER FLORE",
                        "7":"BRADY SUZANNE",
                        "8":"REY LOUISE",
                        "9":"DUDOUIT JEANNE",
                        "10":"CHEZE JEANNE",
                        "11":"ROBIN ALEXIA"
                    },
                    "Licence":{
                        "0":1128888,
                        "1":1525923,
                        "2":2413235,
                        "3":1604222,
                        "4":1615021,
                        "5":2242186,
                        "6":1764836,
                        "7":2414408,
                        "8":2010566,
                        "9":1619692,
                        "10":2359187,
                        "11":1829081
                    }
                }
            },
            "Liberos":{
                "Team 1":{
                    "N\u00b0":{
                        "0":2,
                        "1":14
                    },
                    "Nom Pr\u00e9nom":{
                        "0":"CARREEL SAMANTHA",
                        "1":"DEVAUX JULIE"
                    },
                    "Licence":{
                        "0":1578730,
                        "1":1897588
                    }
                },
                "Team 2":{
                    "N\u00b0":{
                        "0":15,
                        "1":18
                    },
                    "Nom Pr\u00e9nom":{
                        "0":"REY LOUISE",
                        "1":"ROBIN ALEXIA"
                    },
                    "Licence":{
                        "0":2010566,
                        "1":1829081
                    }
                }
            },
            "Officials":{
                "Team 1":{
                    "N\u00b0":{
                        "0":"EA",
                        "1":"EB",
                        "2":"EB",
                        "3":"SO"
                    },
                    "Nom Pr\u00e9nom":{
                        "0":"BEVILACQUA CLEMENT",
                        "1":"LORIETTE CEDRIC",
                        "2":"DEVAUX OLIVIER",
                        "3":"BRAY CHLOE"
                    },
                    "Licence":{
                        "0":1025966,
                        "1":1066794,
                        "2":2141675,
                        "3":1666010
                    }
                },
                "Team 2":{
                    "N\u00b0":{
                        "0":"EA"
                    },
                    "Nom Pr\u00e9nom":{
                        "0":"KRAWCZYK LIDIA"
                    },
                    "Licence":{
                        "0":1079511
                    }
                }
            }
        },
        "Results":{
            "winner":"LONGUEAU AMIENS METROP",
            "score":"3\/1"
        },
        "Referees":{
            "NOM Pr\u00e9nom":{
                "1er":"GILLION TONY",
                "2\u00e8me":"FRANCAIS HUBERT",
                "Marqueur":"LACHARME LEO",
                "Marq.Ass":". LAURENT THEO",
                "R.Salle":"CARREEL THIERRY"
            },
            "Ligue":{
                "1er":"LIG_HDF",
                "2\u00e8me":"LIG_NO",
                "Marqueur":"LIG_HDF",
                "Marq.Ass":"LIG_HDF",
                "R.Salle":"LIG_HDF"
            },
            "Licence":{
                "1er":1687151,
                "2\u00e8me":1208374,
                "Marqueur":2186904,
                "Marq.Ass":1961458,
                "R.Salle":1647893
            }
        },
        "Penalties":{

        }
    }
}