{
    "Match":{
        "Title":{
            "div_code":"3FF ",
            "div_name":"NATIONALE 3 FEMININE POULE F",
            "div_pool":"",
            "match_number":"3FF066",
            "match_day":"11",
            "city":"BOULOGNE BILLANCOURT",
            "gym":"COUCHOT",
            "category":"SENIOR | FEMININE",
            "ligue":"Comp\u00e9titions Nationales SENIORS",
            "date":"2020-01-26 14:00:00",
            "team_1":"ACBB",
            "team_2":"AGGLO SUD VOLLEY-BALL 76"
        },
        "Sets":{
            "Teams":{
                "Set 1":{
                    "Name":{
                        "Team 1":"ACBB",
                        "Team 2":"AGGLO SUD VOLLEY-BALL"
                    },
                    "Starting":{
                        "Team 1":"Reception",
                        "Team 2":"Service"
                    }
                },
                "Set 2":{
                    "Name":{
                        "Team 1":"ACBB",
                        "Team 2":"AGGLO SUD VOLLEY-BALL"
                    },
                    "Starting":{
                        "Team 1":"Service",
                        "Team 2":"Reception"
                    }
                },
                "Set 3":{
                    "Name":{
                        "Team 1":"ACBB",
                        "Team 2":"AGGLO SUD VOLLEY-BALL"
                    },
                    "Starting":{
                        "Team 1":"Reception",
                        "Team 2":"Service"
                    }
                },
                "Set 4":0,
                "Set 5":0
            },
            "Time":{
                "Set 1":{
                    "Time":{
                        "Start":"2020-01-26 14:00:00",
                        "End":"2020-01-26 14:24:00"
                    }
                },
                "Set 2":{
                    "Time":{
                        "Start":"2020-01-26 14:27:00",
                        "End":"2020-01-26 14:54:00"
                    }
                },
                "Set 3":{
                    "Time":{
                        "Start":"2020-01-26 14:57:00",
                        "End":"2020-01-26 15:28:00"
                    }
                },
                "Set 4":0,
                "Set 5":0
            },
            "Substitutions 1":{
                "Set 1":{
                    "I":{
                        "0":12
                    },
                    "II":{
                        "0":4
                    },
                    "III":{
                        "0":5
                    },
                    "IV":{
                        "0":1
                    },
                    "V":{
                        "0":7
                    },
                    "VI":{
                        "0":2
                    }
                },
                "Set 2":{
                    "I":{
                        "0":4
                    },
                    "II":{
                        "0":5
                    },
                    "III":{
                        "0":1
                    },
                    "IV":{
                        "0":7
                    },
                    "V":{
                        "0":2
                    },
                    "VI":{
                        "0":12
                    }
                },
                "Set 3":{
                    "I":{
                        "0":12
                    },
                    "II":{
                        "0":4
                    },
                    "III":{
                        "0":5
                    },
                    "IV":{
                        "0":1
                    },
                    "V":{
                        "0":7
                    },
                    "VI":{
                        "0":2
                    }
                },
                "Set 4":0,
                "Set 5":0
            },
            "Substitutions 2":{
                "Set 1":{
                    "I":{
                        "0":8.0,
                        "1":null,
                        "2":null
                    },
                    "II":{
                        "0":"5",
                        "1":"1",
                        "2":"8:18"
                    },
                    "III":{
                        "0":6.0,
                        "1":null,
                        "2":null
                    },
                    "IV":{
                        "0":13.0,
                        "1":null,
                        "2":null
                    },
                    "V":{
                        "0":10.0,
                        "1":null,
                        "2":null
                    },
                    "VI":{
                        "0":9.0,
                        "1":null,
                        "2":null
                    }
                },
                "Set 2":{
                    "I":{
                        "0":5.0,
                        "1":null,
                        "2":null
                    },
                    "II":{
                        "0":6.0,
                        "1":null,
                        "2":null
                    },
                    "III":{
                        "0":13.0,
                        "1":null,
                        "2":null
                    },
                    "IV":{
                        "0":10.0,
                        "1":null,
                        "2":null
                    },
                    "V":{
                        "0":9.0,
                        "1":null,
                        "2":null
                    },
                    "VI":{
                        "0":"8",
                        "1":"1",
                        "2":"16:15"
                    }
                },
                "Set 3":{
                    "I":{
                        "0":8.0,
                        "1":null,
                        "2":null
                    },
                    "II":{
                        "0":"5",
                        "1":"1",
                        "2":"22:24"
                    },
                    "III":{
                        "0":6.0,
                        "1":null,
                        "2":null
                    },
                    "IV":{
                        "0":13.0,
                        "1":null,
                        "2":null
                    },
                    "V":{
                        "0":10.0,
                        "1":null,
                        "2":null
                    },
                    "VI":{
                        "0":9.0,
                        "1":null,
                        "2":null
                    }
                },
                "Set 4":0,
                "Set 5":0
            },
            "Serves 1":{
                "Set 1":{
                    "I":{
                        "0":null,
                        "1":15.0
                    },
                    "II":{
                        "0":"4",
                        "1":18
                    },
                    "III":{
                        "0":"5",
                        "1":20
                    },
                    "IV":{
                        "0":"6",
                        "1":21
                    },
                    "V":{
                        "0":"7",
                        "1":23
                    },
                    "VI":{
                        "0":"11",
                        "1":25
                    }
                },
                "Set 2":{
                    "I":{
                        "0":"1",
                        "1":9,
                        "2":25
                    },
                    "II":{
                        "0":"2",
                        "1":10.0,
                        "2":null
                    },
                    "III":{
                        "0":"3",
                        "1":11.0,
                        "2":null
                    },
                    "IV":{
                        "0":"6",
                        "1":18.0,
                        "2":null
                    },
                    "V":{
                        "0":"7",
                        "1":21.0,
                        "2":null
                    },
                    "VI":{
                        "0":"8",
                        "1":23.0,
                        "2":null
                    }
                },
                "Set 3":{
                    "I":{
                        "0":null,
                        "1":9.0,
                        "2":21.0
                    },
                    "II":{
                        "0":"1",
                        "1":10,
                        "2":24
                    },
                    "III":{
                        "0":"3",
                        "1":11,
                        "2":26
                    },
                    "IV":{
                        "0":"4",
                        "1":14.0,
                        "2":null
                    },
                    "V":{
                        "0":"5",
                        "1":17.0,
                        "2":null
                    },
                    "VI":{
                        "0":"6",
                        "1":20.0,
                        "2":null
                    }
                },
                "Set 4":0,
                "Set 5":0
            },
            "Serves 2":{
                "Set 1":{
                    "I":{
                        "0":"0",
                        "1":7
                    },
                    "II":{
                        "0":"1",
                        "1":9
                    },
                    "III":{
                        "0":"2",
                        "1":11
                    },
                    "IV":{
                        "0":"3",
                        "1":12
                    },
                    "V":{
                        "0":"5",
                        "1":13
                    },
                    "VI":{
                        "0":"6",
                        "1":null
                    }
                },
                "Set 2":{
                    "I":{
                        "0":null,
                        "1":11.0,
                        "2":21.0
                    },
                    "II":{
                        "0":"1",
                        "1":13.0,
                        "2":null
                    },
                    "III":{
                        "0":"4",
                        "1":14.0,
                        "2":null
                    },
                    "IV":{
                        "0":"5",
                        "1":16.0,
                        "2":null
                    },
                    "V":{
                        "0":"7",
                        "1":17.0,
                        "2":null
                    },
                    "VI":{
                        "0":"9",
                        "1":19.0,
                        "2":null
                    }
                },
                "Set 3":{
                    "I":{
                        "0":"1",
                        "1":9,
                        "2":22
                    },
                    "II":{
                        "0":"3",
                        "1":10,
                        "2":24
                    },
                    "III":{
                        "0":"4",
                        "1":12.0,
                        "2":null
                    },
                    "IV":{
                        "0":"5",
                        "1":15.0,
                        "2":null
                    },
                    "V":{
                        "0":"6",
                        "1":16.0,
                        "2":null
                    },
                    "VI":{
                        "0":"7",
                        "1":18.0,
                        "2":null
                    }
                },
                "Set 4":0,
                "Set 5":0
            },
            "Timeouts 1":{
                "Set 1":{
                    "T":{

                    }
                },
                "Set 2":{
                    "T":{
                        "0":"2:4"
                    }
                },
                "Set 3":{
                    "T":{
                        "0":"21:20",
                        "1":"24:24"
                    }
                },
                "Set 4":0,
                "Set 5":0
            },
            "Timeouts 2":{
                "Set 1":{
                    "T":{
                        "0":"6:12",
                        "1":"7:17"
                    }
                },
                "Set 2":{
                    "T":{
                        "0":"16:15",
                        "1":"17:19"
                    }
                },
                "Set 3":{
                    "T":{
                        "0":"7:9",
                        "1":"15:17"
                    }
                },
                "Set 4":0,
                "Set 5":0
            }
        },
        "Teams":{
            "Name":{
                "Team 1":"ACBB",
                "Team 2":"AGGLO SUD VOLLEY-BALL 76"
            },
            "Players":{
                "Team 1":{
                    "N\u00b0":{
                        "0":1,
                        "1":2,
                        "2":3,
                        "3":4,
                        "4":5,
                        "5":7,
                        "6":12,
                        "7":15
                    },
                    "Nom Pr\u00e9nom":{
                        "0":"RICHARD LOUISE",
                        "1":"TAUPIN AUDREY",
                        "2":"RODICQ DIANE",
                        "3":"HOUIS MARINE",
                        "4":"QUILAN CHRISTELLE",
                        "5":"LUQUIN JULIETTE",
                        "6":"GONDRAN TELLIER FLORE",
                        "7":"REY LOUISE"
                    },
                    "Licence":{
                        "0":1128888,
                        "1":1525923,
                        "2":1571420,
                        "3":2413235,
                        "4":1604222,
                        "5":1615021,
                        "6":1764836,
                        "7":2010566
                    }
                },
                "Team 2":{
                    "N\u00b0":{
                        "0":1,
                        "1":5,
                        "2":6,
                        "3":8,
                        "4":9,
                        "5":10,
                        "6":13,
                        "7":20
                    },
                    "Nom Pr\u00e9nom":{
                        "0":"BENCHAKROUNE SORAYA",
                        "1":"GAUTHIEZ M\u00c9LANIE",
                        "2":"CASSIAU SOUSTRA MARIANNE",
                        "3":"CARTEL MELISSANDE",
                        "4":"SCANDOLA ANNE-SOPHIE",
                        "5":"COMEILLE LAETITIA",
                        "6":"DUPRE JULIE",
                        "7":"WINTER CAMILLE"
                    },
                    "Licence":{
                        "0":2116677,
                        "1":2194737,
                        "2":1796985,
                        "3":1652827,
                        "4":2357105,
                        "5":1918919,
                        "6":2093658,
                        "7":1717032
                    }
                }
            },
            "Liberos":{
                "Team 1":{
                    "N\u00b0":{
                        "0":15
                    },
                    "Nom Pr\u00e9nom":{
                        "0":"REY LOUISE"
                    },
                    "Licence":{
                        "0":2010566
                    }
                },
                "Team 2":{
                    "N\u00b0":{
                        "0":20
                    },
                    "Nom Pr\u00e9nom":{
                        "0":"WINTER CAMILLE"
                    },
                    "Licence":{
                        "0":1717032
                    }
                }
            },
            "Officials":{
                "Team 1":{
                    "N\u00b0":{
                        "0":"EA"
                    },
                    "Nom Pr\u00e9nom":{
                        "0":"KRAWCZYK LIDIA"
                    },
                    "Licence":{
                        "0":1079511
                    }
                },
                "Team 2":{
                    "N\u00b0":{
                        "0":"EA",
                        "1":"EB"
                    },
                    "Nom Pr\u00e9nom":{
                        "0":"GOUELLAIN SAMUEL",
                        "1":"DUPONT CHRISTOPHE"
                    },
                    "Licence":{
                        "0":1681351,
                        "1":967959
                    }
                }
            }
        },
        "Results":{
            "winner":"ACBB",
            "score":"3\/0"
        },
        "Referees":{
            "NOM Pr\u00e9nom":{
                "1er":"TUFEKCI OZGE-PELIN",
                "2\u00e8me":"DINARD QUENTIN",
                "Marqueur":"TANGUY GWILHERM",
                "Marq.Ass":".",
                "R.Salle":"TANGUY ERWAN"
            },
            "Ligue":{
                "1er":"LIG_IF",
                "2\u00e8me":"LIG_IF",
                "Marqueur":"LIG_IF",
                "Marq.Ass":null,
                "R.Salle":"LIG_IF"
            },
            "Licence":{
                "1er":1989787.0,
                "2\u00e8me":2010667.0,
                "Marqueur":2149963.0,
                "Marq.Ass":null,
                "R.Salle":1123609.0
            }
        },
        "Penalties":{

        }
    }
}