{
    "Match":{
        "Title":{
            "div_code":"3FF ",
            "div_name":"NATIONALE 3 FEMININE POULE F",
            "div_pool":"",
            "match_number":"3FF020",
            "match_day":"04",
            "city":"DUNKERQUE",
            "gym":"SALLE LYCEE JEAN BART",
            "category":"SENIOR | FEMININE",
            "ligue":"Comp\u00e9titions Nationales SENIORS",
            "date":"2019-11-03 16:00:00",
            "team_1":"DUNKERQUE GRAND LITTORAL V.B.",
            "team_2":"ASS SPORTIVE MEUDONNAISE"
        },
        "Sets":{
            "Teams":{
                "Set 1":{
                    "Name":{
                        "Team 1":"ASS SPORTIVE MEUDONNAI",
                        "Team 2":"DUNKERQUE GRAND LITTOR"
                    },
                    "Starting":{
                        "Team 1":"Service",
                        "Team 2":"Reception"
                    }
                },
                "Set 2":{
                    "Name":{
                        "Team 1":"ASS SPORTIVE MEUDONNAI",
                        "Team 2":"DUNKERQUE GRAND LITTOR"
                    },
                    "Starting":{
                        "Team 1":"Reception",
                        "Team 2":"Service"
                    }
                },
                "Set 3":{
                    "Name":{
                        "Team 1":"ASS SPORTIVE MEUDONNAI",
                        "Team 2":"DUNKERQUE GRAND LITTOR"
                    },
                    "Starting":{
                        "Team 1":"Service",
                        "Team 2":"Reception"
                    }
                },
                "Set 4":{
                    "Name":{
                        "Team 1":"ASS SPORTIVE MEUDONNAI",
                        "Team 2":"DUNKERQUE GRAND LITTOR"
                    },
                    "Starting":{
                        "Team 1":"Reception",
                        "Team 2":"Service"
                    }
                },
                "Set 5":{
                    "Name":{
                        "Team 1":"DUNKERQUE GRAND LIT ",
                        "Team 2":"ASS SPORTIVE MEUDON"
                    },
                    "Starting":{
                        "Team 1":"Service",
                        "Team 2":"Reception"
                    }
                }
            },
            "Time":{
                "Set 1":{
                    "Time":{
                        "Start":"2019-11-03 16:37:00",
                        "End":"2019-11-03 17:09:00"
                    }
                },
                "Set 2":{
                    "Time":{
                        "Start":"2019-11-03 17:12:00",
                        "End":"2019-11-03 17:44:00"
                    }
                },
                "Set 3":{
                    "Time":{
                        "Start":"2019-11-03 17:48:00",
                        "End":"2019-11-03 18:16:00"
                    }
                },
                "Set 4":{
                    "Time":{
                        "Start":"2019-11-03 18:20:00",
                        "End":"2019-11-03 18:45:00"
                    }
                },
                "Set 5":{
                    "Time":{
                        "Start":"2019-11-03 18:47:00",
                        "End":"2019-11-03 19:08:00"
                    }
                }
            },
            "Substitutions 1":{
                "Set 1":{
                    "I":{
                        "0":16.0,
                        "1":null,
                        "2":null
                    },
                    "II":{
                        "0":11.0,
                        "1":null,
                        "2":null
                    },
                    "III":{
                        "0":8.0,
                        "1":null,
                        "2":null
                    },
                    "IV":{
                        "0":10.0,
                        "1":null,
                        "2":null
                    },
                    "V":{
                        "0":3.0,
                        "1":null,
                        "2":null
                    },
                    "VI":{
                        "0":"12",
                        "1":"6",
                        "2":"17:21"
                    }
                },
                "Set 2":{
                    "I":{
                        "0":16.0,
                        "1":null,
                        "2":null,
                        "3":null
                    },
                    "II":{
                        "0":11.0,
                        "1":null,
                        "2":null,
                        "3":null
                    },
                    "III":{
                        "0":8.0,
                        "1":null,
                        "2":null,
                        "3":null
                    },
                    "IV":{
                        "0":10.0,
                        "1":null,
                        "2":null,
                        "3":null
                    },
                    "V":{
                        "0":3.0,
                        "1":null,
                        "2":null,
                        "3":null
                    },
                    "VI":{
                        "0":"12",
                        "1":"6",
                        "2":"23:17",
                        "3":"23:20"
                    }
                },
                "Set 3":{
                    "I":{
                        "0":16
                    },
                    "II":{
                        "0":11
                    },
                    "III":{
                        "0":8
                    },
                    "IV":{
                        "0":10
                    },
                    "V":{
                        "0":3
                    },
                    "VI":{
                        "0":12
                    }
                },
                "Set 4":{
                    "I":{
                        "0":16.0,
                        "1":null,
                        "2":null,
                        "3":null
                    },
                    "II":{
                        "0":11.0,
                        "1":null,
                        "2":null,
                        "3":null
                    },
                    "III":{
                        "0":"8",
                        "1":"6",
                        "2":"5:9",
                        "3":"7:14"
                    },
                    "IV":{
                        "0":10.0,
                        "1":null,
                        "2":null,
                        "3":null
                    },
                    "V":{
                        "0":3.0,
                        "1":null,
                        "2":null,
                        "3":null
                    },
                    "VI":{
                        "0":12.0,
                        "1":null,
                        "2":null,
                        "3":null
                    }
                },
                "Set 5":{
                    "I":{
                        "0":"2",
                        "1":"18",
                        "2":"8:10",
                        "3":"14:13"
                    },
                    "II":{
                        "0":9.0,
                        "1":null,
                        "2":null,
                        "3":null
                    },
                    "III":{
                        "0":"4",
                        "1":"5",
                        "2":"13:12",
                        "3":null
                    },
                    "IV":{
                        "0":"6",
                        "1":"1",
                        "2":"8:10",
                        "3":"14:13"
                    },
                    "V":{
                        "0":12.0,
                        "1":null,
                        "2":null,
                        "3":null
                    },
                    "VI":{
                        "0":3.0,
                        "1":null,
                        "2":null,
                        "3":null
                    }
                }
            },
            "Substitutions 2":{
                "Set 1":{
                    "I":{
                        "0":3.0,
                        "1":null,
                        "2":null
                    },
                    "II":{
                        "0":"2",
                        "1":"6",
                        "2":"24:19"
                    },
                    "III":{
                        "0":9.0,
                        "1":null,
                        "2":null
                    },
                    "IV":{
                        "0":5.0,
                        "1":null,
                        "2":null
                    },
                    "V":{
                        "0":"8",
                        "1":"1",
                        "2":"24:19"
                    },
                    "VI":{
                        "0":"12",
                        "1":"18",
                        "2":"24:22"
                    }
                },
                "Set 2":{
                    "I":{
                        "0":1.0,
                        "1":null,
                        "2":null
                    },
                    "II":{
                        "0":9.0,
                        "1":null,
                        "2":null
                    },
                    "III":{
                        "0":5.0,
                        "1":null,
                        "2":null
                    },
                    "IV":{
                        "0":"8",
                        "1":"6",
                        "2":"5:7"
                    },
                    "V":{
                        "0":18.0,
                        "1":null,
                        "2":null
                    },
                    "VI":{
                        "0":3.0,
                        "1":null,
                        "2":null
                    }
                },
                "Set 3":{
                    "I":{
                        "0":3.0,
                        "1":null,
                        "2":null
                    },
                    "II":{
                        "0":"1",
                        "1":"2",
                        "2":"18:23"
                    },
                    "III":{
                        "0":9.0,
                        "1":null,
                        "2":null
                    },
                    "IV":{
                        "0":"5",
                        "1":"4",
                        "2":"10:14"
                    },
                    "V":{
                        "0":6.0,
                        "1":null,
                        "2":null
                    },
                    "VI":{
                        "0":12.0,
                        "1":null,
                        "2":null
                    }
                },
                "Set 4":{
                    "I":{
                        "0":2
                    },
                    "II":{
                        "0":9
                    },
                    "III":{
                        "0":4
                    },
                    "IV":{
                        "0":6
                    },
                    "V":{
                        "0":12
                    },
                    "VI":{
                        "0":3
                    }
                },
                "Set 5":{
                    "I":{
                        "0":16.0,
                        "1":null,
                        "2":null,
                        "3":null
                    },
                    "II":{
                        "0":11.0,
                        "1":null,
                        "2":null,
                        "3":null
                    },
                    "III":{
                        "0":8.0,
                        "1":null,
                        "2":null,
                        "3":null
                    },
                    "IV":{
                        "0":10.0,
                        "1":null,
                        "2":null,
                        "3":null
                    },
                    "V":{
                        "0":3.0,
                        "1":null,
                        "2":null,
                        "3":null
                    },
                    "VI":{
                        "0":"12",
                        "1":"6",
                        "2":"10:8",
                        "3":"11:13"
                    }
                }
            },
            "Serves 1":{
                "Set 1":{
                    "I":{
                        "0":"0",
                        "1":10,
                        "2":23
                    },
                    "II":{
                        "0":"1",
                        "1":11.0,
                        "2":null
                    },
                    "III":{
                        "0":"6",
                        "1":14.0,
                        "2":null
                    },
                    "IV":{
                        "0":"7",
                        "1":15.0,
                        "2":null
                    },
                    "V":{
                        "0":"8",
                        "1":16.0,
                        "2":null
                    },
                    "VI":{
                        "0":"9",
                        "1":18.0,
                        "2":null
                    }
                },
                "Set 2":{
                    "I":{
                        "0":null,
                        "1":16.0,
                        "2":25.0
                    },
                    "II":{
                        "0":"4",
                        "1":17.0,
                        "2":null
                    },
                    "III":{
                        "0":"6",
                        "1":20.0,
                        "2":null
                    },
                    "IV":{
                        "0":"7",
                        "1":21.0,
                        "2":null
                    },
                    "V":{
                        "0":"9",
                        "1":22.0,
                        "2":null
                    },
                    "VI":{
                        "0":"13",
                        "1":23.0,
                        "2":null
                    }
                },
                "Set 3":{
                    "I":{
                        "0":"1",
                        "1":12,
                        "2":19
                    },
                    "II":{
                        "0":"3",
                        "1":13,
                        "2":23
                    },
                    "III":{
                        "0":"4",
                        "1":14,
                        "2":24
                    },
                    "IV":{
                        "0":"7",
                        "1":15,
                        "2":25
                    },
                    "V":{
                        "0":"10",
                        "1":16.0,
                        "2":null
                    },
                    "VI":{
                        "0":"11",
                        "1":17.0,
                        "2":null
                    }
                },
                "Set 4":{
                    "I":{
                        "0":null,
                        "1":6.0,
                        "2":15.0
                    },
                    "II":{
                        "0":"1",
                        "1":7,
                        "2":17
                    },
                    "III":{
                        "0":"2",
                        "1":10.0,
                        "2":null
                    },
                    "IV":{
                        "0":"3",
                        "1":11.0,
                        "2":null
                    },
                    "V":{
                        "0":"4",
                        "1":13.0,
                        "2":null
                    },
                    "VI":{
                        "0":"5",
                        "1":14.0,
                        "2":null
                    }
                },
                "Set 5":{
                    "I":{
                        "0":"1",
                        "1":13
                    },
                    "II":{
                        "0":"3",
                        "1":15
                    },
                    "III":{
                        "0":"4",
                        "1":null
                    },
                    "IV":{
                        "0":"7",
                        "1":null
                    },
                    "V":{
                        "0":"8",
                        "1":null
                    },
                    "VI":{
                        "0":"9",
                        "1":null
                    }
                }
            },
            "Serves 2":{
                "Set 1":{
                    "I":{
                        "0":null,
                        "1":8.0,
                        "2":24.0
                    },
                    "II":{
                        "0":"1",
                        "1":9,
                        "2":25
                    },
                    "III":{
                        "0":"2",
                        "1":10.0,
                        "2":null
                    },
                    "IV":{
                        "0":"4",
                        "1":11.0,
                        "2":null
                    },
                    "V":{
                        "0":"5",
                        "1":15.0,
                        "2":null
                    },
                    "VI":{
                        "0":"6",
                        "1":21.0,
                        "2":null
                    }
                },
                "Set 2":{
                    "I":{
                        "0":"0",
                        "1":13
                    },
                    "II":{
                        "0":"4",
                        "1":14
                    },
                    "III":{
                        "0":"5",
                        "1":15
                    },
                    "IV":{
                        "0":"8",
                        "1":16
                    },
                    "V":{
                        "0":"9",
                        "1":17
                    },
                    "VI":{
                        "0":"12",
                        "1":21
                    }
                },
                "Set 3":{
                    "I":{
                        "0":null,
                        "1":6.0,
                        "2":17.0
                    },
                    "II":{
                        "0":"1",
                        "1":8,
                        "2":18
                    },
                    "III":{
                        "0":"2",
                        "1":9,
                        "2":19
                    },
                    "IV":{
                        "0":"3",
                        "1":10,
                        "2":20
                    },
                    "V":{
                        "0":"4",
                        "1":14.0,
                        "2":null
                    },
                    "VI":{
                        "0":"5",
                        "1":15.0,
                        "2":null
                    }
                },
                "Set 4":{
                    "I":{
                        "0":"1",
                        "1":10,
                        "2":24
                    },
                    "II":{
                        "0":"2",
                        "1":14,
                        "2":25
                    },
                    "III":{
                        "0":"3",
                        "1":15.0,
                        "2":null
                    },
                    "IV":{
                        "0":"5",
                        "1":18.0,
                        "2":null
                    },
                    "V":{
                        "0":"6",
                        "1":19.0,
                        "2":null
                    },
                    "VI":{
                        "0":"9",
                        "1":21.0,
                        "2":null
                    }
                },
                "Set 5":{
                    "I":{
                        "0":null,
                        "1":11.0
                    },
                    "II":{
                        "0":"5",
                        "1":13
                    },
                    "III":{
                        "0":"6",
                        "1":null
                    },
                    "IV":{
                        "0":"7",
                        "1":null
                    },
                    "V":{
                        "0":"9",
                        "1":null
                    },
                    "VI":{
                        "0":"10",
                        "1":null
                    }
                }
            },
            "Timeouts 1":{
                "Set 1":{
                    "T":{
                        "0":"16:18",
                        "1":"16:21"
                    }
                },
                "Set 2":{
                    "T":{
                        "0":"23:19"
                    }
                },
                "Set 3":{
                    "T":{

                    }
                },
                "Set 4":{
                    "T":{
                        "0":"11:17"
                    }
                },
                "Set 5":{
                    "T":{
                        "0":"9:11"
                    }
                }
            },
            "Timeouts 2":{
                "Set 1":{
                    "T":{
                        "0":"2:6",
                        "1":"24:23"
                    }
                },
                "Set 2":{
                    "T":{

                    }
                },
                "Set 3":{
                    "T":{
                        "0":"9:14",
                        "1":"18:22"
                    }
                },
                "Set 4":{
                    "T":{

                    }
                },
                "Set 5":{
                    "T":{
                        "0":"7:7",
                        "1":"11:12"
                    }
                }
            }
        },
        "Teams":{
            "Name":{
                "Team 1":"DUNKERQUE GRAND LITTORAL V.B.",
                "Team 2":"ASS SPORTIVE MEUDONNAISE"
            },
            "Players":{
                "Team 1":{
                    "N\u00b0":{
                        "0":1,
                        "1":2,
                        "2":3,
                        "3":4,
                        "4":5,
                        "5":6,
                        "6":7,
                        "7":8,
                        "8":9,
                        "9":10,
                        "10":12,
                        "11":18
                    },
                    "Nom Pr\u00e9nom":{
                        "0":"ROUSSEY ELISA",
                        "1":"RAGOUBI LATIFA",
                        "2":"MARQUIS SARAH",
                        "3":"DAVROUX MARGOT",
                        "4":"ROGIER NOLWENN",
                        "5":"LETREZ LEA",
                        "6":"EECKHOUTTE CANDICE",
                        "7":"VIAENE JOSEPHINE",
                        "8":"LEMAIRE GAELLE",
                        "9":"ROUSSEY PAULINE",
                        "10":"CLYTI MANON",
                        "11":"IMBERT MARGAUX"
                    },
                    "Licence":{
                        "0":1769901,
                        "1":2046786,
                        "2":1904110,
                        "3":1943137,
                        "4":1943150,
                        "5":1868117,
                        "6":2003758,
                        "7":1901228,
                        "8":1808444,
                        "9":1660030,
                        "10":1536942,
                        "11":1702804
                    }
                },
                "Team 2":{
                    "N\u00b0":{
                        "0":3,
                        "1":6,
                        "2":8,
                        "3":9,
                        "4":10,
                        "5":11,
                        "6":12,
                        "7":16
                    },
                    "Nom Pr\u00e9nom":{
                        "0":"HAMERY ANNE LAURE",
                        "1":"JASINSKI ANDREA",
                        "2":"CHAILLOU SALOM\u00c9",
                        "3":"MASQUELIN SARAH",
                        "4":"BILLARD BRANDY",
                        "5":"LAURENS EMMY",
                        "6":"O'REILLY LAURA",
                        "7":"LABADIE PAULINE"
                    },
                    "Licence":{
                        "0":1148342,
                        "1":1841427,
                        "2":2008134,
                        "3":2004915,
                        "4":1909704,
                        "5":2046332,
                        "6":1554053,
                        "7":1995484
                    }
                }
            },
            "Liberos":{
                "Team 1":{
                    "N\u00b0":{
                        "0":10
                    },
                    "Nom Pr\u00e9nom":{
                        "0":"ROUSSEY PAULINE"
                    },
                    "Licence":{
                        "0":1660030
                    }
                },
                "Team 2":{
                    "N\u00b0":{
                        "0":9
                    },
                    "Nom Pr\u00e9nom":{
                        "0":"MASQUELIN SARAH"
                    },
                    "Licence":{
                        "0":2004915
                    }
                }
            },
            "Officials":{
                "Team 1":{
                    "N\u00b0":{
                        "0":"EA"
                    },
                    "Nom Pr\u00e9nom":{
                        "0":"WYNANTS VINCENT"
                    },
                    "Licence":{
                        "0":1355429
                    }
                },
                "Team 2":{
                    "N\u00b0":{
                        "0":"EA"
                    },
                    "Nom Pr\u00e9nom":{
                        "0":"RIBINIK SAMUEL"
                    },
                    "Licence":{
                        "0":1679106
                    }
                }
            }
        },
        "Results":{
            "winner":"DUNKERQUE GRAND LITTOR",
            "score":"3\/2"
        },
        "Referees":{
            "NOM Pr\u00e9nom":{
                "1er":"BLARY SYLVAIN",
                "2\u00e8me":"CHEVALET PHILIPPE",
                "Marqueur":"PAUCH STEPHANIE",
                "Marq.Ass":".",
                "R.Salle":"ROSIEUW LAURENT"
            },
            "Ligue":{
                "1er":"LIG_HDF",
                "2\u00e8me":"LIG_HDF",
                "Marqueur":"LIG_HDF",
                "Marq.Ass":null,
                "R.Salle":"LIG_HDF"
            },
            "Licence":{
                "1er":1380820.0,
                "2\u00e8me":8771.0,
                "Marqueur":1380228.0,
                "Marq.Ass":null,
                "R.Salle":1864800.0
            }
        },
        "Penalties":{

        }
    }
}