{
    "Match":{
        "Title":{
            "div_code":"3FF ",
            "div_name":"NATIONALE 3 FEMININE POULE F",
            "div_pool":"",
            "match_number":"3FF068",
            "match_day":"12",
            "city":"MONTESSON",
            "gym":"LES MERLETTES",
            "category":"SENIOR | FEMININE",
            "ligue":"Comp\u00e9titions Nationales SENIORS",
            "date":"2020-02-02 16:00:00",
            "team_1":"VESINET STADE ST-GERMANOIS VB",
            "team_2":"AGGLO SUD VOLLEY-BALL 76"
        },
        "Sets":{
            "Teams":{
                "Set 1":{
                    "Name":{
                        "Team 1":"VESINET STADE ST-GERMA",
                        "Team 2":"AGGLO SUD VOLLEY-BALL"
                    },
                    "Starting":{
                        "Team 1":"Service",
                        "Team 2":"Reception"
                    }
                },
                "Set 2":{
                    "Name":{
                        "Team 1":"VESINET STADE ST-GERMA",
                        "Team 2":"AGGLO SUD VOLLEY-BALL"
                    },
                    "Starting":{
                        "Team 1":"Reception",
                        "Team 2":"Service"
                    }
                },
                "Set 3":{
                    "Name":{
                        "Team 1":"VESINET STADE ST-GERMA",
                        "Team 2":"AGGLO SUD VOLLEY-BALL"
                    },
                    "Starting":{
                        "Team 1":"Service",
                        "Team 2":"Reception"
                    }
                },
                "Set 4":0,
                "Set 5":0
            },
            "Time":{
                "Set 1":{
                    "Time":{
                        "Start":"2020-02-02 15:59:00",
                        "End":"2020-02-02 16:28:00"
                    }
                },
                "Set 2":{
                    "Time":{
                        "Start":"2020-02-02 16:31:00",
                        "End":"2020-02-02 16:58:00"
                    }
                },
                "Set 3":{
                    "Time":{
                        "Start":"2020-02-02 17:01:00",
                        "End":"2020-02-02 17:32:00"
                    }
                },
                "Set 4":0,
                "Set 5":0
            },
            "Substitutions 1":{
                "Set 1":{
                    "I":{
                        "0":5
                    },
                    "II":{
                        "0":2
                    },
                    "III":{
                        "0":9
                    },
                    "IV":{
                        "0":7
                    },
                    "V":{
                        "0":10
                    },
                    "VI":{
                        "0":12
                    }
                },
                "Set 2":{
                    "I":{
                        "0":12.0,
                        "1":null,
                        "2":null
                    },
                    "II":{
                        "0":5.0,
                        "1":null,
                        "2":null
                    },
                    "III":{
                        "0":2.0,
                        "1":null,
                        "2":null
                    },
                    "IV":{
                        "0":"9",
                        "1":"6",
                        "2":"5:7"
                    },
                    "V":{
                        "0":"7",
                        "1":"8",
                        "2":"20:17"
                    },
                    "VI":{
                        "0":"10",
                        "1":"15",
                        "2":"21:17"
                    }
                },
                "Set 3":{
                    "I":{
                        "0":5.0,
                        "1":null,
                        "2":null
                    },
                    "II":{
                        "0":15.0,
                        "1":null,
                        "2":null
                    },
                    "III":{
                        "0":"6",
                        "1":"12",
                        "2":"21:17"
                    },
                    "IV":{
                        "0":7.0,
                        "1":null,
                        "2":null
                    },
                    "V":{
                        "0":2.0,
                        "1":null,
                        "2":null
                    },
                    "VI":{
                        "0":"8",
                        "1":"9",
                        "2":"21:18"
                    }
                },
                "Set 4":0,
                "Set 5":0
            },
            "Substitutions 2":{
                "Set 1":{
                    "I":{
                        "0":13
                    },
                    "II":{
                        "0":1
                    },
                    "III":{
                        "0":9
                    },
                    "IV":{
                        "0":8
                    },
                    "V":{
                        "0":5
                    },
                    "VI":{
                        "0":6
                    }
                },
                "Set 2":{
                    "I":{
                        "0":13
                    },
                    "II":{
                        "0":1
                    },
                    "III":{
                        "0":9
                    },
                    "IV":{
                        "0":8
                    },
                    "V":{
                        "0":5
                    },
                    "VI":{
                        "0":6
                    }
                },
                "Set 3":{
                    "I":{
                        "0":13
                    },
                    "II":{
                        "0":1
                    },
                    "III":{
                        "0":9
                    },
                    "IV":{
                        "0":8
                    },
                    "V":{
                        "0":5
                    },
                    "VI":{
                        "0":6
                    }
                },
                "Set 4":0,
                "Set 5":0
            },
            "Serves 1":{
                "Set 1":{
                    "I":{
                        "0":"0",
                        "1":9,
                        "2":25
                    },
                    "II":{
                        "0":"2",
                        "1":14.0,
                        "2":null
                    },
                    "III":{
                        "0":"4",
                        "1":17.0,
                        "2":null
                    },
                    "IV":{
                        "0":"5",
                        "1":18.0,
                        "2":null
                    },
                    "V":{
                        "0":"6",
                        "1":21.0,
                        "2":null
                    },
                    "VI":{
                        "0":"8",
                        "1":23.0,
                        "2":null
                    }
                },
                "Set 2":{
                    "I":{
                        "0":null,
                        "1":10.0,
                        "2":23.0
                    },
                    "II":{
                        "0":"2",
                        "1":12,
                        "2":25
                    },
                    "III":{
                        "0":"5",
                        "1":15.0,
                        "2":null
                    },
                    "IV":{
                        "0":"6",
                        "1":18.0,
                        "2":null
                    },
                    "V":{
                        "0":"7",
                        "1":20.0,
                        "2":null
                    },
                    "VI":{
                        "0":"8",
                        "1":22.0,
                        "2":null
                    }
                },
                "Set 3":{
                    "I":{
                        "0":"1",
                        "1":14,
                        "2":22
                    },
                    "II":{
                        "0":"2",
                        "1":15,
                        "2":25
                    },
                    "III":{
                        "0":"4",
                        "1":16.0,
                        "2":null
                    },
                    "IV":{
                        "0":"6",
                        "1":18.0,
                        "2":null
                    },
                    "V":{
                        "0":"7",
                        "1":20.0,
                        "2":null
                    },
                    "VI":{
                        "0":"11",
                        "1":21.0,
                        "2":null
                    }
                },
                "Set 4":0,
                "Set 5":0
            },
            "Serves 2":{
                "Set 1":{
                    "I":{
                        "0":null,
                        "1":10.0,
                        "2":20.0
                    },
                    "II":{
                        "0":"2",
                        "1":11.0,
                        "2":null
                    },
                    "III":{
                        "0":"6",
                        "1":13.0,
                        "2":null
                    },
                    "IV":{
                        "0":"7",
                        "1":15.0,
                        "2":null
                    },
                    "V":{
                        "0":"8",
                        "1":17.0,
                        "2":null
                    },
                    "VI":{
                        "0":"9",
                        "1":19.0,
                        "2":null
                    }
                },
                "Set 2":{
                    "I":{
                        "0":"1",
                        "1":12,
                        "2":20
                    },
                    "II":{
                        "0":"3",
                        "1":13.0,
                        "2":null
                    },
                    "III":{
                        "0":"7",
                        "1":14.0,
                        "2":null
                    },
                    "IV":{
                        "0":"8",
                        "1":16.0,
                        "2":null
                    },
                    "V":{
                        "0":"9",
                        "1":17.0,
                        "2":null
                    },
                    "VI":{
                        "0":"10",
                        "1":18.0,
                        "2":null
                    }
                },
                "Set 3":{
                    "I":{
                        "0":null,
                        "1":9.0,
                        "2":18.0
                    },
                    "II":{
                        "0":"3",
                        "1":10,
                        "2":21
                    },
                    "III":{
                        "0":"5",
                        "1":11.0,
                        "2":null
                    },
                    "IV":{
                        "0":"6",
                        "1":12.0,
                        "2":null
                    },
                    "V":{
                        "0":"7",
                        "1":15.0,
                        "2":null
                    },
                    "VI":{
                        "0":"8",
                        "1":17.0,
                        "2":null
                    }
                },
                "Set 4":0,
                "Set 5":0
            },
            "Timeouts 1":{
                "Set 1":{
                    "T":{

                    }
                },
                "Set 2":{
                    "T":{
                        "0":"23:20"
                    }
                },
                "Set 3":{
                    "T":{
                        "0":"1:3"
                    }
                },
                "Set 4":0,
                "Set 5":0
            },
            "Timeouts 2":{
                "Set 1":{
                    "T":{
                        "0":"11:14",
                        "1":"17:21"
                    }
                },
                "Set 2":{
                    "T":{
                        "0":"14:18",
                        "1":"16:20"
                    }
                },
                "Set 3":{
                    "T":{
                        "0":"8:11",
                        "1":"12:18"
                    }
                },
                "Set 4":0,
                "Set 5":0
            }
        },
        "Teams":{
            "Name":{
                "Team 1":"VESINET STADE ST-GERMANOIS VB",
                "Team 2":"AGGLO SUD VOLLEY-BALL 76"
            },
            "Players":{
                "Team 1":{
                    "N\u00b0":{
                        "0":2,
                        "1":3,
                        "2":4,
                        "3":5,
                        "4":6,
                        "5":7,
                        "6":8,
                        "7":9,
                        "8":10,
                        "9":12,
                        "10":15
                    },
                    "Nom Pr\u00e9nom":{
                        "0":"LE FAOU OCEANE",
                        "1":"GOURMELEN LOU",
                        "2":"BILLARD ZOE",
                        "3":"DEKEUKELAIRE MARION",
                        "4":"MOREAU NELL",
                        "5":"BOURNEUF MAYLIS",
                        "6":"BOUFFARD VICTORIA",
                        "7":"EON NOLWENN",
                        "8":"LOCHARD LENA",
                        "9":"OFFREDI JADE",
                        "10":"BERNARD ANNE-SOPHIE"
                    },
                    "Licence":{
                        "0":1837419,
                        "1":2110813,
                        "2":2103114,
                        "3":1987971,
                        "4":1874808,
                        "5":1679652,
                        "6":2250156,
                        "7":1677381,
                        "8":2312953,
                        "9":1863527,
                        "10":2088670
                    }
                },
                "Team 2":{
                    "N\u00b0":{
                        "0":1,
                        "1":5,
                        "2":6,
                        "3":8,
                        "4":9,
                        "5":13,
                        "6":20
                    },
                    "Nom Pr\u00e9nom":{
                        "0":"BENCHAKROUNE SORAYA",
                        "1":"GAUTHIEZ M\u00c9LANIE",
                        "2":"CASSIAU SOUSTRA MARIANNE",
                        "3":"CARTEL MELISSANDE",
                        "4":"SCANDOLA ANNE-SOPHIE",
                        "5":"DUPRE JULIE",
                        "6":"WINTER CAMILLE"
                    },
                    "Licence":{
                        "0":2116677,
                        "1":2194737,
                        "2":1796985,
                        "3":1652827,
                        "4":2357105,
                        "5":2093658,
                        "6":1717032
                    }
                }
            },
            "Liberos":{
                "Team 1":{
                    "N\u00b0":{
                        "0":3,
                        "1":4
                    },
                    "Nom Pr\u00e9nom":{
                        "0":"GOURMELEN LOU",
                        "1":"BILLARD ZOE"
                    },
                    "Licence":{
                        "0":2110813,
                        "1":2103114
                    }
                },
                "Team 2":{
                    "N\u00b0":{
                        "0":20
                    },
                    "Nom Pr\u00e9nom":{
                        "0":"WINTER CAMILLE"
                    },
                    "Licence":{
                        "0":1717032
                    }
                }
            },
            "Officials":{
                "Team 1":{
                    "N\u00b0":{
                        "0":"EA"
                    },
                    "Nom Pr\u00e9nom":{
                        "0":"BOURNEUF MAYLIS"
                    },
                    "Licence":{
                        "0":1679652
                    }
                },
                "Team 2":{
                    "N\u00b0":{
                        "0":"EA",
                        "1":"EB"
                    },
                    "Nom Pr\u00e9nom":{
                        "0":"GOUELLAIN SAMUEL",
                        "1":"DUPONT CHRISTOPHE"
                    },
                    "Licence":{
                        "0":1681351,
                        "1":967959
                    }
                }
            }
        },
        "Results":{
            "winner":"VESINET STADE ST-GERMA",
            "score":"3\/0"
        },
        "Referees":{
            "NOM Pr\u00e9nom":{
                "1er":"YACK JOHN",
                "2\u00e8me":"RAGOT JULIETTE",
                "Marqueur":"MOREAU HERVE",
                "Marq.Ass":".",
                "R.Salle":"TALMON STEVEN"
            },
            "Ligue":{
                "1er":"LIG_IF",
                "2\u00e8me":"LIG_IF",
                "Marqueur":"LIG_IF",
                "Marq.Ass":null,
                "R.Salle":"LIG_IF"
            },
            "Licence":{
                "1er":1151990.0,
                "2\u00e8me":1797510.0,
                "Marqueur":1834095.0,
                "Marq.Ass":null,
                "R.Salle":1051302.0
            }
        },
        "Penalties":{

        }
    }
}