{
    "Match":{
        "Title":{
            "div_code":"3FF ",
            "div_name":"NATIONALE 3 FEMININE POULE F",
            "div_pool":"",
            "match_number":"3FF082",
            "match_day":"14",
            "city":"LE HAVRE",
            "gym":"GABRIEL BEAUVILLE",
            "category":"SENIOR | FEMININE",
            "ligue":"Comp\u00e9titions Nationales SENIORS",
            "date":"2020-02-23 15:00:00",
            "team_1":"LE HAVRE ESTUAIRE VOLLEY-BALL",
            "team_2":"VOLLEY CLUB SAINT POLOIS"
        },
        "Sets":{
            "Teams":{
                "Set 1":{
                    "Name":{
                        "Team 1":"LE HAVRE ESTUAIRE VOLL",
                        "Team 2":"VOLLEY CLUB SAINT POLO"
                    },
                    "Starting":{
                        "Team 1":"Reception",
                        "Team 2":"Service"
                    }
                },
                "Set 2":{
                    "Name":{
                        "Team 1":"LE HAVRE ESTUAIRE VOLL",
                        "Team 2":"VOLLEY CLUB SAINT POLO"
                    },
                    "Starting":{
                        "Team 1":"Service",
                        "Team 2":"Reception"
                    }
                },
                "Set 3":{
                    "Name":{
                        "Team 1":"LE HAVRE ESTUAIRE VOLL",
                        "Team 2":"VOLLEY CLUB SAINT POLO"
                    },
                    "Starting":{
                        "Team 1":"Reception",
                        "Team 2":"Service"
                    }
                },
                "Set 4":0,
                "Set 5":0
            },
            "Time":{
                "Set 1":{
                    "Time":{
                        "Start":"2020-02-23 14:59:00",
                        "End":"2020-02-23 15:26:00"
                    }
                },
                "Set 2":{
                    "Time":{
                        "Start":"2020-02-23 15:29:00",
                        "End":"2020-02-23 15:53:00"
                    }
                },
                "Set 3":{
                    "Time":{
                        "Start":"2020-02-23 15:56:00",
                        "End":"2020-02-23 16:18:00"
                    }
                },
                "Set 4":0,
                "Set 5":0
            },
            "Substitutions 1":{
                "Set 1":{
                    "I":{
                        "0":15
                    },
                    "II":{
                        "0":7
                    },
                    "III":{
                        "0":10
                    },
                    "IV":{
                        "0":16
                    },
                    "V":{
                        "0":11
                    },
                    "VI":{
                        "0":6
                    }
                },
                "Set 2":{
                    "I":{
                        "0":15.0,
                        "1":null,
                        "2":null
                    },
                    "II":{
                        "0":7.0,
                        "1":null,
                        "2":null
                    },
                    "III":{
                        "0":10.0,
                        "1":null,
                        "2":null
                    },
                    "IV":{
                        "0":16.0,
                        "1":null,
                        "2":null
                    },
                    "V":{
                        "0":"11",
                        "1":"1",
                        "2":"7:17"
                    },
                    "VI":{
                        "0":6.0,
                        "1":null,
                        "2":null
                    }
                },
                "Set 3":{
                    "I":{
                        "0":15.0,
                        "1":null,
                        "2":null
                    },
                    "II":{
                        "0":7.0,
                        "1":null,
                        "2":null
                    },
                    "III":{
                        "0":"10",
                        "1":"13",
                        "2":"9:19"
                    },
                    "IV":{
                        "0":16.0,
                        "1":null,
                        "2":null
                    },
                    "V":{
                        "0":"11",
                        "1":"1",
                        "2":"5:13"
                    },
                    "VI":{
                        "0":6.0,
                        "1":null,
                        "2":null
                    }
                },
                "Set 4":0,
                "Set 5":0
            },
            "Substitutions 2":{
                "Set 1":{
                    "I":{
                        "0":3
                    },
                    "II":{
                        "0":4
                    },
                    "III":{
                        "0":8
                    },
                    "IV":{
                        "0":14
                    },
                    "V":{
                        "0":2
                    },
                    "VI":{
                        "0":9
                    }
                },
                "Set 2":{
                    "I":{
                        "0":3
                    },
                    "II":{
                        "0":8
                    },
                    "III":{
                        "0":14
                    },
                    "IV":{
                        "0":4
                    },
                    "V":{
                        "0":2
                    },
                    "VI":{
                        "0":9
                    }
                },
                "Set 3":{
                    "I":{
                        "0":3
                    },
                    "II":{
                        "0":8
                    },
                    "III":{
                        "0":14
                    },
                    "IV":{
                        "0":4
                    },
                    "V":{
                        "0":2
                    },
                    "VI":{
                        "0":9
                    }
                },
                "Set 4":0,
                "Set 5":0
            },
            "Serves 1":{
                "Set 1":{
                    "I":{
                        "0":null,
                        "1":10.0,
                        "2":17.0
                    },
                    "II":{
                        "0":"2",
                        "1":12.0,
                        "2":null
                    },
                    "III":{
                        "0":"4",
                        "1":13.0,
                        "2":null
                    },
                    "IV":{
                        "0":"5",
                        "1":14.0,
                        "2":null
                    },
                    "V":{
                        "0":"7",
                        "1":15.0,
                        "2":null
                    },
                    "VI":{
                        "0":"8",
                        "1":16.0,
                        "2":null
                    }
                },
                "Set 2":{
                    "I":{
                        "0":"0",
                        "1":9
                    },
                    "II":{
                        "0":"1",
                        "1":10
                    },
                    "III":{
                        "0":"4",
                        "1":12
                    },
                    "IV":{
                        "0":"5",
                        "1":13
                    },
                    "V":{
                        "0":"6",
                        "1":14
                    },
                    "VI":{
                        "0":"8",
                        "1":null
                    }
                },
                "Set 3":{
                    "I":{
                        "0":null,
                        "1":7.0
                    },
                    "II":{
                        "0":"1",
                        "1":8
                    },
                    "III":{
                        "0":"2",
                        "1":9
                    },
                    "IV":{
                        "0":"3",
                        "1":11
                    },
                    "V":{
                        "0":"5",
                        "1":12
                    },
                    "VI":{
                        "0":"6",
                        "1":null
                    }
                },
                "Set 4":0,
                "Set 5":0
            },
            "Serves 2":{
                "Set 1":{
                    "I":{
                        "0":"0",
                        "1":11,
                        "2":25
                    },
                    "II":{
                        "0":"3",
                        "1":12.0,
                        "2":null
                    },
                    "III":{
                        "0":"5",
                        "1":15.0,
                        "2":null
                    },
                    "IV":{
                        "0":"6",
                        "1":16.0,
                        "2":null
                    },
                    "V":{
                        "0":"8",
                        "1":17.0,
                        "2":null
                    },
                    "VI":{
                        "0":"10",
                        "1":20.0,
                        "2":null
                    }
                },
                "Set 2":{
                    "I":{
                        "0":null,
                        "1":19.0
                    },
                    "II":{
                        "0":"2",
                        "1":20
                    },
                    "III":{
                        "0":"3",
                        "1":21
                    },
                    "IV":{
                        "0":"5",
                        "1":22
                    },
                    "V":{
                        "0":"13",
                        "1":24
                    },
                    "VI":{
                        "0":"17",
                        "1":25
                    }
                },
                "Set 3":{
                    "I":{
                        "0":"5",
                        "1":16
                    },
                    "II":{
                        "0":"6",
                        "1":17
                    },
                    "III":{
                        "0":"8",
                        "1":22
                    },
                    "IV":{
                        "0":"10",
                        "1":24
                    },
                    "V":{
                        "0":"13",
                        "1":25
                    },
                    "VI":{
                        "0":"15",
                        "1":null
                    }
                },
                "Set 4":0,
                "Set 5":0
            },
            "Timeouts 1":{
                "Set 1":{
                    "T":{
                        "0":"15:17",
                        "1":"16:20"
                    }
                },
                "Set 2":{
                    "T":{
                        "0":"5:10",
                        "1":"8:18"
                    }
                },
                "Set 3":{
                    "T":{
                        "0":"0:5",
                        "1":"9:22"
                    }
                },
                "Set 4":0,
                "Set 5":0
            },
            "Timeouts 2":{
                "Set 1":{
                    "T":{

                    }
                },
                "Set 2":{
                    "T":{

                    }
                },
                "Set 3":{
                    "T":{

                    }
                },
                "Set 4":0,
                "Set 5":0
            }
        },
        "Teams":{
            "Name":{
                "Team 1":"LE HAVRE ESTUAIRE VOLLEY-BALL",
                "Team 2":"VOLLEY CLUB SAINT POLOIS"
            },
            "Players":{
                "Team 1":{
                    "N\u00b0":{
                        "0":1,
                        "1":3,
                        "2":4,
                        "3":6,
                        "4":7,
                        "5":10,
                        "6":11,
                        "7":13,
                        "8":15,
                        "9":16
                    },
                    "Nom Pr\u00e9nom":{
                        "0":"JOUNINET PRESCILLIA",
                        "1":"LANGEVIN CELINE",
                        "2":"BERNAD KEZIA",
                        "3":"LAMANDE LENA",
                        "4":"BENABDESSELAM SABAH",
                        "5":"HAMOUM AMEL",
                        "6":"NAGLOO KAREN",
                        "7":"RICORDEAU MARION",
                        "8":"POUPET CELINE",
                        "9":"LEPETIT MAILYS"
                    },
                    "Licence":{
                        "0":2248332,
                        "1":1548653,
                        "2":2053296,
                        "3":1870072,
                        "4":1888602,
                        "5":2436818,
                        "6":1738306,
                        "7":1430581,
                        "8":1825889,
                        "9":1426676
                    }
                },
                "Team 2":{
                    "N\u00b0":{
                        "0":2,
                        "1":3,
                        "2":4,
                        "3":8,
                        "4":9,
                        "5":13,
                        "6":14
                    },
                    "Nom Pr\u00e9nom":{
                        "0":"ADAM JULIE",
                        "1":"VALLEZ CAMILLE",
                        "2":"GROUX ANGELE",
                        "3":"CHOUIKH BARBEZ NAWELLE",
                        "4":"DUPONT ROMANE",
                        "5":"VALLEZ PAULINE",
                        "6":"DOUAY LOUISE"
                    },
                    "Licence":{
                        "0":1956283,
                        "1":1622130,
                        "2":1998910,
                        "3":1996127,
                        "4":2040645,
                        "5":1622129,
                        "6":2139417
                    }
                }
            },
            "Liberos":{
                "Team 1":{
                    "N\u00b0":{
                        "0":3,
                        "1":4
                    },
                    "Nom Pr\u00e9nom":{
                        "0":"LANGEVIN CELINE",
                        "1":"BERNAD KEZIA"
                    },
                    "Licence":{
                        "0":1548653,
                        "1":2053296
                    }
                },
                "Team 2":{
                    "N\u00b0":{
                        "0":13
                    },
                    "Nom Pr\u00e9nom":{
                        "0":"VALLEZ PAULINE"
                    },
                    "Licence":{
                        "0":1622129
                    }
                }
            },
            "Officials":{
                "Team 1":{
                    "N\u00b0":{
                        "0":"EA",
                        "1":"SO"
                    },
                    "Nom Pr\u00e9nom":{
                        "0":"TABET HAZIZ",
                        "1":"BRUANT YOANN"
                    },
                    "Licence":{
                        "0":530477,
                        "1":1951472
                    }
                },
                "Team 2":{
                    "N\u00b0":{
                        "0":"EA"
                    },
                    "Nom Pr\u00e9nom":{
                        "0":"BOLLENGIER GAEL"
                    },
                    "Licence":{
                        "0":182113
                    }
                }
            }
        },
        "Results":{
            "winner":"VOLLEY CLUB SAINT POLO",
            "score":"3\/0"
        },
        "Referees":{
            "NOM Pr\u00e9nom":{
                "1er":"REY GWENAEL",
                "2\u00e8me":"NOEL GILLES",
                "Marqueur":"PERSAC STEPHANE",
                "Marq.Ass":".",
                "R.Salle":"MULLER GERARD"
            },
            "Ligue":{
                "1er":"LIG_NO",
                "2\u00e8me":"LIG_NO",
                "Marqueur":"LIG_NO",
                "Marq.Ass":null,
                "R.Salle":"LIG_NO"
            },
            "Licence":{
                "1er":1862764.0,
                "2\u00e8me":149104.0,
                "Marqueur":1709786.0,
                "Marq.Ass":null,
                "R.Salle":1740078.0
            }
        },
        "Penalties":{

        }
    }
}