{
    "Match":{
        "Title":{
            "div_code":"2FA",
            "div_name":"NATIONALE 2 FEMININE",
            "div_pool":"POULE A",
            "match_number":"2FA031",
            "match_day":"05",
            "city":"MONTPELLIER",
            "gym":"LES ARTS",
            "category":"SENIOR | FEMININE",
            "ligue":"Comp\u00e9titions Nationales SENIORS",
            "date":"2019-11-03 15:00:00",
            "team_1":"UGS LATTES BEAUX ARTS MONTPELLIER VOLLEY-BALL",
            "team_2":"US CAGNES VOLLEY-BALL"
        },
        "Sets":{
            "Teams":{
                "Set 1":{
                    "Name":{
                        "Team 1":"US CAGNES VOLLEY-BALL",
                        "Team 2":"UGS LATTES BEAUX ARTS"
                    },
                    "Starting":{
                        "Team 1":"Service",
                        "Team 2":"Reception"
                    }
                },
                "Set 2":{
                    "Name":{
                        "Team 1":"US CAGNES VOLLEY-BALL",
                        "Team 2":"UGS LATTES BEAUX ARTS"
                    },
                    "Starting":{
                        "Team 1":"Reception",
                        "Team 2":"Service"
                    }
                },
                "Set 3":{
                    "Name":{
                        "Team 1":"US CAGNES VOLLEY-BALL",
                        "Team 2":"UGS LATTES BEAUX ARTS"
                    },
                    "Starting":{
                        "Team 1":"Service",
                        "Team 2":"Reception"
                    }
                },
                "Set 4":{
                    "Name":{
                        "Team 1":"US CAGNES VOLLEY-BALL",
                        "Team 2":"UGS LATTES BEAUX ARTS"
                    },
                    "Starting":{
                        "Team 1":"Reception",
                        "Team 2":"Service"
                    }
                },
                "Set 5":{
                    "Name":{
                        "Team 1":"UGS LATTES BEAUX AR",
                        "Team 2":"US CAGNES VOLLEY-BA"
                    },
                    "Starting":{
                        "Team 1":"Service",
                        "Team 2":"Reception"
                    }
                }
            },
            "Time":{
                "Set 1":{
                    "Time":{
                        "Start":"2019-11-03 15:13:00",
                        "End":"2019-11-03 15:37:00"
                    }
                },
                "Set 2":{
                    "Time":{
                        "Start":"2019-11-03 15:40:00",
                        "End":"2019-11-03 16:05:00"
                    }
                },
                "Set 3":{
                    "Time":{
                        "Start":"2019-11-03 16:08:00",
                        "End":"2019-11-03 16:34:00"
                    }
                },
                "Set 4":{
                    "Time":{
                        "Start":"2019-11-03 16:37:00",
                        "End":"2019-11-03 17:05:00"
                    }
                },
                "Set 5":{
                    "Time":{
                        "Start":"2019-11-03 17:08:00",
                        "End":"2019-11-03 17:26:00"
                    }
                }
            },
            "Substitutions 1":{
                "Set 1":{
                    "I":{
                        "0":9
                    },
                    "II":{
                        "0":13
                    },
                    "III":{
                        "0":10
                    },
                    "IV":{
                        "0":3
                    },
                    "V":{
                        "0":17
                    },
                    "VI":{
                        "0":4
                    }
                },
                "Set 2":{
                    "I":{
                        "0":4.0,
                        "1":null,
                        "2":null,
                        "3":null
                    },
                    "II":{
                        "0":"9",
                        "1":"8",
                        "2":"14:22",
                        "3":null
                    },
                    "III":{
                        "0":"13",
                        "1":"1",
                        "2":"11:13",
                        "3":"15:23"
                    },
                    "IV":{
                        "0":7.0,
                        "1":null,
                        "2":null,
                        "3":null
                    },
                    "V":{
                        "0":3.0,
                        "1":null,
                        "2":null,
                        "3":null
                    },
                    "VI":{
                        "0":17.0,
                        "1":null,
                        "2":null,
                        "3":null
                    }
                },
                "Set 3":{
                    "I":{
                        "0":7
                    },
                    "II":{
                        "0":8
                    },
                    "III":{
                        "0":13
                    },
                    "IV":{
                        "0":4
                    },
                    "V":{
                        "0":3
                    },
                    "VI":{
                        "0":17
                    }
                },
                "Set 4":{
                    "I":{
                        "0":7
                    },
                    "II":{
                        "0":8
                    },
                    "III":{
                        "0":13
                    },
                    "IV":{
                        "0":4
                    },
                    "V":{
                        "0":3
                    },
                    "VI":{
                        "0":17
                    }
                },
                "Set 5":{
                    "I":{
                        "0":1.0,
                        "1":null,
                        "2":null,
                        "3":null
                    },
                    "II":{
                        "0":18.0,
                        "1":null,
                        "2":null,
                        "3":null
                    },
                    "III":{
                        "0":8.0,
                        "1":null,
                        "2":null,
                        "3":null
                    },
                    "IV":{
                        "0":17.0,
                        "1":null,
                        "2":null,
                        "3":null
                    },
                    "V":{
                        "0":"3",
                        "1":"10",
                        "2":"3:4",
                        "3":"10:9"
                    },
                    "VI":{
                        "0":"5",
                        "1":"16",
                        "2":"9:7",
                        "3":"13:13"
                    }
                }
            },
            "Substitutions 2":{
                "Set 1":{
                    "I":{
                        "0":10.0,
                        "1":null,
                        "2":null
                    },
                    "II":{
                        "0":8.0,
                        "1":null,
                        "2":null
                    },
                    "III":{
                        "0":18.0,
                        "1":null,
                        "2":null
                    },
                    "IV":{
                        "0":3.0,
                        "1":null,
                        "2":null
                    },
                    "V":{
                        "0":"5",
                        "1":"16",
                        "2":"20:17"
                    },
                    "VI":{
                        "0":1.0,
                        "1":null,
                        "2":null
                    }
                },
                "Set 2":{
                    "I":{
                        "0":1.0,
                        "1":null,
                        "2":null
                    },
                    "II":{
                        "0":10.0,
                        "1":null,
                        "2":null
                    },
                    "III":{
                        "0":8.0,
                        "1":null,
                        "2":null
                    },
                    "IV":{
                        "0":18.0,
                        "1":null,
                        "2":null
                    },
                    "V":{
                        "0":3.0,
                        "1":null,
                        "2":null
                    },
                    "VI":{
                        "0":"5",
                        "1":"16",
                        "2":"24:15"
                    }
                },
                "Set 3":{
                    "I":{
                        "0":10.0,
                        "1":null,
                        "2":null,
                        "3":null
                    },
                    "II":{
                        "0":8.0,
                        "1":null,
                        "2":null,
                        "3":null
                    },
                    "III":{
                        "0":"18",
                        "1":"7",
                        "2":"17:21",
                        "3":"19:24"
                    },
                    "IV":{
                        "0":3.0,
                        "1":null,
                        "2":null,
                        "3":null
                    },
                    "V":{
                        "0":5.0,
                        "1":null,
                        "2":null,
                        "3":null
                    },
                    "VI":{
                        "0":"1",
                        "1":"17",
                        "2":"17:21",
                        "3":"19:24"
                    }
                },
                "Set 4":{
                    "I":{
                        "0":"1",
                        "1":"17",
                        "2":"11:11",
                        "3":"14:18"
                    },
                    "II":{
                        "0":10.0,
                        "1":null,
                        "2":null,
                        "3":null
                    },
                    "III":{
                        "0":8.0,
                        "1":null,
                        "2":null,
                        "3":null
                    },
                    "IV":{
                        "0":"18",
                        "1":"7",
                        "2":"11:11",
                        "3":"14:18"
                    },
                    "V":{
                        "0":3.0,
                        "1":null,
                        "2":null,
                        "3":null
                    },
                    "VI":{
                        "0":"5",
                        "1":"16",
                        "2":"13:14",
                        "3":null
                    }
                },
                "Set 5":{
                    "I":{
                        "0":7.0,
                        "1":null,
                        "2":null,
                        "3":null
                    },
                    "II":{
                        "0":8.0,
                        "1":null,
                        "2":null,
                        "3":null
                    },
                    "III":{
                        "0":13.0,
                        "1":null,
                        "2":null,
                        "3":null
                    },
                    "IV":{
                        "0":4.0,
                        "1":null,
                        "2":null,
                        "3":null
                    },
                    "V":{
                        "0":3.0,
                        "1":null,
                        "2":null,
                        "3":null
                    },
                    "VI":{
                        "0":"17",
                        "1":"1",
                        "2":"7:9",
                        "3":"12:12"
                    }
                }
            },
            "Serves 1":{
                "Set 1":{
                    "I":{
                        "0":"0",
                        "1":9
                    },
                    "II":{
                        "0":"1",
                        "1":12
                    },
                    "III":{
                        "0":"3",
                        "1":13
                    },
                    "IV":{
                        "0":"4",
                        "1":17
                    },
                    "V":{
                        "0":"7",
                        "1":18
                    },
                    "VI":{
                        "0":"8",
                        "1":null
                    }
                },
                "Set 2":{
                    "I":{
                        "0":null,
                        "1":7.0,
                        "2":17.0
                    },
                    "II":{
                        "0":"1",
                        "1":8.0,
                        "2":null
                    },
                    "III":{
                        "0":"2",
                        "1":11.0,
                        "2":null
                    },
                    "IV":{
                        "0":"3",
                        "1":12.0,
                        "2":null
                    },
                    "V":{
                        "0":"4",
                        "1":14.0,
                        "2":null
                    },
                    "VI":{
                        "0":"5",
                        "1":15.0,
                        "2":null
                    }
                },
                "Set 3":{
                    "I":{
                        "0":"2",
                        "1":16,
                        "2":25
                    },
                    "II":{
                        "0":"4",
                        "1":18.0,
                        "2":null
                    },
                    "III":{
                        "0":"6",
                        "1":20.0,
                        "2":null
                    },
                    "IV":{
                        "0":"7",
                        "1":21.0,
                        "2":null
                    },
                    "V":{
                        "0":"14",
                        "1":23.0,
                        "2":null
                    },
                    "VI":{
                        "0":"15",
                        "1":24.0,
                        "2":null
                    }
                },
                "Set 4":{
                    "I":{
                        "0":null,
                        "1":18.0
                    },
                    "II":{
                        "0":"6",
                        "1":21
                    },
                    "III":{
                        "0":"8",
                        "1":23
                    },
                    "IV":{
                        "0":"9",
                        "1":24
                    },
                    "V":{
                        "0":"13",
                        "1":25
                    },
                    "VI":{
                        "0":"14",
                        "1":null
                    }
                },
                "Set 5":{
                    "I":{
                        "0":"0",
                        "1":11
                    },
                    "II":{
                        "0":"1",
                        "1":12
                    },
                    "III":{
                        "0":"3",
                        "1":13
                    },
                    "IV":{
                        "0":"6",
                        "1":14
                    },
                    "V":{
                        "0":"8",
                        "1":null
                    },
                    "VI":{
                        "0":"10",
                        "1":null
                    }
                }
            },
            "Serves 2":{
                "Set 1":{
                    "I":{
                        "0":null,
                        "1":14.0
                    },
                    "II":{
                        "0":"4",
                        "1":15
                    },
                    "III":{
                        "0":"6",
                        "1":17
                    },
                    "IV":{
                        "0":"10",
                        "1":19
                    },
                    "V":{
                        "0":"11",
                        "1":23
                    },
                    "VI":{
                        "0":"12",
                        "1":25
                    }
                },
                "Set 2":{
                    "I":{
                        "0":"0",
                        "1":11,
                        "2":25
                    },
                    "II":{
                        "0":"1",
                        "1":12.0,
                        "2":null
                    },
                    "III":{
                        "0":"4",
                        "1":13.0,
                        "2":null
                    },
                    "IV":{
                        "0":"6",
                        "1":18.0,
                        "2":null
                    },
                    "V":{
                        "0":"8",
                        "1":23.0,
                        "2":null
                    },
                    "VI":{
                        "0":"9",
                        "1":24.0,
                        "2":null
                    }
                },
                "Set 3":{
                    "I":{
                        "0":null,
                        "1":13.0,
                        "2":20.0
                    },
                    "II":{
                        "0":"1",
                        "1":14.0,
                        "2":null
                    },
                    "III":{
                        "0":"2",
                        "1":16.0,
                        "2":null
                    },
                    "IV":{
                        "0":"5",
                        "1":17.0,
                        "2":null
                    },
                    "V":{
                        "0":"8",
                        "1":18.0,
                        "2":null
                    },
                    "VI":{
                        "0":"11",
                        "1":19.0,
                        "2":null
                    }
                },
                "Set 4":{
                    "I":{
                        "0":"1",
                        "1":14
                    },
                    "II":{
                        "0":"3",
                        "1":16
                    },
                    "III":{
                        "0":"7",
                        "1":17
                    },
                    "IV":{
                        "0":"11",
                        "1":18
                    },
                    "V":{
                        "0":"12",
                        "1":null
                    },
                    "VI":{
                        "0":"13",
                        "1":null
                    }
                },
                "Set 5":{
                    "I":{
                        "0":null,
                        "1":10.0
                    },
                    "II":{
                        "0":"1",
                        "1":11
                    },
                    "III":{
                        "0":"2",
                        "1":13
                    },
                    "IV":{
                        "0":"4",
                        "1":14
                    },
                    "V":{
                        "0":"6",
                        "1":16
                    },
                    "VI":{
                        "0":"7",
                        "1":null
                    }
                }
            },
            "Timeouts 1":{
                "Set 1":{
                    "T":{
                        "0":"0:4",
                        "1":"13:19"
                    }
                },
                "Set 2":{
                    "T":{
                        "0":"12:18",
                        "1":"14:20"
                    }
                },
                "Set 3":{
                    "T":{
                        "0":"23:19"
                    }
                },
                "Set 4":{
                    "T":{
                        "0":"9:10",
                        "1":"21:16"
                    }
                },
                "Set 5":{
                    "T":{
                        "0":"12:13"
                    }
                }
            },
            "Timeouts 2":{
                "Set 1":{
                    "T":{
                        "0":"19:16"
                    }
                },
                "Set 2":{
                    "T":{

                    }
                },
                "Set 3":{
                    "T":{
                        "0":"2:6",
                        "1":"8:14"
                    }
                },
                "Set 4":{
                    "T":{
                        "0":"1:6",
                        "1":"13:18"
                    }
                },
                "Set 5":{
                    "T":{
                        "0":"4:6",
                        "1":"7:10"
                    }
                }
            }
        },
        "Teams":{
            "Name":{
                "Team 1":"US CAGNES VOLLEY-BALL",
                "Team 2":"UGS LATTES BEAUX ARTS MONTPEL"
            },
            "Players":{
                "Team 1":{
                    "N\u00b0":{
                        "0":1,
                        "1":3,
                        "2":4,
                        "3":6,
                        "4":7,
                        "5":8,
                        "6":9,
                        "7":10,
                        "8":13,
                        "9":17
                    },
                    "Nom Pr\u00e9nom":{
                        "0":"QUEGUINER NOEMIE",
                        "1":"ROMERO SALDARRIAGA ANA",
                        "2":"LINASSIER EMELINE",
                        "3":"PETRIGNANI CECILE",
                        "4":"TAUREL FANNY",
                        "5":"GERIN LUCIE",
                        "6":"PANTALACCI ANAIS",
                        "7":"NOTOT-MARTIN VICTORIA",
                        "8":"RIGOBERT-LONG MARIE-NATACHA",
                        "9":"VANDENBERGHE BILITIS"
                    },
                    "Licence":{
                        "0":1674850,
                        "1":2093589,
                        "2":1802524,
                        "3":1674253,
                        "4":1764684,
                        "5":1709664,
                        "6":1823159,
                        "7":1944561,
                        "8":1591301,
                        "9":1432856
                    }
                },
                "Team 2":{
                    "N\u00b0":{
                        "0":1,
                        "1":2,
                        "2":3,
                        "3":5,
                        "4":7,
                        "5":8,
                        "6":10,
                        "7":14,
                        "8":16,
                        "9":17,
                        "10":18
                    },
                    "Nom Pr\u00e9nom":{
                        "0":"ARNAUD TOSCANE",
                        "1":"THIANT CAROLINE",
                        "2":"FRABOULET CAMILLE",
                        "3":"REBICHON PAULINE",
                        "4":"MARTINEZ FLORA",
                        "5":"BAILLETTE LEONIE",
                        "6":"SEIDENBINDER CLEMENTINE",
                        "7":"CUFFEL ASTRID",
                        "8":"DESGRANGES JEANNE",
                        "9":"BONNIN ANGELE",
                        "10":"MAYOUD LEA"
                    },
                    "Licence":{
                        "0":1917004,
                        "1":1869913,
                        "2":1651186,
                        "3":1842858,
                        "4":1970745,
                        "5":1882816,
                        "6":1685882,
                        "7":1941827,
                        "8":1991666,
                        "9":1798402,
                        "10":1593764
                    }
                }
            },
            "Liberos":{
                "Team 1":{
                    "N\u00b0":{
                        "0":6
                    },
                    "Nom Pr\u00e9nom":{
                        "0":"PETRIGNANI CECILE"
                    },
                    "Licence":{
                        "0":1674253
                    }
                },
                "Team 2":{
                    "N\u00b0":{
                        "0":14
                    },
                    "Nom Pr\u00e9nom":{
                        "0":"CUFFEL ASTRID"
                    },
                    "Licence":{
                        "0":1941827
                    }
                }
            },
            "Officials":{
                "Team 1":{
                    "N\u00b0":{
                        "0":"EA",
                        "1":"EB"
                    },
                    "Nom Pr\u00e9nom":{
                        "0":"GASTAUT LAURENT",
                        "1":"GAGLIO VALENTIN"
                    },
                    "Licence":{
                        "0":93773,
                        "1":1817353
                    }
                },
                "Team 2":{
                    "N\u00b0":{
                        "0":"EA",
                        "1":"SO"
                    },
                    "Nom Pr\u00e9nom":{
                        "0":"BRU GAUTIER",
                        "1":"SALVAN PHILIPPE"
                    },
                    "Licence":{
                        "0":2037324,
                        "1":206854
                    }
                }
            }
        },
        "Results":{
            "winner":"US CAGNES VOLLEY-BALL",
            "score":"3\/2"
        },
        "Referees":{
            "NOM Pr\u00e9nom":{
                "1er":"CLUZEL ADRIEN",
                "2\u00e8me":"KHELLAF FREDERIC",
                "Marqueur":"KONTOUKAS MARJANE",
                "Marq.Ass":".",
                "R.Salle":"ALBE CHRISTIAN"
            },
            "Ligue":{
                "1er":"LIG_ARA",
                "2\u00e8me":"LIG_PAC",
                "Marqueur":"LIG_OCC",
                "Marq.Ass":null,
                "R.Salle":"LIG_OCC"
            },
            "Licence":{
                "1er":1705564.0,
                "2\u00e8me":1081616.0,
                "Marqueur":2020191.0,
                "Marq.Ass":null,
                "R.Salle":17657.0
            }
        },
        "Penalties":{

        }
    }
}