{
    "Match":{
        "Title":{
            "div_code":"2FA",
            "div_name":"NATIONALE 2 FEMININE",
            "div_pool":"POULE A",
            "match_number":"2FA043",
            "match_day":"07",
            "city":"BEAUSOLEIL",
            "gym":"MONEGHETTI",
            "category":"SENIOR | FEMININE",
            "ligue":"Comp\u00e9titions Nationales SENIORS",
            "date":"2019-12-15 16:00:00",
            "team_1":"ASS SPORTIVE DE MONACO",
            "team_2":"US CAGNES VOLLEY-BALL"
        },
        "Sets":{
            "Teams":{
                "Set 1":{
                    "Name":{
                        "Team 1":"ASS SPORTIVE DE MONACO",
                        "Team 2":"US CAGNES VOLLEY-BALL"
                    },
                    "Starting":{
                        "Team 1":"Reception",
                        "Team 2":"Service"
                    }
                },
                "Set 2":{
                    "Name":{
                        "Team 1":"ASS SPORTIVE DE MONACO",
                        "Team 2":"US CAGNES VOLLEY-BALL"
                    },
                    "Starting":{
                        "Team 1":"Service",
                        "Team 2":"Reception"
                    }
                },
                "Set 3":{
                    "Name":{
                        "Team 1":"ASS SPORTIVE DE MONACO",
                        "Team 2":"US CAGNES VOLLEY-BALL"
                    },
                    "Starting":{
                        "Team 1":"Reception",
                        "Team 2":"Service"
                    }
                },
                "Set 4":0,
                "Set 5":0
            },
            "Time":{
                "Set 1":{
                    "Time":{
                        "Start":"2019-12-15 16:00:00",
                        "End":"2019-12-15 16:22:00"
                    }
                },
                "Set 2":{
                    "Time":{
                        "Start":"2019-12-15 16:25:00",
                        "End":"2019-12-15 16:49:00"
                    }
                },
                "Set 3":{
                    "Time":{
                        "Start":"2019-12-15 16:52:00",
                        "End":"2019-12-15 17:16:00"
                    }
                },
                "Set 4":0,
                "Set 5":0
            },
            "Substitutions 1":{
                "Set 1":{
                    "I":{
                        "0":8
                    },
                    "II":{
                        "0":6
                    },
                    "III":{
                        "0":4
                    },
                    "IV":{
                        "0":7
                    },
                    "V":{
                        "0":10
                    },
                    "VI":{
                        "0":5
                    }
                },
                "Set 2":{
                    "I":{
                        "0":6
                    },
                    "II":{
                        "0":4
                    },
                    "III":{
                        "0":7
                    },
                    "IV":{
                        "0":10
                    },
                    "V":{
                        "0":5
                    },
                    "VI":{
                        "0":8
                    }
                },
                "Set 3":{
                    "I":{
                        "0":8
                    },
                    "II":{
                        "0":6
                    },
                    "III":{
                        "0":4
                    },
                    "IV":{
                        "0":7
                    },
                    "V":{
                        "0":10
                    },
                    "VI":{
                        "0":5
                    }
                },
                "Set 4":0,
                "Set 5":0
            },
            "Substitutions 2":{
                "Set 1":{
                    "I":{
                        "0":9.0,
                        "1":null,
                        "2":null
                    },
                    "II":{
                        "0":13.0,
                        "1":null,
                        "2":null
                    },
                    "III":{
                        "0":4.0,
                        "1":null,
                        "2":null
                    },
                    "IV":{
                        "0":3.0,
                        "1":null,
                        "2":null
                    },
                    "V":{
                        "0":"17",
                        "1":"12",
                        "2":"4:14"
                    },
                    "VI":{
                        "0":7.0,
                        "1":null,
                        "2":null
                    }
                },
                "Set 2":{
                    "I":{
                        "0":9
                    },
                    "II":{
                        "0":13
                    },
                    "III":{
                        "0":4
                    },
                    "IV":{
                        "0":3
                    },
                    "V":{
                        "0":12
                    },
                    "VI":{
                        "0":7
                    }
                },
                "Set 3":{
                    "I":{
                        "0":8.0,
                        "1":null,
                        "2":null
                    },
                    "II":{
                        "0":"12",
                        "1":"13",
                        "2":"10:19"
                    },
                    "III":{
                        "0":4.0,
                        "1":null,
                        "2":null
                    },
                    "IV":{
                        "0":3.0,
                        "1":null,
                        "2":null
                    },
                    "V":{
                        "0":17.0,
                        "1":null,
                        "2":null
                    },
                    "VI":{
                        "0":7.0,
                        "1":null,
                        "2":null
                    }
                },
                "Set 4":0,
                "Set 5":0
            },
            "Serves 1":{
                "Set 1":{
                    "I":{
                        "0":null,
                        "1":21.0
                    },
                    "II":{
                        "0":"1",
                        "1":22
                    },
                    "III":{
                        "0":"2",
                        "1":23
                    },
                    "IV":{
                        "0":"7",
                        "1":24
                    },
                    "V":{
                        "0":"10",
                        "1":25
                    },
                    "VI":{
                        "0":"15",
                        "1":null
                    }
                },
                "Set 2":{
                    "I":{
                        "0":"1",
                        "1":15
                    },
                    "II":{
                        "0":"3",
                        "1":16
                    },
                    "III":{
                        "0":"4",
                        "1":18
                    },
                    "IV":{
                        "0":"10",
                        "1":21
                    },
                    "V":{
                        "0":"12",
                        "1":25
                    },
                    "VI":{
                        "0":"13",
                        "1":null
                    }
                },
                "Set 3":{
                    "I":{
                        "0":null,
                        "1":20.0
                    },
                    "II":{
                        "0":"1",
                        "1":25
                    },
                    "III":{
                        "0":"5",
                        "1":null
                    },
                    "IV":{
                        "0":"6",
                        "1":null
                    },
                    "V":{
                        "0":"9",
                        "1":null
                    },
                    "VI":{
                        "0":"12",
                        "1":null
                    }
                },
                "Set 4":0,
                "Set 5":0
            },
            "Serves 2":{
                "Set 1":{
                    "I":{
                        "0":"0",
                        "1":7
                    },
                    "II":{
                        "0":"1",
                        "1":8
                    },
                    "III":{
                        "0":"2",
                        "1":9
                    },
                    "IV":{
                        "0":"3",
                        "1":10
                    },
                    "V":{
                        "0":"4",
                        "1":null
                    },
                    "VI":{
                        "0":"5",
                        "1":null
                    }
                },
                "Set 2":{
                    "I":{
                        "0":null,
                        "1":8.0
                    },
                    "II":{
                        "0":"1",
                        "1":10
                    },
                    "III":{
                        "0":"3",
                        "1":11
                    },
                    "IV":{
                        "0":"5",
                        "1":12
                    },
                    "V":{
                        "0":"6",
                        "1":13
                    },
                    "VI":{
                        "0":"7",
                        "1":null
                    }
                },
                "Set 3":{
                    "I":{
                        "0":"4",
                        "1":12
                    },
                    "II":{
                        "0":"6",
                        "1":null
                    },
                    "III":{
                        "0":"7",
                        "1":null
                    },
                    "IV":{
                        "0":"8",
                        "1":null
                    },
                    "V":{
                        "0":"9",
                        "1":null
                    },
                    "VI":{
                        "0":"10",
                        "1":null
                    }
                },
                "Set 4":0,
                "Set 5":0
            },
            "Timeouts 1":{
                "Set 1":{
                    "T":{

                    }
                },
                "Set 2":{
                    "T":{

                    }
                },
                "Set 3":{
                    "T":{
                        "0":"0:3"
                    }
                },
                "Set 4":0,
                "Set 5":0
            },
            "Timeouts 2":{
                "Set 1":{
                    "T":{
                        "0":"4:12",
                        "1":"5:18"
                    }
                },
                "Set 2":{
                    "T":{
                        "0":"5:10",
                        "1":"12:20"
                    }
                },
                "Set 3":{
                    "T":{
                        "0":"8:9",
                        "1":"10:18"
                    }
                },
                "Set 4":0,
                "Set 5":0
            }
        },
        "Teams":{
            "Name":{
                "Team 1":"ASS SPORTIVE DE MONACO",
                "Team 2":"US CAGNES VOLLEY-BALL"
            },
            "Players":{
                "Team 1":{
                    "N\u00b0":{
                        "0":1,
                        "1":4,
                        "2":5,
                        "3":6,
                        "4":7,
                        "5":8,
                        "6":9,
                        "7":10
                    },
                    "Nom Pr\u00e9nom":{
                        "0":"REBUFFEL MANON",
                        "1":"BAUSSET FRANCE",
                        "2":"BACHERY HAYAT",
                        "3":"CHAMEAUX LENA",
                        "4":"DA MOURA LEAL CELIA",
                        "5":"REVEL CHION CAROLINE",
                        "6":"HARAGOVA VENDULA",
                        "7":"GIORDANO MATHILDE"
                    },
                    "Licence":{
                        "0":1777045,
                        "1":1556677,
                        "2":1345937,
                        "3":1778916,
                        "4":1611693,
                        "5":1463563,
                        "6":1879131,
                        "7":1077178
                    }
                },
                "Team 2":{
                    "N\u00b0":{
                        "0":3,
                        "1":4,
                        "2":6,
                        "3":7,
                        "4":8,
                        "5":9,
                        "6":12,
                        "7":13,
                        "8":17
                    },
                    "Nom Pr\u00e9nom":{
                        "0":"ROMERO SALDARRIAGA ANA",
                        "1":"LINASSIER EMELINE",
                        "2":"PETRIGNANI CECILE",
                        "3":"TAUREL FANNY",
                        "4":"GERIN LUCIE",
                        "5":"PANTALACCI ANAIS",
                        "6":"MARTY ZOE",
                        "7":"RIGOBERT-LONG MARIE-NATACHA",
                        "8":"VANDENBERGHE BILITIS"
                    },
                    "Licence":{
                        "0":2093589,
                        "1":1802524,
                        "2":1674253,
                        "3":1764684,
                        "4":1709664,
                        "5":1823159,
                        "6":1993379,
                        "7":1591301,
                        "8":1432856
                    }
                }
            },
            "Liberos":{
                "Team 1":{
                    "N\u00b0":{
                        "0":1
                    },
                    "Nom Pr\u00e9nom":{
                        "0":"REBUFFEL MANON"
                    },
                    "Licence":{
                        "0":1777045
                    }
                },
                "Team 2":{
                    "N\u00b0":{
                        "0":6
                    },
                    "Nom Pr\u00e9nom":{
                        "0":"PETRIGNANI CECILE"
                    },
                    "Licence":{
                        "0":1674253
                    }
                }
            },
            "Officials":{
                "Team 1":{
                    "N\u00b0":{
                        "0":"EA"
                    },
                    "Nom Pr\u00e9nom":{
                        "0":"HAMZAOUI EVA"
                    },
                    "Licence":{
                        "0":1338367
                    }
                },
                "Team 2":{
                    "N\u00b0":{
                        "0":"EA",
                        "1":"EB"
                    },
                    "Nom Pr\u00e9nom":{
                        "0":"GASTAUT LAURENT",
                        "1":"GAGLIO VALENTIN"
                    },
                    "Licence":{
                        "0":93773,
                        "1":1817353
                    }
                }
            }
        },
        "Results":{
            "winner":"ASS SPORTIVE DE MONACO",
            "score":"3\/0"
        },
        "Referees":{
            "NOM Pr\u00e9nom":{
                "1er":"RAT BENJAMIN",
                "2\u00e8me":"COUDYSER MARC-ANTOINE",
                "Marqueur":"UHTIO PETRI",
                "Marq.Ass":".",
                "R.Salle":"CHAMY MICHAEL"
            },
            "Ligue":{
                "1er":"LIG_OCC",
                "2\u00e8me":"LIG_PAC",
                "Marqueur":"LIG_PAC",
                "Marq.Ass":null,
                "R.Salle":"LIG_PAC"
            },
            "Licence":{
                "1er":1747186.0,
                "2\u00e8me":1716776.0,
                "Marqueur":2008056.0,
                "Marq.Ass":null,
                "R.Salle":1834840.0
            }
        },
        "Penalties":{

        }
    }
}