{
    "Match":{
        "Title":{
            "div_code":"2FA",
            "div_name":"NATIONALE 2 FEMININE",
            "div_pool":"POULE A",
            "match_number":"2FA021",
            "match_day":"03",
            "city":"GRUISSAN",
            "gym":"GYMNASE DU SABLOU",
            "category":"SENIOR | FEMININE",
            "ligue":"Comp\u00e9titions Nationales SENIORS",
            "date":"2019-10-19 17:00:00",
            "team_1":"VOLLEY-BALL GRUISSAN",
            "team_2":"PAYS D'AIX VENELLES V.B. 2"
        },
        "Sets":{
            "Teams":{
                "Set 1":{
                    "Name":{
                        "Team 1":"PAYS D'AIX VENELLES V.",
                        "Team 2":"VOLLEY-BALL GRUISSAN"
                    },
                    "Starting":{
                        "Team 1":"Reception",
                        "Team 2":"Service"
                    }
                },
                "Set 2":{
                    "Name":{
                        "Team 1":"PAYS D'AIX VENELLES V.",
                        "Team 2":"VOLLEY-BALL GRUISSAN"
                    },
                    "Starting":{
                        "Team 1":"Service",
                        "Team 2":"Reception"
                    }
                },
                "Set 3":{
                    "Name":{
                        "Team 1":"PAYS D'AIX VENELLES V.",
                        "Team 2":"VOLLEY-BALL GRUISSAN"
                    },
                    "Starting":{
                        "Team 1":"Reception",
                        "Team 2":"Service"
                    }
                },
                "Set 4":{
                    "Name":{
                        "Team 1":"PAYS D'AIX VENELLES V.",
                        "Team 2":"VOLLEY-BALL GRUISSAN"
                    },
                    "Starting":{
                        "Team 1":"Service",
                        "Team 2":"Reception"
                    }
                },
                "Set 5":0
            },
            "Time":{
                "Set 1":{
                    "Time":{
                        "Start":"2019-10-19 17:00:00",
                        "End":"2019-10-19 17:31:00"
                    }
                },
                "Set 2":{
                    "Time":{
                        "Start":"2019-10-19 17:35:00",
                        "End":"2019-10-19 18:05:00"
                    }
                },
                "Set 3":{
                    "Time":{
                        "Start":"2019-10-19 18:09:00",
                        "End":"2019-10-19 18:39:00"
                    }
                },
                "Set 4":{
                    "Time":{
                        "Start":"2019-10-19 18:42:00",
                        "End":"2019-10-19 19:09:00"
                    }
                },
                "Set 5":0
            },
            "Substitutions 1":{
                "Set 1":{
                    "I":{
                        "0":4.0,
                        "1":null,
                        "2":null
                    },
                    "II":{
                        "0":12.0,
                        "1":null,
                        "2":null
                    },
                    "III":{
                        "0":14.0,
                        "1":null,
                        "2":null
                    },
                    "IV":{
                        "0":6.0,
                        "1":null,
                        "2":null
                    },
                    "V":{
                        "0":13.0,
                        "1":null,
                        "2":null
                    },
                    "VI":{
                        "0":"1",
                        "1":"11",
                        "2":"14:18"
                    }
                },
                "Set 2":{
                    "I":{
                        "0":12.0,
                        "1":null,
                        "2":null
                    },
                    "II":{
                        "0":14.0,
                        "1":null,
                        "2":null
                    },
                    "III":{
                        "0":"6",
                        "1":"2",
                        "2":"25:24"
                    },
                    "IV":{
                        "0":13.0,
                        "1":null,
                        "2":null
                    },
                    "V":{
                        "0":11.0,
                        "1":null,
                        "2":null
                    },
                    "VI":{
                        "0":4.0,
                        "1":null,
                        "2":null
                    }
                },
                "Set 3":{
                    "I":{
                        "0":11
                    },
                    "II":{
                        "0":4
                    },
                    "III":{
                        "0":12
                    },
                    "IV":{
                        "0":14
                    },
                    "V":{
                        "0":6
                    },
                    "VI":{
                        "0":13
                    }
                },
                "Set 4":{
                    "I":{
                        "0":12
                    },
                    "II":{
                        "0":14
                    },
                    "III":{
                        "0":6
                    },
                    "IV":{
                        "0":13
                    },
                    "V":{
                        "0":11
                    },
                    "VI":{
                        "0":4
                    }
                },
                "Set 5":0
            },
            "Substitutions 2":{
                "Set 1":{
                    "I":{
                        "0":"3",
                        "1":"2",
                        "2":"22:24"
                    },
                    "II":{
                        "0":12.0,
                        "1":null,
                        "2":null
                    },
                    "III":{
                        "0":8.0,
                        "1":null,
                        "2":null
                    },
                    "IV":{
                        "0":"10",
                        "1":"4",
                        "2":"22:24"
                    },
                    "V":{
                        "0":9.0,
                        "1":null,
                        "2":null
                    },
                    "VI":{
                        "0":11.0,
                        "1":null,
                        "2":null
                    }
                },
                "Set 2":{
                    "I":{
                        "0":9
                    },
                    "II":{
                        "0":11
                    },
                    "III":{
                        "0":3
                    },
                    "IV":{
                        "0":12
                    },
                    "V":{
                        "0":8
                    },
                    "VI":{
                        "0":10
                    }
                },
                "Set 3":{
                    "I":{
                        "0":"3",
                        "1":"2",
                        "2":"14:9",
                        "3":"14:15"
                    },
                    "II":{
                        "0":12.0,
                        "1":null,
                        "2":null,
                        "3":null
                    },
                    "III":{
                        "0":8.0,
                        "1":null,
                        "2":null,
                        "3":null
                    },
                    "IV":{
                        "0":"10",
                        "1":"4",
                        "2":"14:9",
                        "3":"14:15"
                    },
                    "V":{
                        "0":"9",
                        "1":"7",
                        "2":"14:12",
                        "3":"15:22"
                    },
                    "VI":{
                        "0":11.0,
                        "1":null,
                        "2":null,
                        "3":null
                    }
                },
                "Set 4":{
                    "I":{
                        "0":9.0,
                        "1":null,
                        "2":null
                    },
                    "II":{
                        "0":"11",
                        "1":"7",
                        "2":"19:23"
                    },
                    "III":{
                        "0":"3",
                        "1":"4",
                        "2":"10:15"
                    },
                    "IV":{
                        "0":12.0,
                        "1":null,
                        "2":null
                    },
                    "V":{
                        "0":14.0,
                        "1":null,
                        "2":null
                    },
                    "VI":{
                        "0":10.0,
                        "1":null,
                        "2":null
                    }
                },
                "Set 5":0
            },
            "Serves 1":{
                "Set 1":{
                    "I":{
                        "0":null,
                        "1":7.0,
                        "2":25.0
                    },
                    "II":{
                        "0":"1",
                        "1":9.0,
                        "2":null
                    },
                    "III":{
                        "0":"3",
                        "1":13.0,
                        "2":null
                    },
                    "IV":{
                        "0":"4",
                        "1":14.0,
                        "2":null
                    },
                    "V":{
                        "0":"5",
                        "1":18.0,
                        "2":null
                    },
                    "VI":{
                        "0":"6",
                        "1":24.0,
                        "2":null
                    }
                },
                "Set 2":{
                    "I":{
                        "0":"3",
                        "1":13,
                        "2":21
                    },
                    "II":{
                        "0":"5",
                        "1":14,
                        "2":24
                    },
                    "III":{
                        "0":"6",
                        "1":16,
                        "2":25
                    },
                    "IV":{
                        "0":"7",
                        "1":17.0,
                        "2":null
                    },
                    "V":{
                        "0":"8",
                        "1":18.0,
                        "2":null
                    },
                    "VI":{
                        "0":"10",
                        "1":19.0,
                        "2":null
                    }
                },
                "Set 3":{
                    "I":{
                        "0":null,
                        "1":22.0
                    },
                    "II":{
                        "0":"1",
                        "1":24
                    },
                    "III":{
                        "0":"2",
                        "1":25
                    },
                    "IV":{
                        "0":"4",
                        "1":null
                    },
                    "V":{
                        "0":"5",
                        "1":null
                    },
                    "VI":{
                        "0":"19",
                        "1":null
                    }
                },
                "Set 4":{
                    "I":{
                        "0":"0",
                        "1":9,
                        "2":23
                    },
                    "II":{
                        "0":"2",
                        "1":12,
                        "2":25
                    },
                    "III":{
                        "0":"3",
                        "1":13.0,
                        "2":null
                    },
                    "IV":{
                        "0":"6",
                        "1":15.0,
                        "2":null
                    },
                    "V":{
                        "0":"7",
                        "1":17.0,
                        "2":null
                    },
                    "VI":{
                        "0":"8",
                        "1":22.0,
                        "2":null
                    }
                },
                "Set 5":0
            },
            "Serves 2":{
                "Set 1":{
                    "I":{
                        "0":"1",
                        "1":13
                    },
                    "II":{
                        "0":"2",
                        "1":14
                    },
                    "III":{
                        "0":"4",
                        "1":17
                    },
                    "IV":{
                        "0":"5",
                        "1":19
                    },
                    "V":{
                        "0":"7",
                        "1":22
                    },
                    "VI":{
                        "0":"10",
                        "1":23
                    }
                },
                "Set 2":{
                    "I":{
                        "0":null,
                        "1":9.0,
                        "2":18.0
                    },
                    "II":{
                        "0":"2",
                        "1":10,
                        "2":19
                    },
                    "III":{
                        "0":"3",
                        "1":11,
                        "2":24
                    },
                    "IV":{
                        "0":"4",
                        "1":12,
                        "2":27
                    },
                    "V":{
                        "0":"6",
                        "1":13.0,
                        "2":null
                    },
                    "VI":{
                        "0":"8",
                        "1":17.0,
                        "2":null
                    }
                },
                "Set 3":{
                    "I":{
                        "0":"1",
                        "1":17
                    },
                    "II":{
                        "0":"3",
                        "1":18
                    },
                    "III":{
                        "0":"5",
                        "1":null
                    },
                    "IV":{
                        "0":"8",
                        "1":null
                    },
                    "V":{
                        "0":"14",
                        "1":null
                    },
                    "VI":{
                        "0":"15",
                        "1":null
                    }
                },
                "Set 4":{
                    "I":{
                        "0":null,
                        "1":7.0,
                        "2":18.0
                    },
                    "II":{
                        "0":"1",
                        "1":8,
                        "2":19
                    },
                    "III":{
                        "0":"2",
                        "1":9.0,
                        "2":null
                    },
                    "IV":{
                        "0":"3",
                        "1":10.0,
                        "2":null
                    },
                    "V":{
                        "0":"4",
                        "1":15.0,
                        "2":null
                    },
                    "VI":{
                        "0":"5",
                        "1":16.0,
                        "2":null
                    }
                },
                "Set 5":0
            },
            "Timeouts 1":{
                "Set 1":{
                    "T":{
                        "0":"7:12",
                        "1":"14:19"
                    }
                },
                "Set 2":{
                    "T":{
                        "0":"18:16",
                        "1":"24:21"
                    }
                },
                "Set 3":{
                    "T":{
                        "0":"5:11",
                        "1":"22:17"
                    }
                },
                "Set 4":{
                    "T":{
                        "0":"15:14",
                        "1":"22:18"
                    }
                },
                "Set 5":0
            },
            "Timeouts 2":{
                "Set 1":{
                    "T":{
                        "0":"22:20"
                    }
                },
                "Set 2":{
                    "T":{
                        "0":"19:23"
                    }
                },
                "Set 3":{
                    "T":{
                        "0":"14:11",
                        "1":"14:19"
                    }
                },
                "Set 4":{
                    "T":{
                        "0":"16:22"
                    }
                },
                "Set 5":0
            }
        },
        "Teams":{
            "Name":{
                "Team 1":"PAYS D'AIX VENELLES V.B. 2",
                "Team 2":"VOLLEY-BALL GRUISSAN"
            },
            "Players":{
                "Team 1":{
                    "N\u00b0":{
                        "0":1,
                        "1":2,
                        "2":4,
                        "3":6,
                        "4":7,
                        "5":8,
                        "6":11,
                        "7":12,
                        "8":13,
                        "9":14
                    },
                    "Nom Pr\u00e9nom":{
                        "0":"VILLEDIEU CHIARA",
                        "1":"RAQUIN LOU",
                        "2":"MICHEL ANGELE",
                        "3":"BLAZIKOWSKI CYRIELLE",
                        "4":"DORNIC MARTINAYA",
                        "5":"MAGNANI CHLOE",
                        "6":"ARMANDO JENIFER",
                        "7":"PYVOVAROVA ALINA",
                        "8":"WOLTER ALICE",
                        "9":"BESNEHARD CASSIOPEE"
                    },
                    "Licence":{
                        "0":2003754,
                        "1":1900471,
                        "2":1631856,
                        "3":2097475,
                        "4":2128747,
                        "5":1998364,
                        "6":1997001,
                        "7":1884946,
                        "8":1963316,
                        "9":1875507
                    }
                },
                "Team 2":{
                    "N\u00b0":{
                        "0":2,
                        "1":3,
                        "2":4,
                        "3":5,
                        "4":7,
                        "5":8,
                        "6":9,
                        "7":10,
                        "8":11,
                        "9":12,
                        "10":14,
                        "11":18
                    },
                    "Nom Pr\u00e9nom":{
                        "0":"LOPEZ ADELINE",
                        "1":"MERLOZ TIFFANY",
                        "2":"ETIENNE NIKITA",
                        "3":"RAHEB CHARLINE",
                        "4":"CUTILLAS MANON",
                        "5":"TORALLA AIMIE",
                        "6":"TAYSSE LUCIE",
                        "7":"ALLIOT NOLWEN",
                        "8":"PRIETO FERIA PAULA",
                        "9":"MALEK ALEKSANDRA",
                        "10":"ROUSSEL ELOANE",
                        "11":"PETIT-BONNAFOUS LOLA"
                    },
                    "Licence":{
                        "0":1940953,
                        "1":1895569,
                        "2":2172149,
                        "3":1741594,
                        "4":2058805,
                        "5":2022182,
                        "6":1811729,
                        "7":1497929,
                        "8":2407134,
                        "9":2407135,
                        "10":2126900,
                        "11":2058802
                    }
                }
            },
            "Liberos":{
                "Team 1":{
                    "N\u00b0":{
                        "0":8
                    },
                    "Nom Pr\u00e9nom":{
                        "0":"MAGNANI CHLOE"
                    },
                    "Licence":{
                        "0":1998364
                    }
                },
                "Team 2":{
                    "N\u00b0":{
                        "0":5,
                        "1":18
                    },
                    "Nom Pr\u00e9nom":{
                        "0":"RAHEB CHARLINE",
                        "1":"PETIT-BONNAFOUS LOLA"
                    },
                    "Licence":{
                        "0":1741594,
                        "1":2058802
                    }
                }
            },
            "Officials":{
                "Team 1":{
                    "N\u00b0":{
                        "0":"EA"
                    },
                    "Nom Pr\u00e9nom":{
                        "0":"VERNIER PATRICIA"
                    },
                    "Licence":{
                        "0":959038
                    }
                },
                "Team 2":{
                    "N\u00b0":{
                        "0":"EA"
                    },
                    "Nom Pr\u00e9nom":{
                        "0":"PAZ FUENTES EDUARDO"
                    },
                    "Licence":{
                        "0":2137458
                    }
                }
            }
        },
        "Results":{
            "winner":"PAYS D'AIX VENELLES V.",
            "score":"3\/1"
        },
        "Referees":{
            "NOM Pr\u00e9nom":{
                "1er":"TURIN NATHALIE",
                "2\u00e8me":"BONNET DAVID",
                "Marqueur":"PIRONCINI NATHALIE",
                "Marq.Ass":".",
                "nan":null
            },
            "Ligue":{
                "1er":"LIG_ARA",
                "2\u00e8me":"LIG_OCC",
                "Marqueur":null,
                "Marq.Ass":null,
                "nan":"Juges"
            },
            "Licence":{
                "1er":445403.0,
                "2\u00e8me":1057179.0,
                "Marqueur":1868479.0,
                "Marq.Ass":null,
                "nan":null
            }
        },
        "Penalties":{

        }
    }
}