{
    "Match":{
        "Title":{
            "div_code":"2FA",
            "div_name":"NATIONALE 2 FEMININE",
            "div_pool":"POULE A",
            "match_number":"2FA082",
            "match_day":"12",
            "city":"LA GARDE",
            "gym":"JACQUES TROIN",
            "category":"SENIOR | FEMININE",
            "ligue":"Comp\u00e9titions Nationales SENIORS",
            "date":"2020-01-18 20:30:00",
            "team_1":"VOLLEY PRADETAN GARDEEN",
            "team_2":"A.S. DE L'UNION VOLLEY-BALL"
        },
        "Sets":{
            "Teams":{
                "Set 1":{
                    "Name":{
                        "Team 1":"VOLLEY PRADETAN GARDEE",
                        "Team 2":"A.S. DE L'UNION VOLLEY"
                    },
                    "Starting":{
                        "Team 1":"Reception",
                        "Team 2":"Service"
                    }
                },
                "Set 2":{
                    "Name":{
                        "Team 1":"VOLLEY PRADETAN GARDEE",
                        "Team 2":"A.S. DE L'UNION VOLLEY"
                    },
                    "Starting":{
                        "Team 1":"Service",
                        "Team 2":"Reception"
                    }
                },
                "Set 3":{
                    "Name":{
                        "Team 1":"VOLLEY PRADETAN GARDEE",
                        "Team 2":"A.S. DE L'UNION VOLLEY"
                    },
                    "Starting":{
                        "Team 1":"Reception",
                        "Team 2":"Service"
                    }
                },
                "Set 4":{
                    "Name":{
                        "Team 1":"VOLLEY PRADETAN GARDEE",
                        "Team 2":"A.S. DE L'UNION VOLLEY"
                    },
                    "Starting":{
                        "Team 1":"Service",
                        "Team 2":"Reception"
                    }
                },
                "Set 5":0
            },
            "Time":{
                "Set 1":{
                    "Time":{
                        "Start":"2020-01-18 20:27:00",
                        "End":"2020-01-18 20:53:00"
                    }
                },
                "Set 2":{
                    "Time":{
                        "Start":"2020-01-18 20:56:00",
                        "End":"2020-01-18 21:22:00"
                    }
                },
                "Set 3":{
                    "Time":{
                        "Start":"2020-01-18 21:25:00",
                        "End":"2020-01-18 21:50:00"
                    }
                },
                "Set 4":{
                    "Time":{
                        "Start":"2020-01-18 21:53:00",
                        "End":"2020-01-18 22:22:00"
                    }
                },
                "Set 5":0
            },
            "Substitutions 1":{
                "Set 1":{
                    "I":{
                        "0":"2",
                        "1":"16",
                        "2":"14:20"
                    },
                    "II":{
                        "0":4.0,
                        "1":null,
                        "2":null
                    },
                    "III":{
                        "0":"11",
                        "1":"3",
                        "2":"13:19"
                    },
                    "IV":{
                        "0":12.0,
                        "1":null,
                        "2":null
                    },
                    "V":{
                        "0":5.0,
                        "1":null,
                        "2":null
                    },
                    "VI":{
                        "0":"10",
                        "1":"6",
                        "2":"11:16"
                    }
                },
                "Set 2":{
                    "I":{
                        "0":16.0,
                        "1":null,
                        "2":null
                    },
                    "II":{
                        "0":4.0,
                        "1":null,
                        "2":null
                    },
                    "III":{
                        "0":"11",
                        "1":"3",
                        "2":"24:20"
                    },
                    "IV":{
                        "0":12.0,
                        "1":null,
                        "2":null
                    },
                    "V":{
                        "0":5.0,
                        "1":null,
                        "2":null
                    },
                    "VI":{
                        "0":10.0,
                        "1":null,
                        "2":null
                    }
                },
                "Set 3":{
                    "I":{
                        "0":"16",
                        "1":"2",
                        "2":"9:12"
                    },
                    "II":{
                        "0":4.0,
                        "1":null,
                        "2":null
                    },
                    "III":{
                        "0":"3",
                        "1":"11",
                        "2":"12:16"
                    },
                    "IV":{
                        "0":12.0,
                        "1":null,
                        "2":null
                    },
                    "V":{
                        "0":"5",
                        "1":"6",
                        "2":"9:10"
                    },
                    "VI":{
                        "0":10.0,
                        "1":null,
                        "2":null
                    }
                },
                "Set 4":{
                    "I":{
                        "0":3
                    },
                    "II":{
                        "0":4
                    },
                    "III":{
                        "0":11
                    },
                    "IV":{
                        "0":12
                    },
                    "V":{
                        "0":6
                    },
                    "VI":{
                        "0":10
                    }
                },
                "Set 5":0
            },
            "Substitutions 2":{
                "Set 1":{
                    "I":{
                        "0":1
                    },
                    "II":{
                        "0":7
                    },
                    "III":{
                        "0":2
                    },
                    "IV":{
                        "0":6
                    },
                    "V":{
                        "0":11
                    },
                    "VI":{
                        "0":9
                    }
                },
                "Set 2":{
                    "I":{
                        "0":9.0,
                        "1":null,
                        "2":null
                    },
                    "II":{
                        "0":"1",
                        "1":"8",
                        "2":"16:22"
                    },
                    "III":{
                        "0":7.0,
                        "1":null,
                        "2":null
                    },
                    "IV":{
                        "0":2.0,
                        "1":null,
                        "2":null
                    },
                    "V":{
                        "0":6.0,
                        "1":null,
                        "2":null
                    },
                    "VI":{
                        "0":11.0,
                        "1":null,
                        "2":null
                    }
                },
                "Set 3":{
                    "I":{
                        "0":8.0,
                        "1":null,
                        "2":null
                    },
                    "II":{
                        "0":7.0,
                        "1":null,
                        "2":null
                    },
                    "III":{
                        "0":2.0,
                        "1":null,
                        "2":null
                    },
                    "IV":{
                        "0":"6",
                        "1":"11",
                        "2":"22:16"
                    },
                    "V":{
                        "0":3.0,
                        "1":null,
                        "2":null
                    },
                    "VI":{
                        "0":10.0,
                        "1":null,
                        "2":null
                    }
                },
                "Set 4":{
                    "I":{
                        "0":8.0,
                        "1":null,
                        "2":null,
                        "3":null
                    },
                    "II":{
                        "0":7.0,
                        "1":null,
                        "2":null,
                        "3":null
                    },
                    "III":{
                        "0":2.0,
                        "1":null,
                        "2":null,
                        "3":null
                    },
                    "IV":{
                        "0":"6",
                        "1":"11",
                        "2":"16:15",
                        "3":"20:19"
                    },
                    "V":{
                        "0":3.0,
                        "1":null,
                        "2":null,
                        "3":null
                    },
                    "VI":{
                        "0":10.0,
                        "1":null,
                        "2":null,
                        "3":null
                    }
                },
                "Set 5":0
            },
            "Serves 1":{
                "Set 1":{
                    "I":{
                        "0":null,
                        "1":9.0
                    },
                    "II":{
                        "0":"2",
                        "1":11
                    },
                    "III":{
                        "0":"3",
                        "1":13
                    },
                    "IV":{
                        "0":"6",
                        "1":14
                    },
                    "V":{
                        "0":"7",
                        "1":16
                    },
                    "VI":{
                        "0":"8",
                        "1":17
                    }
                },
                "Set 2":{
                    "I":{
                        "0":"2",
                        "1":16,
                        "2":25
                    },
                    "II":{
                        "0":"6",
                        "1":19.0,
                        "2":null
                    },
                    "III":{
                        "0":"7",
                        "1":20.0,
                        "2":null
                    },
                    "IV":{
                        "0":"8",
                        "1":21.0,
                        "2":null
                    },
                    "V":{
                        "0":"9",
                        "1":22.0,
                        "2":null
                    },
                    "VI":{
                        "0":"10",
                        "1":24.0,
                        "2":null
                    }
                },
                "Set 3":{
                    "I":{
                        "0":null,
                        "1":7.0,
                        "2":13.0
                    },
                    "II":{
                        "0":"1",
                        "1":8,
                        "2":14
                    },
                    "III":{
                        "0":"2",
                        "1":9,
                        "2":15
                    },
                    "IV":{
                        "0":"3",
                        "1":10,
                        "2":16
                    },
                    "V":{
                        "0":"4",
                        "1":11,
                        "2":17
                    },
                    "VI":{
                        "0":"6",
                        "1":12,
                        "2":18
                    }
                },
                "Set 4":{
                    "I":{
                        "0":"1",
                        "1":10,
                        "2":21
                    },
                    "II":{
                        "0":"2",
                        "1":13,
                        "2":22
                    },
                    "III":{
                        "0":"4",
                        "1":15.0,
                        "2":null
                    },
                    "IV":{
                        "0":"6",
                        "1":16.0,
                        "2":null
                    },
                    "V":{
                        "0":"8",
                        "1":18.0,
                        "2":null
                    },
                    "VI":{
                        "0":"9",
                        "1":19.0,
                        "2":null
                    }
                },
                "Set 5":0
            },
            "Serves 2":{
                "Set 1":{
                    "I":{
                        "0":"1",
                        "1":14
                    },
                    "II":{
                        "0":"5",
                        "1":17
                    },
                    "III":{
                        "0":"6",
                        "1":19
                    },
                    "IV":{
                        "0":"8",
                        "1":20
                    },
                    "V":{
                        "0":"9",
                        "1":21
                    },
                    "VI":{
                        "0":"12",
                        "1":25
                    }
                },
                "Set 2":{
                    "I":{
                        "0":null,
                        "1":10.0,
                        "2":20.0
                    },
                    "II":{
                        "0":"1",
                        "1":11.0,
                        "2":null
                    },
                    "III":{
                        "0":"6",
                        "1":12.0,
                        "2":null
                    },
                    "IV":{
                        "0":"7",
                        "1":14.0,
                        "2":null
                    },
                    "V":{
                        "0":"8",
                        "1":15.0,
                        "2":null
                    },
                    "VI":{
                        "0":"9",
                        "1":17.0,
                        "2":null
                    }
                },
                "Set 3":{
                    "I":{
                        "0":"0",
                        "1":8,
                        "2":17
                    },
                    "II":{
                        "0":"2",
                        "1":9,
                        "2":18
                    },
                    "III":{
                        "0":"3",
                        "1":13,
                        "2":21
                    },
                    "IV":{
                        "0":"4",
                        "1":14,
                        "2":22
                    },
                    "V":{
                        "0":"5",
                        "1":15,
                        "2":23
                    },
                    "VI":{
                        "0":"7",
                        "1":16,
                        "2":25
                    }
                },
                "Set 4":{
                    "I":{
                        "0":null,
                        "1":12.0,
                        "2":22.0
                    },
                    "II":{
                        "0":"2",
                        "1":14,
                        "2":23
                    },
                    "III":{
                        "0":"4",
                        "1":15,
                        "2":25
                    },
                    "IV":{
                        "0":"7",
                        "1":16.0,
                        "2":null
                    },
                    "V":{
                        "0":"9",
                        "1":17.0,
                        "2":null
                    },
                    "VI":{
                        "0":"11",
                        "1":19.0,
                        "2":null
                    }
                },
                "Set 5":0
            },
            "Timeouts 1":{
                "Set 1":{
                    "T":{
                        "0":"8:12",
                        "1":"17:23"
                    }
                },
                "Set 2":{
                    "T":{
                        "0":"20:13"
                    }
                },
                "Set 3":{
                    "T":{

                    }
                },
                "Set 4":{
                    "T":{
                        "0":"19:22",
                        "1":"21:23"
                    }
                },
                "Set 5":0
            },
            "Timeouts 2":{
                "Set 1":{
                    "T":{

                    }
                },
                "Set 2":{
                    "T":{
                        "0":"11:19",
                        "1":"15:22"
                    }
                },
                "Set 3":{
                    "T":{

                    }
                },
                "Set 4":{
                    "T":{
                        "0":"14:13"
                    }
                },
                "Set 5":0
            }
        },
        "Teams":{
            "Name":{
                "Team 1":"VOLLEY PRADETAN GARDEEN",
                "Team 2":"A.S. DE L'UNION VOLLEY-BALL"
            },
            "Players":{
                "Team 1":{
                    "N\u00b0":{
                        "0":1,
                        "1":2,
                        "2":3,
                        "3":4,
                        "4":5,
                        "5":6,
                        "6":8,
                        "7":10,
                        "8":11,
                        "9":12,
                        "10":16
                    },
                    "Nom Pr\u00e9nom":{
                        "0":"CHAMBON ORNELLA",
                        "1":"HERVE SOPHIE",
                        "2":"THIEME LILOU",
                        "3":"LAGARDE ELODIE",
                        "4":"CHARVIN BLANDINE",
                        "5":"OMARY FARIDA",
                        "6":"MAURICE ANGELIQUE",
                        "7":"GAULARD KATELEEN",
                        "8":"PIERI AMBRE-ALIZEE",
                        "9":"TAVAEARII MAINANUI",
                        "10":"VEZZUTI ANNABELLE"
                    },
                    "Licence":{
                        "0":2193830,
                        "1":1428816,
                        "2":1991371,
                        "3":1733360,
                        "4":1838060,
                        "5":2090686,
                        "6":1835484,
                        "7":1966078,
                        "8":1672297,
                        "9":2317488,
                        "10":1802259
                    }
                },
                "Team 2":{
                    "N\u00b0":{
                        "0":1,
                        "1":2,
                        "2":3,
                        "3":5,
                        "4":6,
                        "5":7,
                        "6":8,
                        "7":9,
                        "8":10,
                        "9":11,
                        "10":14
                    },
                    "Nom Pr\u00e9nom":{
                        "0":"CANCEL SAMANTHA",
                        "1":"DUPIN ANOUK",
                        "2":"RIQUIER MORCANT BLANCHE",
                        "3":"SERIEYS OCEANE",
                        "4":"COLINOT CHARLAINE",
                        "5":"CARTRON EMMA",
                        "6":"FABRE JUSTINE",
                        "7":"VIEILLEDENT HELENE",
                        "8":"JAUNET FANETTE",
                        "9":"LAMIRAND MARGAUX",
                        "10":"DELPRAT NADEGE"
                    },
                    "Licence":{
                        "0":1765826,
                        "1":1805468,
                        "2":1622167,
                        "3":1749752,
                        "4":1843027,
                        "5":2012753,
                        "6":1951494,
                        "7":1648735,
                        "8":1944766,
                        "9":1722357,
                        "10":1622325
                    }
                }
            },
            "Liberos":{
                "Team 1":{
                    "N\u00b0":{
                        "0":8
                    },
                    "Nom Pr\u00e9nom":{
                        "0":"MAURICE ANGELIQUE"
                    },
                    "Licence":{
                        "0":1835484
                    }
                },
                "Team 2":{
                    "N\u00b0":{
                        "0":14
                    },
                    "Nom Pr\u00e9nom":{
                        "0":"DELPRAT NADEGE"
                    },
                    "Licence":{
                        "0":1622325
                    }
                }
            },
            "Officials":{
                "Team 1":{
                    "N\u00b0":{
                        "0":"EA",
                        "1":"EB"
                    },
                    "Nom Pr\u00e9nom":{
                        "0":"MATTEI NICOLAS",
                        "1":"BRAMERIE EMILE"
                    },
                    "Licence":{
                        "0":969514,
                        "1":2122403
                    }
                },
                "Team 2":{
                    "N\u00b0":{
                        "0":"EA"
                    },
                    "Nom Pr\u00e9nom":{
                        "0":"DE CLERCQ PATRICK"
                    },
                    "Licence":{
                        "0":1777368
                    }
                }
            }
        },
        "Results":{
            "winner":"A.S. DE L'UNION VOLLEY",
            "score":"3\/1"
        },
        "Referees":{
            "NOM Pr\u00e9nom":{
                "1er":"SAWREI LAURENT",
                "2\u00e8me":"RICOME LAURENT",
                "Marqueur":"COQUELLE FLORINE",
                "Marq.Ass":".",
                "R.Salle":"ADORA LOIC"
            },
            "Ligue":{
                "1er":"LIG_ARA",
                "2\u00e8me":"LIG_PAC",
                "Marqueur":"LIG_PAC",
                "Marq.Ass":null,
                "R.Salle":"LIG_PAC"
            },
            "Licence":{
                "1er":1120880.0,
                "2\u00e8me":102780.0,
                "Marqueur":2303138.0,
                "Marq.Ass":null,
                "R.Salle":1345601.0
            }
        },
        "Penalties":{

        }
    }
}