{
    "Match":{
        "Title":{
            "div_code":"2FA",
            "div_name":"NATIONALE 2 FEMININE",
            "div_pool":"POULE A",
            "match_number":"2FA047",
            "match_day":"07",
            "city":"GRUISSAN",
            "gym":"GYMNASE DU SABLOU",
            "category":"SENIOR | FEMININE",
            "ligue":"Comp\u00e9titions Nationales SENIORS",
            "date":"2019-11-24 15:00:00",
            "team_1":"VOLLEY-BALL GRUISSAN",
            "team_2":"B\u00c9ZIERS VOLLEY-BALL 2 CFC"
        },
        "Sets":{
            "Teams":{
                "Set 1":{
                    "Name":{
                        "Team 1":"B\u00c9ZIERS VOLLEY-BALL 2",
                        "Team 2":"VOLLEY-BALL GRUISSAN"
                    },
                    "Starting":{
                        "Team 1":"Reception",
                        "Team 2":"Service"
                    }
                },
                "Set 2":{
                    "Name":{
                        "Team 1":"B\u00c9ZIERS VOLLEY-BALL 2",
                        "Team 2":"VOLLEY-BALL GRUISSAN"
                    },
                    "Starting":{
                        "Team 1":"Service",
                        "Team 2":"Reception"
                    }
                },
                "Set 3":{
                    "Name":{
                        "Team 1":"B\u00c9ZIERS VOLLEY-BALL 2",
                        "Team 2":"VOLLEY-BALL GRUISSAN"
                    },
                    "Starting":{
                        "Team 1":"Reception",
                        "Team 2":"Service"
                    }
                },
                "Set 4":0,
                "Set 5":0
            },
            "Time":{
                "Set 1":{
                    "Time":{
                        "Start":"2019-11-24 15:00:00",
                        "End":"2019-11-24 15:22:00"
                    }
                },
                "Set 2":{
                    "Time":{
                        "Start":"2019-11-24 15:25:00",
                        "End":"2019-11-24 15:48:00"
                    }
                },
                "Set 3":{
                    "Time":{
                        "Start":"2019-11-24 15:51:00",
                        "End":"2019-11-24 16:20:00"
                    }
                },
                "Set 4":0,
                "Set 5":0
            },
            "Substitutions 1":{
                "Set 1":{
                    "I":{
                        "0":4.0,
                        "1":null,
                        "2":null
                    },
                    "II":{
                        "0":8.0,
                        "1":null,
                        "2":null
                    },
                    "III":{
                        "0":"18",
                        "1":"17",
                        "2":"22:12"
                    },
                    "IV":{
                        "0":6.0,
                        "1":null,
                        "2":null
                    },
                    "V":{
                        "0":"5",
                        "1":"14",
                        "2":"18:11"
                    },
                    "VI":{
                        "0":7.0,
                        "1":null,
                        "2":null
                    }
                },
                "Set 2":{
                    "I":{
                        "0":7.0,
                        "1":null,
                        "2":null
                    },
                    "II":{
                        "0":4.0,
                        "1":null,
                        "2":null
                    },
                    "III":{
                        "0":8.0,
                        "1":null,
                        "2":null
                    },
                    "IV":{
                        "0":"18",
                        "1":"17",
                        "2":"17:12"
                    },
                    "V":{
                        "0":"6",
                        "1":"14",
                        "2":"20:12"
                    },
                    "VI":{
                        "0":"5",
                        "1":"12",
                        "2":"18:12"
                    }
                },
                "Set 3":{
                    "I":{
                        "0":"4",
                        "1":"14",
                        "2":"23:22",
                        "3":null
                    },
                    "II":{
                        "0":8.0,
                        "1":null,
                        "2":null,
                        "3":null
                    },
                    "III":{
                        "0":"17",
                        "1":"3",
                        "2":"16:16",
                        "3":"20:19"
                    },
                    "IV":{
                        "0":6.0,
                        "1":null,
                        "2":null,
                        "3":null
                    },
                    "V":{
                        "0":5.0,
                        "1":null,
                        "2":null,
                        "3":null
                    },
                    "VI":{
                        "0":7.0,
                        "1":null,
                        "2":null,
                        "3":null
                    }
                },
                "Set 4":0,
                "Set 5":0
            },
            "Substitutions 2":{
                "Set 1":{
                    "I":{
                        "0":9
                    },
                    "II":{
                        "0":15
                    },
                    "III":{
                        "0":3
                    },
                    "IV":{
                        "0":12
                    },
                    "V":{
                        "0":8
                    },
                    "VI":{
                        "0":11
                    }
                },
                "Set 2":{
                    "I":{
                        "0":"9",
                        "1":"7",
                        "2":"12:19"
                    },
                    "II":{
                        "0":15.0,
                        "1":null,
                        "2":null
                    },
                    "III":{
                        "0":"3",
                        "1":"4",
                        "2":"2:3"
                    },
                    "IV":{
                        "0":12.0,
                        "1":null,
                        "2":null
                    },
                    "V":{
                        "0":"14",
                        "1":"2",
                        "2":"12:20"
                    },
                    "VI":{
                        "0":11.0,
                        "1":null,
                        "2":null
                    }
                },
                "Set 3":{
                    "I":{
                        "0":"3",
                        "1":"4",
                        "2":"22:24",
                        "3":null
                    },
                    "II":{
                        "0":"12",
                        "1":"8",
                        "2":"21:23",
                        "3":"22:24"
                    },
                    "III":{
                        "0":2.0,
                        "1":null,
                        "2":null,
                        "3":null
                    },
                    "IV":{
                        "0":11.0,
                        "1":null,
                        "2":null,
                        "3":null
                    },
                    "V":{
                        "0":"9",
                        "1":"7",
                        "2":"16:17",
                        "3":null
                    },
                    "VI":{
                        "0":15.0,
                        "1":null,
                        "2":null,
                        "3":null
                    }
                },
                "Set 4":0,
                "Set 5":0
            },
            "Serves 1":{
                "Set 1":{
                    "I":{
                        "0":null,
                        "1":14.0
                    },
                    "II":{
                        "0":"2",
                        "1":15
                    },
                    "III":{
                        "0":"5",
                        "1":16
                    },
                    "IV":{
                        "0":"6",
                        "1":17
                    },
                    "V":{
                        "0":"7",
                        "1":20
                    },
                    "VI":{
                        "0":"9",
                        "1":25
                    }
                },
                "Set 2":{
                    "I":{
                        "0":"0",
                        "1":12
                    },
                    "II":{
                        "0":"2",
                        "1":14
                    },
                    "III":{
                        "0":"3",
                        "1":16
                    },
                    "IV":{
                        "0":"4",
                        "1":20
                    },
                    "V":{
                        "0":"7",
                        "1":21
                    },
                    "VI":{
                        "0":"9",
                        "1":25
                    }
                },
                "Set 3":{
                    "I":{
                        "0":null,
                        "1":13.0,
                        "2":23.0
                    },
                    "II":{
                        "0":"2",
                        "1":15,
                        "2":25
                    },
                    "III":{
                        "0":"3",
                        "1":16.0,
                        "2":null
                    },
                    "IV":{
                        "0":"7",
                        "1":17.0,
                        "2":null
                    },
                    "V":{
                        "0":"9",
                        "1":19.0,
                        "2":null
                    },
                    "VI":{
                        "0":"10",
                        "1":20.0,
                        "2":null
                    }
                },
                "Set 4":0,
                "Set 5":0
            },
            "Serves 2":{
                "Set 1":{
                    "I":{
                        "0":"0",
                        "1":8
                    },
                    "II":{
                        "0":"1",
                        "1":9
                    },
                    "III":{
                        "0":"2",
                        "1":10
                    },
                    "IV":{
                        "0":"4",
                        "1":11
                    },
                    "V":{
                        "0":"6",
                        "1":12
                    },
                    "VI":{
                        "0":"7",
                        "1":null
                    }
                },
                "Set 2":{
                    "I":{
                        "0":null,
                        "1":9.0
                    },
                    "II":{
                        "0":"1",
                        "1":10
                    },
                    "III":{
                        "0":"2",
                        "1":11
                    },
                    "IV":{
                        "0":"3",
                        "1":12
                    },
                    "V":{
                        "0":"4",
                        "1":15
                    },
                    "VI":{
                        "0":"7",
                        "1":17
                    }
                },
                "Set 3":{
                    "I":{
                        "0":"1",
                        "1":14,
                        "2":22
                    },
                    "II":{
                        "0":"2",
                        "1":15.0,
                        "2":null
                    },
                    "III":{
                        "0":"3",
                        "1":16.0,
                        "2":null
                    },
                    "IV":{
                        "0":"7",
                        "1":17.0,
                        "2":null
                    },
                    "V":{
                        "0":"10",
                        "1":19.0,
                        "2":null
                    },
                    "VI":{
                        "0":"13",
                        "1":20.0,
                        "2":null
                    }
                },
                "Set 4":0,
                "Set 5":0
            },
            "Timeouts 1":{
                "Set 1":{
                    "T":{

                    }
                },
                "Set 2":{
                    "T":{

                    }
                },
                "Set 3":{
                    "T":{
                        "0":"10:13"
                    }
                },
                "Set 4":0,
                "Set 5":0
            },
            "Timeouts 2":{
                "Set 1":{
                    "T":{
                        "0":"7:13"
                    }
                },
                "Set 2":{
                    "T":{

                    }
                },
                "Set 3":{
                    "T":{
                        "0":"17:19"
                    }
                },
                "Set 4":0,
                "Set 5":0
            }
        },
        "Teams":{
            "Name":{
                "Team 1":"B\u00c9ZIERS VOLLEY-BALL 2 CFC",
                "Team 2":"VOLLEY-BALL GRUISSAN"
            },
            "Players":{
                "Team 1":{
                    "N\u00b0":{
                        "0":3,
                        "1":4,
                        "2":5,
                        "3":6,
                        "4":7,
                        "5":8,
                        "6":12,
                        "7":14,
                        "8":16,
                        "9":17,
                        "10":18
                    },
                    "Nom Pr\u00e9nom":{
                        "0":"CHABOISSANT CALYPSO",
                        "1":"CHEIKH-BOUKAL AUDREY",
                        "2":"GREATTI ZOE",
                        "3":"MARQUIE LOUISE",
                        "4":"LAFALIZE DEBORAH",
                        "5":"BRAUNSTEFFER MANON",
                        "6":"ABBAL-BOURREZ D\u00c9LIA",
                        "7":"MAURANDY PAULINE",
                        "8":"ROMATI SARA",
                        "9":"VELINOV ELITSA",
                        "10":"LEMAN LAURIANE"
                    },
                    "Licence":{
                        "0":1592133,
                        "1":1897585,
                        "2":1943590,
                        "3":1728115,
                        "4":1941269,
                        "5":2052185,
                        "6":2108932,
                        "7":2142871,
                        "8":1863717,
                        "9":2192047,
                        "10":1922491
                    }
                },
                "Team 2":{
                    "N\u00b0":{
                        "0":2,
                        "1":3,
                        "2":4,
                        "3":5,
                        "4":7,
                        "5":8,
                        "6":9,
                        "7":11,
                        "8":12,
                        "9":14,
                        "10":15,
                        "11":18
                    },
                    "Nom Pr\u00e9nom":{
                        "0":"LOPEZ ADELINE",
                        "1":"MERLOZ TIFFANY",
                        "2":"ETIENNE NIKITA",
                        "3":"RAHEB CHARLINE",
                        "4":"CUTILLAS MANON",
                        "5":"TORALLA AIMIE",
                        "6":"TAYSSE LUCIE",
                        "7":"PRIETO FERIA PAULA",
                        "8":"MALEK ALEKSANDRA",
                        "9":"ROUSSEL ELOANE",
                        "10":"MERLOZ SAMANTHA",
                        "11":"PETIT-BONNAFOUS LOLA"
                    },
                    "Licence":{
                        "0":1940953,
                        "1":1895569,
                        "2":2172149,
                        "3":1741594,
                        "4":2058805,
                        "5":2022182,
                        "6":1811729,
                        "7":2407134,
                        "8":2407135,
                        "9":2126900,
                        "10":1895568,
                        "11":2058802
                    }
                }
            },
            "Liberos":{
                "Team 1":{
                    "N\u00b0":{
                        "0":16
                    },
                    "Nom Pr\u00e9nom":{
                        "0":"ROMATI SARA"
                    },
                    "Licence":{
                        "0":1863717
                    }
                },
                "Team 2":{
                    "N\u00b0":{
                        "0":5,
                        "1":18
                    },
                    "Nom Pr\u00e9nom":{
                        "0":"RAHEB CHARLINE",
                        "1":"PETIT-BONNAFOUS LOLA"
                    },
                    "Licence":{
                        "0":1741594,
                        "1":2058802
                    }
                }
            },
            "Officials":{
                "Team 1":{
                    "N\u00b0":{
                        "0":"EA"
                    },
                    "Nom Pr\u00e9nom":{
                        "0":"BAINVEL ROMUALD"
                    },
                    "Licence":{
                        "0":986222
                    }
                },
                "Team 2":{
                    "N\u00b0":{
                        "0":"EA",
                        "1":"EB"
                    },
                    "Nom Pr\u00e9nom":{
                        "0":"PAZ FUENTES EDUARDO",
                        "1":"MERLOZ FRANCK"
                    },
                    "Licence":{
                        "0":2137458,
                        "1":2110338
                    }
                }
            }
        },
        "Results":{
            "winner":"B\u00c9ZIERS VOLLEY-BALL 2",
            "score":"3\/0"
        },
        "Referees":{
            "NOM Pr\u00e9nom":{
                "1er":"SOUCERADJOU LAURENT",
                "2\u00e8me":"BERNARD JACK-NICOLAS",
                "Marqueur":"CAZAUTE LAUBERGE ANNICK",
                "Marq.Ass":".",
                "R.Salle":"CAZAUTE REGIS"
            },
            "Ligue":{
                "1er":"LIG_OCC",
                "2\u00e8me":"LIG_OCC",
                "Marqueur":"LIG_OCC",
                "Marq.Ass":null,
                "R.Salle":"LIG_OCC"
            },
            "Licence":{
                "1er":1767795.0,
                "2\u00e8me":1761810.0,
                "Marqueur":1525540.0,
                "Marq.Ass":null,
                "R.Salle":1613429.0
            }
        },
        "Penalties":{

        }
    }
}