{
    "Match":{
        "Title":{
            "div_code":"2FA",
            "div_name":"NATIONALE 2 FEMININE",
            "div_pool":"POULE A",
            "match_number":"2FA027",
            "match_day":"04",
            "city":"HYERES",
            "gym":"GYMNASE DE COSTEBELLE",
            "category":"SENIOR | FEMININE",
            "ligue":"Comp\u00e9titions Nationales SENIORS",
            "date":"2019-10-27 14:00:00",
            "team_1":"VOLLEY CLUB HYERES\/PIERREFEU",
            "team_2":"VOLLEY-BALL GRUISSAN"
        },
        "Sets":{
            "Teams":{
                "Set 1":{
                    "Name":{
                        "Team 1":"VOLLEY-BALL GRUISSAN",
                        "Team 2":"VOLLEY CLUB HYERES\/PIE"
                    },
                    "Starting":{
                        "Team 1":"Service",
                        "Team 2":"Reception"
                    }
                },
                "Set 2":{
                    "Name":{
                        "Team 1":"VOLLEY-BALL GRUISSAN",
                        "Team 2":"VOLLEY CLUB HYERES\/PIE"
                    },
                    "Starting":{
                        "Team 1":"Reception",
                        "Team 2":"Service"
                    }
                },
                "Set 3":{
                    "Name":{
                        "Team 1":"VOLLEY-BALL GRUISSAN",
                        "Team 2":"VOLLEY CLUB HYERES\/PIE"
                    },
                    "Starting":{
                        "Team 1":"Service",
                        "Team 2":"Reception"
                    }
                },
                "Set 4":{
                    "Name":{
                        "Team 1":"VOLLEY-BALL GRUISSAN",
                        "Team 2":"VOLLEY CLUB HYERES\/PIE"
                    },
                    "Starting":{
                        "Team 1":"Reception",
                        "Team 2":"Service"
                    }
                },
                "Set 5":0
            },
            "Time":{
                "Set 1":{
                    "Time":{
                        "Start":"2019-10-27 13:57:00",
                        "End":"2019-10-27 14:23:00"
                    }
                },
                "Set 2":{
                    "Time":{
                        "Start":"2019-10-27 14:26:00",
                        "End":"2019-10-27 14:56:00"
                    }
                },
                "Set 3":{
                    "Time":{
                        "Start":"2019-10-27 14:59:00",
                        "End":"2019-10-27 15:22:00"
                    }
                },
                "Set 4":{
                    "Time":{
                        "Start":"2019-10-27 15:25:00",
                        "End":"2019-10-27 15:56:00"
                    }
                },
                "Set 5":0
            },
            "Substitutions 1":{
                "Set 1":{
                    "I":{
                        "0":3
                    },
                    "II":{
                        "0":12
                    },
                    "III":{
                        "0":8
                    },
                    "IV":{
                        "0":10
                    },
                    "V":{
                        "0":9
                    },
                    "VI":{
                        "0":11
                    }
                },
                "Set 2":{
                    "I":{
                        "0":11.0,
                        "1":null,
                        "2":null,
                        "3":null
                    },
                    "II":{
                        "0":3.0,
                        "1":null,
                        "2":null,
                        "3":null
                    },
                    "III":{
                        "0":12.0,
                        "1":null,
                        "2":null,
                        "3":null
                    },
                    "IV":{
                        "0":8.0,
                        "1":null,
                        "2":null,
                        "3":null
                    },
                    "V":{
                        "0":10.0,
                        "1":null,
                        "2":null,
                        "3":null
                    },
                    "VI":{
                        "0":"9",
                        "1":"7",
                        "2":"2:10",
                        "3":"16:23"
                    }
                },
                "Set 3":{
                    "I":{
                        "0":3.0,
                        "1":null,
                        "2":null
                    },
                    "II":{
                        "0":12.0,
                        "1":null,
                        "2":null
                    },
                    "III":{
                        "0":8.0,
                        "1":null,
                        "2":null
                    },
                    "IV":{
                        "0":10.0,
                        "1":null,
                        "2":null
                    },
                    "V":{
                        "0":"9",
                        "1":"7",
                        "2":"11:18"
                    },
                    "VI":{
                        "0":11.0,
                        "1":null,
                        "2":null
                    }
                },
                "Set 4":{
                    "I":{
                        "0":9
                    },
                    "II":{
                        "0":11
                    },
                    "III":{
                        "0":3
                    },
                    "IV":{
                        "0":12
                    },
                    "V":{
                        "0":14
                    },
                    "VI":{
                        "0":10
                    }
                },
                "Set 5":0
            },
            "Substitutions 2":{
                "Set 1":{
                    "I":{
                        "0":8.0,
                        "1":null,
                        "2":null
                    },
                    "II":{
                        "0":"7",
                        "1":"9",
                        "2":"15:21"
                    },
                    "III":{
                        "0":16.0,
                        "1":null,
                        "2":null
                    },
                    "IV":{
                        "0":1.0,
                        "1":null,
                        "2":null
                    },
                    "V":{
                        "0":5.0,
                        "1":null,
                        "2":null
                    },
                    "VI":{
                        "0":"2",
                        "1":"3",
                        "2":"15:22"
                    }
                },
                "Set 2":{
                    "I":{
                        "0":16.0,
                        "1":null,
                        "2":null
                    },
                    "II":{
                        "0":1.0,
                        "1":null,
                        "2":null
                    },
                    "III":{
                        "0":5.0,
                        "1":null,
                        "2":null
                    },
                    "IV":{
                        "0":"2",
                        "1":"3",
                        "2":"22:12"
                    },
                    "V":{
                        "0":8.0,
                        "1":null,
                        "2":null
                    },
                    "VI":{
                        "0":9.0,
                        "1":null,
                        "2":null
                    }
                },
                "Set 3":{
                    "I":{
                        "0":9
                    },
                    "II":{
                        "0":16
                    },
                    "III":{
                        "0":1
                    },
                    "IV":{
                        "0":5
                    },
                    "V":{
                        "0":2
                    },
                    "VI":{
                        "0":8
                    }
                },
                "Set 4":{
                    "I":{
                        "0":16.0,
                        "1":null,
                        "2":null
                    },
                    "II":{
                        "0":1.0,
                        "1":null,
                        "2":null
                    },
                    "III":{
                        "0":5.0,
                        "1":null,
                        "2":null
                    },
                    "IV":{
                        "0":2.0,
                        "1":null,
                        "2":null
                    },
                    "V":{
                        "0":8.0,
                        "1":null,
                        "2":null
                    },
                    "VI":{
                        "0":"9",
                        "1":"7",
                        "2":"17:17"
                    }
                },
                "Set 5":0
            },
            "Serves 1":{
                "Set 1":{
                    "I":{
                        "0":"0",
                        "1":13,
                        "2":24
                    },
                    "II":{
                        "0":"1",
                        "1":14,
                        "2":25
                    },
                    "III":{
                        "0":"4",
                        "1":15.0,
                        "2":null
                    },
                    "IV":{
                        "0":"6",
                        "1":18.0,
                        "2":null
                    },
                    "V":{
                        "0":"8",
                        "1":20.0,
                        "2":null
                    },
                    "VI":{
                        "0":"11",
                        "1":23.0,
                        "2":null
                    }
                },
                "Set 2":{
                    "I":{
                        "0":null,
                        "1":6.0,
                        "2":22.0
                    },
                    "II":{
                        "0":"1",
                        "1":7.0,
                        "2":null
                    },
                    "III":{
                        "0":"2",
                        "1":10.0,
                        "2":null
                    },
                    "IV":{
                        "0":"3",
                        "1":11.0,
                        "2":null
                    },
                    "V":{
                        "0":"4",
                        "1":14.0,
                        "2":null
                    },
                    "VI":{
                        "0":"5",
                        "1":19.0,
                        "2":null
                    }
                },
                "Set 3":{
                    "I":{
                        "0":"0",
                        "1":10
                    },
                    "II":{
                        "0":"1",
                        "1":11
                    },
                    "III":{
                        "0":"4",
                        "1":13
                    },
                    "IV":{
                        "0":"5",
                        "1":14
                    },
                    "V":{
                        "0":"8",
                        "1":null
                    },
                    "VI":{
                        "0":"9",
                        "1":null
                    }
                },
                "Set 4":{
                    "I":{
                        "0":null,
                        "1":10.0,
                        "2":19.0
                    },
                    "II":{
                        "0":"1",
                        "1":11,
                        "2":20
                    },
                    "III":{
                        "0":"3",
                        "1":13,
                        "2":23
                    },
                    "IV":{
                        "0":"6",
                        "1":14.0,
                        "2":null
                    },
                    "V":{
                        "0":"8",
                        "1":15.0,
                        "2":null
                    },
                    "VI":{
                        "0":"9",
                        "1":18.0,
                        "2":null
                    }
                },
                "Set 5":0
            },
            "Serves 2":{
                "Set 1":{
                    "I":{
                        "0":null,
                        "1":7.0,
                        "2":16.0
                    },
                    "II":{
                        "0":"1",
                        "1":8,
                        "2":17
                    },
                    "III":{
                        "0":"2",
                        "1":10.0,
                        "2":null
                    },
                    "IV":{
                        "0":"3",
                        "1":13.0,
                        "2":null
                    },
                    "V":{
                        "0":"4",
                        "1":14.0,
                        "2":null
                    },
                    "VI":{
                        "0":"5",
                        "1":15.0,
                        "2":null
                    }
                },
                "Set 2":{
                    "I":{
                        "0":"6",
                        "1":17,
                        "2":25
                    },
                    "II":{
                        "0":"7",
                        "1":18.0,
                        "2":null
                    },
                    "III":{
                        "0":"12",
                        "1":21.0,
                        "2":null
                    },
                    "IV":{
                        "0":"13",
                        "1":22.0,
                        "2":null
                    },
                    "V":{
                        "0":"15",
                        "1":23.0,
                        "2":null
                    },
                    "VI":{
                        "0":"16",
                        "1":24.0,
                        "2":null
                    }
                },
                "Set 3":{
                    "I":{
                        "0":null,
                        "1":11.0
                    },
                    "II":{
                        "0":"3",
                        "1":13
                    },
                    "III":{
                        "0":"4",
                        "1":19
                    },
                    "IV":{
                        "0":"5",
                        "1":23
                    },
                    "V":{
                        "0":"6",
                        "1":25
                    },
                    "VI":{
                        "0":"7",
                        "1":null
                    }
                },
                "Set 4":{
                    "I":{
                        "0":"0",
                        "1":9,
                        "2":21
                    },
                    "II":{
                        "0":"2",
                        "1":13,
                        "2":23
                    },
                    "III":{
                        "0":"3",
                        "1":14,
                        "2":25
                    },
                    "IV":{
                        "0":"4",
                        "1":16.0,
                        "2":null
                    },
                    "V":{
                        "0":"5",
                        "1":17.0,
                        "2":null
                    },
                    "VI":{
                        "0":"7",
                        "1":18.0,
                        "2":null
                    }
                },
                "Set 5":0
            },
            "Timeouts 1":{
                "Set 1":{
                    "T":{

                    }
                },
                "Set 2":{
                    "T":{
                        "0":"0:6"
                    }
                },
                "Set 3":{
                    "T":{

                    }
                },
                "Set 4":{
                    "T":{
                        "0":"9:7",
                        "1":"19:21"
                    }
                },
                "Set 5":0
            },
            "Timeouts 2":{
                "Set 1":{
                    "T":{
                        "0":"7:13",
                        "1":"14:20"
                    }
                },
                "Set 2":{
                    "T":{
                        "0":"23:18",
                        "1":"24:22"
                    }
                },
                "Set 3":{
                    "T":{

                    }
                },
                "Set 4":{
                    "T":{
                        "0":"23:22"
                    }
                },
                "Set 5":0
            }
        },
        "Teams":{
            "Name":{
                "Team 1":"VOLLEY-BALL GRUISSAN",
                "Team 2":"VOLLEY CLUB HYERES\/PIERREFEU"
            },
            "Players":{
                "Team 1":{
                    "N\u00b0":{
                        "0":3,
                        "1":5,
                        "2":7,
                        "3":8,
                        "4":9,
                        "5":10,
                        "6":11,
                        "7":12,
                        "8":14,
                        "9":18
                    },
                    "Nom Pr\u00e9nom":{
                        "0":"MERLOZ TIFFANY",
                        "1":"GANGLOFF LOLA",
                        "2":"CUTILLAS MANON",
                        "3":"TORALLA AIMIE",
                        "4":"TAYSSE LUCIE",
                        "5":"ALLIOT NOLWEN",
                        "6":"PRIETO FERIA PAULA",
                        "7":"MALEK ALEKSANDRA",
                        "8":"ROUSSEL ELOANE",
                        "9":"PETIT-BONNAFOUS LOLA"
                    },
                    "Licence":{
                        "0":1895569,
                        "1":1952937,
                        "2":2058805,
                        "3":2022182,
                        "4":1811729,
                        "5":1497929,
                        "6":2407134,
                        "7":2407135,
                        "8":2126900,
                        "9":2058802
                    }
                },
                "Team 2":{
                    "N\u00b0":{
                        "0":1,
                        "1":2,
                        "2":3,
                        "3":5,
                        "4":7,
                        "5":8,
                        "6":9,
                        "7":12,
                        "8":13,
                        "9":16,
                        "10":18
                    },
                    "Nom Pr\u00e9nom":{
                        "0":"GAUDEL CHLOE",
                        "1":"ROBEAU LUCIE",
                        "2":"CAILLAT CHRISTELLE",
                        "3":"ALBERT MAELLE",
                        "4":"COULBAULT LAURE",
                        "5":"GENNIAUX EMILIE",
                        "6":"LECHAT MARIE FRANCE",
                        "7":"PECHEUR CAMILLE",
                        "8":"LAFITTE NDAKI MBOULET ANNE",
                        "9":"NAPOLI CHIARA",
                        "10":"MICHELON ERICA"
                    },
                    "Licence":{
                        "0":1342199,
                        "1":2209325,
                        "2":1831253,
                        "3":2057148,
                        "4":2141732,
                        "5":1691898,
                        "6":1550582,
                        "7":1664786,
                        "8":2396113,
                        "9":1954392,
                        "10":2049794
                    }
                }
            },
            "Liberos":{
                "Team 1":{
                    "N\u00b0":{
                        "0":5,
                        "1":18
                    },
                    "Nom Pr\u00e9nom":{
                        "0":"GANGLOFF LOLA",
                        "1":"PETIT-BONNAFOUS LOLA"
                    },
                    "Licence":{
                        "0":1952937,
                        "1":2058802
                    }
                },
                "Team 2":{
                    "N\u00b0":{
                        "0":12
                    },
                    "Nom Pr\u00e9nom":{
                        "0":"PECHEUR CAMILLE"
                    },
                    "Licence":{
                        "0":1664786
                    }
                }
            },
            "Officials":{
                "Team 1":{
                    "N\u00b0":{
                        "0":"EA"
                    },
                    "Nom Pr\u00e9nom":{
                        "0":"PAZ FUENTES EDUARDO"
                    },
                    "Licence":{
                        "0":2137458
                    }
                },
                "Team 2":{
                    "N\u00b0":{
                        "0":"EA",
                        "1":"EB"
                    },
                    "Nom Pr\u00e9nom":{
                        "0":"SERVAGEON GUILLAUME",
                        "1":"LECHAT CHRISTINE"
                    },
                    "Licence":{
                        "0":1634200,
                        "1":1091204
                    }
                }
            }
        },
        "Results":{
            "winner":"VOLLEY CLUB HYERES\/PIE",
            "score":"3\/1"
        },
        "Referees":{
            "NOM Pr\u00e9nom":{
                "1er":"REJAEYAN EHSAN",
                "2\u00e8me":"MONTAGNESE OLIVIER",
                "Marqueur":"MENAND CECILE",
                "Marq.Ass":".",
                "R.Salle":"SCIRI EDOUARD"
            },
            "Ligue":{
                "1er":"LIG_ARA",
                "2\u00e8me":"LIG_PAC",
                "Marqueur":"LIG_PAC",
                "Marq.Ass":null,
                "R.Salle":"LIG_PAC"
            },
            "Licence":{
                "1er":1422921.0,
                "2\u00e8me":711069.0,
                "Marqueur":1364284.0,
                "Marq.Ass":null,
                "R.Salle":1423770.0
            }
        },
        "Penalties":{

        }
    }
}