{
    "Match":{
        "Title":{
            "div_code":"2FA",
            "div_name":"NATIONALE 2 FEMININE",
            "div_pool":"POULE A",
            "match_number":"2FA035",
            "match_day":"05",
            "city":"VENELLES",
            "gym":"HALLE DES SPORTS",
            "category":"SENIOR | FEMININE",
            "ligue":"Comp\u00e9titions Nationales SENIORS",
            "date":"2019-11-02 18:00:00",
            "team_1":"PAYS D'AIX VENELLES V.B. 2",
            "team_2":"VOLLEY CLUB HYERES\/PIERREFEU"
        },
        "Sets":{
            "Teams":{
                "Set 1":{
                    "Name":{
                        "Team 1":"PAYS D'AIX VENELLES V.",
                        "Team 2":"VOLLEY CLUB HYERES\/PIE"
                    },
                    "Starting":{
                        "Team 1":"Reception",
                        "Team 2":"Service"
                    }
                },
                "Set 2":{
                    "Name":{
                        "Team 1":"PAYS D'AIX VENELLES V.",
                        "Team 2":"VOLLEY CLUB HYERES\/PIE"
                    },
                    "Starting":{
                        "Team 1":"Service",
                        "Team 2":"Reception"
                    }
                },
                "Set 3":{
                    "Name":{
                        "Team 1":"PAYS D'AIX VENELLES V.",
                        "Team 2":"VOLLEY CLUB HYERES\/PIE"
                    },
                    "Starting":{
                        "Team 1":"Reception",
                        "Team 2":"Service"
                    }
                },
                "Set 4":{
                    "Name":{
                        "Team 1":"PAYS D'AIX VENELLES V.",
                        "Team 2":"VOLLEY CLUB HYERES\/PIE"
                    },
                    "Starting":{
                        "Team 1":"Service",
                        "Team 2":"Reception"
                    }
                },
                "Set 5":{
                    "Name":{
                        "Team 1":"VOLLEY CLUB HYERES\/",
                        "Team 2":"PAYS D'AIX VENELLES"
                    },
                    "Starting":{
                        "Team 1":"Service",
                        "Team 2":"Reception"
                    }
                }
            },
            "Time":{
                "Set 1":{
                    "Time":{
                        "Start":"2019-11-02 18:00:00",
                        "End":"2019-11-02 18:24:00"
                    }
                },
                "Set 2":{
                    "Time":{
                        "Start":"2019-11-02 18:27:00",
                        "End":"2019-11-02 18:54:00"
                    }
                },
                "Set 3":{
                    "Time":{
                        "Start":"2019-11-02 18:58:00",
                        "End":"2019-11-02 19:21:00"
                    }
                },
                "Set 4":{
                    "Time":{
                        "Start":"2019-11-02 19:25:00",
                        "End":"2019-11-02 19:56:00"
                    }
                },
                "Set 5":{
                    "Time":{
                        "Start":"2019-11-02 20:00:00",
                        "End":"2019-11-02 20:19:00"
                    }
                }
            },
            "Substitutions 1":{
                "Set 1":{
                    "I":{
                        "0":10
                    },
                    "II":{
                        "0":7
                    },
                    "III":{
                        "0":11
                    },
                    "IV":{
                        "0":6
                    },
                    "V":{
                        "0":13
                    },
                    "VI":{
                        "0":2
                    }
                },
                "Set 2":{
                    "I":{
                        "0":7.0,
                        "1":null,
                        "2":null
                    },
                    "II":{
                        "0":11.0,
                        "1":null,
                        "2":null
                    },
                    "III":{
                        "0":"6",
                        "1":"5",
                        "2":"19:23"
                    },
                    "IV":{
                        "0":13.0,
                        "1":null,
                        "2":null
                    },
                    "V":{
                        "0":"2",
                        "1":"1",
                        "2":"10:15"
                    },
                    "VI":{
                        "0":10.0,
                        "1":null,
                        "2":null
                    }
                },
                "Set 3":{
                    "I":{
                        "0":"10",
                        "1":"5",
                        "2":"13:20"
                    },
                    "II":{
                        "0":7.0,
                        "1":null,
                        "2":null
                    },
                    "III":{
                        "0":11.0,
                        "1":null,
                        "2":null
                    },
                    "IV":{
                        "0":6.0,
                        "1":null,
                        "2":null
                    },
                    "V":{
                        "0":13.0,
                        "1":null,
                        "2":null
                    },
                    "VI":{
                        "0":1.0,
                        "1":null,
                        "2":null
                    }
                },
                "Set 4":{
                    "I":{
                        "0":10.0,
                        "1":null,
                        "2":null
                    },
                    "II":{
                        "0":7.0,
                        "1":null,
                        "2":null
                    },
                    "III":{
                        "0":11.0,
                        "1":null,
                        "2":null
                    },
                    "IV":{
                        "0":6.0,
                        "1":null,
                        "2":null
                    },
                    "V":{
                        "0":"13",
                        "1":"2",
                        "2":"20:16"
                    },
                    "VI":{
                        "0":1.0,
                        "1":null,
                        "2":null
                    }
                },
                "Set 5":{
                    "I":{
                        "0":"7",
                        "1":"9",
                        "2":"6:9"
                    },
                    "II":{
                        "0":16.0,
                        "1":null,
                        "2":null
                    },
                    "III":{
                        "0":1.0,
                        "1":null,
                        "2":null
                    },
                    "IV":{
                        "0":5.0,
                        "1":null,
                        "2":null
                    },
                    "V":{
                        "0":11.0,
                        "1":null,
                        "2":null
                    },
                    "VI":{
                        "0":8.0,
                        "1":null,
                        "2":null
                    }
                }
            },
            "Substitutions 2":{
                "Set 1":{
                    "I":{
                        "0":8.0,
                        "1":null,
                        "2":null
                    },
                    "II":{
                        "0":7.0,
                        "1":null,
                        "2":null
                    },
                    "III":{
                        "0":16.0,
                        "1":null,
                        "2":null
                    },
                    "IV":{
                        "0":1.0,
                        "1":null,
                        "2":null
                    },
                    "V":{
                        "0":5.0,
                        "1":null,
                        "2":null
                    },
                    "VI":{
                        "0":"2",
                        "1":"11",
                        "2":"12:18"
                    }
                },
                "Set 2":{
                    "I":{
                        "0":16
                    },
                    "II":{
                        "0":1
                    },
                    "III":{
                        "0":5
                    },
                    "IV":{
                        "0":11
                    },
                    "V":{
                        "0":8
                    },
                    "VI":{
                        "0":7
                    }
                },
                "Set 3":{
                    "I":{
                        "0":16
                    },
                    "II":{
                        "0":1
                    },
                    "III":{
                        "0":5
                    },
                    "IV":{
                        "0":11
                    },
                    "V":{
                        "0":8
                    },
                    "VI":{
                        "0":7
                    }
                },
                "Set 4":{
                    "I":{
                        "0":16.0,
                        "1":null,
                        "2":null
                    },
                    "II":{
                        "0":1.0,
                        "1":null,
                        "2":null
                    },
                    "III":{
                        "0":"5",
                        "1":"9",
                        "2":"8:17"
                    },
                    "IV":{
                        "0":"11",
                        "1":"2",
                        "2":"13:20"
                    },
                    "V":{
                        "0":8.0,
                        "1":null,
                        "2":null
                    },
                    "VI":{
                        "0":7.0,
                        "1":null,
                        "2":null
                    }
                },
                "Set 5":{
                    "I":{
                        "0":10
                    },
                    "II":{
                        "0":7
                    },
                    "III":{
                        "0":11
                    },
                    "IV":{
                        "0":6
                    },
                    "V":{
                        "0":13
                    },
                    "VI":{
                        "0":1
                    }
                }
            },
            "Serves 1":{
                "Set 1":{
                    "I":{
                        "0":null,
                        "1":16.0
                    },
                    "II":{
                        "0":"3",
                        "1":17
                    },
                    "III":{
                        "0":"8",
                        "1":18
                    },
                    "IV":{
                        "0":"9",
                        "1":21
                    },
                    "V":{
                        "0":"13",
                        "1":24
                    },
                    "VI":{
                        "0":"15",
                        "1":25
                    }
                },
                "Set 2":{
                    "I":{
                        "0":"0",
                        "1":7,
                        "2":18
                    },
                    "II":{
                        "0":"2",
                        "1":9,
                        "2":19
                    },
                    "III":{
                        "0":"3",
                        "1":10.0,
                        "2":null
                    },
                    "IV":{
                        "0":"4",
                        "1":11.0,
                        "2":null
                    },
                    "V":{
                        "0":"5",
                        "1":13.0,
                        "2":null
                    },
                    "VI":{
                        "0":"6",
                        "1":14.0,
                        "2":null
                    }
                },
                "Set 3":{
                    "I":{
                        "0":null,
                        "1":6.0
                    },
                    "II":{
                        "0":"1",
                        "1":7
                    },
                    "III":{
                        "0":"2",
                        "1":10
                    },
                    "IV":{
                        "0":"3",
                        "1":11
                    },
                    "V":{
                        "0":"4",
                        "1":13
                    },
                    "VI":{
                        "0":"5",
                        "1":14
                    }
                },
                "Set 4":{
                    "I":{
                        "0":"0",
                        "1":17
                    },
                    "II":{
                        "0":"5",
                        "1":19
                    },
                    "III":{
                        "0":"9",
                        "1":20
                    },
                    "IV":{
                        "0":"12",
                        "1":21
                    },
                    "V":{
                        "0":"13",
                        "1":24
                    },
                    "VI":{
                        "0":"16",
                        "1":25
                    }
                },
                "Set 5":{
                    "I":{
                        "0":"0",
                        "1":10
                    },
                    "II":{
                        "0":"1",
                        "1":11
                    },
                    "III":{
                        "0":"3",
                        "1":14
                    },
                    "IV":{
                        "0":"4",
                        "1":15
                    },
                    "V":{
                        "0":"6",
                        "1":null
                    },
                    "VI":{
                        "0":"8",
                        "1":null
                    }
                }
            },
            "Serves 2":{
                "Set 1":{
                    "I":{
                        "0":"2",
                        "1":11
                    },
                    "II":{
                        "0":"4",
                        "1":12
                    },
                    "III":{
                        "0":"5",
                        "1":13
                    },
                    "IV":{
                        "0":"6",
                        "1":14
                    },
                    "V":{
                        "0":"8",
                        "1":16
                    },
                    "VI":{
                        "0":"10",
                        "1":null
                    }
                },
                "Set 2":{
                    "I":{
                        "0":null,
                        "1":11.0,
                        "2":18.0
                    },
                    "II":{
                        "0":"1",
                        "1":13,
                        "2":19
                    },
                    "III":{
                        "0":"2",
                        "1":14,
                        "2":25
                    },
                    "IV":{
                        "0":"5",
                        "1":15.0,
                        "2":null
                    },
                    "V":{
                        "0":"8",
                        "1":16.0,
                        "2":null
                    },
                    "VI":{
                        "0":"9",
                        "1":17.0,
                        "2":null
                    }
                },
                "Set 3":{
                    "I":{
                        "0":"1",
                        "1":14
                    },
                    "II":{
                        "0":"3",
                        "1":15
                    },
                    "III":{
                        "0":"5",
                        "1":17
                    },
                    "IV":{
                        "0":"7",
                        "1":18
                    },
                    "V":{
                        "0":"10",
                        "1":20
                    },
                    "VI":{
                        "0":"11",
                        "1":25
                    }
                },
                "Set 4":{
                    "I":{
                        "0":null,
                        "1":8.0
                    },
                    "II":{
                        "0":"1",
                        "1":12
                    },
                    "III":{
                        "0":"2",
                        "1":13
                    },
                    "IV":{
                        "0":"3",
                        "1":19
                    },
                    "V":{
                        "0":"5",
                        "1":22
                    },
                    "VI":{
                        "0":"7",
                        "1":23
                    }
                },
                "Set 5":{
                    "I":{
                        "0":null,
                        "1":12.0
                    },
                    "II":{
                        "0":"1",
                        "1":13
                    },
                    "III":{
                        "0":"2",
                        "1":14
                    },
                    "IV":{
                        "0":"3",
                        "1":15
                    },
                    "V":{
                        "0":"6",
                        "1":17
                    },
                    "VI":{
                        "0":"10",
                        "1":null
                    }
                }
            },
            "Timeouts 1":{
                "Set 1":{
                    "T":{
                        "0":"24:16"
                    }
                },
                "Set 2":{
                    "T":{
                        "0":"7:13",
                        "1":"19:21"
                    }
                },
                "Set 3":{
                    "T":{
                        "0":"4:10",
                        "1":"6:13"
                    }
                },
                "Set 4":{
                    "T":{
                        "0":"13:7",
                        "1":"20:18"
                    }
                },
                "Set 5":{
                    "T":{
                        "0":"6:10",
                        "1":"8:12"
                    }
                }
            },
            "Timeouts 2":{
                "Set 1":{
                    "T":{
                        "0":"6:12",
                        "1":"13:21"
                    }
                },
                "Set 2":{
                    "T":{
                        "0":"18:17"
                    }
                },
                "Set 3":{
                    "T":{

                    }
                },
                "Set 4":{
                    "T":{
                        "0":"1:5",
                        "1":"12:19"
                    }
                },
                "Set 5":{
                    "T":{
                        "0":"10:8",
                        "1":"14:13"
                    }
                }
            }
        },
        "Teams":{
            "Name":{
                "Team 1":"PAYS D'AIX VENELLES V.B. 2",
                "Team 2":"VOLLEY CLUB HYERES\/PIERREFEU"
            },
            "Players":{
                "Team 1":{
                    "N\u00b0":{
                        "0":1,
                        "1":2,
                        "2":5,
                        "3":6,
                        "4":7,
                        "5":8,
                        "6":10,
                        "7":11,
                        "8":13
                    },
                    "Nom Pr\u00e9nom":{
                        "0":"VILLEDIEU CHIARA",
                        "1":"RAQUIN LOU",
                        "2":"HERNANDEZ VIOLAINE",
                        "3":"BLAZIKOWSKI CYRIELLE",
                        "4":"DORNIC MARTINAYA",
                        "5":"MAGNANI CHLOE",
                        "6":"DROP CLARISSE",
                        "7":"ARMANDO JENIFER",
                        "8":"WOLTER ALICE"
                    },
                    "Licence":{
                        "0":2003754,
                        "1":1900471,
                        "2":2179444,
                        "3":2097475,
                        "4":2128747,
                        "5":1998364,
                        "6":1911532,
                        "7":1997001,
                        "8":1963316
                    }
                },
                "Team 2":{
                    "N\u00b0":{
                        "0":1,
                        "1":2,
                        "2":5,
                        "3":7,
                        "4":8,
                        "5":9,
                        "6":11,
                        "7":12,
                        "8":13,
                        "9":16,
                        "10":18
                    },
                    "Nom Pr\u00e9nom":{
                        "0":"GAUDEL CHLOE",
                        "1":"ROBEAU LUCIE",
                        "2":"ALBERT MAELLE",
                        "3":"COULBAULT LAURE",
                        "4":"GENNIAUX EMILIE",
                        "5":"LECHAT MARIE FRANCE",
                        "6":"CHARLIER KATERINA",
                        "7":"PECHEUR CAMILLE",
                        "8":"LAFITTE NDAKI MBOULET ANNE",
                        "9":"NAPOLI CHIARA",
                        "10":"MICHELON ERICA"
                    },
                    "Licence":{
                        "0":1342199,
                        "1":2209325,
                        "2":2057148,
                        "3":2141732,
                        "4":1691898,
                        "5":1550582,
                        "6":0,
                        "7":1664786,
                        "8":2396113,
                        "9":1954392,
                        "10":2049794
                    }
                }
            },
            "Liberos":{
                "Team 1":{
                    "N\u00b0":{
                        "0":8
                    },
                    "Nom Pr\u00e9nom":{
                        "0":"MAGNANI CHLOE"
                    },
                    "Licence":{
                        "0":1998364
                    }
                },
                "Team 2":{
                    "N\u00b0":{
                        "0":12
                    },
                    "Nom Pr\u00e9nom":{
                        "0":"PECHEUR CAMILLE"
                    },
                    "Licence":{
                        "0":1664786
                    }
                }
            },
            "Officials":{
                "Team 1":{
                    "N\u00b0":{
                        "0":"EA"
                    },
                    "Nom Pr\u00e9nom":{
                        "0":"VERNIER PATRICIA"
                    },
                    "Licence":{
                        "0":959038
                    }
                },
                "Team 2":{
                    "N\u00b0":{
                        "0":"EA"
                    },
                    "Nom Pr\u00e9nom":{
                        "0":"SERVAGEON GUILLAUME"
                    },
                    "Licence":{
                        "0":1634200
                    }
                }
            }
        },
        "Results":{
            "winner":"PAYS D'AIX VENELLES V.",
            "score":"3\/2"
        },
        "Referees":{
            "NOM Pr\u00e9nom":{
                "1er":"MONTAGNESE OLIVIER",
                "2\u00e8me":"GUEVENOUX MICHEL",
                "Marqueur":"CHENAVAS FRANCOISE",
                "Marq.Ass":". LEGRAND DENISE",
                "R.Salle":"VIAL ALAIN"
            },
            "Ligue":{
                "1er":"LIG_PAC",
                "2\u00e8me":"LIG_PAC",
                "Marqueur":"LIG_PAC",
                "Marq.Ass":"LIG_PAC",
                "R.Salle":"LIG_PAC"
            },
            "Licence":{
                "1er":711069,
                "2\u00e8me":980299,
                "Marqueur":2140300,
                "Marq.Ass":550350,
                "R.Salle":2018449
            }
        },
        "Penalties":{

        }
    }
}