{
    "Match":{
        "Title":{
            "div_code":"2FA",
            "div_name":"NATIONALE 2 FEMININE",
            "div_pool":"POULE A",
            "match_number":"2FA075",
            "match_day":"11",
            "city":"LE CANNET",
            "gym":"GYMNASE MAILLAN",
            "category":"SENIOR | FEMININE",
            "ligue":"Comp\u00e9titions Nationales SENIORS",
            "date":"2020-01-12 16:00:00",
            "team_1":"VOLERO LE CANNET COTE D'AZUR 2 CFC",
            "team_2":"VOLLEY PRADETAN GARDEEN"
        },
        "Sets":{
            "Teams":{
                "Set 1":{
                    "Name":{
                        "Team 1":"VOLLEY PRADETAN GARDEE",
                        "Team 2":"VOLERO LE CANNET COTE"
                    },
                    "Starting":{
                        "Team 1":"Reception",
                        "Team 2":"Service"
                    }
                },
                "Set 2":{
                    "Name":{
                        "Team 1":"VOLLEY PRADETAN GARDEE",
                        "Team 2":"VOLERO LE CANNET COTE"
                    },
                    "Starting":{
                        "Team 1":"Service",
                        "Team 2":"Reception"
                    }
                },
                "Set 3":{
                    "Name":{
                        "Team 1":"VOLLEY PRADETAN GARDEE",
                        "Team 2":"VOLERO LE CANNET COTE"
                    },
                    "Starting":{
                        "Team 1":"Reception",
                        "Team 2":"Service"
                    }
                },
                "Set 4":0,
                "Set 5":0
            },
            "Time":{
                "Set 1":{
                    "Time":{
                        "Start":"2020-01-12 15:59:00",
                        "End":"2020-01-12 16:18:00"
                    }
                },
                "Set 2":{
                    "Time":{
                        "Start":"2020-01-12 16:21:00",
                        "End":"2020-01-12 16:47:00"
                    }
                },
                "Set 3":{
                    "Time":{
                        "Start":"2020-01-12 16:50:00",
                        "End":"2020-01-12 17:15:00"
                    }
                },
                "Set 4":0,
                "Set 5":0
            },
            "Substitutions 1":{
                "Set 1":{
                    "I":{
                        "0":16.0,
                        "1":null,
                        "2":null
                    },
                    "II":{
                        "0":4.0,
                        "1":null,
                        "2":null
                    },
                    "III":{
                        "0":"11",
                        "1":"3",
                        "2":"7:14"
                    },
                    "IV":{
                        "0":12.0,
                        "1":null,
                        "2":null
                    },
                    "V":{
                        "0":5.0,
                        "1":null,
                        "2":null
                    },
                    "VI":{
                        "0":10.0,
                        "1":null,
                        "2":null
                    }
                },
                "Set 2":{
                    "I":{
                        "0":"2",
                        "1":"16",
                        "2":"12:19",
                        "3":"21:24"
                    },
                    "II":{
                        "0":4.0,
                        "1":null,
                        "2":null,
                        "3":null
                    },
                    "III":{
                        "0":"11",
                        "1":"3",
                        "2":"11:17",
                        "3":null
                    },
                    "IV":{
                        "0":12.0,
                        "1":null,
                        "2":null,
                        "3":null
                    },
                    "V":{
                        "0":"5",
                        "1":"6",
                        "2":"11:17",
                        "3":null
                    },
                    "VI":{
                        "0":10.0,
                        "1":null,
                        "2":null,
                        "3":null
                    }
                },
                "Set 3":{
                    "I":{
                        "0":16.0,
                        "1":null,
                        "2":null
                    },
                    "II":{
                        "0":"4",
                        "1":"5",
                        "2":"9:12"
                    },
                    "III":{
                        "0":"3",
                        "1":"11",
                        "2":"13:20"
                    },
                    "IV":{
                        "0":12.0,
                        "1":null,
                        "2":null
                    },
                    "V":{
                        "0":6.0,
                        "1":null,
                        "2":null
                    },
                    "VI":{
                        "0":10.0,
                        "1":null,
                        "2":null
                    }
                },
                "Set 4":0,
                "Set 5":0
            },
            "Substitutions 2":{
                "Set 1":{
                    "I":{
                        "0":3.0,
                        "1":null,
                        "2":null
                    },
                    "II":{
                        "0":15.0,
                        "1":null,
                        "2":null
                    },
                    "III":{
                        "0":"2",
                        "1":"6",
                        "2":"21:10"
                    },
                    "IV":{
                        "0":1.0,
                        "1":null,
                        "2":null
                    },
                    "V":{
                        "0":12.0,
                        "1":null,
                        "2":null
                    },
                    "VI":{
                        "0":"11",
                        "1":"7",
                        "2":"21:10"
                    }
                },
                "Set 2":{
                    "I":{
                        "0":11.0,
                        "1":null,
                        "2":null
                    },
                    "II":{
                        "0":"3",
                        "1":"7",
                        "2":"20:15"
                    },
                    "III":{
                        "0":15.0,
                        "1":null,
                        "2":null
                    },
                    "IV":{
                        "0":2.0,
                        "1":null,
                        "2":null
                    },
                    "V":{
                        "0":1.0,
                        "1":null,
                        "2":null
                    },
                    "VI":{
                        "0":12.0,
                        "1":null,
                        "2":null
                    }
                },
                "Set 3":{
                    "I":{
                        "0":3.0,
                        "1":null,
                        "2":null
                    },
                    "II":{
                        "0":15.0,
                        "1":null,
                        "2":null
                    },
                    "III":{
                        "0":"2",
                        "1":"6",
                        "2":"17:11"
                    },
                    "IV":{
                        "0":1.0,
                        "1":null,
                        "2":null
                    },
                    "V":{
                        "0":12.0,
                        "1":null,
                        "2":null
                    },
                    "VI":{
                        "0":7.0,
                        "1":null,
                        "2":null
                    }
                },
                "Set 4":0,
                "Set 5":0
            },
            "Serves 1":{
                "Set 1":{
                    "I":{
                        "0":null,
                        "1":7.0
                    },
                    "II":{
                        "0":"1",
                        "1":8
                    },
                    "III":{
                        "0":"3",
                        "1":9
                    },
                    "IV":{
                        "0":"4",
                        "1":10
                    },
                    "V":{
                        "0":"5",
                        "1":11
                    },
                    "VI":{
                        "0":"6",
                        "1":null
                    }
                },
                "Set 2":{
                    "I":{
                        "0":"0",
                        "1":10
                    },
                    "II":{
                        "0":"1",
                        "1":11
                    },
                    "III":{
                        "0":"3",
                        "1":12
                    },
                    "IV":{
                        "0":"7",
                        "1":15
                    },
                    "V":{
                        "0":"8",
                        "1":20
                    },
                    "VI":{
                        "0":"9",
                        "1":21
                    }
                },
                "Set 3":{
                    "I":{
                        "0":null,
                        "1":11.0
                    },
                    "II":{
                        "0":"1",
                        "1":12
                    },
                    "III":{
                        "0":"6",
                        "1":13
                    },
                    "IV":{
                        "0":"7",
                        "1":null
                    },
                    "V":{
                        "0":"9",
                        "1":null
                    },
                    "VI":{
                        "0":"10",
                        "1":null
                    }
                },
                "Set 4":0,
                "Set 5":0
            },
            "Serves 2":{
                "Set 1":{
                    "I":{
                        "0":"3",
                        "1":14
                    },
                    "II":{
                        "0":"4",
                        "1":16
                    },
                    "III":{
                        "0":"8",
                        "1":21
                    },
                    "IV":{
                        "0":"10",
                        "1":23
                    },
                    "V":{
                        "0":"11",
                        "1":25
                    },
                    "VI":{
                        "0":"12",
                        "1":null
                    }
                },
                "Set 2":{
                    "I":{
                        "0":null,
                        "1":13.0,
                        "2":25.0
                    },
                    "II":{
                        "0":"2",
                        "1":14.0,
                        "2":null
                    },
                    "III":{
                        "0":"3",
                        "1":17.0,
                        "2":null
                    },
                    "IV":{
                        "0":"4",
                        "1":19.0,
                        "2":null
                    },
                    "V":{
                        "0":"7",
                        "1":20.0,
                        "2":null
                    },
                    "VI":{
                        "0":"11",
                        "1":21.0,
                        "2":null
                    }
                },
                "Set 3":{
                    "I":{
                        "0":"0",
                        "1":18
                    },
                    "II":{
                        "0":"4",
                        "1":19
                    },
                    "III":{
                        "0":"5",
                        "1":25
                    },
                    "IV":{
                        "0":"12",
                        "1":null
                    },
                    "V":{
                        "0":"13",
                        "1":null
                    },
                    "VI":{
                        "0":"14",
                        "1":null
                    }
                },
                "Set 4":0,
                "Set 5":0
            },
            "Timeouts 1":{
                "Set 1":{
                    "T":{
                        "0":"9:20"
                    }
                },
                "Set 2":{
                    "T":{
                        "0":"8:11",
                        "1":"21:23"
                    }
                },
                "Set 3":{
                    "T":{
                        "0":"7:12"
                    }
                },
                "Set 4":0,
                "Set 5":0
            },
            "Timeouts 2":{
                "Set 1":{
                    "T":{

                    }
                },
                "Set 2":{
                    "T":{
                        "0":"19:15"
                    }
                },
                "Set 3":{
                    "T":{

                    }
                },
                "Set 4":0,
                "Set 5":0
            }
        },
        "Teams":{
            "Name":{
                "Team 1":"VOLLEY PRADETAN GARDEEN",
                "Team 2":"VOLERO LE CANNET COTE D'AZUR 2"
            },
            "Players":{
                "Team 1":{
                    "N\u00b0":{
                        "0":2,
                        "1":3,
                        "2":4,
                        "3":5,
                        "4":6,
                        "5":8,
                        "6":10,
                        "7":11,
                        "8":12,
                        "9":13,
                        "10":16
                    },
                    "Nom Pr\u00e9nom":{
                        "0":"HERVE SOPHIE",
                        "1":"THIEME LILOU",
                        "2":"LAGARDE ELODIE",
                        "3":"CHARVIN BLANDINE",
                        "4":"OMARY FARIDA",
                        "5":"MAURICE ANGELIQUE",
                        "6":"GAULARD KATELEEN",
                        "7":"PIERI AMBRE-ALIZEE",
                        "8":"TAVAEARII MAINANUI",
                        "9":"REBOUCHE EMMANUELLE",
                        "10":"VEZZUTI ANNABELLE"
                    },
                    "Licence":{
                        "0":1428816,
                        "1":1991371,
                        "2":1733360,
                        "3":1838060,
                        "4":2090686,
                        "5":1835484,
                        "6":1966078,
                        "7":1672297,
                        "8":2317488,
                        "9":1762591,
                        "10":1802259
                    }
                },
                "Team 2":{
                    "N\u00b0":{
                        "0":1,
                        "1":2,
                        "2":3,
                        "3":5,
                        "4":6,
                        "5":7,
                        "6":9,
                        "7":10,
                        "8":11,
                        "9":12,
                        "10":15
                    },
                    "Nom Pr\u00e9nom":{
                        "0":"AGBOLOSSOU JOYCE",
                        "1":"PSILA KARINE",
                        "2":"SEBAN DELPHINE",
                        "3":"LABORDE LILI",
                        "4":"FALCON SOLENE",
                        "5":"ZEGGAGH LALIE",
                        "6":"HERRERA BLANCO LISET",
                        "7":"BECHEC LILOUANN",
                        "8":"BRUN OLIVIA",
                        "9":"MASSON VIRGINIE",
                        "10":"CHMIEL KATARZYNA"
                    },
                    "Licence":{
                        "0":1862359,
                        "1":1405709,
                        "2":1654258,
                        "3":1854293,
                        "4":1886733,
                        "5":2027472,
                        "6":2352454,
                        "7":1892017,
                        "8":2091867,
                        "9":1405725,
                        "10":2389975
                    }
                }
            },
            "Liberos":{
                "Team 1":{
                    "N\u00b0":{
                        "0":8,
                        "1":13
                    },
                    "Nom Pr\u00e9nom":{
                        "0":"MAURICE ANGELIQUE",
                        "1":"REBOUCHE EMMANUELLE"
                    },
                    "Licence":{
                        "0":1835484,
                        "1":1762591
                    }
                },
                "Team 2":{
                    "N\u00b0":{
                        "0":5,
                        "1":10
                    },
                    "Nom Pr\u00e9nom":{
                        "0":"LABORDE LILI",
                        "1":"BECHEC LILOUANN"
                    },
                    "Licence":{
                        "0":1854293,
                        "1":1892017
                    }
                }
            },
            "Officials":{
                "Team 1":{
                    "N\u00b0":{
                        "0":"EA"
                    },
                    "Nom Pr\u00e9nom":{
                        "0":"MATTEI NICOLAS"
                    },
                    "Licence":{
                        "0":969514
                    }
                },
                "Team 2":{
                    "N\u00b0":{
                        "0":"EA"
                    },
                    "Nom Pr\u00e9nom":{
                        "0":"MINKOVA RAYNA"
                    },
                    "Licence":{
                        "0":1118980
                    }
                }
            }
        },
        "Results":{
            "winner":"VOLERO LE CANNET COTE",
            "score":"3\/0"
        },
        "Referees":{
            "NOM Pr\u00e9nom":{
                "1er":"RANCHAL LILIAN",
                "2\u00e8me":"TOURNAIRE GUY",
                "Marqueur":"FARRUGIA MICHELLE",
                "Marq.Ass":".",
                "R.Salle":"BRUN CHRISTOPHE"
            },
            "Ligue":{
                "1er":"LIG_PAC",
                "2\u00e8me":"LIG_PAC",
                "Marqueur":"LIG_PAC",
                "Marq.Ass":null,
                "R.Salle":null
            },
            "Licence":{
                "1er":1869302.0,
                "2\u00e8me":964814.0,
                "Marqueur":1890736.0,
                "Marq.Ass":null,
                "R.Salle":2361942.0
            }
        },
        "Penalties":{

        }
    }
}