{
    "Match":{
        "Title":{
            "div_code":"2FA",
            "div_name":"NATIONALE 2 FEMININE",
            "div_pool":"POULE A",
            "match_number":"2FA022",
            "match_day":"04",
            "city":"LE CANNET",
            "gym":"GYMNASE MAILLAN",
            "category":"SENIOR | FEMININE",
            "ligue":"Comp\u00e9titions Nationales SENIORS",
            "date":"2019-10-27 14:00:00",
            "team_1":"VOLERO LE CANNET COTE D'AZUR 2 CFC",
            "team_2":"ASS SPORTIVE DE MONACO"
        },
        "Sets":{
            "Teams":{
                "Set 1":{
                    "Name":{
                        "Team 1":"ASS SPORTIVE DE MONACO",
                        "Team 2":"VOLERO LE CANNET COTE"
                    },
                    "Starting":{
                        "Team 1":"Reception",
                        "Team 2":"Service"
                    }
                },
                "Set 2":{
                    "Name":{
                        "Team 1":"ASS SPORTIVE DE MONACO",
                        "Team 2":"VOLERO LE CANNET COTE"
                    },
                    "Starting":{
                        "Team 1":"Service",
                        "Team 2":"Reception"
                    }
                },
                "Set 3":{
                    "Name":{
                        "Team 1":"ASS SPORTIVE DE MONACO",
                        "Team 2":"VOLERO LE CANNET COTE"
                    },
                    "Starting":{
                        "Team 1":"Reception",
                        "Team 2":"Service"
                    }
                },
                "Set 4":0,
                "Set 5":0
            },
            "Time":{
                "Set 1":{
                    "Time":{
                        "Start":"2019-10-27 14:00:00",
                        "End":"2019-10-27 14:32:00"
                    }
                },
                "Set 2":{
                    "Time":{
                        "Start":"2019-10-27 14:35:00",
                        "End":"2019-10-27 15:04:00"
                    }
                },
                "Set 3":{
                    "Time":{
                        "Start":"2019-10-27 15:08:00",
                        "End":"2019-10-27 15:36:00"
                    }
                },
                "Set 4":0,
                "Set 5":0
            },
            "Substitutions 1":{
                "Set 1":{
                    "I":{
                        "0":7.0,
                        "1":null,
                        "2":null
                    },
                    "II":{
                        "0":6.0,
                        "1":null,
                        "2":null
                    },
                    "III":{
                        "0":4.0,
                        "1":null,
                        "2":null
                    },
                    "IV":{
                        "0":"8",
                        "1":"9",
                        "2":"22:22"
                    },
                    "V":{
                        "0":10.0,
                        "1":null,
                        "2":null
                    },
                    "VI":{
                        "0":5.0,
                        "1":null,
                        "2":null
                    }
                },
                "Set 2":{
                    "I":{
                        "0":6.0,
                        "1":null,
                        "2":null
                    },
                    "II":{
                        "0":4.0,
                        "1":null,
                        "2":null
                    },
                    "III":{
                        "0":"8",
                        "1":"9",
                        "2":"18:19"
                    },
                    "IV":{
                        "0":10.0,
                        "1":null,
                        "2":null
                    },
                    "V":{
                        "0":5.0,
                        "1":null,
                        "2":null
                    },
                    "VI":{
                        "0":7.0,
                        "1":null,
                        "2":null
                    }
                },
                "Set 3":{
                    "I":{
                        "0":7
                    },
                    "II":{
                        "0":6
                    },
                    "III":{
                        "0":4
                    },
                    "IV":{
                        "0":9
                    },
                    "V":{
                        "0":10
                    },
                    "VI":{
                        "0":5
                    }
                },
                "Set 4":0,
                "Set 5":0
            },
            "Substitutions 2":{
                "Set 1":{
                    "I":{
                        "0":3.0,
                        "1":null,
                        "2":null,
                        "3":null
                    },
                    "II":{
                        "0":15.0,
                        "1":null,
                        "2":null,
                        "3":null
                    },
                    "III":{
                        "0":2.0,
                        "1":null,
                        "2":null,
                        "3":null
                    },
                    "IV":{
                        "0":1.0,
                        "1":null,
                        "2":null,
                        "3":null
                    },
                    "V":{
                        "0":"12",
                        "1":"8",
                        "2":"13:19",
                        "3":"24:24"
                    },
                    "VI":{
                        "0":"11",
                        "1":"4",
                        "2":"11:18",
                        "3":null
                    }
                },
                "Set 2":{
                    "I":{
                        "0":4.0,
                        "1":null,
                        "2":null,
                        "3":null
                    },
                    "II":{
                        "0":3.0,
                        "1":null,
                        "2":null,
                        "3":null
                    },
                    "III":{
                        "0":"15",
                        "1":"6",
                        "2":"23:22",
                        "3":null
                    },
                    "IV":{
                        "0":2.0,
                        "1":null,
                        "2":null,
                        "3":null
                    },
                    "V":{
                        "0":1.0,
                        "1":null,
                        "2":null,
                        "3":null
                    },
                    "VI":{
                        "0":"12",
                        "1":"8",
                        "2":"19:17",
                        "3":"23:23"
                    }
                },
                "Set 3":{
                    "I":{
                        "0":3.0,
                        "1":null,
                        "2":null
                    },
                    "II":{
                        "0":15.0,
                        "1":null,
                        "2":null
                    },
                    "III":{
                        "0":2.0,
                        "1":null,
                        "2":null
                    },
                    "IV":{
                        "0":1.0,
                        "1":null,
                        "2":null
                    },
                    "V":{
                        "0":"12",
                        "1":"8",
                        "2":"15:22"
                    },
                    "VI":{
                        "0":4.0,
                        "1":null,
                        "2":null
                    }
                },
                "Set 4":0,
                "Set 5":0
            },
            "Serves 1":{
                "Set 1":{
                    "I":{
                        "0":null,
                        "1":14.0,
                        "2":22.0
                    },
                    "II":{
                        "0":"2",
                        "1":15,
                        "2":23
                    },
                    "III":{
                        "0":"4",
                        "1":16,
                        "2":25
                    },
                    "IV":{
                        "0":"5",
                        "1":18,
                        "2":27
                    },
                    "V":{
                        "0":"8",
                        "1":19.0,
                        "2":null
                    },
                    "VI":{
                        "0":"9",
                        "1":21.0,
                        "2":null
                    }
                },
                "Set 2":{
                    "I":{
                        "0":"2",
                        "1":11,
                        "2":21
                    },
                    "II":{
                        "0":"3",
                        "1":12,
                        "2":22
                    },
                    "III":{
                        "0":"4",
                        "1":13,
                        "2":25
                    },
                    "IV":{
                        "0":"8",
                        "1":16.0,
                        "2":null
                    },
                    "V":{
                        "0":"9",
                        "1":17.0,
                        "2":null
                    },
                    "VI":{
                        "0":"10",
                        "1":18.0,
                        "2":null
                    }
                },
                "Set 3":{
                    "I":{
                        "0":null,
                        "1":15.0,
                        "2":24.0
                    },
                    "II":{
                        "0":"3",
                        "1":16,
                        "2":25
                    },
                    "III":{
                        "0":"8",
                        "1":18.0,
                        "2":null
                    },
                    "IV":{
                        "0":"11",
                        "1":21.0,
                        "2":null
                    },
                    "V":{
                        "0":"12",
                        "1":22.0,
                        "2":null
                    },
                    "VI":{
                        "0":"14",
                        "1":23.0,
                        "2":null
                    }
                },
                "Set 4":0,
                "Set 5":0
            },
            "Serves 2":{
                "Set 1":{
                    "I":{
                        "0":"0",
                        "1":8,
                        "2":23
                    },
                    "II":{
                        "0":"2",
                        "1":9,
                        "2":24
                    },
                    "III":{
                        "0":"3",
                        "1":11,
                        "2":25
                    },
                    "IV":{
                        "0":"5",
                        "1":12.0,
                        "2":null
                    },
                    "V":{
                        "0":"6",
                        "1":15.0,
                        "2":null
                    },
                    "VI":{
                        "0":"7",
                        "1":16.0,
                        "2":null
                    }
                },
                "Set 2":{
                    "I":{
                        "0":null,
                        "1":12.0,
                        "2":20.0
                    },
                    "II":{
                        "0":"3",
                        "1":13,
                        "2":22
                    },
                    "III":{
                        "0":"7",
                        "1":14,
                        "2":23
                    },
                    "IV":{
                        "0":"8",
                        "1":16.0,
                        "2":null
                    },
                    "V":{
                        "0":"9",
                        "1":18.0,
                        "2":null
                    },
                    "VI":{
                        "0":"11",
                        "1":19.0,
                        "2":null
                    }
                },
                "Set 3":{
                    "I":{
                        "0":"2",
                        "1":9,
                        "2":19
                    },
                    "II":{
                        "0":"3",
                        "1":10.0,
                        "2":null
                    },
                    "III":{
                        "0":"4",
                        "1":11.0,
                        "2":null
                    },
                    "IV":{
                        "0":"6",
                        "1":14.0,
                        "2":null
                    },
                    "V":{
                        "0":"7",
                        "1":17.0,
                        "2":null
                    },
                    "VI":{
                        "0":"8",
                        "1":18.0,
                        "2":null
                    }
                },
                "Set 4":0,
                "Set 5":0
            },
            "Timeouts 1":{
                "Set 1":{
                    "T":{
                        "0":"19:15",
                        "1":"22:19"
                    }
                },
                "Set 2":{
                    "T":{
                        "0":"3:6"
                    }
                },
                "Set 3":{
                    "T":{
                        "0":"22:17"
                    }
                },
                "Set 4":0,
                "Set 5":0
            },
            "Timeouts 2":{
                "Set 1":{
                    "T":{
                        "0":"7:12",
                        "1":"15:21"
                    }
                },
                "Set 2":{
                    "T":{
                        "0":"8:8",
                        "1":"20:20"
                    }
                },
                "Set 3":{
                    "T":{
                        "0":"4:10",
                        "1":"11:21"
                    }
                },
                "Set 4":0,
                "Set 5":0
            }
        },
        "Teams":{
            "Name":{
                "Team 1":"ASS SPORTIVE DE MONACO",
                "Team 2":"VOLERO LE CANNET COTE D'AZUR 2"
            },
            "Players":{
                "Team 1":{
                    "N\u00b0":{
                        "0":1,
                        "1":2,
                        "2":4,
                        "3":5,
                        "4":6,
                        "5":7,
                        "6":8,
                        "7":9,
                        "8":10,
                        "9":13,
                        "10":14,
                        "11":17
                    },
                    "Nom Pr\u00e9nom":{
                        "0":"REBUFFEL MANON",
                        "1":"GUADDACHE WIEME",
                        "2":"BAUSSET FRANCE",
                        "3":"BACHERY HAYAT",
                        "4":"CHAMEAUX LENA",
                        "5":"DA MOURA LEAL CELIA",
                        "6":"REVEL CHION CAROLINE",
                        "7":"HARAGOVA VENDULA",
                        "8":"GIORDANO MATHILDE",
                        "9":"OVANESIAN ANAHID",
                        "10":"HAMZAOUI EVA",
                        "11":"CARVALHO PEIXE IVANA"
                    },
                    "Licence":{
                        "0":1777045,
                        "1":1823437,
                        "2":1556677,
                        "3":1345937,
                        "4":1778916,
                        "5":1611693,
                        "6":1463563,
                        "7":1879131,
                        "8":1077178,
                        "9":2238317,
                        "10":1338367,
                        "11":2050271
                    }
                },
                "Team 2":{
                    "N\u00b0":{
                        "0":1,
                        "1":2,
                        "2":3,
                        "3":4,
                        "4":5,
                        "5":6,
                        "6":7,
                        "7":8,
                        "8":11,
                        "9":12,
                        "10":15
                    },
                    "Nom Pr\u00e9nom":{
                        "0":"AGBOLOSSOU JOYCE",
                        "1":"PSILA KARINE",
                        "2":"SEBAN DELPHINE",
                        "3":"SHALK MAEVA",
                        "4":"LABORDE LILI",
                        "5":"FALCON SOLENE",
                        "6":"ZEGGAGH LALIE",
                        "7":"MARRACHE JULIETTE",
                        "8":"BRUN OLIVIA",
                        "9":"MASSON VIRGINIE",
                        "10":"CHIMEL KATARZYNA"
                    },
                    "Licence":{
                        "0":1862359,
                        "1":1405709,
                        "2":1654258,
                        "3":2003384,
                        "4":1854293,
                        "5":1886733,
                        "6":2027472,
                        "7":2022851,
                        "8":2091867,
                        "9":1405725,
                        "10":2389975
                    }
                }
            },
            "Liberos":{
                "Team 1":{
                    "N\u00b0":{
                        "0":1
                    },
                    "Nom Pr\u00e9nom":{
                        "0":"REBUFFEL MANON"
                    },
                    "Licence":{
                        "0":1777045
                    }
                },
                "Team 2":{
                    "N\u00b0":{
                        "0":5
                    },
                    "Nom Pr\u00e9nom":{
                        "0":"LABORDE LILI"
                    },
                    "Licence":{
                        "0":1854293
                    }
                }
            },
            "Officials":{
                "Team 1":{
                    "N\u00b0":{
                        "0":"EA",
                        "1":"EB"
                    },
                    "Nom Pr\u00e9nom":{
                        "0":"HAMZAOUI EVA",
                        "1":"CHAMY MICHA\u00ebL"
                    },
                    "Licence":{
                        "0":1338367,
                        "1":1834840
                    }
                },
                "Team 2":{
                    "N\u00b0":{
                        "0":"EA"
                    },
                    "Nom Pr\u00e9nom":{
                        "0":"MINKOVA RAYNA"
                    },
                    "Licence":{
                        "0":1118980
                    }
                }
            }
        },
        "Results":{
            "winner":"ASS SPORTIVE DE MONACO",
            "score":"3\/0"
        },
        "Referees":{
            "NOM Pr\u00e9nom":{
                "1er":"BRIERE LOIC",
                "2\u00e8me":"HANOTEL PHILIPPE",
                "Marqueur":"SODDU ALYSON",
                "Marq.Ass":".",
                "nan":null
            },
            "Ligue":{
                "1er":"LIG_PAC",
                "2\u00e8me":"LIG_PAC",
                "Marqueur":"LIG_PAC",
                "Marq.Ass":null,
                "nan":"Juges"
            },
            "Licence":{
                "1er":1844303.0,
                "2\u00e8me":436253.0,
                "Marqueur":1859432.0,
                "Marq.Ass":null,
                "nan":null
            }
        },
        "Penalties":{

        }
    }
}