{
    "Match":{
        "Title":{
            "div_code":"2FA",
            "div_name":"NATIONALE 2 FEMININE",
            "div_pool":"POULE A",
            "match_number":"2FA025",
            "match_day":"04",
            "city":"CAGNES SUR MER",
            "gym":"JULES VERNE",
            "category":"SENIOR | FEMININE",
            "ligue":"Comp\u00e9titions Nationales SENIORS",
            "date":"2019-10-26 18:00:00",
            "team_1":"US CAGNES VOLLEY-BALL",
            "team_2":"AS.SP. V.B MAUGUIO"
        },
        "Sets":{
            "Teams":{
                "Set 1":{
                    "Name":{
                        "Team 1":"US CAGNES VOLLEY-BALL",
                        "Team 2":"AS.SP. V.B MAUGUIO"
                    },
                    "Starting":{
                        "Team 1":"Service",
                        "Team 2":"Reception"
                    }
                },
                "Set 2":{
                    "Name":{
                        "Team 1":"US CAGNES VOLLEY-BALL",
                        "Team 2":"AS.SP. V.B MAUGUIO"
                    },
                    "Starting":{
                        "Team 1":"Reception",
                        "Team 2":"Service"
                    }
                },
                "Set 3":{
                    "Name":{
                        "Team 1":"US CAGNES VOLLEY-BALL",
                        "Team 2":"AS.SP. V.B MAUGUIO"
                    },
                    "Starting":{
                        "Team 1":"Service",
                        "Team 2":"Reception"
                    }
                },
                "Set 4":{
                    "Name":{
                        "Team 1":"US CAGNES VOLLEY-BALL",
                        "Team 2":"AS.SP. V.B MAUGUIO"
                    },
                    "Starting":{
                        "Team 1":"Reception",
                        "Team 2":"Service"
                    }
                },
                "Set 5":0
            },
            "Time":{
                "Set 1":{
                    "Time":{
                        "Start":"2019-10-26 17:59:00",
                        "End":"2019-10-26 18:26:00"
                    }
                },
                "Set 2":{
                    "Time":{
                        "Start":"2019-10-26 18:29:00",
                        "End":"2019-10-26 18:53:00"
                    }
                },
                "Set 3":{
                    "Time":{
                        "Start":"2019-10-26 18:56:00",
                        "End":"2019-10-26 19:23:00"
                    }
                },
                "Set 4":{
                    "Time":{
                        "Start":"2019-10-26 19:27:00",
                        "End":"2019-10-26 19:48:00"
                    }
                },
                "Set 5":0
            },
            "Substitutions 1":{
                "Set 1":{
                    "I":{
                        "0":9.0,
                        "1":null,
                        "2":null,
                        "3":null
                    },
                    "II":{
                        "0":13.0,
                        "1":null,
                        "2":null,
                        "3":null
                    },
                    "III":{
                        "0":10.0,
                        "1":null,
                        "2":null,
                        "3":null
                    },
                    "IV":{
                        "0":3.0,
                        "1":null,
                        "2":null,
                        "3":null
                    },
                    "V":{
                        "0":"17",
                        "1":"1",
                        "2":"18:18",
                        "3":"21:20"
                    },
                    "VI":{
                        "0":7.0,
                        "1":null,
                        "2":null,
                        "3":null
                    }
                },
                "Set 2":{
                    "I":{
                        "0":"7",
                        "1":"4",
                        "2":"4:11"
                    },
                    "II":{
                        "0":"9",
                        "1":"8",
                        "2":"4:17"
                    },
                    "III":{
                        "0":13.0,
                        "1":null,
                        "2":null
                    },
                    "IV":{
                        "0":10.0,
                        "1":null,
                        "2":null
                    },
                    "V":{
                        "0":3.0,
                        "1":null,
                        "2":null
                    },
                    "VI":{
                        "0":"17",
                        "1":"1",
                        "2":"4:15"
                    }
                },
                "Set 3":{
                    "I":{
                        "0":8.0,
                        "1":null,
                        "2":null,
                        "3":null
                    },
                    "II":{
                        "0":13.0,
                        "1":null,
                        "2":null,
                        "3":null
                    },
                    "III":{
                        "0":10.0,
                        "1":null,
                        "2":null,
                        "3":null
                    },
                    "IV":{
                        "0":3.0,
                        "1":null,
                        "2":null,
                        "3":null
                    },
                    "V":{
                        "0":"17",
                        "1":"1",
                        "2":"19:17",
                        "3":"24:20"
                    },
                    "VI":{
                        "0":4.0,
                        "1":null,
                        "2":null,
                        "3":null
                    }
                },
                "Set 4":{
                    "I":{
                        "0":"8",
                        "1":"9",
                        "2":"10:17"
                    },
                    "II":{
                        "0":13.0,
                        "1":null,
                        "2":null
                    },
                    "III":{
                        "0":10.0,
                        "1":null,
                        "2":null
                    },
                    "IV":{
                        "0":3.0,
                        "1":null,
                        "2":null
                    },
                    "V":{
                        "0":"17",
                        "1":"1",
                        "2":"11:23"
                    },
                    "VI":{
                        "0":4.0,
                        "1":null,
                        "2":null
                    }
                },
                "Set 5":0
            },
            "Substitutions 2":{
                "Set 1":{
                    "I":{
                        "0":20
                    },
                    "II":{
                        "0":12
                    },
                    "III":{
                        "0":17
                    },
                    "IV":{
                        "0":6
                    },
                    "V":{
                        "0":10
                    },
                    "VI":{
                        "0":4
                    }
                },
                "Set 2":{
                    "I":{
                        "0":12.0,
                        "1":null,
                        "2":null
                    },
                    "II":{
                        "0":17.0,
                        "1":null,
                        "2":null
                    },
                    "III":{
                        "0":6.0,
                        "1":null,
                        "2":null
                    },
                    "IV":{
                        "0":10.0,
                        "1":null,
                        "2":null
                    },
                    "V":{
                        "0":"4",
                        "1":"5",
                        "2":"17:4"
                    },
                    "VI":{
                        "0":20.0,
                        "1":null,
                        "2":null
                    }
                },
                "Set 3":{
                    "I":{
                        "0":20.0,
                        "1":null,
                        "2":null
                    },
                    "II":{
                        "0":12.0,
                        "1":null,
                        "2":null
                    },
                    "III":{
                        "0":17.0,
                        "1":null,
                        "2":null
                    },
                    "IV":{
                        "0":6.0,
                        "1":null,
                        "2":null
                    },
                    "V":{
                        "0":10.0,
                        "1":null,
                        "2":null
                    },
                    "VI":{
                        "0":"5",
                        "1":"4",
                        "2":"16:18"
                    }
                },
                "Set 4":{
                    "I":{
                        "0":12
                    },
                    "II":{
                        "0":17
                    },
                    "III":{
                        "0":6
                    },
                    "IV":{
                        "0":10
                    },
                    "V":{
                        "0":4
                    },
                    "VI":{
                        "0":20
                    }
                },
                "Set 5":0
            },
            "Serves 1":{
                "Set 1":{
                    "I":{
                        "0":"0",
                        "1":11,
                        "2":20
                    },
                    "II":{
                        "0":"6",
                        "1":12,
                        "2":21
                    },
                    "III":{
                        "0":"7",
                        "1":15,
                        "2":22
                    },
                    "IV":{
                        "0":"8",
                        "1":16,
                        "2":23
                    },
                    "V":{
                        "0":"9",
                        "1":18.0,
                        "2":null
                    },
                    "VI":{
                        "0":"10",
                        "1":19.0,
                        "2":null
                    }
                },
                "Set 2":{
                    "I":{
                        "0":null,
                        "1":10.0
                    },
                    "II":{
                        "0":"1",
                        "1":11
                    },
                    "III":{
                        "0":"2",
                        "1":12
                    },
                    "IV":{
                        "0":"3",
                        "1":14
                    },
                    "V":{
                        "0":"4",
                        "1":null
                    },
                    "VI":{
                        "0":"7",
                        "1":null
                    }
                },
                "Set 3":{
                    "I":{
                        "0":"0",
                        "1":11,
                        "2":23
                    },
                    "II":{
                        "0":"2",
                        "1":13,
                        "2":25
                    },
                    "III":{
                        "0":"5",
                        "1":14.0,
                        "2":null
                    },
                    "IV":{
                        "0":"6",
                        "1":16.0,
                        "2":null
                    },
                    "V":{
                        "0":"7",
                        "1":19.0,
                        "2":null
                    },
                    "VI":{
                        "0":"9",
                        "1":22.0,
                        "2":null
                    }
                },
                "Set 4":{
                    "I":{
                        "0":null,
                        "1":9.0
                    },
                    "II":{
                        "0":"1",
                        "1":10
                    },
                    "III":{
                        "0":"2",
                        "1":11
                    },
                    "IV":{
                        "0":"3",
                        "1":12
                    },
                    "V":{
                        "0":"4",
                        "1":null
                    },
                    "VI":{
                        "0":"8",
                        "1":null
                    }
                },
                "Set 5":0
            },
            "Serves 2":{
                "Set 1":{
                    "I":{
                        "0":null,
                        "1":13.0,
                        "2":19.0
                    },
                    "II":{
                        "0":"3",
                        "1":14,
                        "2":20
                    },
                    "III":{
                        "0":"5",
                        "1":15,
                        "2":21
                    },
                    "IV":{
                        "0":"8",
                        "1":16,
                        "2":22
                    },
                    "V":{
                        "0":"9",
                        "1":17,
                        "2":25
                    },
                    "VI":{
                        "0":"11",
                        "1":18.0,
                        "2":null
                    }
                },
                "Set 2":{
                    "I":{
                        "0":"3",
                        "1":19
                    },
                    "II":{
                        "0":"4",
                        "1":21
                    },
                    "III":{
                        "0":"6",
                        "1":22
                    },
                    "IV":{
                        "0":"8",
                        "1":25
                    },
                    "V":{
                        "0":"17",
                        "1":null
                    },
                    "VI":{
                        "0":"18",
                        "1":null
                    }
                },
                "Set 3":{
                    "I":{
                        "0":null,
                        "1":12.0,
                        "2":19.0
                    },
                    "II":{
                        "0":"2",
                        "1":13,
                        "2":20
                    },
                    "III":{
                        "0":"3",
                        "1":14.0,
                        "2":null
                    },
                    "IV":{
                        "0":"4",
                        "1":15.0,
                        "2":null
                    },
                    "V":{
                        "0":"7",
                        "1":16.0,
                        "2":null
                    },
                    "VI":{
                        "0":"9",
                        "1":18.0,
                        "2":null
                    }
                },
                "Set 4":{
                    "I":{
                        "0":"0",
                        "1":14
                    },
                    "II":{
                        "0":"4",
                        "1":20
                    },
                    "III":{
                        "0":"5",
                        "1":23
                    },
                    "IV":{
                        "0":"6",
                        "1":25
                    },
                    "V":{
                        "0":"8",
                        "1":null
                    },
                    "VI":{
                        "0":"10",
                        "1":null
                    }
                },
                "Set 5":0
            },
            "Timeouts 1":{
                "Set 1":{
                    "T":{
                        "0":"10:13",
                        "1":"23:23"
                    }
                },
                "Set 2":{
                    "T":{
                        "0":"4:10",
                        "1":"4:14"
                    }
                },
                "Set 3":{
                    "T":{
                        "0":"9:12"
                    }
                },
                "Set 4":{
                    "T":{
                        "0":"9:13",
                        "1":"10:19"
                    }
                },
                "Set 5":0
            },
            "Timeouts 2":{
                "Set 1":{
                    "T":{

                    }
                },
                "Set 2":{
                    "T":{
                        "0":"18:10"
                    }
                },
                "Set 3":{
                    "T":{
                        "0":"16:18",
                        "1":"18:21"
                    }
                },
                "Set 4":{
                    "T":{

                    }
                },
                "Set 5":0
            }
        },
        "Teams":{
            "Name":{
                "Team 1":"US CAGNES VOLLEY-BALL",
                "Team 2":"AS.SP. V.B MAUGUIO"
            },
            "Players":{
                "Team 1":{
                    "N\u00b0":{
                        "0":1,
                        "1":3,
                        "2":4,
                        "3":6,
                        "4":7,
                        "5":8,
                        "6":9,
                        "7":10,
                        "8":13,
                        "9":17
                    },
                    "Nom Pr\u00e9nom":{
                        "0":"QUEGUINER NOEMIE",
                        "1":"ROMERO SALDARRIAGA ANA",
                        "2":"LINASSIER EMELINE",
                        "3":"PETRIGNANI CECILE",
                        "4":"TAUREL FANNY",
                        "5":"GERIN LUCIE",
                        "6":"PANTALACCI ANAIS",
                        "7":"NOTOT-MARTIN VICTORIA",
                        "8":"RIGOBERT-LONG MARIE-NATACHA",
                        "9":"VANDENBERGHE BILITIS"
                    },
                    "Licence":{
                        "0":1674850,
                        "1":2093589,
                        "2":1802524,
                        "3":1674253,
                        "4":1764684,
                        "5":1709664,
                        "6":1823159,
                        "7":1944561,
                        "8":1591301,
                        "9":1432856
                    }
                },
                "Team 2":{
                    "N\u00b0":{
                        "0":4,
                        "1":5,
                        "2":6,
                        "3":10,
                        "4":12,
                        "5":15,
                        "6":17,
                        "7":20
                    },
                    "Nom Pr\u00e9nom":{
                        "0":"LONGUET LAURA",
                        "1":"GOUX AURELIE",
                        "2":"ROLLAND AGATHE",
                        "3":"LUSSON OPHELIE",
                        "4":"MISTRAL CAMILLE",
                        "5":"RAKOTOVAO MAEVA",
                        "6":"CHALAUX CLAUDIA",
                        "7":"DREYER LAURA"
                    },
                    "Licence":{
                        "0":1477180,
                        "1":1444532,
                        "2":1866824,
                        "3":1722150,
                        "4":2040132,
                        "5":1490815,
                        "6":1726281,
                        "7":1894181
                    }
                }
            },
            "Liberos":{
                "Team 1":{
                    "N\u00b0":{
                        "0":6
                    },
                    "Nom Pr\u00e9nom":{
                        "0":"PETRIGNANI CECILE"
                    },
                    "Licence":{
                        "0":1674253
                    }
                },
                "Team 2":{
                    "N\u00b0":{
                        "0":15
                    },
                    "Nom Pr\u00e9nom":{
                        "0":"RAKOTOVAO MAEVA"
                    },
                    "Licence":{
                        "0":1490815
                    }
                }
            },
            "Officials":{
                "Team 1":{
                    "N\u00b0":{
                        "0":"EA",
                        "1":"EB"
                    },
                    "Nom Pr\u00e9nom":{
                        "0":"GASTAUT LAURENT",
                        "1":"GAGLIO VALENTIN"
                    },
                    "Licence":{
                        "0":93773,
                        "1":1817353
                    }
                },
                "Team 2":{
                    "N\u00b0":{
                        "0":"EA",
                        "1":"EB"
                    },
                    "Nom Pr\u00e9nom":{
                        "0":"VILLERET YANN",
                        "1":"KUCK WOLFGANG"
                    },
                    "Licence":{
                        "0":1178959,
                        "1":1567037
                    }
                }
            }
        },
        "Results":{
            "winner":"AS.SP. V.B MAUGUIO",
            "score":"3\/1"
        },
        "Referees":{
            "NOM Pr\u00e9nom":{
                "1er":"REJAEYAN EHSAN",
                "2\u00e8me":"RANCHAL LILIAN",
                "Marqueur":"LAMY STEPHANE",
                "Marq.Ass":".",
                "nan":null
            },
            "Ligue":{
                "1er":"LIG_ARA",
                "2\u00e8me":"LIG_PAC",
                "Marqueur":"LIG_PAC",
                "Marq.Ass":null,
                "nan":"Juges"
            },
            "Licence":{
                "1er":1422921.0,
                "2\u00e8me":1869302.0,
                "Marqueur":862771.0,
                "Marq.Ass":null,
                "nan":null
            }
        },
        "Penalties":{

        }
    }
}