{
    "Match":{
        "Title":{
            "div_code":"2FA",
            "div_name":"NATIONALE 2 FEMININE",
            "div_pool":"POULE A",
            "match_number":"2FA015",
            "match_day":"03",
            "city":"BEAUSOLEIL",
            "gym":"MONEGHETTI",
            "category":"SENIOR | FEMININE",
            "ligue":"Comp\u00e9titions Nationales SENIORS",
            "date":"2019-10-20 15:00:00",
            "team_1":"ASS SPORTIVE DE MONACO",
            "team_2":"VOLLEY CLUB HYERES\/PIERREFEU"
        },
        "Sets":{
            "Teams":{
                "Set 1":{
                    "Name":{
                        "Team 1":"ASS SPORTIVE DE MONACO",
                        "Team 2":"VOLLEY CLUB HYERES\/PIE"
                    },
                    "Starting":{
                        "Team 1":"Service",
                        "Team 2":"Reception"
                    }
                },
                "Set 2":{
                    "Name":{
                        "Team 1":"ASS SPORTIVE DE MONACO",
                        "Team 2":"VOLLEY CLUB HYERES\/PIE"
                    },
                    "Starting":{
                        "Team 1":"Reception",
                        "Team 2":"Service"
                    }
                },
                "Set 3":{
                    "Name":{
                        "Team 1":"ASS SPORTIVE DE MONACO",
                        "Team 2":"VOLLEY CLUB HYERES\/PIE"
                    },
                    "Starting":{
                        "Team 1":"Service",
                        "Team 2":"Reception"
                    }
                },
                "Set 4":0,
                "Set 5":0
            },
            "Time":{
                "Set 1":{
                    "Time":{
                        "Start":"2019-10-20 14:59:00",
                        "End":"2019-10-20 15:22:00"
                    }
                },
                "Set 2":{
                    "Time":{
                        "Start":"2019-10-20 15:25:00",
                        "End":"2019-10-20 15:54:00"
                    }
                },
                "Set 3":{
                    "Time":{
                        "Start":"2019-10-20 15:57:00",
                        "End":"2019-10-20 16:23:00"
                    }
                },
                "Set 4":0,
                "Set 5":0
            },
            "Substitutions 1":{
                "Set 1":{
                    "I":{
                        "0":6
                    },
                    "II":{
                        "0":4
                    },
                    "III":{
                        "0":8
                    },
                    "IV":{
                        "0":10
                    },
                    "V":{
                        "0":5
                    },
                    "VI":{
                        "0":7
                    }
                },
                "Set 2":{
                    "I":{
                        "0":6
                    },
                    "II":{
                        "0":4
                    },
                    "III":{
                        "0":8
                    },
                    "IV":{
                        "0":10
                    },
                    "V":{
                        "0":5
                    },
                    "VI":{
                        "0":7
                    }
                },
                "Set 3":{
                    "I":{
                        "0":6
                    },
                    "II":{
                        "0":4
                    },
                    "III":{
                        "0":8
                    },
                    "IV":{
                        "0":9
                    },
                    "V":{
                        "0":5
                    },
                    "VI":{
                        "0":7
                    }
                },
                "Set 4":0,
                "Set 5":0
            },
            "Substitutions 2":{
                "Set 1":{
                    "I":{
                        "0":8
                    },
                    "II":{
                        "0":7
                    },
                    "III":{
                        "0":16
                    },
                    "IV":{
                        "0":1
                    },
                    "V":{
                        "0":9
                    },
                    "VI":{
                        "0":2
                    }
                },
                "Set 2":{
                    "I":{
                        "0":8
                    },
                    "II":{
                        "0":7
                    },
                    "III":{
                        "0":16
                    },
                    "IV":{
                        "0":1
                    },
                    "V":{
                        "0":9
                    },
                    "VI":{
                        "0":2
                    }
                },
                "Set 3":{
                    "I":{
                        "0":8.0,
                        "1":null,
                        "2":null
                    },
                    "II":{
                        "0":9.0,
                        "1":null,
                        "2":null
                    },
                    "III":{
                        "0":"16",
                        "1":"18",
                        "2":"14:19"
                    },
                    "IV":{
                        "0":1.0,
                        "1":null,
                        "2":null
                    },
                    "V":{
                        "0":7.0,
                        "1":null,
                        "2":null
                    },
                    "VI":{
                        "0":2.0,
                        "1":null,
                        "2":null
                    }
                },
                "Set 4":0,
                "Set 5":0
            },
            "Serves 1":{
                "Set 1":{
                    "I":{
                        "0":"2",
                        "1":18
                    },
                    "II":{
                        "0":"5",
                        "1":21
                    },
                    "III":{
                        "0":"10",
                        "1":23
                    },
                    "IV":{
                        "0":"11",
                        "1":25
                    },
                    "V":{
                        "0":"12",
                        "1":null
                    },
                    "VI":{
                        "0":"16",
                        "1":null
                    }
                },
                "Set 2":{
                    "I":{
                        "0":null,
                        "1":18.0
                    },
                    "II":{
                        "0":"2",
                        "1":19
                    },
                    "III":{
                        "0":"5",
                        "1":21
                    },
                    "IV":{
                        "0":"7",
                        "1":24
                    },
                    "V":{
                        "0":"15",
                        "1":25
                    },
                    "VI":{
                        "0":"17",
                        "1":null
                    }
                },
                "Set 3":{
                    "I":{
                        "0":"0",
                        "1":15
                    },
                    "II":{
                        "0":"1",
                        "1":18
                    },
                    "III":{
                        "0":"2",
                        "1":22
                    },
                    "IV":{
                        "0":"4",
                        "1":25
                    },
                    "V":{
                        "0":"6",
                        "1":null
                    },
                    "VI":{
                        "0":"11",
                        "1":null
                    }
                },
                "Set 4":0,
                "Set 5":0
            },
            "Serves 2":{
                "Set 1":{
                    "I":{
                        "0":null,
                        "1":9.0
                    },
                    "II":{
                        "0":"1",
                        "1":10
                    },
                    "III":{
                        "0":"2",
                        "1":11
                    },
                    "IV":{
                        "0":"3",
                        "1":12
                    },
                    "V":{
                        "0":"4",
                        "1":null
                    },
                    "VI":{
                        "0":"6",
                        "1":null
                    }
                },
                "Set 2":{
                    "I":{
                        "0":"1",
                        "1":13
                    },
                    "II":{
                        "0":"5",
                        "1":14
                    },
                    "III":{
                        "0":"6",
                        "1":16
                    },
                    "IV":{
                        "0":"8",
                        "1":17
                    },
                    "V":{
                        "0":"11",
                        "1":null
                    },
                    "VI":{
                        "0":"12",
                        "1":null
                    }
                },
                "Set 3":{
                    "I":{
                        "0":null,
                        "1":12.0
                    },
                    "II":{
                        "0":"3",
                        "1":13
                    },
                    "III":{
                        "0":"5",
                        "1":14
                    },
                    "IV":{
                        "0":"6",
                        "1":16
                    },
                    "V":{
                        "0":"7",
                        "1":null
                    },
                    "VI":{
                        "0":"8",
                        "1":null
                    }
                },
                "Set 4":0,
                "Set 5":0
            },
            "Timeouts 1":{
                "Set 1":{
                    "T":{

                    }
                },
                "Set 2":{
                    "T":{
                        "0":"2:5"
                    }
                },
                "Set 3":{
                    "T":{

                    }
                },
                "Set 4":0,
                "Set 5":0
            },
            "Timeouts 2":{
                "Set 1":{
                    "T":{
                        "0":"6:14",
                        "1":"10:19"
                    }
                },
                "Set 2":{
                    "T":{
                        "0":"8:11",
                        "1":"14:20"
                    }
                },
                "Set 3":{
                    "T":{
                        "0":"8:11",
                        "1":"13:17"
                    }
                },
                "Set 4":0,
                "Set 5":0
            }
        },
        "Teams":{
            "Name":{
                "Team 1":"ASS SPORTIVE DE MONACO",
                "Team 2":"VOLLEY CLUB HYERES\/PIERREFEU"
            },
            "Players":{
                "Team 1":{
                    "N\u00b0":{
                        "0":1,
                        "1":4,
                        "2":5,
                        "3":6,
                        "4":7,
                        "5":8,
                        "6":9,
                        "7":10,
                        "8":14
                    },
                    "Nom Pr\u00e9nom":{
                        "0":"REBUFFEL MANON",
                        "1":"BAUSSET FRANCE",
                        "2":"BACHERY HAYAT",
                        "3":"CHAMEAUX LENA",
                        "4":"DA MOURA LEAL CELIA",
                        "5":"REVEL CHION CAROLINE",
                        "6":"HARAGOVA VENDULA",
                        "7":"GIORDANO MATHILDE",
                        "8":"HAMZAOUI EVA"
                    },
                    "Licence":{
                        "0":1777045,
                        "1":1556677,
                        "2":1345937,
                        "3":1778916,
                        "4":1611693,
                        "5":1463563,
                        "6":1879131,
                        "7":1077178,
                        "8":1338367
                    }
                },
                "Team 2":{
                    "N\u00b0":{
                        "0":1,
                        "1":2,
                        "2":7,
                        "3":8,
                        "4":9,
                        "5":12,
                        "6":16,
                        "7":18
                    },
                    "Nom Pr\u00e9nom":{
                        "0":"GAUDEL CHLOE",
                        "1":"ROBEAU LUCIE",
                        "2":"COULBAULT LAURE",
                        "3":"GENNIAUX EMILIE",
                        "4":"LECHAT MARIE FRANCE",
                        "5":"PECHEUR CAMILLE",
                        "6":"NAPOLI CHIARA",
                        "7":"MICHELON ERICA"
                    },
                    "Licence":{
                        "0":1342199,
                        "1":2209325,
                        "2":2141732,
                        "3":1691898,
                        "4":1550582,
                        "5":1664786,
                        "6":1954392,
                        "7":2049794
                    }
                }
            },
            "Liberos":{
                "Team 1":{
                    "N\u00b0":{
                        "0":1
                    },
                    "Nom Pr\u00e9nom":{
                        "0":"REBUFFEL MANON"
                    },
                    "Licence":{
                        "0":1777045
                    }
                },
                "Team 2":{
                    "N\u00b0":{
                        "0":12
                    },
                    "Nom Pr\u00e9nom":{
                        "0":"PECHEUR CAMILLE"
                    },
                    "Licence":{
                        "0":1664786
                    }
                }
            },
            "Officials":{
                "Team 1":{
                    "N\u00b0":{
                        "0":"EA"
                    },
                    "Nom Pr\u00e9nom":{
                        "0":"HAMZAOUI EVA"
                    },
                    "Licence":{
                        "0":1338367
                    }
                },
                "Team 2":{
                    "N\u00b0":{
                        "0":"EA"
                    },
                    "Nom Pr\u00e9nom":{
                        "0":"SERVAGEON GUILLAUME"
                    },
                    "Licence":{
                        "0":1634200
                    }
                }
            }
        },
        "Results":{
            "winner":"ASS SPORTIVE DE MONACO",
            "score":"3\/0"
        },
        "Referees":{
            "NOM Pr\u00e9nom":{
                "1er":"TOURNAIRE GUY",
                "2\u00e8me":"HANOTEL PHILIPPE",
                "Marqueur":"UHTIO PETRI",
                "Marq.Ass":".",
                "nan":null
            },
            "Ligue":{
                "1er":"LIG_PAC",
                "2\u00e8me":"LIG_PAC",
                "Marqueur":"LIG_PAC",
                "Marq.Ass":null,
                "nan":"Juges"
            },
            "Licence":{
                "1er":964814.0,
                "2\u00e8me":436253.0,
                "Marqueur":2008056.0,
                "Marq.Ass":null,
                "nan":null
            }
        },
        "Penalties":{

        }
    }
}