{
    "Match":{
        "Title":{
            "div_code":"2FA",
            "div_name":"NATIONALE 2 FEMININE",
            "div_pool":"POULE A",
            "match_number":"2FA091",
            "match_day":"13",
            "city":"VENELLES",
            "gym":"HALLE DES SPORTS",
            "category":"SENIOR | FEMININE",
            "ligue":"Comp\u00e9titions Nationales SENIORS",
            "date":"2020-01-26 15:00:00",
            "team_1":"PAYS D'AIX VENELLES V.B. 2",
            "team_2":"US CAGNES VOLLEY-BALL"
        },
        "Sets":{
            "Teams":{
                "Set 1":{
                    "Name":{
                        "Team 1":"PAYS D'AIX VENELLES V.",
                        "Team 2":"US CAGNES VOLLEY-BALL"
                    },
                    "Starting":{
                        "Team 1":"Service",
                        "Team 2":"Reception"
                    }
                },
                "Set 2":{
                    "Name":{
                        "Team 1":"PAYS D'AIX VENELLES V.",
                        "Team 2":"US CAGNES VOLLEY-BALL"
                    },
                    "Starting":{
                        "Team 1":"Reception",
                        "Team 2":"Service"
                    }
                },
                "Set 3":{
                    "Name":{
                        "Team 1":"PAYS D'AIX VENELLES V.",
                        "Team 2":"US CAGNES VOLLEY-BALL"
                    },
                    "Starting":{
                        "Team 1":"Service",
                        "Team 2":"Reception"
                    }
                },
                "Set 4":0,
                "Set 5":0
            },
            "Time":{
                "Set 1":{
                    "Time":{
                        "Start":"2020-01-26 14:59:00",
                        "End":"2020-01-26 15:22:00"
                    }
                },
                "Set 2":{
                    "Time":{
                        "Start":"2020-01-26 15:26:00",
                        "End":"2020-01-26 15:48:00"
                    }
                },
                "Set 3":{
                    "Time":{
                        "Start":"2020-01-26 15:51:00",
                        "End":"2020-01-26 16:16:00"
                    }
                },
                "Set 4":0,
                "Set 5":0
            },
            "Substitutions 1":{
                "Set 1":{
                    "I":{
                        "0":10
                    },
                    "II":{
                        "0":14
                    },
                    "III":{
                        "0":11
                    },
                    "IV":{
                        "0":3
                    },
                    "V":{
                        "0":7
                    },
                    "VI":{
                        "0":2
                    }
                },
                "Set 2":{
                    "I":{
                        "0":2.0,
                        "1":null,
                        "2":null
                    },
                    "II":{
                        "0":10.0,
                        "1":null,
                        "2":null
                    },
                    "III":{
                        "0":14.0,
                        "1":null,
                        "2":null
                    },
                    "IV":{
                        "0":11.0,
                        "1":null,
                        "2":null
                    },
                    "V":{
                        "0":3.0,
                        "1":null,
                        "2":null
                    },
                    "VI":{
                        "0":"7",
                        "1":"6",
                        "2":"17:6"
                    }
                },
                "Set 3":{
                    "I":{
                        "0":10
                    },
                    "II":{
                        "0":14
                    },
                    "III":{
                        "0":11
                    },
                    "IV":{
                        "0":3
                    },
                    "V":{
                        "0":6
                    },
                    "VI":{
                        "0":2
                    }
                },
                "Set 4":0,
                "Set 5":0
            },
            "Substitutions 2":{
                "Set 1":{
                    "I":{
                        "0":8.0,
                        "1":null,
                        "2":null
                    },
                    "II":{
                        "0":17.0,
                        "1":null,
                        "2":null
                    },
                    "III":{
                        "0":10.0,
                        "1":null,
                        "2":null
                    },
                    "IV":{
                        "0":"3",
                        "1":"7",
                        "2":"13:23"
                    },
                    "V":{
                        "0":12.0,
                        "1":null,
                        "2":null
                    },
                    "VI":{
                        "0":4.0,
                        "1":null,
                        "2":null
                    }
                },
                "Set 2":{
                    "I":{
                        "0":9
                    },
                    "II":{
                        "0":3
                    },
                    "III":{
                        "0":10
                    },
                    "IV":{
                        "0":7
                    },
                    "V":{
                        "0":12
                    },
                    "VI":{
                        "0":4
                    }
                },
                "Set 3":{
                    "I":{
                        "0":"9",
                        "1":"8",
                        "2":"11:17"
                    },
                    "II":{
                        "0":3.0,
                        "1":null,
                        "2":null
                    },
                    "III":{
                        "0":10.0,
                        "1":null,
                        "2":null
                    },
                    "IV":{
                        "0":"7",
                        "1":"17",
                        "2":"11:16"
                    },
                    "V":{
                        "0":12.0,
                        "1":null,
                        "2":null
                    },
                    "VI":{
                        "0":4.0,
                        "1":null,
                        "2":null
                    }
                },
                "Set 4":0,
                "Set 5":0
            },
            "Serves 1":{
                "Set 1":{
                    "I":{
                        "0":"3",
                        "1":17
                    },
                    "II":{
                        "0":"4",
                        "1":20
                    },
                    "III":{
                        "0":"6",
                        "1":25
                    },
                    "IV":{
                        "0":"7",
                        "1":null
                    },
                    "V":{
                        "0":"10",
                        "1":null
                    },
                    "VI":{
                        "0":"14",
                        "1":null
                    }
                },
                "Set 2":{
                    "I":{
                        "0":null,
                        "1":18.0
                    },
                    "II":{
                        "0":"2",
                        "1":21
                    },
                    "III":{
                        "0":"4",
                        "1":24
                    },
                    "IV":{
                        "0":"8",
                        "1":25
                    },
                    "V":{
                        "0":"16",
                        "1":null
                    },
                    "VI":{
                        "0":"17",
                        "1":null
                    }
                },
                "Set 3":{
                    "I":{
                        "0":"0",
                        "1":17
                    },
                    "II":{
                        "0":"3",
                        "1":21
                    },
                    "III":{
                        "0":"10",
                        "1":25
                    },
                    "IV":{
                        "0":"11",
                        "1":null
                    },
                    "V":{
                        "0":"15",
                        "1":null
                    },
                    "VI":{
                        "0":"16",
                        "1":null
                    }
                },
                "Set 4":0,
                "Set 5":0
            },
            "Serves 2":{
                "Set 1":{
                    "I":{
                        "0":null,
                        "1":11.0
                    },
                    "II":{
                        "0":"3",
                        "1":12
                    },
                    "III":{
                        "0":"4",
                        "1":13
                    },
                    "IV":{
                        "0":"7",
                        "1":null
                    },
                    "V":{
                        "0":"8",
                        "1":null
                    },
                    "VI":{
                        "0":"10",
                        "1":null
                    }
                },
                "Set 2":{
                    "I":{
                        "0":"0",
                        "1":10
                    },
                    "II":{
                        "0":"1",
                        "1":13
                    },
                    "III":{
                        "0":"2",
                        "1":14
                    },
                    "IV":{
                        "0":"3",
                        "1":null
                    },
                    "V":{
                        "0":"6",
                        "1":null
                    },
                    "VI":{
                        "0":"9",
                        "1":null
                    }
                },
                "Set 3":{
                    "I":{
                        "0":null,
                        "1":11.0
                    },
                    "II":{
                        "0":"2",
                        "1":13
                    },
                    "III":{
                        "0":"3",
                        "1":14
                    },
                    "IV":{
                        "0":"4",
                        "1":null
                    },
                    "V":{
                        "0":"9",
                        "1":null
                    },
                    "VI":{
                        "0":"10",
                        "1":null
                    }
                },
                "Set 4":0,
                "Set 5":0
            },
            "Timeouts 1":{
                "Set 1":{
                    "T":{

                    }
                },
                "Set 2":{
                    "T":{

                    }
                },
                "Set 3":{
                    "T":{
                        "0":"11:8"
                    }
                },
                "Set 4":0,
                "Set 5":0
            },
            "Timeouts 2":{
                "Set 1":{
                    "T":{
                        "0":"10:13",
                        "1":"12:19"
                    }
                },
                "Set 2":{
                    "T":{
                        "0":"3:12",
                        "1":"10:20"
                    }
                },
                "Set 3":{
                    "T":{
                        "0":"9:14",
                        "1":"13:20"
                    }
                },
                "Set 4":0,
                "Set 5":0
            }
        },
        "Teams":{
            "Name":{
                "Team 1":"PAYS D'AIX VENELLES V.B. 2",
                "Team 2":"US CAGNES VOLLEY-BALL"
            },
            "Players":{
                "Team 1":{
                    "N\u00b0":{
                        "0":2,
                        "1":3,
                        "2":4,
                        "3":6,
                        "4":7,
                        "5":8,
                        "6":10,
                        "7":11,
                        "8":12,
                        "9":14
                    },
                    "Nom Pr\u00e9nom":{
                        "0":"RAQUIN LOU",
                        "1":"BLAZIKOWSKI CYRIELLE",
                        "2":"MICHEL ANGELE",
                        "3":"VILLEDIEU CHIARA",
                        "4":"WOLTER ALICE",
                        "5":"MAGNANI CHLOE",
                        "6":"DROP CLARISSE",
                        "7":"ARMANDO JENIFER",
                        "8":"PYVOVAROVA ALINA",
                        "9":"DORNIC MARTINAYA"
                    },
                    "Licence":{
                        "0":1900471,
                        "1":2097475,
                        "2":1631856,
                        "3":2003754,
                        "4":1963316,
                        "5":1998364,
                        "6":1911532,
                        "7":1997001,
                        "8":1884946,
                        "9":2128747
                    }
                },
                "Team 2":{
                    "N\u00b0":{
                        "0":3,
                        "1":4,
                        "2":6,
                        "3":7,
                        "4":8,
                        "5":9,
                        "6":10,
                        "7":12,
                        "8":17
                    },
                    "Nom Pr\u00e9nom":{
                        "0":"ROMERO SALDARRIAGA ANA",
                        "1":"LINASSIER EMELINE",
                        "2":"PETRIGNANI CECILE",
                        "3":"TAUREL FANNY",
                        "4":"GERIN LUCIE",
                        "5":"PANTALACCI ANAIS",
                        "6":"NOTOT MARTIN VICTORIA",
                        "7":"MARTY ZOE",
                        "8":"VANDENBERGHE BILITIS"
                    },
                    "Licence":{
                        "0":2093589,
                        "1":1802524,
                        "2":1674253,
                        "3":1764684,
                        "4":1709664,
                        "5":1823159,
                        "6":1944561,
                        "7":1993379,
                        "8":1432856
                    }
                }
            },
            "Liberos":{
                "Team 1":{
                    "N\u00b0":{
                        "0":8
                    },
                    "Nom Pr\u00e9nom":{
                        "0":"MAGNANI CHLOE"
                    },
                    "Licence":{
                        "0":1998364
                    }
                },
                "Team 2":{
                    "N\u00b0":{
                        "0":6
                    },
                    "Nom Pr\u00e9nom":{
                        "0":"PETRIGNANI CECILE"
                    },
                    "Licence":{
                        "0":1674253
                    }
                }
            },
            "Officials":{
                "Team 1":{
                    "N\u00b0":{
                        "0":"EA"
                    },
                    "Nom Pr\u00e9nom":{
                        "0":"VERNIER PATRICIA"
                    },
                    "Licence":{
                        "0":959038
                    }
                },
                "Team 2":{
                    "N\u00b0":{
                        "0":"EA",
                        "1":"EB"
                    },
                    "Nom Pr\u00e9nom":{
                        "0":"GASTAUT LAURENT",
                        "1":"GAGLIO VALENTIN"
                    },
                    "Licence":{
                        "0":93773,
                        "1":1817353
                    }
                }
            }
        },
        "Results":{
            "winner":"PAYS D'AIX VENELLES V.",
            "score":"3\/0"
        },
        "Referees":{
            "NOM Pr\u00e9nom":{
                "1er":"MASSICOT CHRISTOPHE",
                "2\u00e8me":"BOURGUIBI ABDESAMAD",
                "Marqueur":"CHENAVAS FRANCOISE",
                "Marq.Ass":". LEGRAND DENISE",
                "R.Salle":"MARTINEZ DOMINIQUE"
            },
            "Ligue":{
                "1er":"LIG_PAC",
                "2\u00e8me":"LIG_OCC",
                "Marqueur":"LIG_PAC",
                "Marq.Ass":"LIG_PAC",
                "R.Salle":"LIG_PAC"
            },
            "Licence":{
                "1er":569814,
                "2\u00e8me":1379609,
                "Marqueur":2140300,
                "Marq.Ass":550350,
                "R.Salle":1715936
            }
        },
        "Penalties":{

        }
    }
}