{
    "Match":{
        "Title":{
            "div_code":"2FA",
            "div_name":"NATIONALE 2 FEMININE",
            "div_pool":"POULE A",
            "match_number":"2FA074",
            "match_day":"11",
            "city":"HYERES",
            "gym":"GYMNASE DE COSTEBELLE",
            "category":"SENIOR | FEMININE",
            "ligue":"Comp\u00e9titions Nationales SENIORS",
            "date":"2020-01-12 14:00:00",
            "team_1":"VOLLEY CLUB HYERES\/PIERREFEU",
            "team_2":"ENT. PUYGOUZON\/CASTELNAU LEVIS"
        },
        "Sets":{
            "Teams":{
                "Set 1":{
                    "Name":{
                        "Team 1":"ENT. PUYGOUZON\/CASTELN",
                        "Team 2":"VOLLEY CLUB HYERES\/PIE"
                    },
                    "Starting":{
                        "Team 1":"Service",
                        "Team 2":"Reception"
                    }
                },
                "Set 2":{
                    "Name":{
                        "Team 1":"ENT. PUYGOUZON\/CASTELN",
                        "Team 2":"VOLLEY CLUB HYERES\/PIE"
                    },
                    "Starting":{
                        "Team 1":"Reception",
                        "Team 2":"Service"
                    }
                },
                "Set 3":{
                    "Name":{
                        "Team 1":"ENT. PUYGOUZON\/CASTELN",
                        "Team 2":"VOLLEY CLUB HYERES\/PIE"
                    },
                    "Starting":{
                        "Team 1":"Service",
                        "Team 2":"Reception"
                    }
                },
                "Set 4":{
                    "Name":{
                        "Team 1":"ENT. PUYGOUZON\/CASTELN",
                        "Team 2":"VOLLEY CLUB HYERES\/PIE"
                    },
                    "Starting":{
                        "Team 1":"Reception",
                        "Team 2":"Service"
                    }
                },
                "Set 5":{
                    "Name":{
                        "Team 1":"ENT. PUYGOUZON\/CAST",
                        "Team 2":"VOLLEY CLUB HYERES\/"
                    },
                    "Starting":{
                        "Team 1":"Reception",
                        "Team 2":"Service"
                    }
                }
            },
            "Time":{
                "Set 1":{
                    "Time":{
                        "Start":"2020-01-12 13:59:00",
                        "End":"2020-01-12 14:26:00"
                    }
                },
                "Set 2":{
                    "Time":{
                        "Start":"2020-01-12 14:29:00",
                        "End":"2020-01-12 14:56:00"
                    }
                },
                "Set 3":{
                    "Time":{
                        "Start":"2020-01-12 14:59:00",
                        "End":"2020-01-12 15:26:00"
                    }
                },
                "Set 4":{
                    "Time":{
                        "Start":"2020-01-12 15:29:00",
                        "End":"2020-01-12 15:57:00"
                    }
                },
                "Set 5":{
                    "Time":{
                        "Start":"2020-01-12 16:00:00",
                        "End":"2020-01-12 16:15:00"
                    }
                }
            },
            "Substitutions 1":{
                "Set 1":{
                    "I":{
                        "0":1.0,
                        "1":null,
                        "2":null,
                        "3":null
                    },
                    "II":{
                        "0":5.0,
                        "1":null,
                        "2":null,
                        "3":null
                    },
                    "III":{
                        "0":"11",
                        "1":"8",
                        "2":"22:20",
                        "3":"24:21"
                    },
                    "IV":{
                        "0":10.0,
                        "1":null,
                        "2":null,
                        "3":null
                    },
                    "V":{
                        "0":4.0,
                        "1":null,
                        "2":null,
                        "3":null
                    },
                    "VI":{
                        "0":7.0,
                        "1":null,
                        "2":null,
                        "3":null
                    }
                },
                "Set 2":{
                    "I":{
                        "0":7.0,
                        "1":null,
                        "2":null,
                        "3":null
                    },
                    "II":{
                        "0":"1",
                        "1":"8",
                        "2":"19:21",
                        "3":null
                    },
                    "III":{
                        "0":5.0,
                        "1":null,
                        "2":null,
                        "3":null
                    },
                    "IV":{
                        "0":11.0,
                        "1":null,
                        "2":null,
                        "3":null
                    },
                    "V":{
                        "0":"10",
                        "1":"3",
                        "2":"16:18",
                        "3":"19:21"
                    },
                    "VI":{
                        "0":4.0,
                        "1":null,
                        "2":null,
                        "3":null
                    }
                },
                "Set 3":{
                    "I":{
                        "0":1.0,
                        "1":null,
                        "2":null,
                        "3":null
                    },
                    "II":{
                        "0":5.0,
                        "1":null,
                        "2":null,
                        "3":null
                    },
                    "III":{
                        "0":"11",
                        "1":"8",
                        "2":"15:14",
                        "3":"15:15"
                    },
                    "IV":{
                        "0":"10",
                        "1":"3",
                        "2":"17:16",
                        "3":"24:18"
                    },
                    "V":{
                        "0":4.0,
                        "1":null,
                        "2":null,
                        "3":null
                    },
                    "VI":{
                        "0":7.0,
                        "1":null,
                        "2":null,
                        "3":null
                    }
                },
                "Set 4":{
                    "I":{
                        "0":7.0,
                        "1":null,
                        "2":null,
                        "3":null
                    },
                    "II":{
                        "0":1.0,
                        "1":null,
                        "2":null,
                        "3":null
                    },
                    "III":{
                        "0":5.0,
                        "1":null,
                        "2":null,
                        "3":null
                    },
                    "IV":{
                        "0":"11",
                        "1":"8",
                        "2":"21:20",
                        "3":"21:21"
                    },
                    "V":{
                        "0":"10",
                        "1":"3",
                        "2":"22:22",
                        "3":null
                    },
                    "VI":{
                        "0":4.0,
                        "1":null,
                        "2":null,
                        "3":null
                    }
                },
                "Set 5":{
                    "I":{
                        "0":7.0,
                        "1":null,
                        "2":null,
                        "3":null
                    },
                    "II":{
                        "0":1.0,
                        "1":null,
                        "2":null,
                        "3":null
                    },
                    "III":{
                        "0":"5",
                        "1":"3",
                        "2":"1:7",
                        "3":"11:12"
                    },
                    "IV":{
                        "0":"11",
                        "1":"8",
                        "2":"8:9",
                        "3":"9:10"
                    },
                    "V":{
                        "0":10.0,
                        "1":null,
                        "2":null,
                        "3":null
                    },
                    "VI":{
                        "0":4.0,
                        "1":null,
                        "2":null,
                        "3":null
                    }
                }
            },
            "Substitutions 2":{
                "Set 1":{
                    "I":{
                        "0":8.0,
                        "1":null,
                        "2":null
                    },
                    "II":{
                        "0":5.0,
                        "1":null,
                        "2":null
                    },
                    "III":{
                        "0":"18",
                        "1":"3",
                        "2":"15:18"
                    },
                    "IV":{
                        "0":1.0,
                        "1":null,
                        "2":null
                    },
                    "V":{
                        "0":7.0,
                        "1":null,
                        "2":null
                    },
                    "VI":{
                        "0":2.0,
                        "1":null,
                        "2":null
                    }
                },
                "Set 2":{
                    "I":{
                        "0":8
                    },
                    "II":{
                        "0":9
                    },
                    "III":{
                        "0":3
                    },
                    "IV":{
                        "0":1
                    },
                    "V":{
                        "0":5
                    },
                    "VI":{
                        "0":2
                    }
                },
                "Set 3":{
                    "I":{
                        "0":8.0,
                        "1":null,
                        "2":null
                    },
                    "II":{
                        "0":9.0,
                        "1":null,
                        "2":null
                    },
                    "III":{
                        "0":3.0,
                        "1":null,
                        "2":null
                    },
                    "IV":{
                        "0":"1",
                        "1":"10",
                        "2":"17:21"
                    },
                    "V":{
                        "0":5.0,
                        "1":null,
                        "2":null
                    },
                    "VI":{
                        "0":"2",
                        "1":"18",
                        "2":"17:22"
                    }
                },
                "Set 4":{
                    "I":{
                        "0":8.0,
                        "1":null,
                        "2":null
                    },
                    "II":{
                        "0":5.0,
                        "1":null,
                        "2":null
                    },
                    "III":{
                        "0":3.0,
                        "1":null,
                        "2":null
                    },
                    "IV":{
                        "0":"10",
                        "1":"1",
                        "2":"15:17"
                    },
                    "V":{
                        "0":7.0,
                        "1":null,
                        "2":null
                    },
                    "VI":{
                        "0":2.0,
                        "1":null,
                        "2":null
                    }
                },
                "Set 5":{
                    "I":{
                        "0":5
                    },
                    "II":{
                        "0":3
                    },
                    "III":{
                        "0":1
                    },
                    "IV":{
                        "0":7
                    },
                    "V":{
                        "0":2
                    },
                    "VI":{
                        "0":8
                    }
                }
            },
            "Serves 1":{
                "Set 1":{
                    "I":{
                        "0":"0",
                        "1":7,
                        "2":20
                    },
                    "II":{
                        "0":"1",
                        "1":8,
                        "2":21
                    },
                    "III":{
                        "0":"3",
                        "1":9,
                        "2":24
                    },
                    "IV":{
                        "0":"4",
                        "1":10,
                        "2":25
                    },
                    "V":{
                        "0":"5",
                        "1":15.0,
                        "2":null
                    },
                    "VI":{
                        "0":"6",
                        "1":19.0,
                        "2":null
                    }
                },
                "Set 2":{
                    "I":{
                        "0":null,
                        "1":10.0,
                        "2":18.0
                    },
                    "II":{
                        "0":"1",
                        "1":11,
                        "2":19
                    },
                    "III":{
                        "0":"2",
                        "1":13,
                        "2":20
                    },
                    "IV":{
                        "0":"4",
                        "1":14.0,
                        "2":null
                    },
                    "V":{
                        "0":"8",
                        "1":16.0,
                        "2":null
                    },
                    "VI":{
                        "0":"9",
                        "1":17.0,
                        "2":null
                    }
                },
                "Set 3":{
                    "I":{
                        "0":"0",
                        "1":11,
                        "2":25
                    },
                    "II":{
                        "0":"3",
                        "1":14.0,
                        "2":null
                    },
                    "III":{
                        "0":"5",
                        "1":15.0,
                        "2":null
                    },
                    "IV":{
                        "0":"6",
                        "1":17.0,
                        "2":null
                    },
                    "V":{
                        "0":"7",
                        "1":19.0,
                        "2":null
                    },
                    "VI":{
                        "0":"9",
                        "1":23.0,
                        "2":null
                    }
                },
                "Set 4":{
                    "I":{
                        "0":null,
                        "1":12.0
                    },
                    "II":{
                        "0":"1",
                        "1":18
                    },
                    "III":{
                        "0":"4",
                        "1":20
                    },
                    "IV":{
                        "0":"5",
                        "1":21
                    },
                    "V":{
                        "0":"7",
                        "1":22
                    },
                    "VI":{
                        "0":"11",
                        "1":23
                    }
                },
                "Set 5":{
                    "I":{
                        "0":null,
                        "1":12.0
                    },
                    "II":{
                        "0":"1",
                        "1":null
                    },
                    "III":{
                        "0":"7",
                        "1":null
                    },
                    "IV":{
                        "0":"9",
                        "1":null
                    },
                    "V":{
                        "0":"10",
                        "1":null
                    },
                    "VI":{
                        "0":"11",
                        "1":null
                    }
                }
            },
            "Serves 2":{
                "Set 1":{
                    "I":{
                        "0":null,
                        "1":10.0,
                        "2":17.0
                    },
                    "II":{
                        "0":"1",
                        "1":11,
                        "2":18
                    },
                    "III":{
                        "0":"3",
                        "1":12,
                        "2":20
                    },
                    "IV":{
                        "0":"4",
                        "1":13,
                        "2":21
                    },
                    "V":{
                        "0":"6",
                        "1":14.0,
                        "2":null
                    },
                    "VI":{
                        "0":"7",
                        "1":15.0,
                        "2":null
                    }
                },
                "Set 2":{
                    "I":{
                        "0":"0",
                        "1":12,
                        "2":21
                    },
                    "II":{
                        "0":"1",
                        "1":14,
                        "2":22
                    },
                    "III":{
                        "0":"2",
                        "1":16,
                        "2":25
                    },
                    "IV":{
                        "0":"4",
                        "1":17.0,
                        "2":null
                    },
                    "V":{
                        "0":"6",
                        "1":18.0,
                        "2":null
                    },
                    "VI":{
                        "0":"7",
                        "1":19.0,
                        "2":null
                    }
                },
                "Set 3":{
                    "I":{
                        "0":null,
                        "1":10.0,
                        "2":18.0
                    },
                    "II":{
                        "0":"1",
                        "1":12.0,
                        "2":null
                    },
                    "III":{
                        "0":"4",
                        "1":14.0,
                        "2":null
                    },
                    "IV":{
                        "0":"6",
                        "1":15.0,
                        "2":null
                    },
                    "V":{
                        "0":"7",
                        "1":16.0,
                        "2":null
                    },
                    "VI":{
                        "0":"8",
                        "1":17.0,
                        "2":null
                    }
                },
                "Set 4":{
                    "I":{
                        "0":"1",
                        "1":15
                    },
                    "II":{
                        "0":"2",
                        "1":16
                    },
                    "III":{
                        "0":"3",
                        "1":20
                    },
                    "IV":{
                        "0":"7",
                        "1":21
                    },
                    "V":{
                        "0":"10",
                        "1":24
                    },
                    "VI":{
                        "0":"12",
                        "1":25
                    }
                },
                "Set 5":{
                    "I":{
                        "0":"0",
                        "1":15
                    },
                    "II":{
                        "0":"8",
                        "1":null
                    },
                    "III":{
                        "0":"9",
                        "1":null
                    },
                    "IV":{
                        "0":"11",
                        "1":null
                    },
                    "V":{
                        "0":"12",
                        "1":null
                    },
                    "VI":{
                        "0":"14",
                        "1":null
                    }
                }
            },
            "Timeouts 1":{
                "Set 1":{
                    "T":{

                    }
                },
                "Set 2":{
                    "T":{
                        "0":"10:12",
                        "1":"20:23"
                    }
                },
                "Set 3":{
                    "T":{

                    }
                },
                "Set 4":{
                    "T":{
                        "0":"22:23",
                        "1":"22:24"
                    }
                },
                "Set 5":{
                    "T":{
                        "0":"1:5"
                    }
                }
            },
            "Timeouts 2":{
                "Set 1":{
                    "T":{
                        "0":"14:15",
                        "1":"20:23"
                    }
                },
                "Set 2":{
                    "T":{

                    }
                },
                "Set 3":{
                    "T":{
                        "0":"16:19",
                        "1":"17:22"
                    }
                },
                "Set 4":{
                    "T":{
                        "0":"16:20"
                    }
                },
                "Set 5":{
                    "T":{
                        "0":"8:5"
                    }
                }
            }
        },
        "Teams":{
            "Name":{
                "Team 1":"ENT. PUYGOUZON\/CASTELNAU LEVIS",
                "Team 2":"VOLLEY CLUB HYERES\/PIERREFEU"
            },
            "Players":{
                "Team 1":{
                    "N\u00b0":{
                        "0":1,
                        "1":3,
                        "2":4,
                        "3":5,
                        "4":7,
                        "5":8,
                        "6":10,
                        "7":11,
                        "8":13
                    },
                    "Nom Pr\u00e9nom":{
                        "0":"ROGER LAETITIA",
                        "1":"VALES AURIANE",
                        "2":"LAFUENTE LOLA",
                        "3":"BROGNIET NOA",
                        "4":"TELLIER DELPHINE",
                        "5":"SICARD SOPHIE",
                        "6":"SIEURAC LUCIE",
                        "7":"BAUX CELIA",
                        "8":"PUECH MATHILDE"
                    },
                    "Licence":{
                        "0":1517803,
                        "1":1915953,
                        "2":2054139,
                        "3":2048773,
                        "4":1643763,
                        "5":1723249,
                        "6":1845217,
                        "7":2093206,
                        "8":1694267
                    }
                },
                "Team 2":{
                    "N\u00b0":{
                        "0":1,
                        "1":2,
                        "2":3,
                        "3":5,
                        "4":7,
                        "5":8,
                        "6":9,
                        "7":10,
                        "8":12,
                        "9":18
                    },
                    "Nom Pr\u00e9nom":{
                        "0":"GAUDEL CHLOE",
                        "1":"ROBEAU LUCIE",
                        "2":"LAFITTE NDAKI MBOULET ANNE-",
                        "3":"ALBERT MAELLE",
                        "4":"COULBAULT LAURE",
                        "5":"GENNIAUX EMILIE",
                        "6":"LECHAT MARIE-FRANCE",
                        "7":"GUIEYSSE AUDREY",
                        "8":"PECHEUR CAMILLE",
                        "9":"MICHELON ERICA"
                    },
                    "Licence":{
                        "0":1342199,
                        "1":2209325,
                        "2":2396113,
                        "3":2057148,
                        "4":2141732,
                        "5":1691898,
                        "6":1550582,
                        "7":1409582,
                        "8":1664786,
                        "9":2049794
                    }
                }
            },
            "Liberos":{
                "Team 1":{
                    "N\u00b0":{
                        "0":13
                    },
                    "Nom Pr\u00e9nom":{
                        "0":"PUECH MATHILDE"
                    },
                    "Licence":{
                        "0":1694267
                    }
                },
                "Team 2":{
                    "N\u00b0":{
                        "0":12
                    },
                    "Nom Pr\u00e9nom":{
                        "0":"PECHEUR CAMILLE"
                    },
                    "Licence":{
                        "0":1664786
                    }
                }
            },
            "Officials":{
                "Team 1":{
                    "N\u00b0":{
                        "0":"EA",
                        "1":"EB"
                    },
                    "Nom Pr\u00e9nom":{
                        "0":"BISCONS GAUTIER",
                        "1":"FREDE NATHALIE"
                    },
                    "Licence":{
                        "0":1344838,
                        "1":957224
                    }
                },
                "Team 2":{
                    "N\u00b0":{
                        "0":"EA"
                    },
                    "Nom Pr\u00e9nom":{
                        "0":"SERVAGEON GUILLAUME"
                    },
                    "Licence":{
                        "0":1634200
                    }
                }
            }
        },
        "Results":{
            "winner":"VOLLEY CLUB HYERES\/PIE",
            "score":"3\/2"
        },
        "Referees":{
            "NOM Pr\u00e9nom":{
                "1er":"TATON OLIVIER",
                "2\u00e8me":"LIMACHER LIONEL",
                "Marqueur":"MENAND CECILE",
                "Marq.Ass":".",
                "R.Salle":"SCIRI EDOUARD"
            },
            "Ligue":{
                "1er":"LIG_ARA",
                "2\u00e8me":"LIG_PAC",
                "Marqueur":"LIG_PAC",
                "Marq.Ass":null,
                "R.Salle":"LIG_PAC"
            },
            "Licence":{
                "1er":1471819.0,
                "2\u00e8me":1657109.0,
                "Marqueur":1364284.0,
                "Marq.Ass":null,
                "R.Salle":1423770.0
            }
        },
        "Penalties":{

        }
    }
}