{
    "Match":{
        "Title":{
            "div_code":"2FA",
            "div_name":"NATIONALE 2 FEMININE",
            "div_pool":"POULE A",
            "match_number":"2FA067",
            "match_day":"10",
            "city":"LA GARDE",
            "gym":"JACQUES TROIN",
            "category":"SENIOR | FEMININE",
            "ligue":"Comp\u00e9titions Nationales SENIORS",
            "date":"2019-12-20 20:30:00",
            "team_1":"VOLLEY PRADETAN GARDEEN",
            "team_2":"VOLLEY CLUB HYERES\/PIERREFEU"
        },
        "Sets":{
            "Teams":{
                "Set 1":{
                    "Name":{
                        "Team 1":"VOLLEY PRADETAN GARDEE",
                        "Team 2":"VOLLEY CLUB HYERES\/PIE"
                    },
                    "Starting":{
                        "Team 1":"Reception",
                        "Team 2":"Service"
                    }
                },
                "Set 2":{
                    "Name":{
                        "Team 1":"VOLLEY PRADETAN GARDEE",
                        "Team 2":"VOLLEY CLUB HYERES\/PIE"
                    },
                    "Starting":{
                        "Team 1":"Service",
                        "Team 2":"Reception"
                    }
                },
                "Set 3":{
                    "Name":{
                        "Team 1":"VOLLEY PRADETAN GARDEE",
                        "Team 2":"VOLLEY CLUB HYERES\/PIE"
                    },
                    "Starting":{
                        "Team 1":"Reception",
                        "Team 2":"Service"
                    }
                },
                "Set 4":0,
                "Set 5":0
            },
            "Time":{
                "Set 1":{
                    "Time":{
                        "Start":"2019-12-20 20:30:00",
                        "End":"2019-12-20 21:01:00"
                    }
                },
                "Set 2":{
                    "Time":{
                        "Start":"2019-12-20 21:04:00",
                        "End":"2019-12-20 21:32:00"
                    }
                },
                "Set 3":{
                    "Time":{
                        "Start":"2019-12-20 21:35:00",
                        "End":"2019-12-20 22:00:00"
                    }
                },
                "Set 4":0,
                "Set 5":0
            },
            "Substitutions 1":{
                "Set 1":{
                    "I":{
                        "0":"11",
                        "1":"3",
                        "2":"19:19",
                        "3":null
                    },
                    "II":{
                        "0":12.0,
                        "1":null,
                        "2":null,
                        "3":null
                    },
                    "III":{
                        "0":"9",
                        "1":"5",
                        "2":"13:11",
                        "3":null
                    },
                    "IV":{
                        "0":10.0,
                        "1":null,
                        "2":null,
                        "3":null
                    },
                    "V":{
                        "0":"2",
                        "1":"1",
                        "2":"18:17",
                        "3":"21:22"
                    },
                    "VI":{
                        "0":4.0,
                        "1":null,
                        "2":null,
                        "3":null
                    }
                },
                "Set 2":{
                    "I":{
                        "0":3.0,
                        "1":null,
                        "2":null
                    },
                    "II":{
                        "0":12.0,
                        "1":null,
                        "2":null
                    },
                    "III":{
                        "0":"9",
                        "1":"5",
                        "2":"23:21"
                    },
                    "IV":{
                        "0":10.0,
                        "1":null,
                        "2":null
                    },
                    "V":{
                        "0":"1",
                        "1":"16",
                        "2":"18:13"
                    },
                    "VI":{
                        "0":4.0,
                        "1":null,
                        "2":null
                    }
                },
                "Set 3":{
                    "I":{
                        "0":"11",
                        "1":"3",
                        "2":"18:11"
                    },
                    "II":{
                        "0":12.0,
                        "1":null,
                        "2":null
                    },
                    "III":{
                        "0":5.0,
                        "1":null,
                        "2":null
                    },
                    "IV":{
                        "0":10.0,
                        "1":null,
                        "2":null
                    },
                    "V":{
                        "0":"16",
                        "1":"1",
                        "2":"18:11"
                    },
                    "VI":{
                        "0":4.0,
                        "1":null,
                        "2":null
                    }
                },
                "Set 4":0,
                "Set 5":0
            },
            "Substitutions 2":{
                "Set 1":{
                    "I":{
                        "0":8.0,
                        "1":null,
                        "2":null
                    },
                    "II":{
                        "0":"5",
                        "1":"9",
                        "2":"18:19"
                    },
                    "III":{
                        "0":18.0,
                        "1":null,
                        "2":null
                    },
                    "IV":{
                        "0":1.0,
                        "1":null,
                        "2":null
                    },
                    "V":{
                        "0":7.0,
                        "1":null,
                        "2":null
                    },
                    "VI":{
                        "0":"2",
                        "1":"10",
                        "2":"22:23"
                    }
                },
                "Set 2":{
                    "I":{
                        "0":"8",
                        "1":"10",
                        "2":"11:17",
                        "3":"21:24"
                    },
                    "II":{
                        "0":5.0,
                        "1":null,
                        "2":null,
                        "3":null
                    },
                    "III":{
                        "0":18.0,
                        "1":null,
                        "2":null,
                        "3":null
                    },
                    "IV":{
                        "0":1.0,
                        "1":null,
                        "2":null,
                        "3":null
                    },
                    "V":{
                        "0":"7",
                        "1":"9",
                        "2":"1:3",
                        "3":null
                    },
                    "VI":{
                        "0":2.0,
                        "1":null,
                        "2":null,
                        "3":null
                    }
                },
                "Set 3":{
                    "I":{
                        "0":9.0,
                        "1":null,
                        "2":null
                    },
                    "II":{
                        "0":18.0,
                        "1":null,
                        "2":null
                    },
                    "III":{
                        "0":1.0,
                        "1":null,
                        "2":null
                    },
                    "IV":{
                        "0":7.0,
                        "1":null,
                        "2":null
                    },
                    "V":{
                        "0":10.0,
                        "1":null,
                        "2":null
                    },
                    "VI":{
                        "0":"8",
                        "1":"5",
                        "2":"4:7"
                    }
                },
                "Set 4":0,
                "Set 5":0
            },
            "Serves 1":{
                "Set 1":{
                    "I":{
                        "0":null,
                        "1":11.0,
                        "2":19.0
                    },
                    "II":{
                        "0":"1",
                        "1":13,
                        "2":20
                    },
                    "III":{
                        "0":"2",
                        "1":14,
                        "2":21
                    },
                    "IV":{
                        "0":"6",
                        "1":15,
                        "2":25
                    },
                    "V":{
                        "0":"8",
                        "1":16.0,
                        "2":null
                    },
                    "VI":{
                        "0":"9",
                        "1":18.0,
                        "2":null
                    }
                },
                "Set 2":{
                    "I":{
                        "0":"2",
                        "1":14,
                        "2":24
                    },
                    "II":{
                        "0":"4",
                        "1":18,
                        "2":25
                    },
                    "III":{
                        "0":"5",
                        "1":19.0,
                        "2":null
                    },
                    "IV":{
                        "0":"7",
                        "1":20.0,
                        "2":null
                    },
                    "V":{
                        "0":"12",
                        "1":22.0,
                        "2":null
                    },
                    "VI":{
                        "0":"13",
                        "1":23.0,
                        "2":null
                    }
                },
                "Set 3":{
                    "I":{
                        "0":null,
                        "1":12.0,
                        "2":23.0
                    },
                    "II":{
                        "0":"1",
                        "1":13,
                        "2":25
                    },
                    "III":{
                        "0":"2",
                        "1":14.0,
                        "2":null
                    },
                    "IV":{
                        "0":"3",
                        "1":15.0,
                        "2":null
                    },
                    "V":{
                        "0":"6",
                        "1":18.0,
                        "2":null
                    },
                    "VI":{
                        "0":"8",
                        "1":19.0,
                        "2":null
                    }
                },
                "Set 4":0,
                "Set 5":0
            },
            "Serves 2":{
                "Set 1":{
                    "I":{
                        "0":"0",
                        "1":10,
                        "2":19
                    },
                    "II":{
                        "0":"2",
                        "1":11,
                        "2":20
                    },
                    "III":{
                        "0":"3",
                        "1":13,
                        "2":22
                    },
                    "IV":{
                        "0":"4",
                        "1":15.0,
                        "2":null
                    },
                    "V":{
                        "0":"6",
                        "1":16.0,
                        "2":null
                    },
                    "VI":{
                        "0":"9",
                        "1":18.0,
                        "2":null
                    }
                },
                "Set 2":{
                    "I":{
                        "0":null,
                        "1":9.0,
                        "2":21.0
                    },
                    "II":{
                        "0":"1",
                        "1":11,
                        "2":22
                    },
                    "III":{
                        "0":"4",
                        "1":16.0,
                        "2":null
                    },
                    "IV":{
                        "0":"5",
                        "1":17.0,
                        "2":null
                    },
                    "V":{
                        "0":"6",
                        "1":18.0,
                        "2":null
                    },
                    "VI":{
                        "0":"8",
                        "1":20.0,
                        "2":null
                    }
                },
                "Set 3":{
                    "I":{
                        "0":"0",
                        "1":6,
                        "2":14
                    },
                    "II":{
                        "0":"1",
                        "1":8.0,
                        "2":null
                    },
                    "III":{
                        "0":"2",
                        "1":9.0,
                        "2":null
                    },
                    "IV":{
                        "0":"3",
                        "1":10.0,
                        "2":null
                    },
                    "V":{
                        "0":"4",
                        "1":11.0,
                        "2":null
                    },
                    "VI":{
                        "0":"5",
                        "1":13.0,
                        "2":null
                    }
                },
                "Set 4":0,
                "Set 5":0
            },
            "Timeouts 1":{
                "Set 1":{
                    "T":{
                        "0":"21:21"
                    }
                },
                "Set 2":{
                    "T":{
                        "0":"18:14"
                    }
                },
                "Set 3":{
                    "T":{
                        "0":"13:8"
                    }
                },
                "Set 4":0,
                "Set 5":0
            },
            "Timeouts 2":{
                "Set 1":{
                    "T":{
                        "0":"22:22",
                        "1":"22:24"
                    }
                },
                "Set 2":{
                    "T":{
                        "0":"6:11",
                        "1":"18:22"
                    }
                },
                "Set 3":{
                    "T":{
                        "0":"5:11",
                        "1":"10:17"
                    }
                },
                "Set 4":0,
                "Set 5":0
            }
        },
        "Teams":{
            "Name":{
                "Team 1":"VOLLEY PRADETAN GARDEEN",
                "Team 2":"VOLLEY CLUB HYERES\/PIERREFEU"
            },
            "Players":{
                "Team 1":{
                    "N\u00b0":{
                        "0":1,
                        "1":2,
                        "2":3,
                        "3":4,
                        "4":5,
                        "5":6,
                        "6":8,
                        "7":9,
                        "8":10,
                        "9":11,
                        "10":12,
                        "11":16
                    },
                    "Nom Pr\u00e9nom":{
                        "0":"CHAMBON ORNELLA",
                        "1":"HERVE SOPHIE",
                        "2":"THIEME LILOU",
                        "3":"LAGARDE ELODIE",
                        "4":"CHARVIN BLANDINE",
                        "5":"OMARY FARIDA",
                        "6":"MAURICE ANGELIQUE",
                        "7":"DOMMARTIN TIPHAINE",
                        "8":"GAULARD KATELEEN",
                        "9":"PIERI AMBRE-ALIZEE",
                        "10":"TAVAEARII MAINANUI",
                        "11":"VEZZUTI ANNABELLE"
                    },
                    "Licence":{
                        "0":2193830,
                        "1":1428816,
                        "2":1991371,
                        "3":1733360,
                        "4":1838060,
                        "5":2090686,
                        "6":1835484,
                        "7":2311821,
                        "8":1966078,
                        "9":1672297,
                        "10":2317488,
                        "11":1802259
                    }
                },
                "Team 2":{
                    "N\u00b0":{
                        "0":1,
                        "1":2,
                        "2":5,
                        "3":7,
                        "4":8,
                        "5":9,
                        "6":10,
                        "7":12,
                        "8":13,
                        "9":18
                    },
                    "Nom Pr\u00e9nom":{
                        "0":"GAUDEL CHLOE",
                        "1":"ROBEAU LUCIE",
                        "2":"ALBERT MAELLE",
                        "3":"COULBAULT LAURE",
                        "4":"GENNIAUX EMILIE",
                        "5":"LECHAT MARIE FRANCE",
                        "6":"GUIEYSSE AUDREY",
                        "7":"PECHEUR CAMILLE",
                        "8":"LAFITTE NDAKI MBOULET ANNE-",
                        "9":"MICHELON ERICA"
                    },
                    "Licence":{
                        "0":1342199,
                        "1":2209325,
                        "2":2057148,
                        "3":2141732,
                        "4":1691898,
                        "5":1550582,
                        "6":1409582,
                        "7":1664786,
                        "8":2396113,
                        "9":2049794
                    }
                }
            },
            "Liberos":{
                "Team 1":{
                    "N\u00b0":{
                        "0":8
                    },
                    "Nom Pr\u00e9nom":{
                        "0":"MAURICE ANGELIQUE"
                    },
                    "Licence":{
                        "0":1835484
                    }
                },
                "Team 2":{
                    "N\u00b0":{
                        "0":12,
                        "1":13
                    },
                    "Nom Pr\u00e9nom":{
                        "0":"PECHEUR CAMILLE",
                        "1":"LAFITTE NDAKI MBOULET ANNE-"
                    },
                    "Licence":{
                        "0":1664786,
                        "1":2396113
                    }
                }
            },
            "Officials":{
                "Team 1":{
                    "N\u00b0":{
                        "0":"EA"
                    },
                    "Nom Pr\u00e9nom":{
                        "0":"MATTEI NICOLAS"
                    },
                    "Licence":{
                        "0":969514
                    }
                },
                "Team 2":{
                    "N\u00b0":{
                        "0":"EA",
                        "1":"EB"
                    },
                    "Nom Pr\u00e9nom":{
                        "0":"SERVAGEON GUILLAUME",
                        "1":"LECHAT CHRISTINE"
                    },
                    "Licence":{
                        "0":1634200,
                        "1":1091204
                    }
                }
            }
        },
        "Results":{
            "winner":"VOLLEY PRADETAN GARDEE",
            "score":"3\/0"
        },
        "Referees":{
            "NOM Pr\u00e9nom":{
                "1er":"MONTAGNESE OLIVIER",
                "2\u00e8me":"BOULBES MATHILDE",
                "Marqueur":"DEGOY CAMILLE",
                "Marq.Ass":".",
                "R.Salle":"ADORA LOIC"
            },
            "Ligue":{
                "1er":"LIG_PAC",
                "2\u00e8me":"LIG_PAC",
                "Marqueur":"LIG_PAC",
                "Marq.Ass":null,
                "R.Salle":"LIG_PAC"
            },
            "Licence":{
                "1er":711069.0,
                "2\u00e8me":1868688.0,
                "Marqueur":2241450.0,
                "Marq.Ass":null,
                "R.Salle":1345601.0
            }
        },
        "Penalties":{

        }
    }
}