{
    "Match":{
        "Title":{
            "div_code":"2FA",
            "div_name":"NATIONALE 2 FEMININE",
            "div_pool":"POULE A",
            "match_number":"2FA016",
            "match_day":"03",
            "city":"CANNES",
            "gym":"GYMNASE CARNOT",
            "category":"SENIOR | FEMININE",
            "ligue":"Comp\u00e9titions Nationales SENIORS",
            "date":"2019-10-19 20:30:00",
            "team_1":"RACING CLUB DE CANNES 2 CFC",
            "team_2":"VOLERO LE CANNET COTE D'AZUR 2 CFC"
        },
        "Sets":{
            "Teams":{
                "Set 1":{
                    "Name":{
                        "Team 1":"RACING CLUB DE CANNES",
                        "Team 2":"VOLERO LE CANNET COTE"
                    },
                    "Starting":{
                        "Team 1":"Service",
                        "Team 2":"Reception"
                    }
                },
                "Set 2":{
                    "Name":{
                        "Team 1":"RACING CLUB DE CANNES",
                        "Team 2":"VOLERO LE CANNET COTE"
                    },
                    "Starting":{
                        "Team 1":"Reception",
                        "Team 2":"Service"
                    }
                },
                "Set 3":{
                    "Name":{
                        "Team 1":"RACING CLUB DE CANNES",
                        "Team 2":"VOLERO LE CANNET COTE"
                    },
                    "Starting":{
                        "Team 1":"Service",
                        "Team 2":"Reception"
                    }
                },
                "Set 4":0,
                "Set 5":0
            },
            "Time":{
                "Set 1":{
                    "Time":{
                        "Start":"2019-10-19 20:50:00",
                        "End":"2019-10-19 21:24:00"
                    }
                },
                "Set 2":{
                    "Time":{
                        "Start":"2019-10-19 21:27:00",
                        "End":"2019-10-19 21:51:00"
                    }
                },
                "Set 3":{
                    "Time":{
                        "Start":"2019-10-19 21:54:00",
                        "End":"2019-10-19 22:23:00"
                    }
                },
                "Set 4":0,
                "Set 5":0
            },
            "Substitutions 1":{
                "Set 1":{
                    "I":{
                        "0":"14",
                        "1":"16",
                        "2":"20:23"
                    },
                    "II":{
                        "0":5.0,
                        "1":null,
                        "2":null
                    },
                    "III":{
                        "0":10.0,
                        "1":null,
                        "2":null
                    },
                    "IV":{
                        "0":9.0,
                        "1":null,
                        "2":null
                    },
                    "V":{
                        "0":20.0,
                        "1":null,
                        "2":null
                    },
                    "VI":{
                        "0":6.0,
                        "1":null,
                        "2":null
                    }
                },
                "Set 2":{
                    "I":{
                        "0":6.0,
                        "1":null,
                        "2":null
                    },
                    "II":{
                        "0":"14",
                        "1":"16",
                        "2":"5:12"
                    },
                    "III":{
                        "0":5.0,
                        "1":null,
                        "2":null
                    },
                    "IV":{
                        "0":"10",
                        "1":"8",
                        "2":"10:19"
                    },
                    "V":{
                        "0":9.0,
                        "1":null,
                        "2":null
                    },
                    "VI":{
                        "0":20.0,
                        "1":null,
                        "2":null
                    }
                },
                "Set 3":{
                    "I":{
                        "0":"14",
                        "1":"16",
                        "2":"14:23",
                        "3":null
                    },
                    "II":{
                        "0":5.0,
                        "1":null,
                        "2":null,
                        "3":null
                    },
                    "III":{
                        "0":"10",
                        "1":"8",
                        "2":"9:16",
                        "3":null
                    },
                    "IV":{
                        "0":9.0,
                        "1":null,
                        "2":null,
                        "3":null
                    },
                    "V":{
                        "0":"20",
                        "1":"18",
                        "2":"9:14",
                        "3":"12:17"
                    },
                    "VI":{
                        "0":6.0,
                        "1":null,
                        "2":null,
                        "3":null
                    }
                },
                "Set 4":0,
                "Set 5":0
            },
            "Substitutions 2":{
                "Set 1":{
                    "I":{
                        "0":"11",
                        "1":"4",
                        "2":"16:13"
                    },
                    "II":{
                        "0":3.0,
                        "1":null,
                        "2":null
                    },
                    "III":{
                        "0":"12",
                        "1":"6",
                        "2":"20:18"
                    },
                    "IV":{
                        "0":2.0,
                        "1":null,
                        "2":null
                    },
                    "V":{
                        "0":1.0,
                        "1":null,
                        "2":null
                    },
                    "VI":{
                        "0":8.0,
                        "1":null,
                        "2":null
                    }
                },
                "Set 2":{
                    "I":{
                        "0":3.0,
                        "1":null,
                        "2":null
                    },
                    "II":{
                        "0":"12",
                        "1":"6",
                        "2":"17:8"
                    },
                    "III":{
                        "0":2.0,
                        "1":null,
                        "2":null
                    },
                    "IV":{
                        "0":1.0,
                        "1":null,
                        "2":null
                    },
                    "V":{
                        "0":8.0,
                        "1":null,
                        "2":null
                    },
                    "VI":{
                        "0":4.0,
                        "1":null,
                        "2":null
                    }
                },
                "Set 3":{
                    "I":{
                        "0":4.0,
                        "1":null,
                        "2":null
                    },
                    "II":{
                        "0":"3",
                        "1":"7",
                        "2":"23:14"
                    },
                    "III":{
                        "0":"12",
                        "1":"6",
                        "2":"18:12"
                    },
                    "IV":{
                        "0":2.0,
                        "1":null,
                        "2":null
                    },
                    "V":{
                        "0":1.0,
                        "1":null,
                        "2":null
                    },
                    "VI":{
                        "0":8.0,
                        "1":null,
                        "2":null
                    }
                },
                "Set 4":0,
                "Set 5":0
            },
            "Serves 1":{
                "Set 1":{
                    "I":{
                        "0":"0",
                        "1":7,
                        "2":17
                    },
                    "II":{
                        "0":"1",
                        "1":8,
                        "2":18
                    },
                    "III":{
                        "0":"2",
                        "1":10,
                        "2":19
                    },
                    "IV":{
                        "0":"4",
                        "1":11,
                        "2":20
                    },
                    "V":{
                        "0":"5",
                        "1":12.0,
                        "2":null
                    },
                    "VI":{
                        "0":"6",
                        "1":13.0,
                        "2":null
                    }
                },
                "Set 2":{
                    "I":{
                        "0":null,
                        "1":7.0
                    },
                    "II":{
                        "0":"1",
                        "1":8
                    },
                    "III":{
                        "0":"3",
                        "1":10
                    },
                    "IV":{
                        "0":"4",
                        "1":11
                    },
                    "V":{
                        "0":"5",
                        "1":12
                    },
                    "VI":{
                        "0":"6",
                        "1":null
                    }
                },
                "Set 3":{
                    "I":{
                        "0":"2",
                        "1":11
                    },
                    "II":{
                        "0":"3",
                        "1":12
                    },
                    "III":{
                        "0":"5",
                        "1":13
                    },
                    "IV":{
                        "0":"6",
                        "1":14
                    },
                    "V":{
                        "0":"8",
                        "1":16
                    },
                    "VI":{
                        "0":"9",
                        "1":null
                    }
                },
                "Set 4":0,
                "Set 5":0
            },
            "Serves 2":{
                "Set 1":{
                    "I":{
                        "0":null,
                        "1":8.0,
                        "2":17.0
                    },
                    "II":{
                        "0":"2",
                        "1":10,
                        "2":19
                    },
                    "III":{
                        "0":"3",
                        "1":11,
                        "2":20
                    },
                    "IV":{
                        "0":"4",
                        "1":13,
                        "2":23
                    },
                    "V":{
                        "0":"5",
                        "1":14,
                        "2":25
                    },
                    "VI":{
                        "0":"7",
                        "1":15.0,
                        "2":null
                    }
                },
                "Set 2":{
                    "I":{
                        "0":"0",
                        "1":16
                    },
                    "II":{
                        "0":"2",
                        "1":17
                    },
                    "III":{
                        "0":"6",
                        "1":22
                    },
                    "IV":{
                        "0":"7",
                        "1":24
                    },
                    "V":{
                        "0":"13",
                        "1":25
                    },
                    "VI":{
                        "0":"15",
                        "1":null
                    }
                },
                "Set 3":{
                    "I":{
                        "0":null,
                        "1":16.0
                    },
                    "II":{
                        "0":"2",
                        "1":17
                    },
                    "III":{
                        "0":"3",
                        "1":18
                    },
                    "IV":{
                        "0":"4",
                        "1":21
                    },
                    "V":{
                        "0":"7",
                        "1":24
                    },
                    "VI":{
                        "0":"10",
                        "1":25
                    }
                },
                "Set 4":0,
                "Set 5":0
            },
            "Timeouts 1":{
                "Set 1":{
                    "T":{
                        "0":"13:17",
                        "1":"19:22"
                    }
                },
                "Set 2":{
                    "T":{
                        "0":"5:11",
                        "1":"10:21"
                    }
                },
                "Set 3":{
                    "T":{
                        "0":"9:12",
                        "1":"13:20"
                    }
                },
                "Set 4":0,
                "Set 5":0
            },
            "Timeouts 2":{
                "Set 1":{
                    "T":{
                        "0":"17:17"
                    }
                },
                "Set 2":{
                    "T":{

                    }
                },
                "Set 3":{
                    "T":{

                    }
                },
                "Set 4":0,
                "Set 5":0
            }
        },
        "Teams":{
            "Name":{
                "Team 1":"RACING CLUB DE CANNES 2 CFC",
                "Team 2":"VOLERO LE CANNET COTE D'AZUR 2"
            },
            "Players":{
                "Team 1":{
                    "N\u00b0":{
                        "0":4,
                        "1":5,
                        "2":6,
                        "3":8,
                        "4":9,
                        "5":10,
                        "6":13,
                        "7":14,
                        "8":16,
                        "9":18,
                        "10":20
                    },
                    "Nom Pr\u00e9nom":{
                        "0":"PESCE VALENTINE",
                        "1":"DAVIES NIAMH",
                        "2":"DIBERT LAUREL",
                        "3":"FERESIN CLARA",
                        "4":"KNOL SARAH",
                        "5":"REBUFFEL JENNIFER",
                        "6":"HIEULLE OTTAVIA",
                        "7":"BELTRANDO ANDREA",
                        "8":"CONTI ELEONORA",
                        "9":"DUMONT FANNY",
                        "10":"CASALI LUDIVINE"
                    },
                    "Licence":{
                        "0":1839323,
                        "1":2040583,
                        "2":2023382,
                        "3":2097434,
                        "4":0,
                        "5":1942564,
                        "6":1990488,
                        "7":0,
                        "8":0,
                        "9":1808299,
                        "10":1830343
                    }
                },
                "Team 2":{
                    "N\u00b0":{
                        "0":1,
                        "1":2,
                        "2":3,
                        "3":4,
                        "4":5,
                        "5":6,
                        "6":7,
                        "7":8,
                        "8":10,
                        "9":11,
                        "10":12
                    },
                    "Nom Pr\u00e9nom":{
                        "0":"AGBOLOSSOU JOYCE",
                        "1":"PSILA KARINE",
                        "2":"SEBAN DELPHINE",
                        "3":"SCHALK MA\u00c9VA",
                        "4":"LABORDE LILI",
                        "5":"FALCON SOLENE",
                        "6":"ZEGGAGH LALIE",
                        "7":"MARACHE JULIETTE",
                        "8":"BECHEC LILOUANN",
                        "9":"BRUN OLIVIA",
                        "10":"MASSON VIRGINIE"
                    },
                    "Licence":{
                        "0":1862359,
                        "1":1405709,
                        "2":1654258,
                        "3":2003384,
                        "4":1854293,
                        "5":1886733,
                        "6":2027472,
                        "7":2022851,
                        "8":1892017,
                        "9":2091867,
                        "10":1405725
                    }
                }
            },
            "Liberos":{
                "Team 1":{
                    "N\u00b0":{
                        "0":4,
                        "1":13
                    },
                    "Nom Pr\u00e9nom":{
                        "0":"PESCE VALENTINE",
                        "1":"HIEULLE OTTAVIA"
                    },
                    "Licence":{
                        "0":1839323,
                        "1":1990488
                    }
                },
                "Team 2":{
                    "N\u00b0":{
                        "0":5,
                        "1":10
                    },
                    "Nom Pr\u00e9nom":{
                        "0":"LABORDE LILI",
                        "1":"BECHEC LILOUANN"
                    },
                    "Licence":{
                        "0":1854293,
                        "1":1892017
                    }
                }
            },
            "Officials":{
                "Team 1":{
                    "N\u00b0":{
                        "0":"EA",
                        "1":"EB"
                    },
                    "Nom Pr\u00e9nom":{
                        "0":"WINOGRAD FRANCOIS",
                        "1":"ANDREIS ALBERTO"
                    },
                    "Licence":{
                        "0":773325,
                        "1":2356819
                    }
                },
                "Team 2":{
                    "N\u00b0":{
                        "0":"EA"
                    },
                    "Nom Pr\u00e9nom":{
                        "0":"MINKOVA RAYNA"
                    },
                    "Licence":{
                        "0":1118980
                    }
                }
            }
        },
        "Results":{
            "winner":"VOLERO LE CANNET COTE",
            "score":"3\/0"
        },
        "Referees":{
            "NOM Pr\u00e9nom":{
                "1er":"BELDICO THOMAS",
                "2\u00e8me":"BLANC EMMANUEL",
                "Marqueur":"BIANCONI SYLVAIN",
                "Marq.Ass":".",
                "nan":null
            },
            "Ligue":{
                "1er":"LIG_PAC",
                "2\u00e8me":"LIG_PAC",
                "Marqueur":"LIG_PAC",
                "Marq.Ass":null,
                "nan":"Juges"
            },
            "Licence":{
                "1er":1812190.0,
                "2\u00e8me":1679179.0,
                "Marqueur":2199425.0,
                "Marq.Ass":null,
                "nan":null
            }
        },
        "Penalties":{

        }
    }
}