{
    "Match":{
        "Title":{
            "div_code":"2FA",
            "div_name":"NATIONALE 2 FEMININE",
            "div_pool":"POULE A",
            "match_number":"2FA052",
            "match_day":"08",
            "city":"ALBI",
            "gym":"COSEC",
            "category":"SENIOR | FEMININE",
            "ligue":"Comp\u00e9titions Nationales SENIORS",
            "date":"2019-12-01 15:00:00",
            "team_1":"VOLLEY-BALL ALBIGEOIS",
            "team_2":"UGS LATTES BEAUX ARTS MONTPELLIER VOLLEY-BALL"
        },
        "Sets":{
            "Teams":{
                "Set 1":{
                    "Name":{
                        "Team 1":"VOLLEY-BALL ALBIGEOIS",
                        "Team 2":"UGS LATTES BEAUX ARTS"
                    },
                    "Starting":{
                        "Team 1":"Reception",
                        "Team 2":"Service"
                    }
                },
                "Set 2":{
                    "Name":{
                        "Team 1":"VOLLEY-BALL ALBIGEOIS",
                        "Team 2":"UGS LATTES BEAUX ARTS"
                    },
                    "Starting":{
                        "Team 1":"Reception",
                        "Team 2":"Service"
                    }
                },
                "Set 3":{
                    "Name":{
                        "Team 1":"VOLLEY-BALL ALBIGEOIS",
                        "Team 2":"UGS LATTES BEAUX ARTS"
                    },
                    "Starting":{
                        "Team 1":"Reception",
                        "Team 2":"Service"
                    }
                },
                "Set 4":0,
                "Set 5":0
            },
            "Time":{
                "Set 1":{
                    "Time":{
                        "Start":"2019-12-01 14:57:00",
                        "End":"2019-12-01 15:23:00"
                    }
                },
                "Set 2":{
                    "Time":{
                        "Start":"2019-12-01 15:27:00",
                        "End":"2019-12-01 15:56:00"
                    }
                },
                "Set 3":{
                    "Time":{
                        "Start":"2019-12-01 15:59:00",
                        "End":"2019-12-01 16:23:00"
                    }
                },
                "Set 4":0,
                "Set 5":0
            },
            "Substitutions 1":{
                "Set 1":{
                    "I":{
                        "0":4.0,
                        "1":null,
                        "2":null
                    },
                    "II":{
                        "0":"5",
                        "1":"6",
                        "2":"10:21"
                    },
                    "III":{
                        "0":12.0,
                        "1":null,
                        "2":null
                    },
                    "IV":{
                        "0":8.0,
                        "1":null,
                        "2":null
                    },
                    "V":{
                        "0":11.0,
                        "1":null,
                        "2":null
                    },
                    "VI":{
                        "0":"10",
                        "1":"15",
                        "2":"10:19"
                    }
                },
                "Set 2":{
                    "I":{
                        "0":5.0,
                        "1":null,
                        "2":null,
                        "3":null
                    },
                    "II":{
                        "0":12.0,
                        "1":null,
                        "2":null,
                        "3":null
                    },
                    "III":{
                        "0":8.0,
                        "1":null,
                        "2":null,
                        "3":null
                    },
                    "IV":{
                        "0":11.0,
                        "1":null,
                        "2":null,
                        "3":null
                    },
                    "V":{
                        "0":"10",
                        "1":"20",
                        "2":"20:23",
                        "3":"22:24"
                    },
                    "VI":{
                        "0":4.0,
                        "1":null,
                        "2":null,
                        "3":null
                    }
                },
                "Set 3":{
                    "I":{
                        "0":4.0,
                        "1":null,
                        "2":null
                    },
                    "II":{
                        "0":"5",
                        "1":"6",
                        "2":"14:21"
                    },
                    "III":{
                        "0":12.0,
                        "1":null,
                        "2":null
                    },
                    "IV":{
                        "0":8.0,
                        "1":null,
                        "2":null
                    },
                    "V":{
                        "0":"10",
                        "1":"20",
                        "2":"6:8"
                    },
                    "VI":{
                        "0":11.0,
                        "1":null,
                        "2":null
                    }
                },
                "Set 4":0,
                "Set 5":0
            },
            "Substitutions 2":{
                "Set 1":{
                    "I":{
                        "0":1
                    },
                    "II":{
                        "0":18
                    },
                    "III":{
                        "0":8
                    },
                    "IV":{
                        "0":17
                    },
                    "V":{
                        "0":3
                    },
                    "VI":{
                        "0":5
                    }
                },
                "Set 2":{
                    "I":{
                        "0":18.0,
                        "1":null,
                        "2":null
                    },
                    "II":{
                        "0":8.0,
                        "1":null,
                        "2":null
                    },
                    "III":{
                        "0":"17",
                        "1":"10",
                        "2":"24:22"
                    },
                    "IV":{
                        "0":3.0,
                        "1":null,
                        "2":null
                    },
                    "V":{
                        "0":5.0,
                        "1":null,
                        "2":null
                    },
                    "VI":{
                        "0":1.0,
                        "1":null,
                        "2":null
                    }
                },
                "Set 3":{
                    "I":{
                        "0":"18",
                        "1":"10",
                        "2":"20:14"
                    },
                    "II":{
                        "0":8.0,
                        "1":null,
                        "2":null
                    },
                    "III":{
                        "0":17.0,
                        "1":null,
                        "2":null
                    },
                    "IV":{
                        "0":3.0,
                        "1":null,
                        "2":null
                    },
                    "V":{
                        "0":5.0,
                        "1":null,
                        "2":null
                    },
                    "VI":{
                        "0":1.0,
                        "1":null,
                        "2":null
                    }
                },
                "Set 4":0,
                "Set 5":0
            },
            "Serves 1":{
                "Set 1":{
                    "I":{
                        "0":null,
                        "1":11.0
                    },
                    "II":{
                        "0":"5",
                        "1":12
                    },
                    "III":{
                        "0":"6",
                        "1":null
                    },
                    "IV":{
                        "0":"8",
                        "1":null
                    },
                    "V":{
                        "0":"9",
                        "1":null
                    },
                    "VI":{
                        "0":"10",
                        "1":null
                    }
                },
                "Set 2":{
                    "I":{
                        "0":null,
                        "1":14.0,
                        "2":23.0
                    },
                    "II":{
                        "0":"6",
                        "1":15.0,
                        "2":null
                    },
                    "III":{
                        "0":"7",
                        "1":17.0,
                        "2":null
                    },
                    "IV":{
                        "0":"9",
                        "1":19.0,
                        "2":null
                    },
                    "V":{
                        "0":"10",
                        "1":20.0,
                        "2":null
                    },
                    "VI":{
                        "0":"12",
                        "1":21.0,
                        "2":null
                    }
                },
                "Set 3":{
                    "I":{
                        "0":null,
                        "1":7.0,
                        "2":15.0
                    },
                    "II":{
                        "0":"1",
                        "1":10.0,
                        "2":null
                    },
                    "III":{
                        "0":"3",
                        "1":11.0,
                        "2":null
                    },
                    "IV":{
                        "0":"4",
                        "1":12.0,
                        "2":null
                    },
                    "V":{
                        "0":"5",
                        "1":13.0,
                        "2":null
                    },
                    "VI":{
                        "0":"6",
                        "1":14.0,
                        "2":null
                    }
                },
                "Set 4":0,
                "Set 5":0
            },
            "Serves 2":{
                "Set 1":{
                    "I":{
                        "0":"0",
                        "1":23
                    },
                    "II":{
                        "0":"1",
                        "1":25
                    },
                    "III":{
                        "0":"4",
                        "1":null
                    },
                    "IV":{
                        "0":"10",
                        "1":null
                    },
                    "V":{
                        "0":"14",
                        "1":null
                    },
                    "VI":{
                        "0":"21",
                        "1":null
                    }
                },
                "Set 2":{
                    "I":{
                        "0":"0",
                        "1":16,
                        "2":25
                    },
                    "II":{
                        "0":"2",
                        "1":18.0,
                        "2":null
                    },
                    "III":{
                        "0":"3",
                        "1":19.0,
                        "2":null
                    },
                    "IV":{
                        "0":"6",
                        "1":21.0,
                        "2":null
                    },
                    "V":{
                        "0":"10",
                        "1":23.0,
                        "2":null
                    },
                    "VI":{
                        "0":"14",
                        "1":24.0,
                        "2":null
                    }
                },
                "Set 3":{
                    "I":{
                        "0":"1",
                        "1":14,
                        "2":25
                    },
                    "II":{
                        "0":"3",
                        "1":15.0,
                        "2":null
                    },
                    "III":{
                        "0":"6",
                        "1":16.0,
                        "2":null
                    },
                    "IV":{
                        "0":"7",
                        "1":18.0,
                        "2":null
                    },
                    "V":{
                        "0":"8",
                        "1":19.0,
                        "2":null
                    },
                    "VI":{
                        "0":"13",
                        "1":21.0,
                        "2":null
                    }
                },
                "Set 4":0,
                "Set 5":0
            },
            "Timeouts 1":{
                "Set 1":{
                    "T":{
                        "0":"8:9",
                        "1":"9:14"
                    }
                },
                "Set 2":{
                    "T":{
                        "0":"10:9",
                        "1":"20:22"
                    }
                },
                "Set 3":{
                    "T":{
                        "0":"6:12",
                        "1":"15:23"
                    }
                },
                "Set 4":0,
                "Set 5":0
            },
            "Timeouts 2":{
                "Set 1":{
                    "T":{
                        "0":"0:5"
                    }
                },
                "Set 2":{
                    "T":{
                        "0":"0:6",
                        "1":"24:23"
                    }
                },
                "Set 3":{
                    "T":{
                        "0":"14:10"
                    }
                },
                "Set 4":0,
                "Set 5":0
            }
        },
        "Teams":{
            "Name":{
                "Team 1":"VOLLEY-BALL ALBIGEOIS",
                "Team 2":"UGS LATTES BEAUX ARTS MONTPELL"
            },
            "Players":{
                "Team 1":{
                    "N\u00b0":{
                        "0":3,
                        "1":4,
                        "2":5,
                        "3":6,
                        "4":8,
                        "5":10,
                        "6":11,
                        "7":12,
                        "8":13,
                        "9":15,
                        "10":20
                    },
                    "Nom Pr\u00e9nom":{
                        "0":"PIGOT CAMILLE",
                        "1":"LECOQ STEPHANIE",
                        "2":"REY JULIE",
                        "3":"AVERSENG MELANY",
                        "4":"CANCE MAELLE",
                        "5":"BAWEDIN ANDREA",
                        "6":"WIERRE LAURA",
                        "7":"LEMOUZY MAYARA",
                        "8":"BALFET PAULINE",
                        "9":"DEFOS PAULINE",
                        "10":"MEURILLON ELISA"
                    },
                    "Licence":{
                        "0":1952442,
                        "1":1715937,
                        "2":1845219,
                        "3":1866458,
                        "4":1755841,
                        "5":1493690,
                        "6":1229533,
                        "7":1989698,
                        "8":2189778,
                        "9":1529765,
                        "10":1892370
                    }
                },
                "Team 2":{
                    "N\u00b0":{
                        "0":1,
                        "1":3,
                        "2":4,
                        "3":5,
                        "4":8,
                        "5":10,
                        "6":14,
                        "7":17,
                        "8":18
                    },
                    "Nom Pr\u00e9nom":{
                        "0":"ARNAUD TOSCANE",
                        "1":"FRABOULET CAMILLE",
                        "2":"GIRARD JUSTINE",
                        "3":"REBICHON PAULINE",
                        "4":"BAILLETTE LEONIE",
                        "5":"SEIDENBINDER CLEMENTINE",
                        "6":"CUFFEL ASTRID",
                        "7":"BONNIN ANGELE",
                        "8":"MAYOUD LEA"
                    },
                    "Licence":{
                        "0":1917004,
                        "1":1651186,
                        "2":1812614,
                        "3":1842858,
                        "4":1882816,
                        "5":1685882,
                        "6":1941827,
                        "7":1798402,
                        "8":1593764
                    }
                }
            },
            "Liberos":{
                "Team 1":{
                    "N\u00b0":{
                        "0":13
                    },
                    "Nom Pr\u00e9nom":{
                        "0":"BALFET PAULINE"
                    },
                    "Licence":{
                        "0":2189778
                    }
                },
                "Team 2":{
                    "N\u00b0":{
                        "0":14
                    },
                    "Nom Pr\u00e9nom":{
                        "0":"CUFFEL ASTRID"
                    },
                    "Licence":{
                        "0":1941827
                    }
                }
            },
            "Officials":{
                "Team 1":{
                    "N\u00b0":{
                        "0":"EA"
                    },
                    "Nom Pr\u00e9nom":{
                        "0":"KADJO ISABELLE"
                    },
                    "Licence":{
                        "0":1103424
                    }
                },
                "Team 2":{
                    "N\u00b0":{
                        "0":"EA"
                    },
                    "Nom Pr\u00e9nom":{
                        "0":"BRU GAUTIER"
                    },
                    "Licence":{
                        "0":2037324
                    }
                }
            }
        },
        "Results":{
            "winner":"UGS LATTES BEAUX ARTS",
            "score":"3\/0"
        },
        "Referees":{
            "NOM Pr\u00e9nom":{
                "1er":"DARQUY DAVID",
                "2\u00e8me":"PECALVEL CYPRIEN",
                "Marqueur":"JOLY JULIE",
                "Marq.Ass":".",
                "R.Salle":"MARTIN CLAUDE"
            },
            "Ligue":{
                "1er":"LIG_AQ",
                "2\u00e8me":"LIG_OCC",
                "Marqueur":"LIG_OCC",
                "Marq.Ass":null,
                "R.Salle":"LIG_OCC"
            },
            "Licence":{
                "1er":1017585.0,
                "2\u00e8me":1718761.0,
                "Marqueur":1958116.0,
                "Marq.Ass":null,
                "R.Salle":1877822.0
            }
        },
        "Penalties":{

        }
    }
}