{
    "Match":{
        "Title":{
            "div_code":"2FA",
            "div_name":"NATIONALE 2 FEMININE",
            "div_pool":"POULE A",
            "match_number":"2FA050",
            "match_day":"08",
            "city":"LA GARDE",
            "gym":"JACQUES TROIN",
            "category":"SENIOR | FEMININE",
            "ligue":"Comp\u00e9titions Nationales SENIORS",
            "date":"2019-11-30 20:30:00",
            "team_1":"VOLLEY PRADETAN GARDEEN",
            "team_2":"ASS SPORTIVE DE MONACO"
        },
        "Sets":{
            "Teams":{
                "Set 1":{
                    "Name":{
                        "Team 1":"VOLLEY PRADETAN GARDEE",
                        "Team 2":"ASS SPORTIVE DE MONACO"
                    },
                    "Starting":{
                        "Team 1":"Service",
                        "Team 2":"Reception"
                    }
                },
                "Set 2":{
                    "Name":{
                        "Team 1":"VOLLEY PRADETAN GARDEE",
                        "Team 2":"ASS SPORTIVE DE MONACO"
                    },
                    "Starting":{
                        "Team 1":"Reception",
                        "Team 2":"Service"
                    }
                },
                "Set 3":{
                    "Name":{
                        "Team 1":"VOLLEY PRADETAN GARDEE",
                        "Team 2":"ASS SPORTIVE DE MONACO"
                    },
                    "Starting":{
                        "Team 1":"Service",
                        "Team 2":"Reception"
                    }
                },
                "Set 4":0,
                "Set 5":0
            },
            "Time":{
                "Set 1":{
                    "Time":{
                        "Start":"2019-11-30 20:29:00",
                        "End":"2019-11-30 20:49:00"
                    }
                },
                "Set 2":{
                    "Time":{
                        "Start":"2019-11-30 20:53:00",
                        "End":"2019-11-30 21:21:00"
                    }
                },
                "Set 3":{
                    "Time":{
                        "Start":"2019-11-30 21:25:00",
                        "End":"2019-11-30 21:48:00"
                    }
                },
                "Set 4":0,
                "Set 5":0
            },
            "Substitutions 1":{
                "Set 1":{
                    "I":{
                        "0":11.0,
                        "1":null,
                        "2":null
                    },
                    "II":{
                        "0":"16",
                        "1":"3",
                        "2":"9:19"
                    },
                    "III":{
                        "0":9.0,
                        "1":null,
                        "2":null
                    },
                    "IV":{
                        "0":10.0,
                        "1":null,
                        "2":null
                    },
                    "V":{
                        "0":2.0,
                        "1":null,
                        "2":null
                    },
                    "VI":{
                        "0":4.0,
                        "1":null,
                        "2":null
                    }
                },
                "Set 2":{
                    "I":{
                        "0":"11",
                        "1":"16",
                        "2":"11:18",
                        "3":"18:22"
                    },
                    "II":{
                        "0":10.0,
                        "1":null,
                        "2":null,
                        "3":null
                    },
                    "III":{
                        "0":4.0,
                        "1":null,
                        "2":null,
                        "3":null
                    },
                    "IV":{
                        "0":3.0,
                        "1":null,
                        "2":null,
                        "3":null
                    },
                    "V":{
                        "0":2.0,
                        "1":null,
                        "2":null,
                        "3":null
                    },
                    "VI":{
                        "0":6.0,
                        "1":null,
                        "2":null,
                        "3":null
                    }
                },
                "Set 3":{
                    "I":{
                        "0":11.0,
                        "1":null,
                        "2":null
                    },
                    "II":{
                        "0":"10",
                        "1":"12",
                        "2":"16:24"
                    },
                    "III":{
                        "0":4.0,
                        "1":null,
                        "2":null
                    },
                    "IV":{
                        "0":"3",
                        "1":"6",
                        "2":"11:17"
                    },
                    "V":{
                        "0":"2",
                        "1":"16",
                        "2":"3:8"
                    },
                    "VI":{
                        "0":9.0,
                        "1":null,
                        "2":null
                    }
                },
                "Set 4":0,
                "Set 5":0
            },
            "Substitutions 2":{
                "Set 1":{
                    "I":{
                        "0":9.0,
                        "1":null,
                        "2":null
                    },
                    "II":{
                        "0":6.0,
                        "1":null,
                        "2":null
                    },
                    "III":{
                        "0":4.0,
                        "1":null,
                        "2":null
                    },
                    "IV":{
                        "0":"7",
                        "1":"8",
                        "2":"22:11"
                    },
                    "V":{
                        "0":10.0,
                        "1":null,
                        "2":null
                    },
                    "VI":{
                        "0":5.0,
                        "1":null,
                        "2":null
                    }
                },
                "Set 2":{
                    "I":{
                        "0":6
                    },
                    "II":{
                        "0":4
                    },
                    "III":{
                        "0":8
                    },
                    "IV":{
                        "0":10
                    },
                    "V":{
                        "0":5
                    },
                    "VI":{
                        "0":2
                    }
                },
                "Set 3":{
                    "I":{
                        "0":6.0,
                        "1":null,
                        "2":null
                    },
                    "II":{
                        "0":4.0,
                        "1":null,
                        "2":null
                    },
                    "III":{
                        "0":"7",
                        "1":"8",
                        "2":"20:15"
                    },
                    "IV":{
                        "0":10.0,
                        "1":null,
                        "2":null
                    },
                    "V":{
                        "0":5.0,
                        "1":null,
                        "2":null
                    },
                    "VI":{
                        "0":9.0,
                        "1":null,
                        "2":null
                    }
                },
                "Set 4":0,
                "Set 5":0
            },
            "Serves 1":{
                "Set 1":{
                    "I":{
                        "0":"0",
                        "1":8
                    },
                    "II":{
                        "0":"1",
                        "1":10
                    },
                    "III":{
                        "0":"2",
                        "1":11
                    },
                    "IV":{
                        "0":"3",
                        "1":null
                    },
                    "V":{
                        "0":"4",
                        "1":null
                    },
                    "VI":{
                        "0":"5",
                        "1":null
                    }
                },
                "Set 2":{
                    "I":{
                        "0":null,
                        "1":8.0,
                        "2":18.0
                    },
                    "II":{
                        "0":"1",
                        "1":9,
                        "2":20
                    },
                    "III":{
                        "0":"2",
                        "1":10.0,
                        "2":null
                    },
                    "IV":{
                        "0":"4",
                        "1":11.0,
                        "2":null
                    },
                    "V":{
                        "0":"5",
                        "1":12.0,
                        "2":null
                    },
                    "VI":{
                        "0":"7",
                        "1":13.0,
                        "2":null
                    }
                },
                "Set 3":{
                    "I":{
                        "0":"0",
                        "1":11
                    },
                    "II":{
                        "0":"2",
                        "1":15
                    },
                    "III":{
                        "0":"3",
                        "1":16
                    },
                    "IV":{
                        "0":"4",
                        "1":18
                    },
                    "V":{
                        "0":"6",
                        "1":null
                    },
                    "VI":{
                        "0":"7",
                        "1":null
                    }
                },
                "Set 4":0,
                "Set 5":0
            },
            "Serves 2":{
                "Set 1":{
                    "I":{
                        "0":null,
                        "1":17.0
                    },
                    "II":{
                        "0":"1",
                        "1":19
                    },
                    "III":{
                        "0":"6",
                        "1":21
                    },
                    "IV":{
                        "0":"9",
                        "1":25
                    },
                    "V":{
                        "0":"10",
                        "1":null
                    },
                    "VI":{
                        "0":"12",
                        "1":null
                    }
                },
                "Set 2":{
                    "I":{
                        "0":"0",
                        "1":13,
                        "2":23
                    },
                    "II":{
                        "0":"2",
                        "1":16,
                        "2":25
                    },
                    "III":{
                        "0":"6",
                        "1":17.0,
                        "2":null
                    },
                    "IV":{
                        "0":"9",
                        "1":19.0,
                        "2":null
                    },
                    "V":{
                        "0":"10",
                        "1":20.0,
                        "2":null
                    },
                    "VI":{
                        "0":"12",
                        "1":21.0,
                        "2":null
                    }
                },
                "Set 3":{
                    "I":{
                        "0":null,
                        "1":16.0
                    },
                    "II":{
                        "0":"4",
                        "1":19
                    },
                    "III":{
                        "0":"6",
                        "1":21
                    },
                    "IV":{
                        "0":"11",
                        "1":24
                    },
                    "V":{
                        "0":"12",
                        "1":25
                    },
                    "VI":{
                        "0":"13",
                        "1":null
                    }
                },
                "Set 4":0,
                "Set 5":0
            },
            "Timeouts 1":{
                "Set 1":{
                    "T":{
                        "0":"4:11",
                        "1":"11:23"
                    }
                },
                "Set 2":{
                    "T":{
                        "0":"8:13",
                        "1":"18:22"
                    }
                },
                "Set 3":{
                    "T":{
                        "0":"0:4",
                        "1":"16:22"
                    }
                },
                "Set 4":0,
                "Set 5":0
            },
            "Timeouts 2":{
                "Set 1":{
                    "T":{

                    }
                },
                "Set 2":{
                    "T":{
                        "0":"21:18"
                    }
                },
                "Set 3":{
                    "T":{

                    }
                },
                "Set 4":0,
                "Set 5":0
            }
        },
        "Teams":{
            "Name":{
                "Team 1":"VOLLEY PRADETAN GARDEEN",
                "Team 2":"ASS SPORTIVE DE MONACO"
            },
            "Players":{
                "Team 1":{
                    "N\u00b0":{
                        "0":2,
                        "1":3,
                        "2":4,
                        "3":6,
                        "4":8,
                        "5":9,
                        "6":10,
                        "7":11,
                        "8":12,
                        "9":16
                    },
                    "Nom Pr\u00e9nom":{
                        "0":"HERVE SOPHIE",
                        "1":"THIEME LILOU",
                        "2":"LAGARDE ELODIE",
                        "3":"OMARY FARIDA",
                        "4":"MAURICE ANGELIQUE",
                        "5":"DOMMARTIN TIPHAINE",
                        "6":"GAULARD KATELEEN",
                        "7":"PIERI AMBRE-ALIZEE",
                        "8":"CHAMBON ORNELLA",
                        "9":"VEZZUTI ANNABELLE"
                    },
                    "Licence":{
                        "0":1428816,
                        "1":1991371,
                        "2":1733360,
                        "3":2090686,
                        "4":1835484,
                        "5":2311821,
                        "6":1966078,
                        "7":1672297,
                        "8":2193830,
                        "9":1802259
                    }
                },
                "Team 2":{
                    "N\u00b0":{
                        "0":1,
                        "1":2,
                        "2":4,
                        "3":5,
                        "4":6,
                        "5":7,
                        "6":8,
                        "7":9,
                        "8":10
                    },
                    "Nom Pr\u00e9nom":{
                        "0":"REBUFFEL MANON",
                        "1":"GUADDACHE WIEME",
                        "2":"BAUSSET FRANCE",
                        "3":"BACHERY HAYAT",
                        "4":"CHAMEAUX LENA",
                        "5":"DA MOURA LEAL CELIA",
                        "6":"REVEL CHION CAROLINE",
                        "7":"HARAGOVA VENDULA",
                        "8":"GIORDANO MATHILDE"
                    },
                    "Licence":{
                        "0":1777045,
                        "1":1823437,
                        "2":1556677,
                        "3":1345937,
                        "4":1778916,
                        "5":1611693,
                        "6":1463563,
                        "7":1879131,
                        "8":1077178
                    }
                }
            },
            "Liberos":{
                "Team 1":{
                    "N\u00b0":{
                        "0":8
                    },
                    "Nom Pr\u00e9nom":{
                        "0":"MAURICE ANGELIQUE"
                    },
                    "Licence":{
                        "0":1835484
                    }
                },
                "Team 2":{
                    "N\u00b0":{
                        "0":1
                    },
                    "Nom Pr\u00e9nom":{
                        "0":"REBUFFEL MANON"
                    },
                    "Licence":{
                        "0":1777045
                    }
                }
            },
            "Officials":{
                "Team 1":{
                    "N\u00b0":{
                        "0":"EA"
                    },
                    "Nom Pr\u00e9nom":{
                        "0":"MATTEI NICOLAS"
                    },
                    "Licence":{
                        "0":969514
                    }
                },
                "Team 2":{
                    "N\u00b0":{
                        "0":"EA"
                    },
                    "Nom Pr\u00e9nom":{
                        "0":"HAMZAOUI EVA"
                    },
                    "Licence":{
                        "0":1338367
                    }
                }
            }
        },
        "Results":{
            "winner":"ASS SPORTIVE DE MONACO",
            "score":"3\/0"
        },
        "Referees":{
            "NOM Pr\u00e9nom":{
                "1er":"MONTAGNESE OLIVIER",
                "2\u00e8me":"PIRIOU THIERRY",
                "Marqueur":"DELUNEL EMMA",
                "Marq.Ass":".",
                "R.Salle":"GAIGNARD DOMINIQUE"
            },
            "Ligue":{
                "1er":"LIG_PAC",
                "2\u00e8me":"LIG_PAC",
                "Marqueur":"LIG_PAC",
                "Marq.Ass":null,
                "R.Salle":"LIG_PAC"
            },
            "Licence":{
                "1er":711069.0,
                "2\u00e8me":756692.0,
                "Marqueur":2303139.0,
                "Marq.Ass":null,
                "R.Salle":2426766.0
            }
        },
        "Penalties":{

        }
    }
}