{
    "Match":{
        "Title":{
            "div_code":"2FA",
            "div_name":"NATIONALE 2 FEMININE",
            "div_pool":"POULE A",
            "match_number":"2FA073",
            "match_day":"11",
            "city":"GRUISSAN",
            "gym":"GYMNASE DU SABLOU",
            "category":"SENIOR | FEMININE",
            "ligue":"Comp\u00e9titions Nationales SENIORS",
            "date":"2020-01-12 15:00:00",
            "team_1":"VOLLEY-BALL GRUISSAN",
            "team_2":"VOLLEY-BALL ALBIGEOIS"
        },
        "Sets":{
            "Teams":{
                "Set 1":{
                    "Name":{
                        "Team 1":"VOLLEY-BALL ALBIGEOIS",
                        "Team 2":"VOLLEY-BALL GRUISSAN"
                    },
                    "Starting":{
                        "Team 1":"Service",
                        "Team 2":"Reception"
                    }
                },
                "Set 2":{
                    "Name":{
                        "Team 1":"VOLLEY-BALL ALBIGEOIS",
                        "Team 2":"VOLLEY-BALL GRUISSAN"
                    },
                    "Starting":{
                        "Team 1":"Reception",
                        "Team 2":"Service"
                    }
                },
                "Set 3":{
                    "Name":{
                        "Team 1":"VOLLEY-BALL ALBIGEOIS",
                        "Team 2":"VOLLEY-BALL GRUISSAN"
                    },
                    "Starting":{
                        "Team 1":"Service",
                        "Team 2":"Reception"
                    }
                },
                "Set 4":{
                    "Name":{
                        "Team 1":"VOLLEY-BALL ALBIGEOIS",
                        "Team 2":"VOLLEY-BALL GRUISSAN"
                    },
                    "Starting":{
                        "Team 1":"Reception",
                        "Team 2":"Service"
                    }
                },
                "Set 5":{
                    "Name":{
                        "Team 1":"VOLLEY-BALL GRUISSA",
                        "Team 2":"VOLLEY-BALL ALBIGEO"
                    },
                    "Starting":{
                        "Team 1":"Reception",
                        "Team 2":"Service"
                    }
                }
            },
            "Time":{
                "Set 1":{
                    "Time":{
                        "Start":"2020-01-12 15:00:00",
                        "End":"2020-01-12 15:24:00"
                    }
                },
                "Set 2":{
                    "Time":{
                        "Start":"2020-01-12 15:26:00",
                        "End":"2020-01-12 15:48:00"
                    }
                },
                "Set 3":{
                    "Time":{
                        "Start":"2020-01-12 15:52:00",
                        "End":"2020-01-12 16:16:00"
                    }
                },
                "Set 4":{
                    "Time":{
                        "Start":"2020-01-12 16:19:00",
                        "End":"2020-01-12 16:48:00"
                    }
                },
                "Set 5":{
                    "Time":{
                        "Start":"2020-01-12 16:51:00",
                        "End":"2020-01-12 17:03:00"
                    }
                }
            },
            "Substitutions 1":{
                "Set 1":{
                    "I":{
                        "0":11
                    },
                    "II":{
                        "0":4
                    },
                    "III":{
                        "0":5
                    },
                    "IV":{
                        "0":12
                    },
                    "V":{
                        "0":8
                    },
                    "VI":{
                        "0":15
                    }
                },
                "Set 2":{
                    "I":{
                        "0":11
                    },
                    "II":{
                        "0":4
                    },
                    "III":{
                        "0":5
                    },
                    "IV":{
                        "0":12
                    },
                    "V":{
                        "0":8
                    },
                    "VI":{
                        "0":15
                    }
                },
                "Set 3":{
                    "I":{
                        "0":11
                    },
                    "II":{
                        "0":4
                    },
                    "III":{
                        "0":5
                    },
                    "IV":{
                        "0":12
                    },
                    "V":{
                        "0":8
                    },
                    "VI":{
                        "0":15
                    }
                },
                "Set 4":{
                    "I":{
                        "0":11
                    },
                    "II":{
                        "0":4
                    },
                    "III":{
                        "0":5
                    },
                    "IV":{
                        "0":12
                    },
                    "V":{
                        "0":8
                    },
                    "VI":{
                        "0":15
                    }
                },
                "Set 5":{
                    "I":{
                        "0":9.0,
                        "1":null,
                        "2":null
                    },
                    "II":{
                        "0":11.0,
                        "1":null,
                        "2":null
                    },
                    "III":{
                        "0":3.0,
                        "1":null,
                        "2":null
                    },
                    "IV":{
                        "0":"12",
                        "1":"4",
                        "2":"9:4"
                    },
                    "V":{
                        "0":15.0,
                        "1":null,
                        "2":null
                    },
                    "VI":{
                        "0":2.0,
                        "1":null,
                        "2":null
                    }
                }
            },
            "Substitutions 2":{
                "Set 1":{
                    "I":{
                        "0":9
                    },
                    "II":{
                        "0":11
                    },
                    "III":{
                        "0":3
                    },
                    "IV":{
                        "0":12
                    },
                    "V":{
                        "0":15
                    },
                    "VI":{
                        "0":2
                    }
                },
                "Set 2":{
                    "I":{
                        "0":9.0,
                        "1":null,
                        "2":null
                    },
                    "II":{
                        "0":11.0,
                        "1":null,
                        "2":null
                    },
                    "III":{
                        "0":"3",
                        "1":"7",
                        "2":"15:23"
                    },
                    "IV":{
                        "0":12.0,
                        "1":null,
                        "2":null
                    },
                    "V":{
                        "0":"15",
                        "1":"4",
                        "2":"15:22"
                    },
                    "VI":{
                        "0":"2",
                        "1":"10",
                        "2":"15:23"
                    }
                },
                "Set 3":{
                    "I":{
                        "0":"9",
                        "1":"4",
                        "2":"23:14",
                        "3":null
                    },
                    "II":{
                        "0":11.0,
                        "1":null,
                        "2":null,
                        "3":null
                    },
                    "III":{
                        "0":"3",
                        "1":"7",
                        "2":"12:8",
                        "3":"24:16"
                    },
                    "IV":{
                        "0":12.0,
                        "1":null,
                        "2":null,
                        "3":null
                    },
                    "V":{
                        "0":15.0,
                        "1":null,
                        "2":null,
                        "3":null
                    },
                    "VI":{
                        "0":"2",
                        "1":"10",
                        "2":"12:8",
                        "3":null
                    }
                },
                "Set 4":{
                    "I":{
                        "0":"9",
                        "1":"4",
                        "2":"21:23",
                        "3":"23:24"
                    },
                    "II":{
                        "0":11.0,
                        "1":null,
                        "2":null,
                        "3":null
                    },
                    "III":{
                        "0":3.0,
                        "1":null,
                        "2":null,
                        "3":null
                    },
                    "IV":{
                        "0":"12",
                        "1":"2",
                        "2":"22:24",
                        "3":null
                    },
                    "V":{
                        "0":15.0,
                        "1":null,
                        "2":null,
                        "3":null
                    },
                    "VI":{
                        "0":"7",
                        "1":"10",
                        "2":"22:24",
                        "3":null
                    }
                },
                "Set 5":{
                    "I":{
                        "0":11
                    },
                    "II":{
                        "0":4
                    },
                    "III":{
                        "0":5
                    },
                    "IV":{
                        "0":12
                    },
                    "V":{
                        "0":8
                    },
                    "VI":{
                        "0":15
                    }
                }
            },
            "Serves 1":{
                "Set 1":{
                    "I":{
                        "0":"0",
                        "1":6,
                        "2":16
                    },
                    "II":{
                        "0":"1",
                        "1":7,
                        "2":17
                    },
                    "III":{
                        "0":"2",
                        "1":9,
                        "2":18
                    },
                    "IV":{
                        "0":"3",
                        "1":10,
                        "2":19
                    },
                    "V":{
                        "0":"4",
                        "1":12.0,
                        "2":null
                    },
                    "VI":{
                        "0":"5",
                        "1":13.0,
                        "2":null
                    }
                },
                "Set 2":{
                    "I":{
                        "0":null,
                        "1":12.0,
                        "2":25.0
                    },
                    "II":{
                        "0":"1",
                        "1":15.0,
                        "2":null
                    },
                    "III":{
                        "0":"2",
                        "1":16.0,
                        "2":null
                    },
                    "IV":{
                        "0":"4",
                        "1":17.0,
                        "2":null
                    },
                    "V":{
                        "0":"8",
                        "1":18.0,
                        "2":null
                    },
                    "VI":{
                        "0":"11",
                        "1":19.0,
                        "2":null
                    }
                },
                "Set 3":{
                    "I":{
                        "0":"0",
                        "1":8,
                        "2":14
                    },
                    "II":{
                        "0":"1",
                        "1":9,
                        "2":16
                    },
                    "III":{
                        "0":"2",
                        "1":10.0,
                        "2":null
                    },
                    "IV":{
                        "0":"3",
                        "1":11.0,
                        "2":null
                    },
                    "V":{
                        "0":"4",
                        "1":12.0,
                        "2":null
                    },
                    "VI":{
                        "0":"6",
                        "1":13.0,
                        "2":null
                    }
                },
                "Set 4":{
                    "I":{
                        "0":null,
                        "1":14.0
                    },
                    "II":{
                        "0":"2",
                        "1":17
                    },
                    "III":{
                        "0":"3",
                        "1":18
                    },
                    "IV":{
                        "0":"8",
                        "1":24
                    },
                    "V":{
                        "0":"10",
                        "1":26
                    },
                    "VI":{
                        "0":"13",
                        "1":null
                    }
                },
                "Set 5":{
                    "I":{
                        "0":null
                    },
                    "II":{
                        "0":"1"
                    },
                    "III":{
                        "0":"2"
                    },
                    "IV":{
                        "0":"9"
                    },
                    "V":{
                        "0":"12"
                    },
                    "VI":{
                        "0":"15"
                    }
                }
            },
            "Serves 2":{
                "Set 1":{
                    "I":{
                        "0":null,
                        "1":9.0,
                        "2":18.0
                    },
                    "II":{
                        "0":"3",
                        "1":10,
                        "2":19
                    },
                    "III":{
                        "0":"4",
                        "1":11,
                        "2":22
                    },
                    "IV":{
                        "0":"6",
                        "1":12,
                        "2":23
                    },
                    "V":{
                        "0":"7",
                        "1":15,
                        "2":25
                    },
                    "VI":{
                        "0":"8",
                        "1":17.0,
                        "2":null
                    }
                },
                "Set 2":{
                    "I":{
                        "0":"0",
                        "1":9
                    },
                    "II":{
                        "0":"1",
                        "1":11
                    },
                    "III":{
                        "0":"3",
                        "1":12
                    },
                    "IV":{
                        "0":"4",
                        "1":13
                    },
                    "V":{
                        "0":"5",
                        "1":14
                    },
                    "VI":{
                        "0":"8",
                        "1":15
                    }
                },
                "Set 3":{
                    "I":{
                        "0":null,
                        "1":11.0,
                        "2":21.0
                    },
                    "II":{
                        "0":"2",
                        "1":13,
                        "2":23
                    },
                    "III":{
                        "0":"4",
                        "1":14,
                        "2":25
                    },
                    "IV":{
                        "0":"5",
                        "1":15.0,
                        "2":null
                    },
                    "V":{
                        "0":"6",
                        "1":16.0,
                        "2":null
                    },
                    "VI":{
                        "0":"10",
                        "1":20.0,
                        "2":null
                    }
                },
                "Set 4":{
                    "I":{
                        "0":"2",
                        "1":13
                    },
                    "II":{
                        "0":"6",
                        "1":14
                    },
                    "III":{
                        "0":"7",
                        "1":21
                    },
                    "IV":{
                        "0":"9",
                        "1":24
                    },
                    "V":{
                        "0":"11",
                        "1":null
                    },
                    "VI":{
                        "0":"12",
                        "1":null
                    }
                },
                "Set 5":{
                    "I":{
                        "0":"0"
                    },
                    "II":{
                        "0":"2"
                    },
                    "III":{
                        "0":"3"
                    },
                    "IV":{
                        "0":"5"
                    },
                    "V":{
                        "0":"6"
                    },
                    "VI":{
                        "0":null
                    }
                }
            },
            "Timeouts 1":{
                "Set 1":{
                    "T":{
                        "0":"13:18",
                        "1":"17:22"
                    }
                },
                "Set 2":{
                    "T":{

                    }
                },
                "Set 3":{
                    "T":{
                        "0":"12:18",
                        "1":"14:23"
                    }
                },
                "Set 4":{
                    "T":{
                        "0":"18:18",
                        "1":"18:21"
                    }
                },
                "Set 5":{
                    "T":{

                    }
                }
            },
            "Timeouts 2":{
                "Set 1":{
                    "T":{
                        "0":"19:17"
                    }
                },
                "Set 2":{
                    "T":{
                        "0":"15:23"
                    }
                },
                "Set 3":{
                    "T":{

                    }
                },
                "Set 4":{
                    "T":{
                        "0":"21:21",
                        "1":"24:25"
                    }
                },
                "Set 5":{
                    "T":{
                        "0":"3:5",
                        "1":"5:11"
                    }
                }
            }
        },
        "Teams":{
            "Name":{
                "Team 1":"VOLLEY-BALL ALBIGEOIS",
                "Team 2":"VOLLEY-BALL GRUISSAN"
            },
            "Players":{
                "Team 1":{
                    "N\u00b0":{
                        "0":4,
                        "1":5,
                        "2":8,
                        "3":11,
                        "4":12,
                        "5":15
                    },
                    "Nom Pr\u00e9nom":{
                        "0":"LECOQ STEPHANIE",
                        "1":"REY JULIE",
                        "2":"CANCE MAELLE",
                        "3":"WIERRE LAURA",
                        "4":"LEMOUZY MAYARA",
                        "5":"DEFOS PAULINE"
                    },
                    "Licence":{
                        "0":1715937,
                        "1":1845219,
                        "2":1755841,
                        "3":1229533,
                        "4":1989698,
                        "5":1529765
                    }
                },
                "Team 2":{
                    "N\u00b0":{
                        "0":2,
                        "1":3,
                        "2":4,
                        "3":5,
                        "4":7,
                        "5":8,
                        "6":9,
                        "7":10,
                        "8":11,
                        "9":12,
                        "10":15
                    },
                    "Nom Pr\u00e9nom":{
                        "0":"LOPEZ ADELINE",
                        "1":"MERLOZ TIFFANY",
                        "2":"PETIT-BONNAFOUS LOLA",
                        "3":"RAHEB CHARLINE",
                        "4":"CUTILLAS MANON",
                        "5":"TORALLA AIMIE",
                        "6":"TAYSSE LUCIE",
                        "7":"CAZAUTE CELIA",
                        "8":"PRIETO FERIA PAULA",
                        "9":"MALEK ALEKSANDRA",
                        "10":"MERLOZ SAMANTHA"
                    },
                    "Licence":{
                        "0":1940953,
                        "1":1895569,
                        "2":2058802,
                        "3":1741594,
                        "4":2058805,
                        "5":2022182,
                        "6":1811729,
                        "7":1431819,
                        "8":2407134,
                        "9":2407135,
                        "10":1895568
                    }
                }
            },
            "Liberos":{
                "Team 1":{
                    "N\u00b0":{

                    },
                    "Nom Pr\u00e9nom":{

                    },
                    "Licence":{

                    }
                },
                "Team 2":{
                    "N\u00b0":{
                        "0":5
                    },
                    "Nom Pr\u00e9nom":{
                        "0":"RAHEB CHARLINE"
                    },
                    "Licence":{
                        "0":1741594
                    }
                }
            },
            "Officials":{
                "Team 1":{
                    "N\u00b0":{
                        "0":"EA"
                    },
                    "Nom Pr\u00e9nom":{
                        "0":"KADJO ISABELLE"
                    },
                    "Licence":{
                        "0":1103424
                    }
                },
                "Team 2":{
                    "N\u00b0":{
                        "0":"EA"
                    },
                    "Nom Pr\u00e9nom":{
                        "0":"PAZ FUENTES EDUARDO"
                    },
                    "Licence":{
                        "0":2137458
                    }
                }
            }
        },
        "Results":{
            "winner":"VOLLEY-BALL GRUISSAN",
            "score":"3\/2"
        },
        "Referees":{
            "NOM Pr\u00e9nom":{
                "1er":"GAY PHILIPPE",
                "2\u00e8me":"BERNARD JACK-NICOLAS",
                "Marqueur":"BATISTE PATRICIA",
                "Marq.Ass":".",
                "R.Salle":"CAZAUTE REGIS"
            },
            "Ligue":{
                "1er":"LIG_OCC",
                "2\u00e8me":"LIG_OCC",
                "Marqueur":"LIG_OCC",
                "Marq.Ass":null,
                "R.Salle":"LIG_OCC"
            },
            "Licence":{
                "1er":1226179.0,
                "2\u00e8me":1761810.0,
                "Marqueur":2059988.0,
                "Marq.Ass":null,
                "R.Salle":1613429.0
            }
        },
        "Penalties":{

        }
    }
}