{
    "Match":{
        "Title":{
            "div_code":"2FA",
            "div_name":"NATIONALE 2 FEMININE",
            "div_pool":"POULE A",
            "match_number":"2FA061",
            "match_day":"09",
            "city":"HYERES",
            "gym":"GYMNASE DE COSTEBELLE",
            "category":"SENIOR | FEMININE",
            "ligue":"Comp\u00e9titions Nationales SENIORS",
            "date":"2019-12-07 18:00:00",
            "team_1":"VOLLEY CLUB HYERES\/PIERREFEU",
            "team_2":"US CAGNES VOLLEY-BALL"
        },
        "Sets":{
            "Teams":{
                "Set 1":{
                    "Name":{
                        "Team 1":"US CAGNES VOLLEY-BALL",
                        "Team 2":"VOLLEY CLUB HYERES\/PIE"
                    },
                    "Starting":{
                        "Team 1":"Service",
                        "Team 2":"Reception"
                    }
                },
                "Set 2":{
                    "Name":{
                        "Team 1":"US CAGNES VOLLEY-BALL",
                        "Team 2":"VOLLEY CLUB HYERES\/PIE"
                    },
                    "Starting":{
                        "Team 1":"Reception",
                        "Team 2":"Service"
                    }
                },
                "Set 3":{
                    "Name":{
                        "Team 1":"US CAGNES VOLLEY-BALL",
                        "Team 2":"VOLLEY CLUB HYERES\/PIE"
                    },
                    "Starting":{
                        "Team 1":"Service",
                        "Team 2":"Reception"
                    }
                },
                "Set 4":0,
                "Set 5":0
            },
            "Time":{
                "Set 1":{
                    "Time":{
                        "Start":"2019-12-07 18:10:00",
                        "End":"2019-12-07 18:33:00"
                    }
                },
                "Set 2":{
                    "Time":{
                        "Start":"2019-12-07 18:37:00",
                        "End":"2019-12-07 19:02:00"
                    }
                },
                "Set 3":{
                    "Time":{
                        "Start":"2019-12-07 19:06:00",
                        "End":"2019-12-07 19:47:00"
                    }
                },
                "Set 4":0,
                "Set 5":0
            },
            "Substitutions 1":{
                "Set 1":{
                    "I":{
                        "0":"9",
                        "1":"8",
                        "2":"20:24"
                    },
                    "II":{
                        "0":13.0,
                        "1":null,
                        "2":null
                    },
                    "III":{
                        "0":4.0,
                        "1":null,
                        "2":null
                    },
                    "IV":{
                        "0":17.0,
                        "1":null,
                        "2":null
                    },
                    "V":{
                        "0":12.0,
                        "1":null,
                        "2":null
                    },
                    "VI":{
                        "0":7.0,
                        "1":null,
                        "2":null
                    }
                },
                "Set 2":{
                    "I":{
                        "0":8
                    },
                    "II":{
                        "0":13
                    },
                    "III":{
                        "0":10
                    },
                    "IV":{
                        "0":17
                    },
                    "V":{
                        "0":12
                    },
                    "VI":{
                        "0":4
                    }
                },
                "Set 3":{
                    "I":{
                        "0":12.0,
                        "1":null,
                        "2":null,
                        "3":null
                    },
                    "II":{
                        "0":4.0,
                        "1":null,
                        "2":null,
                        "3":null
                    },
                    "III":{
                        "0":8.0,
                        "1":null,
                        "2":null,
                        "3":null
                    },
                    "IV":{
                        "0":13.0,
                        "1":null,
                        "2":null,
                        "3":null
                    },
                    "V":{
                        "0":10.0,
                        "1":null,
                        "2":null,
                        "3":null
                    },
                    "VI":{
                        "0":"17",
                        "1":"7",
                        "2":"13:16",
                        "3":"20:24"
                    }
                },
                "Set 4":0,
                "Set 5":0
            },
            "Substitutions 2":{
                "Set 1":{
                    "I":{
                        "0":8
                    },
                    "II":{
                        "0":5
                    },
                    "III":{
                        "0":16
                    },
                    "IV":{
                        "0":1
                    },
                    "V":{
                        "0":9
                    },
                    "VI":{
                        "0":2
                    }
                },
                "Set 2":{
                    "I":{
                        "0":5.0,
                        "1":null,
                        "2":null
                    },
                    "II":{
                        "0":"16",
                        "1":"18",
                        "2":"18:7"
                    },
                    "III":{
                        "0":1.0,
                        "1":null,
                        "2":null
                    },
                    "IV":{
                        "0":9.0,
                        "1":null,
                        "2":null
                    },
                    "V":{
                        "0":2.0,
                        "1":null,
                        "2":null
                    },
                    "VI":{
                        "0":8.0,
                        "1":null,
                        "2":null
                    }
                },
                "Set 3":{
                    "I":{
                        "0":8
                    },
                    "II":{
                        "0":5
                    },
                    "III":{
                        "0":10
                    },
                    "IV":{
                        "0":1
                    },
                    "V":{
                        "0":9
                    },
                    "VI":{
                        "0":2
                    }
                },
                "Set 4":0,
                "Set 5":0
            },
            "Serves 1":{
                "Set 1":{
                    "I":{
                        "0":"0",
                        "1":12,
                        "2":19
                    },
                    "II":{
                        "0":"2",
                        "1":13,
                        "2":20
                    },
                    "III":{
                        "0":"6",
                        "1":14,
                        "2":22
                    },
                    "IV":{
                        "0":"8",
                        "1":15.0,
                        "2":null
                    },
                    "V":{
                        "0":"9",
                        "1":17.0,
                        "2":null
                    },
                    "VI":{
                        "0":"10",
                        "1":18.0,
                        "2":null
                    }
                },
                "Set 2":{
                    "I":{
                        "0":null,
                        "1":10.0
                    },
                    "II":{
                        "0":"3",
                        "1":14
                    },
                    "III":{
                        "0":"4",
                        "1":16
                    },
                    "IV":{
                        "0":"5",
                        "1":null
                    },
                    "V":{
                        "0":"6",
                        "1":null
                    },
                    "VI":{
                        "0":"7",
                        "1":null
                    }
                },
                "Set 3":{
                    "I":{
                        "0":"0",
                        "1":11,
                        "2":20
                    },
                    "II":{
                        "0":"4",
                        "1":12,
                        "2":21
                    },
                    "III":{
                        "0":"7",
                        "1":13.0,
                        "2":null
                    },
                    "IV":{
                        "0":"8",
                        "1":14.0,
                        "2":null
                    },
                    "V":{
                        "0":"9",
                        "1":15.0,
                        "2":null
                    },
                    "VI":{
                        "0":"10",
                        "1":17.0,
                        "2":null
                    }
                },
                "Set 4":0,
                "Set 5":0
            },
            "Serves 2":{
                "Set 1":{
                    "I":{
                        "0":null,
                        "1":10.0,
                        "2":21.0
                    },
                    "II":{
                        "0":"1",
                        "1":14,
                        "2":23
                    },
                    "III":{
                        "0":"4",
                        "1":16,
                        "2":24
                    },
                    "IV":{
                        "0":"5",
                        "1":17,
                        "2":25
                    },
                    "V":{
                        "0":"7",
                        "1":18.0,
                        "2":null
                    },
                    "VI":{
                        "0":"9",
                        "1":20.0,
                        "2":null
                    }
                },
                "Set 2":{
                    "I":{
                        "0":"9",
                        "1":21
                    },
                    "II":{
                        "0":"11",
                        "1":22
                    },
                    "III":{
                        "0":"13",
                        "1":25
                    },
                    "IV":{
                        "0":"15",
                        "1":null
                    },
                    "V":{
                        "0":"17",
                        "1":null
                    },
                    "VI":{
                        "0":"18",
                        "1":null
                    }
                },
                "Set 3":{
                    "I":{
                        "0":null,
                        "1":8.0,
                        "2":21.0
                    },
                    "II":{
                        "0":"1",
                        "1":10,
                        "2":24
                    },
                    "III":{
                        "0":"2",
                        "1":11,
                        "2":25
                    },
                    "IV":{
                        "0":"3",
                        "1":16.0,
                        "2":null
                    },
                    "V":{
                        "0":"5",
                        "1":17.0,
                        "2":null
                    },
                    "VI":{
                        "0":"7",
                        "1":20.0,
                        "2":null
                    }
                },
                "Set 4":0,
                "Set 5":0
            },
            "Timeouts 1":{
                "Set 1":{
                    "T":{
                        "0":"12:14",
                        "1":"19:22"
                    }
                },
                "Set 2":{
                    "T":{
                        "0":"0:5",
                        "1":"10:20"
                    }
                },
                "Set 3":{
                    "T":{
                        "0":"13:13",
                        "1":"15:20"
                    }
                },
                "Set 4":0,
                "Set 5":0
            },
            "Timeouts 2":{
                "Set 1":{
                    "T":{
                        "0":"24:22"
                    }
                },
                "Set 2":{
                    "T":{

                    }
                },
                "Set 3":{
                    "T":{
                        "0":"2:7",
                        "1":"21:20"
                    }
                },
                "Set 4":0,
                "Set 5":0
            }
        },
        "Teams":{
            "Name":{
                "Team 1":"US CAGNES VOLLEY-BALL",
                "Team 2":"VOLLEY CLUB HYERES\/PIERREFEU"
            },
            "Players":{
                "Team 1":{
                    "N\u00b0":{
                        "0":4,
                        "1":6,
                        "2":7,
                        "3":8,
                        "4":9,
                        "5":10,
                        "6":12,
                        "7":13,
                        "8":17
                    },
                    "Nom Pr\u00e9nom":{
                        "0":"LINASSIER EMELINE",
                        "1":"PETRIGNANI CECILE",
                        "2":"TAUREL FANNY",
                        "3":"GERIN LUCIE",
                        "4":"PANTALACCI ANAIS",
                        "5":"NOTOT-MARTIN VICTORIA",
                        "6":"MARTY ZOE",
                        "7":"RIGOBERT-LONG MARIE-NATACHA",
                        "8":"VANDENBERGHE BILITIS"
                    },
                    "Licence":{
                        "0":1802524,
                        "1":1674253,
                        "2":1764684,
                        "3":1709664,
                        "4":1823159,
                        "5":1944561,
                        "6":1993379,
                        "7":1591301,
                        "8":1432856
                    }
                },
                "Team 2":{
                    "N\u00b0":{
                        "0":1,
                        "1":2,
                        "2":5,
                        "3":8,
                        "4":9,
                        "5":10,
                        "6":11,
                        "7":12,
                        "8":13,
                        "9":16,
                        "10":18
                    },
                    "Nom Pr\u00e9nom":{
                        "0":"GAUDEL CHLOE",
                        "1":"ROBEAU LUCIE",
                        "2":"ALBERT MAELLE",
                        "3":"GENNIAUX EMILIE",
                        "4":"LECHAT MARIE FRANCE",
                        "5":"GUIEYSSE AUDREY",
                        "6":"CHARLIER KATERINA",
                        "7":"PECHEUR CAMILLE",
                        "8":"LAFITTE NDAKI MBOULET ANNE",
                        "9":"NAPOLI CHIARA",
                        "10":"MICHELON ERICA"
                    },
                    "Licence":{
                        "0":1342199,
                        "1":2209325,
                        "2":2057148,
                        "3":1691898,
                        "4":1550582,
                        "5":1409582,
                        "6":2414863,
                        "7":1664786,
                        "8":2396113,
                        "9":1954392,
                        "10":2049794
                    }
                }
            },
            "Liberos":{
                "Team 1":{
                    "N\u00b0":{
                        "0":6
                    },
                    "Nom Pr\u00e9nom":{
                        "0":"PETRIGNANI CECILE"
                    },
                    "Licence":{
                        "0":1674253
                    }
                },
                "Team 2":{
                    "N\u00b0":{
                        "0":12,
                        "1":13
                    },
                    "Nom Pr\u00e9nom":{
                        "0":"PECHEUR CAMILLE",
                        "1":"LAFITTE NDAKI MBOULET ANNE"
                    },
                    "Licence":{
                        "0":1664786,
                        "1":2396113
                    }
                }
            },
            "Officials":{
                "Team 1":{
                    "N\u00b0":{
                        "0":"EA",
                        "1":"EB"
                    },
                    "Nom Pr\u00e9nom":{
                        "0":"GASTAUT LAURENT",
                        "1":"GAGLIO VALENTIN"
                    },
                    "Licence":{
                        "0":93773,
                        "1":1817353
                    }
                },
                "Team 2":{
                    "N\u00b0":{
                        "0":"EA"
                    },
                    "Nom Pr\u00e9nom":{
                        "0":"SERVAGEON GUILLAUME"
                    },
                    "Licence":{
                        "0":1634200
                    }
                }
            }
        },
        "Results":{
            "winner":"VOLLEY CLUB HYERES\/PIE",
            "score":"3\/0"
        },
        "Referees":{
            "NOM Pr\u00e9nom":{
                "1er":"DE GUIGN\u00c9 LA B\u00c9RANGERIE FABIEN",
                "2\u00e8me":"GAUDUMET CECILE",
                "Marqueur":"LECHAT SAMUEL",
                "Marq.Ass":".",
                "R.Salle":"SCIRI EDOUARD"
            },
            "Ligue":{
                "1er":"LIG_PAC",
                "2\u00e8me":"LIG_PAC",
                "Marqueur":"LIG_PAC",
                "Marq.Ass":null,
                "R.Salle":"LIG_PAC"
            },
            "Licence":{
                "1er":2352248.0,
                "2\u00e8me":1343310.0,
                "Marqueur":1832664.0,
                "Marq.Ass":null,
                "R.Salle":1423770.0
            }
        },
        "Penalties":{

        }
    }
}