{
    "Match":{
        "Title":{
            "div_code":"2FA",
            "div_name":"NATIONALE 2 FEMININE",
            "div_pool":"POULE A",
            "match_number":"2FA048",
            "match_day":"07",
            "city":"HYERES",
            "gym":"GYMNASE DE COSTEBELLE",
            "category":"SENIOR | FEMININE",
            "ligue":"Comp\u00e9titions Nationales SENIORS",
            "date":"2020-01-18 14:00:00",
            "team_1":"VOLLEY CLUB HYERES\/PIERREFEU",
            "team_2":"A.S. DE L'UNION VOLLEY-BALL"
        },
        "Sets":{
            "Teams":{
                "Set 1":{
                    "Name":{
                        "Team 1":"A.S. DE L'UNION VOLLEY",
                        "Team 2":"VOLLEY CLUB HYERES\/PIE"
                    },
                    "Starting":{
                        "Team 1":"Reception",
                        "Team 2":"Service"
                    }
                },
                "Set 2":{
                    "Name":{
                        "Team 1":"A.S. DE L'UNION VOLLEY",
                        "Team 2":"VOLLEY CLUB HYERES\/PIE"
                    },
                    "Starting":{
                        "Team 1":"Service",
                        "Team 2":"Reception"
                    }
                },
                "Set 3":{
                    "Name":{
                        "Team 1":"A.S. DE L'UNION VOLLEY",
                        "Team 2":"VOLLEY CLUB HYERES\/PIE"
                    },
                    "Starting":{
                        "Team 1":"Reception",
                        "Team 2":"Service"
                    }
                },
                "Set 4":0,
                "Set 5":0
            },
            "Time":{
                "Set 1":{
                    "Time":{
                        "Start":"2020-01-18 13:57:00",
                        "End":"2020-01-18 14:23:00"
                    }
                },
                "Set 2":{
                    "Time":{
                        "Start":"2020-01-18 14:26:00",
                        "End":"2020-01-18 14:54:00"
                    }
                },
                "Set 3":{
                    "Time":{
                        "Start":"2020-01-18 14:57:00",
                        "End":"2020-01-18 15:21:00"
                    }
                },
                "Set 4":0,
                "Set 5":0
            },
            "Substitutions 1":{
                "Set 1":{
                    "I":{
                        "0":"1",
                        "1":"8",
                        "2":"20:21"
                    },
                    "II":{
                        "0":7.0,
                        "1":null,
                        "2":null
                    },
                    "III":{
                        "0":2.0,
                        "1":null,
                        "2":null
                    },
                    "IV":{
                        "0":6.0,
                        "1":null,
                        "2":null
                    },
                    "V":{
                        "0":3.0,
                        "1":null,
                        "2":null
                    },
                    "VI":{
                        "0":9.0,
                        "1":null,
                        "2":null
                    }
                },
                "Set 2":{
                    "I":{
                        "0":1.0,
                        "1":null,
                        "2":null
                    },
                    "II":{
                        "0":7.0,
                        "1":null,
                        "2":null
                    },
                    "III":{
                        "0":2.0,
                        "1":null,
                        "2":null
                    },
                    "IV":{
                        "0":6.0,
                        "1":null,
                        "2":null
                    },
                    "V":{
                        "0":"3",
                        "1":"11",
                        "2":"18:22"
                    },
                    "VI":{
                        "0":9.0,
                        "1":null,
                        "2":null
                    }
                },
                "Set 3":{
                    "I":{
                        "0":8.0,
                        "1":null,
                        "2":null,
                        "3":null
                    },
                    "II":{
                        "0":5.0,
                        "1":null,
                        "2":null,
                        "3":null
                    },
                    "III":{
                        "0":"2",
                        "1":"9",
                        "2":"10:22",
                        "3":null
                    },
                    "IV":{
                        "0":6.0,
                        "1":null,
                        "2":null,
                        "3":null
                    },
                    "V":{
                        "0":11.0,
                        "1":null,
                        "2":null,
                        "3":null
                    },
                    "VI":{
                        "0":"7",
                        "1":"10",
                        "2":"3:9",
                        "3":"9:18"
                    }
                },
                "Set 4":0,
                "Set 5":0
            },
            "Substitutions 2":{
                "Set 1":{
                    "I":{
                        "0":8.0,
                        "1":null,
                        "2":null,
                        "3":null
                    },
                    "II":{
                        "0":5.0,
                        "1":null,
                        "2":null,
                        "3":null
                    },
                    "III":{
                        "0":16.0,
                        "1":null,
                        "2":null,
                        "3":null
                    },
                    "IV":{
                        "0":1.0,
                        "1":null,
                        "2":null,
                        "3":null
                    },
                    "V":{
                        "0":7.0,
                        "1":null,
                        "2":null,
                        "3":null
                    },
                    "VI":{
                        "0":"2",
                        "1":"18",
                        "2":"20:19",
                        "3":"21:19"
                    }
                },
                "Set 2":{
                    "I":{
                        "0":8
                    },
                    "II":{
                        "0":5
                    },
                    "III":{
                        "0":16
                    },
                    "IV":{
                        "0":1
                    },
                    "V":{
                        "0":7
                    },
                    "VI":{
                        "0":2
                    }
                },
                "Set 3":{
                    "I":{
                        "0":8
                    },
                    "II":{
                        "0":5
                    },
                    "III":{
                        "0":16
                    },
                    "IV":{
                        "0":1
                    },
                    "V":{
                        "0":7
                    },
                    "VI":{
                        "0":2
                    }
                },
                "Set 4":0,
                "Set 5":0
            },
            "Serves 1":{
                "Set 1":{
                    "I":{
                        "0":null,
                        "1":10.0,
                        "2":17.0
                    },
                    "II":{
                        "0":"2",
                        "1":11,
                        "2":18
                    },
                    "III":{
                        "0":"3",
                        "1":12,
                        "2":19
                    },
                    "IV":{
                        "0":"4",
                        "1":13,
                        "2":21
                    },
                    "V":{
                        "0":"8",
                        "1":14.0,
                        "2":null
                    },
                    "VI":{
                        "0":"9",
                        "1":15.0,
                        "2":null
                    }
                },
                "Set 2":{
                    "I":{
                        "0":"0",
                        "1":11
                    },
                    "II":{
                        "0":"1",
                        "1":17
                    },
                    "III":{
                        "0":"2",
                        "1":18
                    },
                    "IV":{
                        "0":"8",
                        "1":null
                    },
                    "V":{
                        "0":"9",
                        "1":null
                    },
                    "VI":{
                        "0":"10",
                        "1":null
                    }
                },
                "Set 3":{
                    "I":{
                        "0":null,
                        "1":8.0
                    },
                    "II":{
                        "0":"1",
                        "1":9
                    },
                    "III":{
                        "0":"2",
                        "1":10
                    },
                    "IV":{
                        "0":"3",
                        "1":13
                    },
                    "V":{
                        "0":"4",
                        "1":null
                    },
                    "VI":{
                        "0":"6",
                        "1":null
                    }
                },
                "Set 4":0,
                "Set 5":0
            },
            "Serves 2":{
                "Set 1":{
                    "I":{
                        "0":"0",
                        "1":10,
                        "2":19
                    },
                    "II":{
                        "0":"2",
                        "1":12,
                        "2":20
                    },
                    "III":{
                        "0":"3",
                        "1":13,
                        "2":21
                    },
                    "IV":{
                        "0":"5",
                        "1":14,
                        "2":25
                    },
                    "V":{
                        "0":"7",
                        "1":15.0,
                        "2":null
                    },
                    "VI":{
                        "0":"9",
                        "1":16.0,
                        "2":null
                    }
                },
                "Set 2":{
                    "I":{
                        "0":null,
                        "1":14.0
                    },
                    "II":{
                        "0":"2",
                        "1":15
                    },
                    "III":{
                        "0":"3",
                        "1":21
                    },
                    "IV":{
                        "0":"5",
                        "1":25
                    },
                    "V":{
                        "0":"8",
                        "1":null
                    },
                    "VI":{
                        "0":"11",
                        "1":null
                    }
                },
                "Set 3":{
                    "I":{
                        "0":"1",
                        "1":16
                    },
                    "II":{
                        "0":"3",
                        "1":20
                    },
                    "III":{
                        "0":"5",
                        "1":22
                    },
                    "IV":{
                        "0":"9",
                        "1":25
                    },
                    "V":{
                        "0":"11",
                        "1":null
                    },
                    "VI":{
                        "0":"12",
                        "1":null
                    }
                },
                "Set 4":0,
                "Set 5":0
            },
            "Timeouts 1":{
                "Set 1":{
                    "T":{
                        "0":"21:23",
                        "1":"21:24"
                    }
                },
                "Set 2":{
                    "T":{
                        "0":"10:14",
                        "1":"17:19"
                    }
                },
                "Set 3":{
                    "T":{
                        "0":"4:11"
                    }
                },
                "Set 4":0,
                "Set 5":0
            },
            "Timeouts 2":{
                "Set 1":{
                    "T":{

                    }
                },
                "Set 2":{
                    "T":{
                        "0":"5:7"
                    }
                },
                "Set 3":{
                    "T":{
                        "0":"12:8"
                    }
                },
                "Set 4":0,
                "Set 5":0
            }
        },
        "Teams":{
            "Name":{
                "Team 1":"A.S. DE L'UNION VOLLEY-BALL",
                "Team 2":"VOLLEY CLUB HYERES\/PIERREFEU"
            },
            "Players":{
                "Team 1":{
                    "N\u00b0":{
                        "0":1,
                        "1":2,
                        "2":3,
                        "3":5,
                        "4":6,
                        "5":7,
                        "6":8,
                        "7":9,
                        "8":10,
                        "9":11,
                        "10":14
                    },
                    "Nom Pr\u00e9nom":{
                        "0":"CANCEL SAMANTHA",
                        "1":"DUPIN ANOUK",
                        "2":"RIQUIER MORCANT BLANCHE",
                        "3":"SERIEYS OCEANE",
                        "4":"COLINOT CHARLAINE",
                        "5":"CARTRON EMMA",
                        "6":"FABRE JUSTINE",
                        "7":"VIEILLEDENT HELENE",
                        "8":"JAUNET FANETTE",
                        "9":"LAMIRAND MARGAUX",
                        "10":"DELPRAT NADEGE"
                    },
                    "Licence":{
                        "0":1765826,
                        "1":1805468,
                        "2":1622167,
                        "3":1749752,
                        "4":1843027,
                        "5":2012753,
                        "6":1951494,
                        "7":1648735,
                        "8":1944766,
                        "9":1722357,
                        "10":1622325
                    }
                },
                "Team 2":{
                    "N\u00b0":{
                        "0":1,
                        "1":2,
                        "2":5,
                        "3":7,
                        "4":8,
                        "5":9,
                        "6":12,
                        "7":13,
                        "8":16,
                        "9":18
                    },
                    "Nom Pr\u00e9nom":{
                        "0":"GAUDEL CHLOE",
                        "1":"ROBEAU LUCIE",
                        "2":"ALBERT MAELLE",
                        "3":"COULBAULT LAURE",
                        "4":"GENNIAUX EMILIE",
                        "5":"LECHAT MARIE-FRANCE",
                        "6":"PECHEUR CAMILLE",
                        "7":"LAFITTE NDAKI MBOULET ANNE-",
                        "8":"NAPOLI CHIARA",
                        "9":"MICHELON ERICA"
                    },
                    "Licence":{
                        "0":1342199,
                        "1":2209325,
                        "2":2057148,
                        "3":2141732,
                        "4":1691898,
                        "5":1550582,
                        "6":1664786,
                        "7":2396113,
                        "8":1954392,
                        "9":2049794
                    }
                }
            },
            "Liberos":{
                "Team 1":{
                    "N\u00b0":{
                        "0":14
                    },
                    "Nom Pr\u00e9nom":{
                        "0":"DELPRAT NADEGE"
                    },
                    "Licence":{
                        "0":1622325
                    }
                },
                "Team 2":{
                    "N\u00b0":{
                        "0":12,
                        "1":13
                    },
                    "Nom Pr\u00e9nom":{
                        "0":"PECHEUR CAMILLE",
                        "1":"LAFITTE NDAKI MBOULET ANNE-"
                    },
                    "Licence":{
                        "0":1664786,
                        "1":2396113
                    }
                }
            },
            "Officials":{
                "Team 1":{
                    "N\u00b0":{
                        "0":"EA"
                    },
                    "Nom Pr\u00e9nom":{
                        "0":"DE CLERCQ PATRICK"
                    },
                    "Licence":{
                        "0":1777368
                    }
                },
                "Team 2":{
                    "N\u00b0":{
                        "0":"EA"
                    },
                    "Nom Pr\u00e9nom":{
                        "0":"SERVAGEON GUILLAUME"
                    },
                    "Licence":{
                        "0":1634200
                    }
                }
            }
        },
        "Results":{
            "winner":"VOLLEY CLUB HYERES\/PIE",
            "score":"3\/0"
        },
        "Referees":{
            "NOM Pr\u00e9nom":{
                "1er":"COLLADOS FABRICE",
                "2\u00e8me":"BELDICO THOMAS",
                "Marqueur":"MENAND CECILE",
                "Marq.Ass":".",
                "R.Salle":"SCIRI EDOUARD"
            },
            "Ligue":{
                "1er":"LIG_ARA",
                "2\u00e8me":"LIG_PAC",
                "Marqueur":"LIG_PAC",
                "Marq.Ass":null,
                "R.Salle":"LIG_PAC"
            },
            "Licence":{
                "1er":191387.0,
                "2\u00e8me":1812190.0,
                "Marqueur":1364284.0,
                "Marq.Ass":null,
                "R.Salle":1423770.0
            }
        },
        "Penalties":{

        }
    }
}