{
    "Match":{
        "Title":{
            "div_code":"2FA",
            "div_name":"NATIONALE 2 FEMININE",
            "div_pool":"POULE A",
            "match_number":"2FA054",
            "match_day":"08",
            "city":"BEZIERS",
            "gym":"HALLE DU FOUR A CHAUX",
            "category":"SENIOR | FEMININE",
            "ligue":"Comp\u00e9titions Nationales SENIORS",
            "date":"2019-12-01 15:00:00",
            "team_1":"B\u00c9ZIERS VOLLEY-BALL 2 CFC",
            "team_2":"VOLLEY CLUB HYERES\/PIERREFEU"
        },
        "Sets":{
            "Teams":{
                "Set 1":{
                    "Name":{
                        "Team 1":"VOLLEY CLUB HYERES\/PIE",
                        "Team 2":"B\u00c9ZIERS VOLLEY-BALL 2"
                    },
                    "Starting":{
                        "Team 1":"Service",
                        "Team 2":"Reception"
                    }
                },
                "Set 2":{
                    "Name":{
                        "Team 1":"VOLLEY CLUB HYERES\/PIE",
                        "Team 2":"B\u00c9ZIERS VOLLEY-BALL 2"
                    },
                    "Starting":{
                        "Team 1":"Reception",
                        "Team 2":"Service"
                    }
                },
                "Set 3":{
                    "Name":{
                        "Team 1":"VOLLEY CLUB HYERES\/PIE",
                        "Team 2":"B\u00c9ZIERS VOLLEY-BALL 2"
                    },
                    "Starting":{
                        "Team 1":"Service",
                        "Team 2":"Reception"
                    }
                },
                "Set 4":{
                    "Name":{
                        "Team 1":"VOLLEY CLUB HYERES\/PIE",
                        "Team 2":"B\u00c9ZIERS VOLLEY-BALL 2"
                    },
                    "Starting":{
                        "Team 1":"Reception",
                        "Team 2":"Service"
                    }
                },
                "Set 5":0
            },
            "Time":{
                "Set 1":{
                    "Time":{
                        "Start":"2019-12-01 15:01:00",
                        "End":"2019-12-01 15:23:00"
                    }
                },
                "Set 2":{
                    "Time":{
                        "Start":"2019-12-01 15:25:00",
                        "End":"2019-12-01 15:55:00"
                    }
                },
                "Set 3":{
                    "Time":{
                        "Start":"2019-12-01 16:01:00",
                        "End":"2019-12-01 16:23:00"
                    }
                },
                "Set 4":{
                    "Time":{
                        "Start":"2019-12-01 16:26:00",
                        "End":"2019-12-01 16:58:00"
                    }
                },
                "Set 5":0
            },
            "Substitutions 1":{
                "Set 1":{
                    "I":{
                        "0":"8",
                        "1":"10",
                        "2":"17:9"
                    },
                    "II":{
                        "0":5.0,
                        "1":null,
                        "2":null
                    },
                    "III":{
                        "0":16.0,
                        "1":null,
                        "2":null
                    },
                    "IV":{
                        "0":1.0,
                        "1":null,
                        "2":null
                    },
                    "V":{
                        "0":7.0,
                        "1":null,
                        "2":null
                    },
                    "VI":{
                        "0":2.0,
                        "1":null,
                        "2":null
                    }
                },
                "Set 2":{
                    "I":{
                        "0":"8",
                        "1":"10",
                        "2":"18:16"
                    },
                    "II":{
                        "0":5.0,
                        "1":null,
                        "2":null
                    },
                    "III":{
                        "0":16.0,
                        "1":null,
                        "2":null
                    },
                    "IV":{
                        "0":1.0,
                        "1":null,
                        "2":null
                    },
                    "V":{
                        "0":7.0,
                        "1":null,
                        "2":null
                    },
                    "VI":{
                        "0":2.0,
                        "1":null,
                        "2":null
                    }
                },
                "Set 3":{
                    "I":{
                        "0":8.0,
                        "1":null,
                        "2":null
                    },
                    "II":{
                        "0":5.0,
                        "1":null,
                        "2":null
                    },
                    "III":{
                        "0":"16",
                        "1":"18",
                        "2":"12:20"
                    },
                    "IV":{
                        "0":"1",
                        "1":"10",
                        "2":"12:17"
                    },
                    "V":{
                        "0":7.0,
                        "1":null,
                        "2":null
                    },
                    "VI":{
                        "0":2.0,
                        "1":null,
                        "2":null
                    }
                },
                "Set 4":{
                    "I":{
                        "0":16.0,
                        "1":null,
                        "2":null,
                        "3":null
                    },
                    "II":{
                        "0":"8",
                        "1":"10",
                        "2":"22:19",
                        "3":"24:25"
                    },
                    "III":{
                        "0":7.0,
                        "1":null,
                        "2":null,
                        "3":null
                    },
                    "IV":{
                        "0":2.0,
                        "1":null,
                        "2":null,
                        "3":null
                    },
                    "V":{
                        "0":1.0,
                        "1":null,
                        "2":null,
                        "3":null
                    },
                    "VI":{
                        "0":5.0,
                        "1":null,
                        "2":null,
                        "3":null
                    }
                },
                "Set 5":0
            },
            "Substitutions 2":{
                "Set 1":{
                    "I":{
                        "0":4.0,
                        "1":null,
                        "2":null
                    },
                    "II":{
                        "0":8.0,
                        "1":null,
                        "2":null
                    },
                    "III":{
                        "0":"18",
                        "1":"10",
                        "2":"9:18"
                    },
                    "IV":{
                        "0":6.0,
                        "1":null,
                        "2":null
                    },
                    "V":{
                        "0":5.0,
                        "1":null,
                        "2":null
                    },
                    "VI":{
                        "0":7.0,
                        "1":null,
                        "2":null
                    }
                },
                "Set 2":{
                    "I":{
                        "0":"7",
                        "1":"3",
                        "2":"16:20"
                    },
                    "II":{
                        "0":4.0,
                        "1":null,
                        "2":null
                    },
                    "III":{
                        "0":8.0,
                        "1":null,
                        "2":null
                    },
                    "IV":{
                        "0":10.0,
                        "1":null,
                        "2":null
                    },
                    "V":{
                        "0":6.0,
                        "1":null,
                        "2":null
                    },
                    "VI":{
                        "0":5.0,
                        "1":null,
                        "2":null
                    }
                },
                "Set 3":{
                    "I":{
                        "0":4.0,
                        "1":null,
                        "2":null
                    },
                    "II":{
                        "0":8.0,
                        "1":null,
                        "2":null
                    },
                    "III":{
                        "0":10.0,
                        "1":null,
                        "2":null
                    },
                    "IV":{
                        "0":6.0,
                        "1":null,
                        "2":null
                    },
                    "V":{
                        "0":"5",
                        "1":"12",
                        "2":"20:12"
                    },
                    "VI":{
                        "0":3.0,
                        "1":null,
                        "2":null
                    }
                },
                "Set 4":{
                    "I":{
                        "0":4.0,
                        "1":null,
                        "2":null
                    },
                    "II":{
                        "0":"8",
                        "1":"12",
                        "2":"15:22"
                    },
                    "III":{
                        "0":10.0,
                        "1":null,
                        "2":null
                    },
                    "IV":{
                        "0":6.0,
                        "1":null,
                        "2":null
                    },
                    "V":{
                        "0":5.0,
                        "1":null,
                        "2":null
                    },
                    "VI":{
                        "0":3.0,
                        "1":null,
                        "2":null
                    }
                },
                "Set 5":0
            },
            "Serves 1":{
                "Set 1":{
                    "I":{
                        "0":"1",
                        "1":12
                    },
                    "II":{
                        "0":"3",
                        "1":16
                    },
                    "III":{
                        "0":"4",
                        "1":18
                    },
                    "IV":{
                        "0":"5",
                        "1":21
                    },
                    "V":{
                        "0":"9",
                        "1":23
                    },
                    "VI":{
                        "0":"11",
                        "1":25
                    }
                },
                "Set 2":{
                    "I":{
                        "0":null,
                        "1":10.0,
                        "2":21.0
                    },
                    "II":{
                        "0":"1",
                        "1":11,
                        "2":22
                    },
                    "III":{
                        "0":"2",
                        "1":12,
                        "2":24
                    },
                    "IV":{
                        "0":"5",
                        "1":13.0,
                        "2":null
                    },
                    "V":{
                        "0":"7",
                        "1":15.0,
                        "2":null
                    },
                    "VI":{
                        "0":"8",
                        "1":20.0,
                        "2":null
                    }
                },
                "Set 3":{
                    "I":{
                        "0":"4",
                        "1":12
                    },
                    "II":{
                        "0":"6",
                        "1":14
                    },
                    "III":{
                        "0":"7",
                        "1":null
                    },
                    "IV":{
                        "0":"9",
                        "1":null
                    },
                    "V":{
                        "0":"10",
                        "1":null
                    },
                    "VI":{
                        "0":"11",
                        "1":null
                    }
                },
                "Set 4":{
                    "I":{
                        "0":null,
                        "1":12.0,
                        "2":24.0
                    },
                    "II":{
                        "0":"1",
                        "1":13.0,
                        "2":null
                    },
                    "III":{
                        "0":"4",
                        "1":14.0,
                        "2":null
                    },
                    "IV":{
                        "0":"6",
                        "1":16.0,
                        "2":null
                    },
                    "V":{
                        "0":"10",
                        "1":22.0,
                        "2":null
                    },
                    "VI":{
                        "0":"11",
                        "1":23.0,
                        "2":null
                    }
                },
                "Set 5":0
            },
            "Serves 2":{
                "Set 1":{
                    "I":{
                        "0":null,
                        "1":7.0
                    },
                    "II":{
                        "0":"1",
                        "1":8
                    },
                    "III":{
                        "0":"2",
                        "1":9
                    },
                    "IV":{
                        "0":"3",
                        "1":10
                    },
                    "V":{
                        "0":"4",
                        "1":11
                    },
                    "VI":{
                        "0":"5",
                        "1":12
                    }
                },
                "Set 2":{
                    "I":{
                        "0":"0",
                        "1":8,
                        "2":20
                    },
                    "II":{
                        "0":"1",
                        "1":10,
                        "2":23
                    },
                    "III":{
                        "0":"3",
                        "1":11,
                        "2":26
                    },
                    "IV":{
                        "0":"5",
                        "1":14.0,
                        "2":null
                    },
                    "V":{
                        "0":"6",
                        "1":16.0,
                        "2":null
                    },
                    "VI":{
                        "0":"7",
                        "1":19.0,
                        "2":null
                    }
                },
                "Set 3":{
                    "I":{
                        "0":null,
                        "1":17.0
                    },
                    "II":{
                        "0":"4",
                        "1":24
                    },
                    "III":{
                        "0":"9",
                        "1":25
                    },
                    "IV":{
                        "0":"11",
                        "1":null
                    },
                    "V":{
                        "0":"13",
                        "1":null
                    },
                    "VI":{
                        "0":"14",
                        "1":null
                    }
                },
                "Set 4":{
                    "I":{
                        "0":"1",
                        "1":11,
                        "2":26
                    },
                    "II":{
                        "0":"3",
                        "1":12.0,
                        "2":null
                    },
                    "III":{
                        "0":"7",
                        "1":13.0,
                        "2":null
                    },
                    "IV":{
                        "0":"8",
                        "1":14.0,
                        "2":null
                    },
                    "V":{
                        "0":"9",
                        "1":19.0,
                        "2":null
                    },
                    "VI":{
                        "0":"10",
                        "1":21.0,
                        "2":null
                    }
                },
                "Set 5":0
            },
            "Timeouts 1":{
                "Set 1":{
                    "T":{

                    }
                },
                "Set 2":{
                    "T":{
                        "0":"20:18",
                        "1":"22:21"
                    }
                },
                "Set 3":{
                    "T":{
                        "0":"10:14"
                    }
                },
                "Set 4":{
                    "T":{
                        "0":"22:17",
                        "1":"23:21"
                    }
                },
                "Set 5":0
            },
            "Timeouts 2":{
                "Set 1":{
                    "T":{

                    }
                },
                "Set 2":{
                    "T":{
                        "0":"7:10",
                        "1":"16:18"
                    }
                },
                "Set 3":{
                    "T":{

                    }
                },
                "Set 4":{
                    "T":{
                        "0":"8:10",
                        "1":"14:18"
                    }
                },
                "Set 5":0
            }
        },
        "Teams":{
            "Name":{
                "Team 1":"VOLLEY CLUB HYERES\/PIERREFEU",
                "Team 2":"B\u00c9ZIERS VOLLEY-BALL 2 CFC"
            },
            "Players":{
                "Team 1":{
                    "N\u00b0":{
                        "0":1,
                        "1":2,
                        "2":5,
                        "3":7,
                        "4":8,
                        "5":10,
                        "6":14,
                        "7":16,
                        "8":18
                    },
                    "Nom Pr\u00e9nom":{
                        "0":"GAUDEL CHLOE",
                        "1":"ROBEAU LUCIE",
                        "2":"ALBERT MAELLE",
                        "3":"COULBAULT LAURE",
                        "4":"GENNIAUX EMILIE",
                        "5":"GUIEYSSE AUDREY",
                        "6":"FRIGANT MARJORIE",
                        "7":"NAPOLI CHIARA",
                        "8":"MICHELON ERICA"
                    },
                    "Licence":{
                        "0":1342199,
                        "1":2209325,
                        "2":2057148,
                        "3":2141732,
                        "4":1691898,
                        "5":1409582,
                        "6":1471900,
                        "7":1954392,
                        "8":2049794
                    }
                },
                "Team 2":{
                    "N\u00b0":{
                        "0":3,
                        "1":3,
                        "2":4,
                        "3":5,
                        "4":6,
                        "5":7,
                        "6":8,
                        "7":10,
                        "8":12,
                        "9":14,
                        "10":18
                    },
                    "Nom Pr\u00e9nom":{
                        "0":"CHABOISSANT CALYPSO",
                        "1":"CHABOISSANT CALYPSO",
                        "2":"CHEIKH-BOUKAL AUDREY",
                        "3":"GREATTI ZOE",
                        "4":"MARQUIE LOUISE",
                        "5":"LAFALIZE DEBORAH",
                        "6":"BRAUNSTEFFER MANON",
                        "7":"VELINOV ELITSA",
                        "8":"ABBAL-BOURREZ D\u00c9LIA",
                        "9":"MAURANDY PAULINE",
                        "10":"LEMAN LAURIANE"
                    },
                    "Licence":{
                        "0":1592133,
                        "1":1592133,
                        "2":1897585,
                        "3":1943590,
                        "4":1728115,
                        "5":1941269,
                        "6":2052185,
                        "7":2192047,
                        "8":2108932,
                        "9":2142871,
                        "10":1922491
                    }
                }
            },
            "Liberos":{
                "Team 1":{
                    "N\u00b0":{
                        "0":14
                    },
                    "Nom Pr\u00e9nom":{
                        "0":"FRIGANT MARJORIE"
                    },
                    "Licence":{
                        "0":1471900
                    }
                },
                "Team 2":{
                    "N\u00b0":{
                        "0":14
                    },
                    "Nom Pr\u00e9nom":{
                        "0":"MAURANDY PAULINE"
                    },
                    "Licence":{
                        "0":2142871
                    }
                }
            },
            "Officials":{
                "Team 1":{
                    "N\u00b0":{
                        "0":"EA"
                    },
                    "Nom Pr\u00e9nom":{
                        "0":"SERVAGEON GUILLAUME"
                    },
                    "Licence":{
                        "0":1634200
                    }
                },
                "Team 2":{
                    "N\u00b0":{
                        "0":"EA"
                    },
                    "Nom Pr\u00e9nom":{
                        "0":"BAINVEL ROMUALD"
                    },
                    "Licence":{
                        "0":986222
                    }
                }
            }
        },
        "Results":{
            "winner":"B\u00c9ZIERS VOLLEY-BALL 2",
            "score":"3\/1"
        },
        "Referees":{
            "NOM Pr\u00e9nom":{
                "1er":"GALANT PHILIPPE",
                "2\u00e8me":"SOUCERADJOU LAURENT",
                "Marqueur":null,
                "Marq.Ass":".",
                "R.Salle":"LAVAGNE ANNE-MARIE"
            },
            "Ligue":{
                "1er":"LIG_ARA",
                "2\u00e8me":"LIG_OCC",
                "Marqueur":null,
                "Marq.Ass":null,
                "R.Salle":"LIG_OCC"
            },
            "Licence":{
                "1er":1088946.0,
                "2\u00e8me":1767795.0,
                "Marqueur":1043883.0,
                "Marq.Ass":null,
                "R.Salle":88864.0
            }
        },
        "Penalties":{

        }
    }
}