{
    "Match":{
        "Title":{
            "div_code":"2FA",
            "div_name":"NATIONALE 2 FEMININE",
            "div_pool":"POULE A",
            "match_number":"2FA077",
            "match_day":"11",
            "city":"BEZIERS",
            "gym":"HALLE DU FOUR A CHAUX",
            "category":"SENIOR | FEMININE",
            "ligue":"Comp\u00e9titions Nationales SENIORS",
            "date":"2020-01-12 15:00:00",
            "team_1":"B\u00c9ZIERS VOLLEY-BALL 2 CFC",
            "team_2":"PAYS D'AIX VENELLES V.B. 2"
        },
        "Sets":{
            "Teams":{
                "Set 1":{
                    "Name":{
                        "Team 1":"PAYS D'AIX VENELLES V.",
                        "Team 2":"B\u00c9ZIERS VOLLEY-BALL 2"
                    },
                    "Starting":{
                        "Team 1":"Service",
                        "Team 2":"Reception"
                    }
                },
                "Set 2":{
                    "Name":{
                        "Team 1":"PAYS D'AIX VENELLES V.",
                        "Team 2":"B\u00c9ZIERS VOLLEY-BALL 2"
                    },
                    "Starting":{
                        "Team 1":"Reception",
                        "Team 2":"Service"
                    }
                },
                "Set 3":{
                    "Name":{
                        "Team 1":"PAYS D'AIX VENELLES V.",
                        "Team 2":"B\u00c9ZIERS VOLLEY-BALL 2"
                    },
                    "Starting":{
                        "Team 1":"Service",
                        "Team 2":"Reception"
                    }
                },
                "Set 4":0,
                "Set 5":0
            },
            "Time":{
                "Set 1":{
                    "Time":{
                        "Start":"2020-01-12 14:58:00",
                        "End":"2020-01-12 15:23:00"
                    }
                },
                "Set 2":{
                    "Time":{
                        "Start":"2020-01-12 15:26:00",
                        "End":"2020-01-12 15:55:00"
                    }
                },
                "Set 3":{
                    "Time":{
                        "Start":"2020-01-12 15:58:00",
                        "End":"2020-01-12 16:23:00"
                    }
                },
                "Set 4":0,
                "Set 5":0
            },
            "Substitutions 1":{
                "Set 1":{
                    "I":{
                        "0":14
                    },
                    "II":{
                        "0":11
                    },
                    "III":{
                        "0":3
                    },
                    "IV":{
                        "0":7
                    },
                    "V":{
                        "0":1
                    },
                    "VI":{
                        "0":10
                    }
                },
                "Set 2":{
                    "I":{
                        "0":10
                    },
                    "II":{
                        "0":14
                    },
                    "III":{
                        "0":11
                    },
                    "IV":{
                        "0":3
                    },
                    "V":{
                        "0":7
                    },
                    "VI":{
                        "0":1
                    }
                },
                "Set 3":{
                    "I":{
                        "0":14.0,
                        "1":null,
                        "2":null
                    },
                    "II":{
                        "0":1.0,
                        "1":null,
                        "2":null
                    },
                    "III":{
                        "0":3.0,
                        "1":null,
                        "2":null
                    },
                    "IV":{
                        "0":"7",
                        "1":"2",
                        "2":"17:22"
                    },
                    "V":{
                        "0":11.0,
                        "1":null,
                        "2":null
                    },
                    "VI":{
                        "0":10.0,
                        "1":null,
                        "2":null
                    }
                },
                "Set 4":0,
                "Set 5":0
            },
            "Substitutions 2":{
                "Set 1":{
                    "I":{
                        "0":"18",
                        "1":"14",
                        "2":"17:17",
                        "3":null
                    },
                    "II":{
                        "0":8.0,
                        "1":null,
                        "2":null,
                        "3":null
                    },
                    "III":{
                        "0":"17",
                        "1":"3",
                        "2":"20:18",
                        "3":"21:21"
                    },
                    "IV":{
                        "0":6.0,
                        "1":null,
                        "2":null,
                        "3":null
                    },
                    "V":{
                        "0":4.0,
                        "1":null,
                        "2":null,
                        "3":null
                    },
                    "VI":{
                        "0":7.0,
                        "1":null,
                        "2":null,
                        "3":null
                    }
                },
                "Set 2":{
                    "I":{
                        "0":"18",
                        "1":"14",
                        "2":"14:15",
                        "3":"20:21"
                    },
                    "II":{
                        "0":8.0,
                        "1":null,
                        "2":null,
                        "3":null
                    },
                    "III":{
                        "0":17.0,
                        "1":null,
                        "2":null,
                        "3":null
                    },
                    "IV":{
                        "0":6.0,
                        "1":null,
                        "2":null,
                        "3":null
                    },
                    "V":{
                        "0":4.0,
                        "1":null,
                        "2":null,
                        "3":null
                    },
                    "VI":{
                        "0":7.0,
                        "1":null,
                        "2":null,
                        "3":null
                    }
                },
                "Set 3":{
                    "I":{
                        "0":"18",
                        "1":"14",
                        "2":"24:19"
                    },
                    "II":{
                        "0":8.0,
                        "1":null,
                        "2":null
                    },
                    "III":{
                        "0":17.0,
                        "1":null,
                        "2":null
                    },
                    "IV":{
                        "0":6.0,
                        "1":null,
                        "2":null
                    },
                    "V":{
                        "0":"4",
                        "1":"3",
                        "2":"22:17"
                    },
                    "VI":{
                        "0":7.0,
                        "1":null,
                        "2":null
                    }
                },
                "Set 4":0,
                "Set 5":0
            },
            "Serves 1":{
                "Set 1":{
                    "I":{
                        "0":"1",
                        "1":11,
                        "2":18
                    },
                    "II":{
                        "0":"3",
                        "1":12,
                        "2":21
                    },
                    "III":{
                        "0":"4",
                        "1":13.0,
                        "2":null
                    },
                    "IV":{
                        "0":"6",
                        "1":14.0,
                        "2":null
                    },
                    "V":{
                        "0":"8",
                        "1":15.0,
                        "2":null
                    },
                    "VI":{
                        "0":"9",
                        "1":17.0,
                        "2":null
                    }
                },
                "Set 2":{
                    "I":{
                        "0":null,
                        "1":15.0
                    },
                    "II":{
                        "0":"2",
                        "1":17
                    },
                    "III":{
                        "0":"3",
                        "1":18
                    },
                    "IV":{
                        "0":"5",
                        "1":21
                    },
                    "V":{
                        "0":"12",
                        "1":null
                    },
                    "VI":{
                        "0":"13",
                        "1":null
                    }
                },
                "Set 3":{
                    "I":{
                        "0":"2",
                        "1":10
                    },
                    "II":{
                        "0":"3",
                        "1":11
                    },
                    "III":{
                        "0":"4",
                        "1":16
                    },
                    "IV":{
                        "0":"5",
                        "1":17
                    },
                    "V":{
                        "0":"7",
                        "1":18
                    },
                    "VI":{
                        "0":"9",
                        "1":19
                    }
                },
                "Set 4":0,
                "Set 5":0
            },
            "Serves 2":{
                "Set 1":{
                    "I":{
                        "0":null,
                        "1":10.0,
                        "2":19.0
                    },
                    "II":{
                        "0":"2",
                        "1":11,
                        "2":21
                    },
                    "III":{
                        "0":"4",
                        "1":12,
                        "2":25
                    },
                    "IV":{
                        "0":"6",
                        "1":13.0,
                        "2":null
                    },
                    "V":{
                        "0":"8",
                        "1":14.0,
                        "2":null
                    },
                    "VI":{
                        "0":"9",
                        "1":16.0,
                        "2":null
                    }
                },
                "Set 2":{
                    "I":{
                        "0":"0",
                        "1":15
                    },
                    "II":{
                        "0":"1",
                        "1":16
                    },
                    "III":{
                        "0":"2",
                        "1":19
                    },
                    "IV":{
                        "0":"10",
                        "1":25
                    },
                    "V":{
                        "0":"11",
                        "1":null
                    },
                    "VI":{
                        "0":"13",
                        "1":null
                    }
                },
                "Set 3":{
                    "I":{
                        "0":null,
                        "1":9.0,
                        "2":25.0
                    },
                    "II":{
                        "0":"1",
                        "1":11.0,
                        "2":null
                    },
                    "III":{
                        "0":"2",
                        "1":14.0,
                        "2":null
                    },
                    "IV":{
                        "0":"3",
                        "1":21.0,
                        "2":null
                    },
                    "V":{
                        "0":"5",
                        "1":22.0,
                        "2":null
                    },
                    "VI":{
                        "0":"8",
                        "1":23.0,
                        "2":null
                    }
                },
                "Set 4":0,
                "Set 5":0
            },
            "Timeouts 1":{
                "Set 1":{
                    "T":{
                        "0":"18:21"
                    }
                },
                "Set 2":{
                    "T":{
                        "0":"18:19"
                    }
                },
                "Set 3":{
                    "T":{
                        "0":"16:18"
                    }
                },
                "Set 4":0,
                "Set 5":0
            },
            "Timeouts 2":{
                "Set 1":{
                    "T":{

                    }
                },
                "Set 2":{
                    "T":{
                        "0":"2:5",
                        "1":"10:11"
                    }
                },
                "Set 3":{
                    "T":{
                        "0":"14:13"
                    }
                },
                "Set 4":0,
                "Set 5":0
            }
        },
        "Teams":{
            "Name":{
                "Team 1":"PAYS D'AIX VENELLES V.B. 2",
                "Team 2":"B\u00c9ZIERS VOLLEY-BALL 2 CFC"
            },
            "Players":{
                "Team 1":{
                    "N\u00b0":{
                        "0":1,
                        "1":2,
                        "2":3,
                        "3":4,
                        "4":7,
                        "5":8,
                        "6":10,
                        "7":11,
                        "8":12,
                        "9":14
                    },
                    "Nom Pr\u00e9nom":{
                        "0":"BESNEHARD CASSIOPEE",
                        "1":"RAQUIN LOU",
                        "2":"BLAZIKOWSKI CYRIELLE",
                        "3":"MICHEL ANGELE",
                        "4":"WOLTER ALICE",
                        "5":"MAGNANI CHLOE",
                        "6":"DROP CLARISSE",
                        "7":"ARMANDO JENIFER",
                        "8":"PYVOVAROVA ALINA",
                        "9":"DORNIC MARTINAYA"
                    },
                    "Licence":{
                        "0":1875507,
                        "1":1900471,
                        "2":2097475,
                        "3":1631856,
                        "4":1963316,
                        "5":1998364,
                        "6":1911532,
                        "7":1997001,
                        "8":1884946,
                        "9":2128747
                    }
                },
                "Team 2":{
                    "N\u00b0":{
                        "0":3,
                        "1":4,
                        "2":6,
                        "3":7,
                        "4":8,
                        "5":12,
                        "6":14,
                        "7":16,
                        "8":17,
                        "9":18
                    },
                    "Nom Pr\u00e9nom":{
                        "0":"CHABOISSANT CALYPSO",
                        "1":"GREATTI ZOE",
                        "2":"MARQUIE LOUISE",
                        "3":"LAFALIZE DEBORAH",
                        "4":"BRAUNSTEFFER MANON",
                        "5":"ABBAL-BOURREZ D\u00c9LIA",
                        "6":"MAURANDY PAULINE",
                        "7":"ROMATI SARA",
                        "8":"VELINOV ELITSA",
                        "9":"LEMAN LAURIANE"
                    },
                    "Licence":{
                        "0":1592133,
                        "1":1943590,
                        "2":1728115,
                        "3":1941269,
                        "4":2052185,
                        "5":2108932,
                        "6":2142871,
                        "7":1863717,
                        "8":2192047,
                        "9":1922491
                    }
                }
            },
            "Liberos":{
                "Team 1":{
                    "N\u00b0":{
                        "0":8
                    },
                    "Nom Pr\u00e9nom":{
                        "0":"MAGNANI CHLOE"
                    },
                    "Licence":{
                        "0":1998364
                    }
                },
                "Team 2":{
                    "N\u00b0":{
                        "0":16
                    },
                    "Nom Pr\u00e9nom":{
                        "0":"ROMATI SARA"
                    },
                    "Licence":{
                        "0":1863717
                    }
                }
            },
            "Officials":{
                "Team 1":{
                    "N\u00b0":{
                        "0":"EA"
                    },
                    "Nom Pr\u00e9nom":{
                        "0":"REY LUDOVIC"
                    },
                    "Licence":{
                        "0":1838683
                    }
                },
                "Team 2":{
                    "N\u00b0":{
                        "0":"EA"
                    },
                    "Nom Pr\u00e9nom":{
                        "0":"BAINVEL ROMUALD"
                    },
                    "Licence":{
                        "0":986222
                    }
                }
            }
        },
        "Results":{
            "winner":"B\u00c9ZIERS VOLLEY-BALL 2",
            "score":"3\/0"
        },
        "Referees":{
            "NOM Pr\u00e9nom":{
                "1er":"TROJAT GIL",
                "2\u00e8me":"BOURGUIBI ABDESAMAD",
                "Marqueur":"PASTUREL GUYLHEM",
                "Marq.Ass":".",
                "R.Salle":"LAVAGNE ANNE-MARIE"
            },
            "Ligue":{
                "1er":"LIG_ARA",
                "2\u00e8me":"LIG_OCC",
                "Marqueur":"LIG_OCC",
                "Marq.Ass":null,
                "R.Salle":"LIG_OCC"
            },
            "Licence":{
                "1er":469718.0,
                "2\u00e8me":1379609.0,
                "Marqueur":1043882.0,
                "Marq.Ass":null,
                "R.Salle":88864.0
            }
        },
        "Penalties":{

        }
    }
}