{
    "Match":{
        "Title":{
            "div_code":"2FA",
            "div_name":"NATIONALE 2 FEMININE",
            "div_pool":"POULE A",
            "match_number":"2FA014",
            "match_day":"02",
            "city":"VENELLES",
            "gym":"HALLE DES SPORTS",
            "category":"SENIOR | FEMININE",
            "ligue":"Comp\u00e9titions Nationales SENIORS",
            "date":"2019-10-12 18:00:00",
            "team_1":"PAYS D'AIX VENELLES V.B. 2",
            "team_2":"VOLLEY PRADETAN GARDEEN"
        },
        "Sets":{
            "Teams":{
                "Set 1":{
                    "Name":{
                        "Team 1":"PAYS D'AIX VENELLES V.",
                        "Team 2":"VOLLEY PRADETAN GARDEE"
                    },
                    "Starting":{
                        "Team 1":"Service",
                        "Team 2":"Reception"
                    }
                },
                "Set 2":{
                    "Name":{
                        "Team 1":"PAYS D'AIX VENELLES V.",
                        "Team 2":"VOLLEY PRADETAN GARDEE"
                    },
                    "Starting":{
                        "Team 1":"Reception",
                        "Team 2":"Service"
                    }
                },
                "Set 3":{
                    "Name":{
                        "Team 1":"PAYS D'AIX VENELLES V.",
                        "Team 2":"VOLLEY PRADETAN GARDEE"
                    },
                    "Starting":{
                        "Team 1":"Service",
                        "Team 2":"Reception"
                    }
                },
                "Set 4":0,
                "Set 5":0
            },
            "Time":{
                "Set 1":{
                    "Time":{
                        "Start":"2019-10-12 17:59:00",
                        "End":"2019-10-12 18:22:00"
                    }
                },
                "Set 2":{
                    "Time":{
                        "Start":"2019-10-12 18:25:00",
                        "End":"2019-10-12 18:51:00"
                    }
                },
                "Set 3":{
                    "Time":{
                        "Start":"2019-10-12 18:54:00",
                        "End":"2019-10-12 19:16:00"
                    }
                },
                "Set 4":0,
                "Set 5":0
            },
            "Substitutions 1":{
                "Set 1":{
                    "I":{
                        "0":12
                    },
                    "II":{
                        "0":11
                    },
                    "III":{
                        "0":6
                    },
                    "IV":{
                        "0":13
                    },
                    "V":{
                        "0":5
                    },
                    "VI":{
                        "0":10
                    }
                },
                "Set 2":{
                    "I":{
                        "0":12
                    },
                    "II":{
                        "0":11
                    },
                    "III":{
                        "0":6
                    },
                    "IV":{
                        "0":13
                    },
                    "V":{
                        "0":5
                    },
                    "VI":{
                        "0":10
                    }
                },
                "Set 3":{
                    "I":{
                        "0":12
                    },
                    "II":{
                        "0":11
                    },
                    "III":{
                        "0":6
                    },
                    "IV":{
                        "0":13
                    },
                    "V":{
                        "0":1
                    },
                    "VI":{
                        "0":10
                    }
                },
                "Set 4":0,
                "Set 5":0
            },
            "Substitutions 2":{
                "Set 1":{
                    "I":{
                        "0":4
                    },
                    "II":{
                        "0":3
                    },
                    "III":{
                        "0":16
                    },
                    "IV":{
                        "0":5
                    },
                    "V":{
                        "0":10
                    },
                    "VI":{
                        "0":12
                    }
                },
                "Set 2":{
                    "I":{
                        "0":"3",
                        "1":"11",
                        "2":"15:20",
                        "3":null
                    },
                    "II":{
                        "0":"16",
                        "1":"1",
                        "2":"15:18",
                        "3":"19:22"
                    },
                    "III":{
                        "0":5.0,
                        "1":null,
                        "2":null,
                        "3":null
                    },
                    "IV":{
                        "0":10.0,
                        "1":null,
                        "2":null,
                        "3":null
                    },
                    "V":{
                        "0":12.0,
                        "1":null,
                        "2":null,
                        "3":null
                    },
                    "VI":{
                        "0":4.0,
                        "1":null,
                        "2":null,
                        "3":null
                    }
                },
                "Set 3":{
                    "I":{
                        "0":"4",
                        "1":"9",
                        "2":"8:11"
                    },
                    "II":{
                        "0":"11",
                        "1":"3",
                        "2":"8:13"
                    },
                    "III":{
                        "0":"1",
                        "1":"16",
                        "2":"10:17"
                    },
                    "IV":{
                        "0":5.0,
                        "1":null,
                        "2":null
                    },
                    "V":{
                        "0":10.0,
                        "1":null,
                        "2":null
                    },
                    "VI":{
                        "0":12.0,
                        "1":null,
                        "2":null
                    }
                },
                "Set 4":0,
                "Set 5":0
            },
            "Serves 1":{
                "Set 1":{
                    "I":{
                        "0":"3",
                        "1":12
                    },
                    "II":{
                        "0":"4",
                        "1":14
                    },
                    "III":{
                        "0":"6",
                        "1":16
                    },
                    "IV":{
                        "0":"8",
                        "1":20
                    },
                    "V":{
                        "0":"9",
                        "1":23
                    },
                    "VI":{
                        "0":"11",
                        "1":25
                    }
                },
                "Set 2":{
                    "I":{
                        "0":null,
                        "1":9.0
                    },
                    "II":{
                        "0":"2",
                        "1":11
                    },
                    "III":{
                        "0":"3",
                        "1":12
                    },
                    "IV":{
                        "0":"5",
                        "1":13
                    },
                    "V":{
                        "0":"6",
                        "1":20
                    },
                    "VI":{
                        "0":"7",
                        "1":25
                    }
                },
                "Set 3":{
                    "I":{
                        "0":"2",
                        "1":17
                    },
                    "II":{
                        "0":"4",
                        "1":19
                    },
                    "III":{
                        "0":"6",
                        "1":22
                    },
                    "IV":{
                        "0":"7",
                        "1":25
                    },
                    "V":{
                        "0":"9",
                        "1":null
                    },
                    "VI":{
                        "0":"14",
                        "1":null
                    }
                },
                "Set 4":0,
                "Set 5":0
            },
            "Serves 2":{
                "Set 1":{
                    "I":{
                        "0":null,
                        "1":11.0
                    },
                    "II":{
                        "0":"4",
                        "1":12
                    },
                    "III":{
                        "0":"5",
                        "1":14
                    },
                    "IV":{
                        "0":"8",
                        "1":15
                    },
                    "V":{
                        "0":"9",
                        "1":17
                    },
                    "VI":{
                        "0":"10",
                        "1":18
                    }
                },
                "Set 2":{
                    "I":{
                        "0":"1",
                        "1":11
                    },
                    "II":{
                        "0":"2",
                        "1":12
                    },
                    "III":{
                        "0":"3",
                        "1":13
                    },
                    "IV":{
                        "0":"4",
                        "1":15
                    },
                    "V":{
                        "0":"9",
                        "1":19
                    },
                    "VI":{
                        "0":"10",
                        "1":null
                    }
                },
                "Set 3":{
                    "I":{
                        "0":null,
                        "1":10.0
                    },
                    "II":{
                        "0":"4",
                        "1":11
                    },
                    "III":{
                        "0":"5",
                        "1":13
                    },
                    "IV":{
                        "0":"6",
                        "1":14
                    },
                    "V":{
                        "0":"7",
                        "1":null
                    },
                    "VI":{
                        "0":"8",
                        "1":null
                    }
                },
                "Set 4":0,
                "Set 5":0
            },
            "Timeouts 1":{
                "Set 1":{
                    "T":{

                    }
                },
                "Set 2":{
                    "T":{
                        "0":"20:18"
                    }
                },
                "Set 3":{
                    "T":{
                        "0":"19:13"
                    }
                },
                "Set 4":0,
                "Set 5":0
            },
            "Timeouts 2":{
                "Set 1":{
                    "T":{
                        "0":"15:19",
                        "1":"17:23"
                    }
                },
                "Set 2":{
                    "T":{
                        "0":"15:19",
                        "1":"19:23"
                    }
                },
                "Set 3":{
                    "T":{
                        "0":"0:2",
                        "1":"8:14"
                    }
                },
                "Set 4":0,
                "Set 5":0
            }
        },
        "Teams":{
            "Name":{
                "Team 1":"PAYS D'AIX VENELLES V.B. 2",
                "Team 2":"VOLLEY PRADETAN GARDEEN"
            },
            "Players":{
                "Team 1":{
                    "N\u00b0":{
                        "0":1,
                        "1":4,
                        "2":5,
                        "3":6,
                        "4":7,
                        "5":8,
                        "6":10,
                        "7":11,
                        "8":12,
                        "9":13
                    },
                    "Nom Pr\u00e9nom":{
                        "0":"VILLEDIEU CHIARA",
                        "1":"MICHEL ANGELE",
                        "2":"RAQUIN LOU",
                        "3":"BLAZIKOWSKI CYRIELLE",
                        "4":"DORNIC MARTINAYA",
                        "5":"MAGNANI CHLOE",
                        "6":"DROP CLARISSE",
                        "7":"ARMANDO JENIFER",
                        "8":"PYVOVAROVA ALINA",
                        "9":"WOLTER ALICE"
                    },
                    "Licence":{
                        "0":2003754,
                        "1":1631856,
                        "2":1900471,
                        "3":2097475,
                        "4":2128747,
                        "5":1998364,
                        "6":1911532,
                        "7":1997001,
                        "8":1884946,
                        "9":1963316
                    }
                },
                "Team 2":{
                    "N\u00b0":{
                        "0":1,
                        "1":3,
                        "2":4,
                        "3":5,
                        "4":8,
                        "5":9,
                        "6":10,
                        "7":11,
                        "8":12,
                        "9":13,
                        "10":16
                    },
                    "Nom Pr\u00e9nom":{
                        "0":"HERVE SOPHIE",
                        "1":"THIEME LILOU",
                        "2":"LAGARDE ELODIE",
                        "3":"CHARVIN BLANDINE",
                        "4":"MAURICE ANGELIQUE",
                        "5":"WOHLWEND LOLA",
                        "6":"GAULARD KATELEEN",
                        "7":"PIERI AMBRE-ALIZEE",
                        "8":"TAVAEARII MAINANUI",
                        "9":"REBOUCHE EMMANUELLE",
                        "10":"VEZZUTI ANNABELLE"
                    },
                    "Licence":{
                        "0":1428816,
                        "1":1991371,
                        "2":1733360,
                        "3":1838060,
                        "4":1835484,
                        "5":1891394,
                        "6":1966078,
                        "7":1672297,
                        "8":2317488,
                        "9":1762591,
                        "10":1802259
                    }
                }
            },
            "Liberos":{
                "Team 1":{
                    "N\u00b0":{
                        "0":8
                    },
                    "Nom Pr\u00e9nom":{
                        "0":"MAGNANI CHLOE"
                    },
                    "Licence":{
                        "0":1998364
                    }
                },
                "Team 2":{
                    "N\u00b0":{
                        "0":8,
                        "1":13
                    },
                    "Nom Pr\u00e9nom":{
                        "0":"MAURICE ANGELIQUE",
                        "1":"REBOUCHE EMMANUELLE"
                    },
                    "Licence":{
                        "0":1835484,
                        "1":1762591
                    }
                }
            },
            "Officials":{
                "Team 1":{
                    "N\u00b0":{
                        "0":"EA"
                    },
                    "Nom Pr\u00e9nom":{
                        "0":"VERNIER PATRICIA"
                    },
                    "Licence":{
                        "0":959038
                    }
                },
                "Team 2":{
                    "N\u00b0":{
                        "0":"EA",
                        "1":"EB"
                    },
                    "Nom Pr\u00e9nom":{
                        "0":"MATTEI NICOLAS",
                        "1":"BRAMERIE EMILE"
                    },
                    "Licence":{
                        "0":969514,
                        "1":2122403
                    }
                }
            }
        },
        "Results":{
            "winner":"PAYS D'AIX VENELLES V.",
            "score":"3\/0"
        },
        "Referees":{
            "NOM Pr\u00e9nom":{
                "1er":"VERMANDE CEDRIC",
                "2\u00e8me":"CHOINARD MICKAEL",
                "Marqueur":"CHENAVAS FRANCOISE",
                "Marq.Ass":".",
                "nan":null
            },
            "Ligue":{
                "1er":"LIG_PAC",
                "2\u00e8me":"LIG_PAC",
                "Marqueur":"LIG_PAC",
                "Marq.Ass":null,
                "nan":"Juges"
            },
            "Licence":{
                "1er":1040441.0,
                "2\u00e8me":1458903.0,
                "Marqueur":2140300.0,
                "Marq.Ass":null,
                "nan":null
            }
        },
        "Penalties":{

        }
    }
}