{
    "Match":{
        "Title":{
            "div_code":"2FA",
            "div_name":"NATIONALE 2 FEMININE",
            "div_pool":"POULE A",
            "match_number":"2FA098",
            "match_day":"14",
            "city":"VENELLES",
            "gym":"HALLE DES SPORTS",
            "category":"SENIOR | FEMININE",
            "ligue":"Comp\u00e9titions Nationales SENIORS",
            "date":"2020-02-02 15:00:00",
            "team_1":"PAYS D'AIX VENELLES V.B. 2",
            "team_2":"ASS SPORTIVE DE MONACO"
        },
        "Sets":{
            "Teams":{
                "Set 1":{
                    "Name":{
                        "Team 1":"PAYS D'AIX VENELLES V.",
                        "Team 2":"ASS SPORTIVE DE MONACO"
                    },
                    "Starting":{
                        "Team 1":"Reception",
                        "Team 2":"Service"
                    }
                },
                "Set 2":{
                    "Name":{
                        "Team 1":"PAYS D'AIX VENELLES V.",
                        "Team 2":"ASS SPORTIVE DE MONACO"
                    },
                    "Starting":{
                        "Team 1":"Service",
                        "Team 2":"Reception"
                    }
                },
                "Set 3":{
                    "Name":{
                        "Team 1":"PAYS D'AIX VENELLES V.",
                        "Team 2":"ASS SPORTIVE DE MONACO"
                    },
                    "Starting":{
                        "Team 1":"Reception",
                        "Team 2":"Service"
                    }
                },
                "Set 4":0,
                "Set 5":0
            },
            "Time":{
                "Set 1":{
                    "Time":{
                        "Start":"2020-02-02 15:00:00",
                        "End":"2020-02-02 15:25:00"
                    }
                },
                "Set 2":{
                    "Time":{
                        "Start":"2020-02-02 15:28:00",
                        "End":"2020-02-02 15:52:00"
                    }
                },
                "Set 3":{
                    "Time":{
                        "Start":"2020-02-02 15:55:00",
                        "End":"2020-02-02 16:16:00"
                    }
                },
                "Set 4":0,
                "Set 5":0
            },
            "Substitutions 1":{
                "Set 1":{
                    "I":{
                        "0":10.0,
                        "1":null,
                        "2":null,
                        "3":null
                    },
                    "II":{
                        "0":"14",
                        "1":"7",
                        "2":"16:18",
                        "3":"18:22"
                    },
                    "III":{
                        "0":11.0,
                        "1":null,
                        "2":null,
                        "3":null
                    },
                    "IV":{
                        "0":3.0,
                        "1":null,
                        "2":null,
                        "3":null
                    },
                    "V":{
                        "0":"6",
                        "1":"12",
                        "2":"16:18",
                        "3":"18:22"
                    },
                    "VI":{
                        "0":2.0,
                        "1":null,
                        "2":null,
                        "3":null
                    }
                },
                "Set 2":{
                    "I":{
                        "0":14.0,
                        "1":null,
                        "2":null
                    },
                    "II":{
                        "0":11.0,
                        "1":null,
                        "2":null
                    },
                    "III":{
                        "0":3.0,
                        "1":null,
                        "2":null
                    },
                    "IV":{
                        "0":6.0,
                        "1":null,
                        "2":null
                    },
                    "V":{
                        "0":"2",
                        "1":"7",
                        "2":"10:17"
                    },
                    "VI":{
                        "0":10.0,
                        "1":null,
                        "2":null
                    }
                },
                "Set 3":{
                    "I":{
                        "0":10.0,
                        "1":null,
                        "2":null,
                        "3":null
                    },
                    "II":{
                        "0":"14",
                        "1":"12",
                        "2":"8:20",
                        "3":"9:21"
                    },
                    "III":{
                        "0":"2",
                        "1":"6",
                        "2":"7:12",
                        "3":null
                    },
                    "IV":{
                        "0":3.0,
                        "1":null,
                        "2":null,
                        "3":null
                    },
                    "V":{
                        "0":"4",
                        "1":"7",
                        "2":"9:20",
                        "3":null
                    },
                    "VI":{
                        "0":11.0,
                        "1":null,
                        "2":null,
                        "3":null
                    }
                },
                "Set 4":0,
                "Set 5":0
            },
            "Substitutions 2":{
                "Set 1":{
                    "I":{
                        "0":6.0,
                        "1":null,
                        "2":null,
                        "3":null
                    },
                    "II":{
                        "0":5.0,
                        "1":null,
                        "2":null,
                        "3":null
                    },
                    "III":{
                        "0":7.0,
                        "1":null,
                        "2":null,
                        "3":null
                    },
                    "IV":{
                        "0":"9",
                        "1":"19",
                        "2":"19:18",
                        "3":"23:19"
                    },
                    "V":{
                        "0":10.0,
                        "1":null,
                        "2":null,
                        "3":null
                    },
                    "VI":{
                        "0":8.0,
                        "1":null,
                        "2":null,
                        "3":null
                    }
                },
                "Set 2":{
                    "I":{
                        "0":6.0,
                        "1":null,
                        "2":null,
                        "3":null
                    },
                    "II":{
                        "0":"5",
                        "1":"2",
                        "2":"15:9",
                        "3":"17:10"
                    },
                    "III":{
                        "0":7.0,
                        "1":null,
                        "2":null,
                        "3":null
                    },
                    "IV":{
                        "0":"9",
                        "1":"19",
                        "2":"22:12",
                        "3":null
                    },
                    "V":{
                        "0":10.0,
                        "1":null,
                        "2":null,
                        "3":null
                    },
                    "VI":{
                        "0":8.0,
                        "1":null,
                        "2":null,
                        "3":null
                    }
                },
                "Set 3":{
                    "I":{
                        "0":6.0,
                        "1":null,
                        "2":null,
                        "3":null
                    },
                    "II":{
                        "0":"5",
                        "1":"2",
                        "2":"21:9",
                        "3":"23:10"
                    },
                    "III":{
                        "0":7.0,
                        "1":null,
                        "2":null,
                        "3":null
                    },
                    "IV":{
                        "0":9.0,
                        "1":null,
                        "2":null,
                        "3":null
                    },
                    "V":{
                        "0":10.0,
                        "1":null,
                        "2":null,
                        "3":null
                    },
                    "VI":{
                        "0":8.0,
                        "1":null,
                        "2":null,
                        "3":null
                    }
                },
                "Set 4":0,
                "Set 5":0
            },
            "Serves 1":{
                "Set 1":{
                    "I":{
                        "0":null,
                        "1":10.0,
                        "2":19.0
                    },
                    "II":{
                        "0":"1",
                        "1":11,
                        "2":21
                    },
                    "III":{
                        "0":"2",
                        "1":12.0,
                        "2":null
                    },
                    "IV":{
                        "0":"3",
                        "1":13.0,
                        "2":null
                    },
                    "V":{
                        "0":"4",
                        "1":16.0,
                        "2":null
                    },
                    "VI":{
                        "0":"6",
                        "1":18.0,
                        "2":null
                    }
                },
                "Set 2":{
                    "I":{
                        "0":"1",
                        "1":9
                    },
                    "II":{
                        "0":"2",
                        "1":11
                    },
                    "III":{
                        "0":"4",
                        "1":12
                    },
                    "IV":{
                        "0":"6",
                        "1":14
                    },
                    "V":{
                        "0":"7",
                        "1":16
                    },
                    "VI":{
                        "0":"8",
                        "1":null
                    }
                },
                "Set 3":{
                    "I":{
                        "0":null,
                        "1":8.0
                    },
                    "II":{
                        "0":"2",
                        "1":9
                    },
                    "III":{
                        "0":"3",
                        "1":10
                    },
                    "IV":{
                        "0":"5",
                        "1":null
                    },
                    "V":{
                        "0":"6",
                        "1":null
                    },
                    "VI":{
                        "0":"7",
                        "1":null
                    }
                },
                "Set 4":0,
                "Set 5":0
            },
            "Serves 2":{
                "Set 1":{
                    "I":{
                        "0":"0",
                        "1":8,
                        "2":24
                    },
                    "II":{
                        "0":"1",
                        "1":11,
                        "2":25
                    },
                    "III":{
                        "0":"4",
                        "1":12.0,
                        "2":null
                    },
                    "IV":{
                        "0":"5",
                        "1":17.0,
                        "2":null
                    },
                    "V":{
                        "0":"6",
                        "1":19.0,
                        "2":null
                    },
                    "VI":{
                        "0":"7",
                        "1":22.0,
                        "2":null
                    }
                },
                "Set 2":{
                    "I":{
                        "0":null,
                        "1":14.0
                    },
                    "II":{
                        "0":"1",
                        "1":17
                    },
                    "III":{
                        "0":"3",
                        "1":21
                    },
                    "IV":{
                        "0":"5",
                        "1":22
                    },
                    "V":{
                        "0":"10",
                        "1":23
                    },
                    "VI":{
                        "0":"12",
                        "1":25
                    }
                },
                "Set 3":{
                    "I":{
                        "0":"0",
                        "1":20
                    },
                    "II":{
                        "0":"2",
                        "1":23
                    },
                    "III":{
                        "0":"4",
                        "1":25
                    },
                    "IV":{
                        "0":"5",
                        "1":null
                    },
                    "V":{
                        "0":"8",
                        "1":null
                    },
                    "VI":{
                        "0":"15",
                        "1":null
                    }
                },
                "Set 4":0,
                "Set 5":0
            },
            "Timeouts 1":{
                "Set 1":{
                    "T":{
                        "0":"18:21"
                    }
                },
                "Set 2":{
                    "T":{
                        "0":"7:12",
                        "1":"11:20"
                    }
                },
                "Set 3":{
                    "T":{
                        "0":"7:13",
                        "1":"8:18"
                    }
                },
                "Set 4":0,
                "Set 5":0
            },
            "Timeouts 2":{
                "Set 1":{
                    "T":{
                        "0":"24:21"
                    }
                },
                "Set 2":{
                    "T":{

                    }
                },
                "Set 3":{
                    "T":{

                    }
                },
                "Set 4":0,
                "Set 5":0
            }
        },
        "Teams":{
            "Name":{
                "Team 1":"PAYS D'AIX VENELLES V.B. 2",
                "Team 2":"ASS SPORTIVE DE MONACO"
            },
            "Players":{
                "Team 1":{
                    "N\u00b0":{
                        "0":2,
                        "1":3,
                        "2":4,
                        "3":6,
                        "4":7,
                        "5":8,
                        "6":10,
                        "7":11,
                        "8":12,
                        "9":14
                    },
                    "Nom Pr\u00e9nom":{
                        "0":"RAQUIN LOU",
                        "1":"BLAZIKOWSKI CYRIELLE",
                        "2":"MICHEL ANGELE",
                        "3":"VILLEDIEU CHIARA",
                        "4":"WOLTER ALICE",
                        "5":"MAGNANI CHLOE",
                        "6":"DROP CLARISSE",
                        "7":"ARMANDO JENIFER",
                        "8":"PYVOVAROVA ALINA",
                        "9":"DORNIC MARTINAYA"
                    },
                    "Licence":{
                        "0":1900471,
                        "1":2097475,
                        "2":1631856,
                        "3":2003754,
                        "4":1963316,
                        "5":1998364,
                        "6":1911532,
                        "7":1997001,
                        "8":1884946,
                        "9":2128747
                    }
                },
                "Team 2":{
                    "N\u00b0":{
                        "0":1,
                        "1":2,
                        "2":3,
                        "3":4,
                        "4":5,
                        "5":6,
                        "6":7,
                        "7":8,
                        "8":9,
                        "9":10,
                        "10":19
                    },
                    "Nom Pr\u00e9nom":{
                        "0":"REBUFFEL MANON",
                        "1":"GUADDACHE WIEME",
                        "2":"HAMZAOUI EVA",
                        "3":"BAUSSET FRANCE",
                        "4":"BACHERY HAYAT",
                        "5":"CHAMEAUX LENA",
                        "6":"DA MOURA LEAL CELIA",
                        "7":"REVEL CHION CAROLINE",
                        "8":"HARAGOVA VENDULA",
                        "9":"GIORDANO MATHILDE",
                        "10":"BERTANY JULIE"
                    },
                    "Licence":{
                        "0":1777045,
                        "1":1823437,
                        "2":1338367,
                        "3":1556677,
                        "4":1345937,
                        "5":1778916,
                        "6":1611693,
                        "7":1463563,
                        "8":1879131,
                        "9":1077178,
                        "10":1796253
                    }
                }
            },
            "Liberos":{
                "Team 1":{
                    "N\u00b0":{
                        "0":8
                    },
                    "Nom Pr\u00e9nom":{
                        "0":"MAGNANI CHLOE"
                    },
                    "Licence":{
                        "0":1998364
                    }
                },
                "Team 2":{
                    "N\u00b0":{
                        "0":1
                    },
                    "Nom Pr\u00e9nom":{
                        "0":"REBUFFEL MANON"
                    },
                    "Licence":{
                        "0":1777045
                    }
                }
            },
            "Officials":{
                "Team 1":{
                    "N\u00b0":{
                        "0":"EA",
                        "1":"EB"
                    },
                    "Nom Pr\u00e9nom":{
                        "0":"REY LUDOVIC",
                        "1":"DESAINT EMMANUELLE"
                    },
                    "Licence":{
                        "0":1838683,
                        "1":1569033
                    }
                },
                "Team 2":{
                    "N\u00b0":{
                        "0":"EA"
                    },
                    "Nom Pr\u00e9nom":{
                        "0":"HAMZAOUI EVA"
                    },
                    "Licence":{
                        "0":1338367
                    }
                }
            }
        },
        "Results":{
            "winner":"ASS SPORTIVE DE MONACO",
            "score":"3\/0"
        },
        "Referees":{
            "NOM Pr\u00e9nom":{
                "1er":"MONTAGNESE OLIVIER",
                "2\u00e8me":"HADID MARIE-CHRISTINE",
                "Marqueur":"LEGRAND DENISE",
                "Marq.Ass":".",
                "R.Salle":"VIAL ALAIN"
            },
            "Ligue":{
                "1er":"LIG_PAC",
                "2\u00e8me":"LIG_PAC",
                "Marqueur":"LIG_PAC",
                "Marq.Ass":null,
                "R.Salle":"LIG_PAC"
            },
            "Licence":{
                "1er":711069.0,
                "2\u00e8me":1102370.0,
                "Marqueur":550350.0,
                "Marq.Ass":null,
                "R.Salle":2018449.0
            }
        },
        "Penalties":{

        }
    }
}