{
    "Match":{
        "Title":{
            "div_code":"2FA",
            "div_name":"NATIONALE 2 FEMININE",
            "div_pool":"POULE A",
            "match_number":"2FA019",
            "match_day":"03",
            "city":"ALBI",
            "gym":"COSEC",
            "category":"SENIOR | FEMININE",
            "ligue":"Comp\u00e9titions Nationales SENIORS",
            "date":"2019-10-20 16:00:00",
            "team_1":"VOLLEY-BALL ALBIGEOIS",
            "team_2":"US CAGNES VOLLEY-BALL"
        },
        "Sets":{
            "Teams":{
                "Set 1":{
                    "Name":{
                        "Team 1":"VOLLEY-BALL ALBIGEOIS",
                        "Team 2":"US CAGNES VOLLEY-BALL"
                    },
                    "Starting":{
                        "Team 1":"Service",
                        "Team 2":"Reception"
                    }
                },
                "Set 2":{
                    "Name":{
                        "Team 1":"VOLLEY-BALL ALBIGEOIS",
                        "Team 2":"US CAGNES VOLLEY-BALL"
                    },
                    "Starting":{
                        "Team 1":"Reception",
                        "Team 2":"Service"
                    }
                },
                "Set 3":{
                    "Name":{
                        "Team 1":"VOLLEY-BALL ALBIGEOIS",
                        "Team 2":"US CAGNES VOLLEY-BALL"
                    },
                    "Starting":{
                        "Team 1":"Service",
                        "Team 2":"Reception"
                    }
                },
                "Set 4":{
                    "Name":{
                        "Team 1":"VOLLEY-BALL ALBIGEOIS",
                        "Team 2":"US CAGNES VOLLEY-BALL"
                    },
                    "Starting":{
                        "Team 1":"Reception",
                        "Team 2":"Service"
                    }
                },
                "Set 5":{
                    "Name":{
                        "Team 1":"VOLLEY-BALL ALBIGEO",
                        "Team 2":"US CAGNES VOLLEY-BA"
                    },
                    "Starting":{
                        "Team 1":"Service",
                        "Team 2":"Reception"
                    }
                }
            },
            "Time":{
                "Set 1":{
                    "Time":{
                        "Start":"2019-10-20 15:58:00",
                        "End":"2019-10-20 16:27:00"
                    }
                },
                "Set 2":{
                    "Time":{
                        "Start":"2019-10-20 16:30:00",
                        "End":"2019-10-20 16:54:00"
                    }
                },
                "Set 3":{
                    "Time":{
                        "Start":"2019-10-20 16:57:00",
                        "End":"2019-10-20 17:25:00"
                    }
                },
                "Set 4":{
                    "Time":{
                        "Start":"2019-10-20 17:27:00",
                        "End":"2019-10-20 18:02:00"
                    }
                },
                "Set 5":{
                    "Time":{
                        "Start":"2019-10-20 18:05:00",
                        "End":"2019-10-20 18:19:00"
                    }
                }
            },
            "Substitutions 1":{
                "Set 1":{
                    "I":{
                        "0":5
                    },
                    "II":{
                        "0":1
                    },
                    "III":{
                        "0":20
                    },
                    "IV":{
                        "0":11
                    },
                    "V":{
                        "0":12
                    },
                    "VI":{
                        "0":4
                    }
                },
                "Set 2":{
                    "I":{
                        "0":5.0,
                        "1":null,
                        "2":null
                    },
                    "II":{
                        "0":1.0,
                        "1":null,
                        "2":null
                    },
                    "III":{
                        "0":20.0,
                        "1":null,
                        "2":null
                    },
                    "IV":{
                        "0":11.0,
                        "1":null,
                        "2":null
                    },
                    "V":{
                        "0":"12",
                        "1":"10",
                        "2":"14:7"
                    },
                    "VI":{
                        "0":4.0,
                        "1":null,
                        "2":null
                    }
                },
                "Set 3":{
                    "I":{
                        "0":5.0,
                        "1":null,
                        "2":null
                    },
                    "II":{
                        "0":1.0,
                        "1":null,
                        "2":null
                    },
                    "III":{
                        "0":20.0,
                        "1":null,
                        "2":null
                    },
                    "IV":{
                        "0":11.0,
                        "1":null,
                        "2":null
                    },
                    "V":{
                        "0":"10",
                        "1":"12",
                        "2":"20:24"
                    },
                    "VI":{
                        "0":4.0,
                        "1":null,
                        "2":null
                    }
                },
                "Set 4":{
                    "I":{
                        "0":5.0,
                        "1":null,
                        "2":null,
                        "3":null
                    },
                    "II":{
                        "0":1.0,
                        "1":null,
                        "2":null,
                        "3":null
                    },
                    "III":{
                        "0":20.0,
                        "1":null,
                        "2":null,
                        "3":null
                    },
                    "IV":{
                        "0":11.0,
                        "1":null,
                        "2":null,
                        "3":null
                    },
                    "V":{
                        "0":"10",
                        "1":"12",
                        "2":"17:16",
                        "3":"24:24"
                    },
                    "VI":{
                        "0":4.0,
                        "1":null,
                        "2":null,
                        "3":null
                    }
                },
                "Set 5":{
                    "I":{
                        "0":5.0,
                        "1":null,
                        "2":null,
                        "3":null
                    },
                    "II":{
                        "0":1.0,
                        "1":null,
                        "2":null,
                        "3":null
                    },
                    "III":{
                        "0":20.0,
                        "1":null,
                        "2":null,
                        "3":null
                    },
                    "IV":{
                        "0":11.0,
                        "1":null,
                        "2":null,
                        "3":null
                    },
                    "V":{
                        "0":"10",
                        "1":"12",
                        "2":"2:6",
                        "3":"5:13"
                    },
                    "VI":{
                        "0":4.0,
                        "1":null,
                        "2":null,
                        "3":null
                    }
                }
            },
            "Substitutions 2":{
                "Set 1":{
                    "I":{
                        "0":9.0,
                        "1":null,
                        "2":null
                    },
                    "II":{
                        "0":"12",
                        "1":"13",
                        "2":"14:20"
                    },
                    "III":{
                        "0":10.0,
                        "1":null,
                        "2":null
                    },
                    "IV":{
                        "0":3.0,
                        "1":null,
                        "2":null
                    },
                    "V":{
                        "0":17.0,
                        "1":null,
                        "2":null
                    },
                    "VI":{
                        "0":7.0,
                        "1":null,
                        "2":null
                    }
                },
                "Set 2":{
                    "I":{
                        "0":9
                    },
                    "II":{
                        "0":13
                    },
                    "III":{
                        "0":10
                    },
                    "IV":{
                        "0":3
                    },
                    "V":{
                        "0":17
                    },
                    "VI":{
                        "0":7
                    }
                },
                "Set 3":{
                    "I":{
                        "0":7
                    },
                    "II":{
                        "0":9
                    },
                    "III":{
                        "0":13
                    },
                    "IV":{
                        "0":10
                    },
                    "V":{
                        "0":3
                    },
                    "VI":{
                        "0":17
                    }
                },
                "Set 4":{
                    "I":{
                        "0":7
                    },
                    "II":{
                        "0":9
                    },
                    "III":{
                        "0":13
                    },
                    "IV":{
                        "0":10
                    },
                    "V":{
                        "0":3
                    },
                    "VI":{
                        "0":17
                    }
                },
                "Set 5":{
                    "I":{
                        "0":7
                    },
                    "II":{
                        "0":9
                    },
                    "III":{
                        "0":13
                    },
                    "IV":{
                        "0":10
                    },
                    "V":{
                        "0":3
                    },
                    "VI":{
                        "0":17
                    }
                }
            },
            "Serves 1":{
                "Set 1":{
                    "I":{
                        "0":"0",
                        "1":16,
                        "2":25
                    },
                    "II":{
                        "0":"2",
                        "1":17.0,
                        "2":null
                    },
                    "III":{
                        "0":"6",
                        "1":21.0,
                        "2":null
                    },
                    "IV":{
                        "0":"7",
                        "1":22.0,
                        "2":null
                    },
                    "V":{
                        "0":"8",
                        "1":23.0,
                        "2":null
                    },
                    "VI":{
                        "0":"12",
                        "1":24.0,
                        "2":null
                    }
                },
                "Set 2":{
                    "I":{
                        "0":null,
                        "1":13.0,
                        "2":23.0
                    },
                    "II":{
                        "0":"3",
                        "1":14,
                        "2":25
                    },
                    "III":{
                        "0":"4",
                        "1":15.0,
                        "2":null
                    },
                    "IV":{
                        "0":"5",
                        "1":18.0,
                        "2":null
                    },
                    "V":{
                        "0":"10",
                        "1":19.0,
                        "2":null
                    },
                    "VI":{
                        "0":"12",
                        "1":20.0,
                        "2":null
                    }
                },
                "Set 3":{
                    "I":{
                        "0":"0",
                        "1":9,
                        "2":17
                    },
                    "II":{
                        "0":"1",
                        "1":10,
                        "2":18
                    },
                    "III":{
                        "0":"2",
                        "1":11,
                        "2":19
                    },
                    "IV":{
                        "0":"3",
                        "1":12,
                        "2":20
                    },
                    "V":{
                        "0":"5",
                        "1":14.0,
                        "2":null
                    },
                    "VI":{
                        "0":"7",
                        "1":15.0,
                        "2":null
                    }
                },
                "Set 4":{
                    "I":{
                        "0":null,
                        "1":15.0,
                        "2":22.0
                    },
                    "II":{
                        "0":"4",
                        "1":16,
                        "2":24
                    },
                    "III":{
                        "0":"6",
                        "1":17.0,
                        "2":null
                    },
                    "IV":{
                        "0":"8",
                        "1":19.0,
                        "2":null
                    },
                    "V":{
                        "0":"11",
                        "1":20.0,
                        "2":null
                    },
                    "VI":{
                        "0":"14",
                        "1":21.0,
                        "2":null
                    }
                },
                "Set 5":{
                    "I":{
                        "0":"0"
                    },
                    "II":{
                        "0":"2"
                    },
                    "III":{
                        "0":"3"
                    },
                    "IV":{
                        "0":"5"
                    },
                    "V":{
                        "0":null
                    },
                    "VI":{
                        "0":null
                    }
                }
            },
            "Serves 2":{
                "Set 1":{
                    "I":{
                        "0":null,
                        "1":12.0,
                        "2":21.0
                    },
                    "II":{
                        "0":"1",
                        "1":13.0,
                        "2":null
                    },
                    "III":{
                        "0":"4",
                        "1":14.0,
                        "2":null
                    },
                    "IV":{
                        "0":"6",
                        "1":15.0,
                        "2":null
                    },
                    "V":{
                        "0":"8",
                        "1":17.0,
                        "2":null
                    },
                    "VI":{
                        "0":"9",
                        "1":18.0,
                        "2":null
                    }
                },
                "Set 2":{
                    "I":{
                        "0":"0",
                        "1":7,
                        "2":14
                    },
                    "II":{
                        "0":"1",
                        "1":8.0,
                        "2":null
                    },
                    "III":{
                        "0":"2",
                        "1":10.0,
                        "2":null
                    },
                    "IV":{
                        "0":"3",
                        "1":11.0,
                        "2":null
                    },
                    "V":{
                        "0":"5",
                        "1":12.0,
                        "2":null
                    },
                    "VI":{
                        "0":"6",
                        "1":13.0,
                        "2":null
                    }
                },
                "Set 3":{
                    "I":{
                        "0":null,
                        "1":9.0,
                        "2":19.0
                    },
                    "II":{
                        "0":"2",
                        "1":12,
                        "2":21
                    },
                    "III":{
                        "0":"3",
                        "1":14,
                        "2":22
                    },
                    "IV":{
                        "0":"4",
                        "1":15,
                        "2":23
                    },
                    "V":{
                        "0":"6",
                        "1":16,
                        "2":25
                    },
                    "VI":{
                        "0":"7",
                        "1":18.0,
                        "2":null
                    }
                },
                "Set 4":{
                    "I":{
                        "0":"0",
                        "1":12,
                        "2":23
                    },
                    "II":{
                        "0":"1",
                        "1":14,
                        "2":26
                    },
                    "III":{
                        "0":"2",
                        "1":16.0,
                        "2":null
                    },
                    "IV":{
                        "0":"5",
                        "1":17.0,
                        "2":null
                    },
                    "V":{
                        "0":"6",
                        "1":20.0,
                        "2":null
                    },
                    "VI":{
                        "0":"7",
                        "1":21.0,
                        "2":null
                    }
                },
                "Set 5":{
                    "I":{
                        "0":null
                    },
                    "II":{
                        "0":"4"
                    },
                    "III":{
                        "0":"7"
                    },
                    "IV":{
                        "0":"10"
                    },
                    "V":{
                        "0":"15"
                    },
                    "VI":{
                        "0":null
                    }
                }
            },
            "Timeouts 1":{
                "Set 1":{
                    "T":{
                        "0":"24:20"
                    }
                },
                "Set 2":{
                    "T":{

                    }
                },
                "Set 3":{
                    "T":{
                        "0":"10:14",
                        "1":"18:22"
                    }
                },
                "Set 4":{
                    "T":{
                        "0":"15:11",
                        "1":"22:23"
                    }
                },
                "Set 5":{
                    "T":{
                        "0":"3:10"
                    }
                }
            },
            "Timeouts 2":{
                "Set 1":{
                    "T":{
                        "0":"9:12",
                        "1":"14:19"
                    }
                },
                "Set 2":{
                    "T":{
                        "0":"5:12",
                        "1":"13:21"
                    }
                },
                "Set 3":{
                    "T":{

                    }
                },
                "Set 4":{
                    "T":{
                        "0":"5:11",
                        "1":"23:23"
                    }
                },
                "Set 5":{
                    "T":{

                    }
                }
            }
        },
        "Teams":{
            "Name":{
                "Team 1":"VOLLEY-BALL ALBIGEOIS",
                "Team 2":"US CAGNES VOLLEY-BALL"
            },
            "Players":{
                "Team 1":{
                    "N\u00b0":{
                        "0":1,
                        "1":3,
                        "2":4,
                        "3":5,
                        "4":10,
                        "5":11,
                        "6":12,
                        "7":13,
                        "8":20
                    },
                    "Nom Pr\u00e9nom":{
                        "0":"SCHAFFER EMELI",
                        "1":"PIGOT CAMILLE",
                        "2":"LECOQ STEPHANIE",
                        "3":"REY JULIE",
                        "4":"BAWEDIN ANDREA",
                        "5":"WIERRE LAURA",
                        "6":"BALFET PAULINE",
                        "7":"DEFOS PAULINE",
                        "8":"CANCE MAELLE"
                    },
                    "Licence":{
                        "0":1999335,
                        "1":1952442,
                        "2":1715937,
                        "3":1845219,
                        "4":1493690,
                        "5":1229533,
                        "6":2189778,
                        "7":1529765,
                        "8":1755841
                    }
                },
                "Team 2":{
                    "N\u00b0":{
                        "0":3,
                        "1":6,
                        "2":7,
                        "3":9,
                        "4":10,
                        "5":12,
                        "6":13,
                        "7":17
                    },
                    "Nom Pr\u00e9nom":{
                        "0":"ROMERO SALDARRIAGA ANA",
                        "1":"PETRIGNANI CECILE",
                        "2":"TAUREL FANNY",
                        "3":"PANTALACCI ANAIS",
                        "4":"NOTOT-MARTIN VICTORIA",
                        "5":"MARTY ZOE",
                        "6":"RIGOBERT-LONG MARIE-NATACHA",
                        "7":"VANDENBERGHE BILITIS"
                    },
                    "Licence":{
                        "0":2093589,
                        "1":1674253,
                        "2":1764684,
                        "3":1823159,
                        "4":1944561,
                        "5":1993379,
                        "6":1591301,
                        "7":1432856
                    }
                }
            },
            "Liberos":{
                "Team 1":{
                    "N\u00b0":{
                        "0":13
                    },
                    "Nom Pr\u00e9nom":{
                        "0":"DEFOS PAULINE"
                    },
                    "Licence":{
                        "0":1529765
                    }
                },
                "Team 2":{
                    "N\u00b0":{
                        "0":6
                    },
                    "Nom Pr\u00e9nom":{
                        "0":"PETRIGNANI CECILE"
                    },
                    "Licence":{
                        "0":1674253
                    }
                }
            },
            "Officials":{
                "Team 1":{
                    "N\u00b0":{
                        "0":"EA"
                    },
                    "Nom Pr\u00e9nom":{
                        "0":"KADJO ISABELLE"
                    },
                    "Licence":{
                        "0":1103424
                    }
                },
                "Team 2":{
                    "N\u00b0":{
                        "0":"EA"
                    },
                    "Nom Pr\u00e9nom":{
                        "0":"GASTAUT LAURENT"
                    },
                    "Licence":{
                        "0":93773
                    }
                }
            }
        },
        "Results":{
            "winner":"US CAGNES VOLLEY-BALL",
            "score":"3\/2"
        },
        "Referees":{
            "NOM Pr\u00e9nom":{
                "1er":"DESSALLES CLEMENT",
                "2\u00e8me":"SOUCERADJOU LAURENT",
                "Marqueur":"JOLY JULIE",
                "Marq.Ass":".",
                "nan":null
            },
            "Ligue":{
                "1er":"LIG_AQ",
                "2\u00e8me":"LIG_OCC",
                "Marqueur":"LIG_OCC",
                "Marq.Ass":null,
                "nan":"Juges"
            },
            "Licence":{
                "1er":1807479.0,
                "2\u00e8me":1767795.0,
                "Marqueur":1958116.0,
                "Marq.Ass":null,
                "nan":null
            }
        },
        "Penalties":{

        }
    }
}