{
    "Match":{
        "Title":{
            "div_code":"2FA",
            "div_name":"NATIONALE 2 FEMININE",
            "div_pool":"POULE A",
            "match_number":"2FA011",
            "match_day":"02",
            "city":"L'UNION",
            "gym":"C300",
            "category":"SENIOR | FEMININE",
            "ligue":"Comp\u00e9titions Nationales SENIORS",
            "date":"2019-10-12 20:00:00",
            "team_1":"A.S. DE L'UNION VOLLEY-BALL",
            "team_2":"AS.SP. V.B MAUGUIO"
        },
        "Sets":{
            "Teams":{
                "Set 1":{
                    "Name":{
                        "Team 1":"A.S. DE L'UNION VOLLEY",
                        "Team 2":"AS.SP. V.B MAUGUIO"
                    },
                    "Starting":{
                        "Team 1":"Service",
                        "Team 2":"Reception"
                    }
                },
                "Set 2":{
                    "Name":{
                        "Team 1":"A.S. DE L'UNION VOLLEY",
                        "Team 2":"AS.SP. V.B MAUGUIO"
                    },
                    "Starting":{
                        "Team 1":"Reception",
                        "Team 2":"Service"
                    }
                },
                "Set 3":{
                    "Name":{
                        "Team 1":"A.S. DE L'UNION VOLLEY",
                        "Team 2":"AS.SP. V.B MAUGUIO"
                    },
                    "Starting":{
                        "Team 1":"Service",
                        "Team 2":"Reception"
                    }
                },
                "Set 4":{
                    "Name":{
                        "Team 1":"A.S. DE L'UNION VOLLEY",
                        "Team 2":"AS.SP. V.B MAUGUIO"
                    },
                    "Starting":{
                        "Team 1":"Reception",
                        "Team 2":"Service"
                    }
                },
                "Set 5":0
            },
            "Time":{
                "Set 1":{
                    "Time":{
                        "Start":"2019-10-12 20:01:00",
                        "End":"2019-10-12 20:24:00"
                    }
                },
                "Set 2":{
                    "Time":{
                        "Start":"2019-10-12 20:27:00",
                        "End":"2019-10-12 20:59:00"
                    }
                },
                "Set 3":{
                    "Time":{
                        "Start":"2019-10-12 21:02:00",
                        "End":"2019-10-12 21:29:00"
                    }
                },
                "Set 4":{
                    "Time":{
                        "Start":"2019-10-12 21:32:00",
                        "End":"2019-10-12 22:00:00"
                    }
                },
                "Set 5":0
            },
            "Substitutions 1":{
                "Set 1":{
                    "I":{
                        "0":10
                    },
                    "II":{
                        "0":8
                    },
                    "III":{
                        "0":14
                    },
                    "IV":{
                        "0":7
                    },
                    "V":{
                        "0":1
                    },
                    "VI":{
                        "0":2
                    }
                },
                "Set 2":{
                    "I":{
                        "0":10.0,
                        "1":null,
                        "2":null
                    },
                    "II":{
                        "0":8.0,
                        "1":null,
                        "2":null
                    },
                    "III":{
                        "0":"6",
                        "1":"14",
                        "2":"23:21"
                    },
                    "IV":{
                        "0":7.0,
                        "1":null,
                        "2":null
                    },
                    "V":{
                        "0":1.0,
                        "1":null,
                        "2":null
                    },
                    "VI":{
                        "0":2.0,
                        "1":null,
                        "2":null
                    }
                },
                "Set 3":{
                    "I":{
                        "0":10.0,
                        "1":null,
                        "2":null
                    },
                    "II":{
                        "0":8.0,
                        "1":null,
                        "2":null
                    },
                    "III":{
                        "0":"6",
                        "1":"14",
                        "2":"0:5"
                    },
                    "IV":{
                        "0":"7",
                        "1":"13",
                        "2":"8:19"
                    },
                    "V":{
                        "0":"1",
                        "1":"17",
                        "2":"3:11"
                    },
                    "VI":{
                        "0":2.0,
                        "1":null,
                        "2":null
                    }
                },
                "Set 4":{
                    "I":{
                        "0":10.0,
                        "1":null,
                        "2":null
                    },
                    "II":{
                        "0":"8",
                        "1":"9",
                        "2":"12:12"
                    },
                    "III":{
                        "0":14.0,
                        "1":null,
                        "2":null
                    },
                    "IV":{
                        "0":7.0,
                        "1":null,
                        "2":null
                    },
                    "V":{
                        "0":"17",
                        "1":"1",
                        "2":"12:14"
                    },
                    "VI":{
                        "0":"2",
                        "1":"6",
                        "2":"15:22"
                    }
                },
                "Set 5":0
            },
            "Substitutions 2":{
                "Set 1":{
                    "I":{
                        "0":20
                    },
                    "II":{
                        "0":12
                    },
                    "III":{
                        "0":17
                    },
                    "IV":{
                        "0":6
                    },
                    "V":{
                        "0":10
                    },
                    "VI":{
                        "0":4
                    }
                },
                "Set 2":{
                    "I":{
                        "0":"12",
                        "1":"8",
                        "2":"14:17"
                    },
                    "II":{
                        "0":17.0,
                        "1":null,
                        "2":null
                    },
                    "III":{
                        "0":6.0,
                        "1":null,
                        "2":null
                    },
                    "IV":{
                        "0":"10",
                        "1":"5",
                        "2":"7:11"
                    },
                    "V":{
                        "0":"4",
                        "1":"9",
                        "2":"16:19"
                    },
                    "VI":{
                        "0":20.0,
                        "1":null,
                        "2":null
                    }
                },
                "Set 3":{
                    "I":{
                        "0":"4",
                        "1":"10",
                        "2":"22:15"
                    },
                    "II":{
                        "0":20.0,
                        "1":null,
                        "2":null
                    },
                    "III":{
                        "0":8.0,
                        "1":null,
                        "2":null
                    },
                    "IV":{
                        "0":17.0,
                        "1":null,
                        "2":null
                    },
                    "V":{
                        "0":"6",
                        "1":"9",
                        "2":"22:11"
                    },
                    "VI":{
                        "0":5.0,
                        "1":null,
                        "2":null
                    }
                },
                "Set 4":{
                    "I":{
                        "0":20.0,
                        "1":null,
                        "2":null
                    },
                    "II":{
                        "0":"8",
                        "1":"12",
                        "2":"0:6"
                    },
                    "III":{
                        "0":"17",
                        "1":"9",
                        "2":"24:19"
                    },
                    "IV":{
                        "0":6.0,
                        "1":null,
                        "2":null
                    },
                    "V":{
                        "0":5.0,
                        "1":null,
                        "2":null
                    },
                    "VI":{
                        "0":4.0,
                        "1":null,
                        "2":null
                    }
                },
                "Set 5":0
            },
            "Serves 1":{
                "Set 1":{
                    "I":{
                        "0":"0",
                        "1":7
                    },
                    "II":{
                        "0":"2",
                        "1":9
                    },
                    "III":{
                        "0":"3",
                        "1":10
                    },
                    "IV":{
                        "0":"4",
                        "1":11
                    },
                    "V":{
                        "0":"5",
                        "1":12
                    },
                    "VI":{
                        "0":"6",
                        "1":14
                    }
                },
                "Set 2":{
                    "I":{
                        "0":null,
                        "1":8.0,
                        "2":22.0
                    },
                    "II":{
                        "0":"2",
                        "1":11,
                        "2":23
                    },
                    "III":{
                        "0":"4",
                        "1":14,
                        "2":25
                    },
                    "IV":{
                        "0":"5",
                        "1":17.0,
                        "2":null
                    },
                    "V":{
                        "0":"6",
                        "1":18.0,
                        "2":null
                    },
                    "VI":{
                        "0":"7",
                        "1":19.0,
                        "2":null
                    }
                },
                "Set 3":{
                    "I":{
                        "0":"0",
                        "1":7
                    },
                    "II":{
                        "0":"1",
                        "1":9
                    },
                    "III":{
                        "0":"2",
                        "1":10
                    },
                    "IV":{
                        "0":"3",
                        "1":11
                    },
                    "V":{
                        "0":"4",
                        "1":16
                    },
                    "VI":{
                        "0":"5",
                        "1":17
                    }
                },
                "Set 4":{
                    "I":{
                        "0":null,
                        "1":12.0
                    },
                    "II":{
                        "0":"7",
                        "1":13
                    },
                    "III":{
                        "0":"8",
                        "1":15
                    },
                    "IV":{
                        "0":"9",
                        "1":19
                    },
                    "V":{
                        "0":"10",
                        "1":null
                    },
                    "VI":{
                        "0":"11",
                        "1":null
                    }
                },
                "Set 5":0
            },
            "Serves 2":{
                "Set 1":{
                    "I":{
                        "0":null,
                        "1":8.0,
                        "2":25.0
                    },
                    "II":{
                        "0":"1",
                        "1":10.0,
                        "2":null
                    },
                    "III":{
                        "0":"4",
                        "1":14.0,
                        "2":null
                    },
                    "IV":{
                        "0":"5",
                        "1":15.0,
                        "2":null
                    },
                    "V":{
                        "0":"6",
                        "1":16.0,
                        "2":null
                    },
                    "VI":{
                        "0":"7",
                        "1":19.0,
                        "2":null
                    }
                },
                "Set 2":{
                    "I":{
                        "0":"0",
                        "1":7,
                        "2":17
                    },
                    "II":{
                        "0":"1",
                        "1":8,
                        "2":21
                    },
                    "III":{
                        "0":"2",
                        "1":13.0,
                        "2":null
                    },
                    "IV":{
                        "0":"3",
                        "1":14.0,
                        "2":null
                    },
                    "V":{
                        "0":"4",
                        "1":15.0,
                        "2":null
                    },
                    "VI":{
                        "0":"5",
                        "1":16.0,
                        "2":null
                    }
                },
                "Set 3":{
                    "I":{
                        "0":null,
                        "1":16.0,
                        "2":25.0
                    },
                    "II":{
                        "0":"6",
                        "1":19.0,
                        "2":null
                    },
                    "III":{
                        "0":"8",
                        "1":20.0,
                        "2":null
                    },
                    "IV":{
                        "0":"10",
                        "1":21.0,
                        "2":null
                    },
                    "V":{
                        "0":"12",
                        "1":22.0,
                        "2":null
                    },
                    "VI":{
                        "0":"13",
                        "1":24.0,
                        "2":null
                    }
                },
                "Set 4":{
                    "I":{
                        "0":"0",
                        "1":17
                    },
                    "II":{
                        "0":"1",
                        "1":19
                    },
                    "III":{
                        "0":"4",
                        "1":24
                    },
                    "IV":{
                        "0":"5",
                        "1":25
                    },
                    "V":{
                        "0":"11",
                        "1":null
                    },
                    "VI":{
                        "0":"12",
                        "1":null
                    }
                },
                "Set 5":0
            },
            "Timeouts 1":{
                "Set 1":{
                    "T":{
                        "0":"9:14",
                        "1":"14:21"
                    }
                },
                "Set 2":{
                    "T":{
                        "0":"23:20"
                    }
                },
                "Set 3":{
                    "T":{
                        "0":"16:23",
                        "1":"16:24"
                    }
                },
                "Set 4":{
                    "T":{
                        "0":"10:9",
                        "1":"13:19"
                    }
                },
                "Set 5":0
            },
            "Timeouts 2":{
                "Set 1":{
                    "T":{

                    }
                },
                "Set 2":{
                    "T":{
                        "0":"7:10",
                        "1":"8:14"
                    }
                },
                "Set 3":{
                    "T":{
                        "0":"22:14"
                    }
                },
                "Set 4":{
                    "T":{
                        "0":"0:4",
                        "1":"24:19"
                    }
                },
                "Set 5":0
            }
        },
        "Teams":{
            "Name":{
                "Team 1":"A.S. DE L'UNION VOLLEY-BALL",
                "Team 2":"AS.SP. V.B MAUGUIO"
            },
            "Players":{
                "Team 1":{
                    "N\u00b0":{
                        "0":1,
                        "1":2,
                        "2":6,
                        "3":7,
                        "4":8,
                        "5":9,
                        "6":10,
                        "7":13,
                        "8":14,
                        "9":15,
                        "10":17,
                        "11":18
                    },
                    "Nom Pr\u00e9nom":{
                        "0":"RIQUIER-MORCANT BLANCHE",
                        "1":"DUPIN ANOUK",
                        "2":"CARTRON EMMA",
                        "3":"COLINOT CHARLAINE",
                        "4":"SERIEYS OCEANE",
                        "5":"LAURIE LEA",
                        "6":"CANCEL SAMANTHA",
                        "7":"FABRE JUSTINE",
                        "8":"VIEILLEDENT HELENE",
                        "9":"DOU AUDREY",
                        "10":"LAMIRAND MARGAUX",
                        "11":"DELPRAT NADEGE"
                    },
                    "Licence":{
                        "0":1622167,
                        "1":1805468,
                        "2":2012753,
                        "3":1843027,
                        "4":1749752,
                        "5":1796245,
                        "6":1765826,
                        "7":1951494,
                        "8":1648735,
                        "9":1852371,
                        "10":1722357,
                        "11":1622325
                    }
                },
                "Team 2":{
                    "N\u00b0":{
                        "0":4,
                        "1":5,
                        "2":6,
                        "3":8,
                        "4":9,
                        "5":10,
                        "6":12,
                        "7":15,
                        "8":17,
                        "9":20
                    },
                    "Nom Pr\u00e9nom":{
                        "0":"LONGUET LAURA",
                        "1":"GOUX AURELIE",
                        "2":"ROLLAND AGATHE",
                        "3":"PASTOR CHARLOTTE",
                        "4":"KOCH MARGAUX",
                        "5":"LUSSON OPHELIE",
                        "6":"MISTRAL CAMILLE",
                        "7":"RAKOTOVAO MAEVA",
                        "8":"CHALAUX CLAUDIA",
                        "9":"DREYER LAURA"
                    },
                    "Licence":{
                        "0":1477180,
                        "1":1444532,
                        "2":1866824,
                        "3":1369184,
                        "4":1789629,
                        "5":1722150,
                        "6":2040132,
                        "7":1490815,
                        "8":1726281,
                        "9":1894181
                    }
                }
            },
            "Liberos":{
                "Team 1":{
                    "N\u00b0":{
                        "0":15,
                        "1":18
                    },
                    "Nom Pr\u00e9nom":{
                        "0":"DOU AUDREY",
                        "1":"DELPRAT NADEGE"
                    },
                    "Licence":{
                        "0":1852371,
                        "1":1622325
                    }
                },
                "Team 2":{
                    "N\u00b0":{
                        "0":15
                    },
                    "Nom Pr\u00e9nom":{
                        "0":"RAKOTOVAO MAEVA"
                    },
                    "Licence":{
                        "0":1490815
                    }
                }
            },
            "Officials":{
                "Team 1":{
                    "N\u00b0":{
                        "0":"EA"
                    },
                    "Nom Pr\u00e9nom":{
                        "0":"DE CLERCQ PATRICK"
                    },
                    "Licence":{
                        "0":1777368
                    }
                },
                "Team 2":{
                    "N\u00b0":{
                        "0":"EA"
                    },
                    "Nom Pr\u00e9nom":{
                        "0":"VILLERET YANN"
                    },
                    "Licence":{
                        "0":1178959
                    }
                }
            }
        },
        "Results":{
            "winner":"AS.SP. V.B MAUGUIO",
            "score":"3\/1"
        },
        "Referees":{
            "NOM Pr\u00e9nom":{
                "1er":"GEORGE ALLISTER",
                "2\u00e8me":"SAUVY JEAN-PAUL",
                "Marqueur":"COURREGE AURIANE",
                "Marq.Ass":". CHOUETTE CLEMENCE",
                "nan":null
            },
            "Ligue":{
                "1er":"LIG_AQ",
                "2\u00e8me":"LIG_OCC",
                "Marqueur":"LIG_OCC",
                "Marq.Ass":"LIG_OCC",
                "nan":"Juges"
            },
            "Licence":{
                "1er":1724468.0,
                "2\u00e8me":2114213.0,
                "Marqueur":2094167.0,
                "Marq.Ass":1787824.0,
                "nan":null
            }
        },
        "Penalties":{

        }
    }
}