{
    "Match":{
        "Title":{
            "div_code":"2FA",
            "div_name":"NATIONALE 2 FEMININE",
            "div_pool":"POULE A",
            "match_number":"2FA012",
            "match_day":"02",
            "city":"BEZIERS",
            "gym":"HALLE DU FOUR A CHAUX",
            "category":"SENIOR | FEMININE",
            "ligue":"Comp\u00e9titions Nationales SENIORS",
            "date":"2019-10-13 16:00:00",
            "team_1":"B\u00c9ZIERS VOLLEY-BALL 2 CFC",
            "team_2":"VOLLEY-BALL ALBIGEOIS"
        },
        "Sets":{
            "Teams":{
                "Set 1":{
                    "Name":{
                        "Team 1":"VOLLEY-BALL ALBIGEOIS",
                        "Team 2":"B\u00c9ZIERS VOLLEY-BALL 2"
                    },
                    "Starting":{
                        "Team 1":"Reception",
                        "Team 2":"Service"
                    }
                },
                "Set 2":{
                    "Name":{
                        "Team 1":"VOLLEY-BALL ALBIGEOIS",
                        "Team 2":"B\u00c9ZIERS VOLLEY-BALL 2"
                    },
                    "Starting":{
                        "Team 1":"Service",
                        "Team 2":"Reception"
                    }
                },
                "Set 3":{
                    "Name":{
                        "Team 1":"VOLLEY-BALL ALBIGEOIS",
                        "Team 2":"B\u00c9ZIERS VOLLEY-BALL 2"
                    },
                    "Starting":{
                        "Team 1":"Reception",
                        "Team 2":"Service"
                    }
                },
                "Set 4":0,
                "Set 5":0
            },
            "Time":{
                "Set 1":{
                    "Time":{
                        "Start":"2019-10-13 16:18:00",
                        "End":"2019-10-13 16:46:00"
                    }
                },
                "Set 2":{
                    "Time":{
                        "Start":"2019-10-13 16:50:00",
                        "End":"2019-10-13 17:21:00"
                    }
                },
                "Set 3":{
                    "Time":{
                        "Start":"2019-10-13 17:25:00",
                        "End":"2019-10-13 17:49:00"
                    }
                },
                "Set 4":0,
                "Set 5":0
            },
            "Substitutions 1":{
                "Set 1":{
                    "I":{
                        "0":5
                    },
                    "II":{
                        "0":1
                    },
                    "III":{
                        "0":20
                    },
                    "IV":{
                        "0":11
                    },
                    "V":{
                        "0":12
                    },
                    "VI":{
                        "0":4
                    }
                },
                "Set 2":{
                    "I":{
                        "0":5
                    },
                    "II":{
                        "0":1
                    },
                    "III":{
                        "0":20
                    },
                    "IV":{
                        "0":11
                    },
                    "V":{
                        "0":12
                    },
                    "VI":{
                        "0":4
                    }
                },
                "Set 3":{
                    "I":{
                        "0":5.0,
                        "1":null,
                        "2":null,
                        "3":null
                    },
                    "II":{
                        "0":1.0,
                        "1":null,
                        "2":null,
                        "3":null
                    },
                    "III":{
                        "0":"20",
                        "1":"16",
                        "2":"14:10",
                        "3":"17:14"
                    },
                    "IV":{
                        "0":11.0,
                        "1":null,
                        "2":null,
                        "3":null
                    },
                    "V":{
                        "0":12.0,
                        "1":null,
                        "2":null,
                        "3":null
                    },
                    "VI":{
                        "0":4.0,
                        "1":null,
                        "2":null,
                        "3":null
                    }
                },
                "Set 4":0,
                "Set 5":0
            },
            "Substitutions 2":{
                "Set 1":{
                    "I":{
                        "0":3.0,
                        "1":null,
                        "2":null
                    },
                    "II":{
                        "0":6.0,
                        "1":null,
                        "2":null
                    },
                    "III":{
                        "0":8.0,
                        "1":null,
                        "2":null
                    },
                    "IV":{
                        "0":"18",
                        "1":"14",
                        "2":"14:15"
                    },
                    "V":{
                        "0":5.0,
                        "1":null,
                        "2":null
                    },
                    "VI":{
                        "0":4.0,
                        "1":null,
                        "2":null
                    }
                },
                "Set 2":{
                    "I":{
                        "0":6.0,
                        "1":null,
                        "2":null,
                        "3":null
                    },
                    "II":{
                        "0":8.0,
                        "1":null,
                        "2":null,
                        "3":null
                    },
                    "III":{
                        "0":"18",
                        "1":"14",
                        "2":"19:19",
                        "3":"24:25"
                    },
                    "IV":{
                        "0":4.0,
                        "1":null,
                        "2":null,
                        "3":null
                    },
                    "V":{
                        "0":5.0,
                        "1":null,
                        "2":null,
                        "3":null
                    },
                    "VI":{
                        "0":3.0,
                        "1":null,
                        "2":null,
                        "3":null
                    }
                },
                "Set 3":{
                    "I":{
                        "0":7.0,
                        "1":null,
                        "2":null
                    },
                    "II":{
                        "0":6.0,
                        "1":null,
                        "2":null
                    },
                    "III":{
                        "0":8.0,
                        "1":null,
                        "2":null
                    },
                    "IV":{
                        "0":"18",
                        "1":"3",
                        "2":"12:15"
                    },
                    "V":{
                        "0":4.0,
                        "1":null,
                        "2":null
                    },
                    "VI":{
                        "0":5.0,
                        "1":null,
                        "2":null
                    }
                },
                "Set 4":0,
                "Set 5":0
            },
            "Serves 1":{
                "Set 1":{
                    "I":{
                        "0":null,
                        "1":10.0,
                        "2":20.0
                    },
                    "II":{
                        "0":"1",
                        "1":11,
                        "2":21
                    },
                    "III":{
                        "0":"2",
                        "1":12,
                        "2":22
                    },
                    "IV":{
                        "0":"3",
                        "1":15,
                        "2":25
                    },
                    "V":{
                        "0":"7",
                        "1":16.0,
                        "2":null
                    },
                    "VI":{
                        "0":"9",
                        "1":17.0,
                        "2":null
                    }
                },
                "Set 2":{
                    "I":{
                        "0":"0",
                        "1":9,
                        "2":18,
                        "3":26
                    },
                    "II":{
                        "0":"1",
                        "1":11,
                        "2":19,
                        "3":28
                    },
                    "III":{
                        "0":"2",
                        "1":12.0,
                        "2":20.0,
                        "3":null
                    },
                    "IV":{
                        "0":"4",
                        "1":14.0,
                        "2":21.0,
                        "3":null
                    },
                    "V":{
                        "0":"5",
                        "1":15.0,
                        "2":24.0,
                        "3":null
                    },
                    "VI":{
                        "0":"8",
                        "1":17.0,
                        "2":25.0,
                        "3":null
                    }
                },
                "Set 3":{
                    "I":{
                        "0":null,
                        "1":11.0,
                        "2":22.0
                    },
                    "II":{
                        "0":"1",
                        "1":13,
                        "2":23
                    },
                    "III":{
                        "0":"2",
                        "1":14,
                        "2":24
                    },
                    "IV":{
                        "0":"4",
                        "1":15,
                        "2":25
                    },
                    "V":{
                        "0":"5",
                        "1":16.0,
                        "2":null
                    },
                    "VI":{
                        "0":"6",
                        "1":19.0,
                        "2":null
                    }
                },
                "Set 4":0,
                "Set 5":0
            },
            "Serves 2":{
                "Set 1":{
                    "I":{
                        "0":"1",
                        "1":11,
                        "2":20
                    },
                    "II":{
                        "0":"3",
                        "1":12,
                        "2":21
                    },
                    "III":{
                        "0":"4",
                        "1":13,
                        "2":23
                    },
                    "IV":{
                        "0":"6",
                        "1":14.0,
                        "2":null
                    },
                    "V":{
                        "0":"8",
                        "1":16.0,
                        "2":null
                    },
                    "VI":{
                        "0":"9",
                        "1":19.0,
                        "2":null
                    }
                },
                "Set 2":{
                    "I":{
                        "0":null,
                        "1":9.0,
                        "2":17.0,
                        "3":25.0
                    },
                    "II":{
                        "0":"1",
                        "1":11,
                        "2":18,
                        "3":26
                    },
                    "III":{
                        "0":"2",
                        "1":12.0,
                        "2":19.0,
                        "3":null
                    },
                    "IV":{
                        "0":"3",
                        "1":13.0,
                        "2":21.0,
                        "3":null
                    },
                    "V":{
                        "0":"5",
                        "1":14.0,
                        "2":23.0,
                        "3":null
                    },
                    "VI":{
                        "0":"6",
                        "1":16.0,
                        "2":24.0,
                        "3":null
                    }
                },
                "Set 3":{
                    "I":{
                        "0":"1",
                        "1":8,
                        "2":17
                    },
                    "II":{
                        "0":"2",
                        "1":10,
                        "2":18
                    },
                    "III":{
                        "0":"3",
                        "1":11,
                        "2":20
                    },
                    "IV":{
                        "0":"4",
                        "1":13.0,
                        "2":null
                    },
                    "V":{
                        "0":"5",
                        "1":14.0,
                        "2":null
                    },
                    "VI":{
                        "0":"7",
                        "1":16.0,
                        "2":null
                    }
                },
                "Set 4":0,
                "Set 5":0
            },
            "Timeouts 1":{
                "Set 1":{
                    "T":{
                        "0":"17:19",
                        "1":"22:23"
                    }
                },
                "Set 2":{
                    "T":{
                        "0":"21:23"
                    }
                },
                "Set 3":{
                    "T":{

                    }
                },
                "Set 4":0,
                "Set 5":0
            },
            "Timeouts 2":{
                "Set 1":{
                    "T":{

                    }
                },
                "Set 2":{
                    "T":{
                        "0":"23:24"
                    }
                },
                "Set 3":{
                    "T":{

                    }
                },
                "Set 4":0,
                "Set 5":0
            }
        },
        "Teams":{
            "Name":{
                "Team 1":"VOLLEY-BALL ALBIGEOIS",
                "Team 2":"B\u00c9ZIERS VOLLEY-BALL 2 CFC"
            },
            "Players":{
                "Team 1":{
                    "N\u00b0":{
                        "0":1,
                        "1":3,
                        "2":4,
                        "3":5,
                        "4":11,
                        "5":12,
                        "6":13,
                        "7":16,
                        "8":20
                    },
                    "Nom Pr\u00e9nom":{
                        "0":"SCHAFFER EMELI",
                        "1":"PIGOT CAMILLE",
                        "2":"LECOQ STEPHANIE",
                        "3":"REY JULIE",
                        "4":"WIERRE LAURA",
                        "5":"BALFET PAULINE",
                        "6":"DEFOS PAULINE",
                        "7":"ALBET MARION",
                        "8":"CANCE MAELLE"
                    },
                    "Licence":{
                        "0":1999335,
                        "1":1952442,
                        "2":1715937,
                        "3":1845219,
                        "4":1229533,
                        "5":2189778,
                        "6":1529765,
                        "7":1944567,
                        "8":1755841
                    }
                },
                "Team 2":{
                    "N\u00b0":{
                        "0":3,
                        "1":4,
                        "2":5,
                        "3":6,
                        "4":7,
                        "5":8,
                        "6":12,
                        "7":14,
                        "8":16,
                        "9":18
                    },
                    "Nom Pr\u00e9nom":{
                        "0":"CHABOISSANT CALYPSO",
                        "1":"GREATTI ZOE",
                        "2":"CHEIKH-BOUKAL AUDREY",
                        "3":"MARQUIE LOUISE",
                        "4":"LAFALIZE DEBORAH",
                        "5":"BRAUNSTEFFER MANON",
                        "6":"ABBAL-BOURREZ D\u00c9LIA",
                        "7":"MAURANDY PAULINE",
                        "8":"ROMATI SARA",
                        "9":"LEMAN LAURIANE"
                    },
                    "Licence":{
                        "0":1592133,
                        "1":1943590,
                        "2":1897585,
                        "3":1728115,
                        "4":1941269,
                        "5":2052185,
                        "6":2108932,
                        "7":2142871,
                        "8":1863717,
                        "9":1922491
                    }
                }
            },
            "Liberos":{
                "Team 1":{
                    "N\u00b0":{
                        "0":13
                    },
                    "Nom Pr\u00e9nom":{
                        "0":"DEFOS PAULINE"
                    },
                    "Licence":{
                        "0":1529765
                    }
                },
                "Team 2":{
                    "N\u00b0":{
                        "0":16
                    },
                    "Nom Pr\u00e9nom":{
                        "0":"ROMATI SARA"
                    },
                    "Licence":{
                        "0":1863717
                    }
                }
            },
            "Officials":{
                "Team 1":{
                    "N\u00b0":{
                        "0":"EA"
                    },
                    "Nom Pr\u00e9nom":{
                        "0":"KADJO ISABELLE"
                    },
                    "Licence":{
                        "0":1103424
                    }
                },
                "Team 2":{
                    "N\u00b0":{
                        "0":"EA"
                    },
                    "Nom Pr\u00e9nom":{
                        "0":"BAINVEL ROMUALD"
                    },
                    "Licence":{
                        "0":986222
                    }
                }
            }
        },
        "Results":{
            "winner":"VOLLEY-BALL ALBIGEOIS",
            "score":"3\/0"
        },
        "Referees":{
            "NOM Pr\u00e9nom":{
                "1er":"VERDU FREDERIC",
                "2\u00e8me":"CHARLES DIDIER",
                "Marqueur":"PASTUREL GUYLHEM",
                "Marq.Ass":".",
                "nan":null
            },
            "Ligue":{
                "1er":"LIG_PAC",
                "2\u00e8me":"LIG_OCC",
                "Marqueur":"LIG_OCC",
                "Marq.Ass":null,
                "nan":"Juges"
            },
            "Licence":{
                "1er":432963.0,
                "2\u00e8me":2038700.0,
                "Marqueur":1043882.0,
                "Marq.Ass":null,
                "nan":null
            }
        },
        "Penalties":{

        }
    }
}