{
    "Match":{
        "Title":{
            "div_code":"2FA",
            "div_name":"NATIONALE 2 FEMININE",
            "div_pool":"POULE A",
            "match_number":"2FA076",
            "match_day":"11",
            "city":"L'UNION",
            "gym":"C300",
            "category":"SENIOR | FEMININE",
            "ligue":"Comp\u00e9titions Nationales SENIORS",
            "date":"2020-01-12 15:00:00",
            "team_1":"A.S. DE L'UNION VOLLEY-BALL",
            "team_2":"US CAGNES VOLLEY-BALL"
        },
        "Sets":{
            "Teams":{
                "Set 1":{
                    "Name":{
                        "Team 1":"A.S. DE L'UNION VOLLEY",
                        "Team 2":"US CAGNES VOLLEY-BALL"
                    },
                    "Starting":{
                        "Team 1":"Service",
                        "Team 2":"Reception"
                    }
                },
                "Set 2":{
                    "Name":{
                        "Team 1":"A.S. DE L'UNION VOLLEY",
                        "Team 2":"US CAGNES VOLLEY-BALL"
                    },
                    "Starting":{
                        "Team 1":"Reception",
                        "Team 2":"Service"
                    }
                },
                "Set 3":{
                    "Name":{
                        "Team 1":"A.S. DE L'UNION VOLLEY",
                        "Team 2":"US CAGNES VOLLEY-BALL"
                    },
                    "Starting":{
                        "Team 1":"Service",
                        "Team 2":"Reception"
                    }
                },
                "Set 4":{
                    "Name":{
                        "Team 1":"A.S. DE L'UNION VOLLEY",
                        "Team 2":"US CAGNES VOLLEY-BALL"
                    },
                    "Starting":{
                        "Team 1":"Reception",
                        "Team 2":"Service"
                    }
                },
                "Set 5":0
            },
            "Time":{
                "Set 1":{
                    "Time":{
                        "Start":"2020-01-12 15:00:00",
                        "End":"2020-01-12 15:31:00"
                    }
                },
                "Set 2":{
                    "Time":{
                        "Start":"2020-01-12 15:34:00",
                        "End":"2020-01-12 16:02:00"
                    }
                },
                "Set 3":{
                    "Time":{
                        "Start":"2020-01-12 16:06:00",
                        "End":"2020-01-12 16:33:00"
                    }
                },
                "Set 4":{
                    "Time":{
                        "Start":"2020-01-12 16:36:00",
                        "End":"2020-01-12 16:58:00"
                    }
                },
                "Set 5":0
            },
            "Substitutions 1":{
                "Set 1":{
                    "I":{
                        "0":8
                    },
                    "II":{
                        "0":7
                    },
                    "III":{
                        "0":2
                    },
                    "IV":{
                        "0":6
                    },
                    "V":{
                        "0":3
                    },
                    "VI":{
                        "0":9
                    }
                },
                "Set 2":{
                    "I":{
                        "0":1
                    },
                    "II":{
                        "0":7
                    },
                    "III":{
                        "0":2
                    },
                    "IV":{
                        "0":6
                    },
                    "V":{
                        "0":3
                    },
                    "VI":{
                        "0":9
                    }
                },
                "Set 3":{
                    "I":{
                        "0":1.0,
                        "1":null,
                        "2":null
                    },
                    "II":{
                        "0":7.0,
                        "1":null,
                        "2":null
                    },
                    "III":{
                        "0":2.0,
                        "1":null,
                        "2":null
                    },
                    "IV":{
                        "0":"6",
                        "1":"11",
                        "2":"17:12"
                    },
                    "V":{
                        "0":3.0,
                        "1":null,
                        "2":null
                    },
                    "VI":{
                        "0":9.0,
                        "1":null,
                        "2":null
                    }
                },
                "Set 4":{
                    "I":{
                        "0":1.0,
                        "1":null,
                        "2":null
                    },
                    "II":{
                        "0":7.0,
                        "1":null,
                        "2":null
                    },
                    "III":{
                        "0":2.0,
                        "1":null,
                        "2":null
                    },
                    "IV":{
                        "0":"6",
                        "1":"11",
                        "2":"24:10"
                    },
                    "V":{
                        "0":3.0,
                        "1":null,
                        "2":null
                    },
                    "VI":{
                        "0":9.0,
                        "1":null,
                        "2":null
                    }
                },
                "Set 5":0
            },
            "Substitutions 2":{
                "Set 1":{
                    "I":{
                        "0":9
                    },
                    "II":{
                        "0":17
                    },
                    "III":{
                        "0":4
                    },
                    "IV":{
                        "0":3
                    },
                    "V":{
                        "0":12
                    },
                    "VI":{
                        "0":7
                    }
                },
                "Set 2":{
                    "I":{
                        "0":"9",
                        "1":"8",
                        "2":"11:15"
                    },
                    "II":{
                        "0":17.0,
                        "1":null,
                        "2":null
                    },
                    "III":{
                        "0":4.0,
                        "1":null,
                        "2":null
                    },
                    "IV":{
                        "0":3.0,
                        "1":null,
                        "2":null
                    },
                    "V":{
                        "0":12.0,
                        "1":null,
                        "2":null
                    },
                    "VI":{
                        "0":7.0,
                        "1":null,
                        "2":null
                    }
                },
                "Set 3":{
                    "I":{
                        "0":8
                    },
                    "II":{
                        "0":17
                    },
                    "III":{
                        "0":4
                    },
                    "IV":{
                        "0":3
                    },
                    "V":{
                        "0":12
                    },
                    "VI":{
                        "0":7
                    }
                },
                "Set 4":{
                    "I":{
                        "0":3
                    },
                    "II":{
                        "0":12
                    },
                    "III":{
                        "0":7
                    },
                    "IV":{
                        "0":9
                    },
                    "V":{
                        "0":17
                    },
                    "VI":{
                        "0":4
                    }
                },
                "Set 5":0
            },
            "Serves 1":{
                "Set 1":{
                    "I":{
                        "0":"1",
                        "1":15
                    },
                    "II":{
                        "0":"6",
                        "1":16
                    },
                    "III":{
                        "0":"7",
                        "1":17
                    },
                    "IV":{
                        "0":"9",
                        "1":18
                    },
                    "V":{
                        "0":"10",
                        "1":20
                    },
                    "VI":{
                        "0":"14",
                        "1":23
                    }
                },
                "Set 2":{
                    "I":{
                        "0":null,
                        "1":13.0,
                        "2":25.0
                    },
                    "II":{
                        "0":"3",
                        "1":16.0,
                        "2":null
                    },
                    "III":{
                        "0":"4",
                        "1":17.0,
                        "2":null
                    },
                    "IV":{
                        "0":"6",
                        "1":18.0,
                        "2":null
                    },
                    "V":{
                        "0":"8",
                        "1":19.0,
                        "2":null
                    },
                    "VI":{
                        "0":"10",
                        "1":21.0,
                        "2":null
                    }
                },
                "Set 3":{
                    "I":{
                        "0":"0",
                        "1":8
                    },
                    "II":{
                        "0":"1",
                        "1":14
                    },
                    "III":{
                        "0":"3",
                        "1":16
                    },
                    "IV":{
                        "0":"4",
                        "1":19
                    },
                    "V":{
                        "0":"5",
                        "1":21
                    },
                    "VI":{
                        "0":"7",
                        "1":25
                    }
                },
                "Set 4":{
                    "I":{
                        "0":null,
                        "1":17.0
                    },
                    "II":{
                        "0":"1",
                        "1":21
                    },
                    "III":{
                        "0":"6",
                        "1":23
                    },
                    "IV":{
                        "0":"10",
                        "1":25
                    },
                    "V":{
                        "0":"12",
                        "1":null
                    },
                    "VI":{
                        "0":"13",
                        "1":null
                    }
                },
                "Set 5":0
            },
            "Serves 2":{
                "Set 1":{
                    "I":{
                        "0":null,
                        "1":15.0,
                        "2":25.0
                    },
                    "II":{
                        "0":"1",
                        "1":17.0,
                        "2":null
                    },
                    "III":{
                        "0":"3",
                        "1":20.0,
                        "2":null
                    },
                    "IV":{
                        "0":"7",
                        "1":21.0,
                        "2":null
                    },
                    "V":{
                        "0":"9",
                        "1":22.0,
                        "2":null
                    },
                    "VI":{
                        "0":"10",
                        "1":23.0,
                        "2":null
                    }
                },
                "Set 2":{
                    "I":{
                        "0":"3",
                        "1":11
                    },
                    "II":{
                        "0":"4",
                        "1":13
                    },
                    "III":{
                        "0":"6",
                        "1":15
                    },
                    "IV":{
                        "0":"7",
                        "1":16
                    },
                    "V":{
                        "0":"8",
                        "1":17
                    },
                    "VI":{
                        "0":"9",
                        "1":19
                    }
                },
                "Set 3":{
                    "I":{
                        "0":null,
                        "1":9.0
                    },
                    "II":{
                        "0":"1",
                        "1":10
                    },
                    "III":{
                        "0":"2",
                        "1":11
                    },
                    "IV":{
                        "0":"4",
                        "1":12
                    },
                    "V":{
                        "0":"7",
                        "1":14
                    },
                    "VI":{
                        "0":"8",
                        "1":18
                    }
                },
                "Set 4":{
                    "I":{
                        "0":"0",
                        "1":7
                    },
                    "II":{
                        "0":"1",
                        "1":8
                    },
                    "III":{
                        "0":"2",
                        "1":10
                    },
                    "IV":{
                        "0":"3",
                        "1":null
                    },
                    "V":{
                        "0":"5",
                        "1":null
                    },
                    "VI":{
                        "0":"6",
                        "1":null
                    }
                },
                "Set 5":0
            },
            "Timeouts 1":{
                "Set 1":{
                    "T":{
                        "0":"16:20",
                        "1":"23:24"
                    }
                },
                "Set 2":{
                    "T":{

                    }
                },
                "Set 3":{
                    "T":{
                        "0":"19:14",
                        "1":"21:18"
                    }
                },
                "Set 4":{
                    "T":{

                    }
                },
                "Set 5":0
            },
            "Timeouts 2":{
                "Set 1":{
                    "T":{
                        "0":"1:5",
                        "1":"10:14"
                    }
                },
                "Set 2":{
                    "T":{
                        "0":"9:13",
                        "1":"17:21"
                    }
                },
                "Set 3":{
                    "T":{
                        "0":"10:12",
                        "1":"12:18"
                    }
                },
                "Set 4":{
                    "T":{
                        "0":"1:6",
                        "1":"7:19"
                    }
                },
                "Set 5":0
            }
        },
        "Teams":{
            "Name":{
                "Team 1":"A.S. DE L'UNION VOLLEY-BALL",
                "Team 2":"US CAGNES VOLLEY-BALL"
            },
            "Players":{
                "Team 1":{
                    "N\u00b0":{
                        "0":1,
                        "1":2,
                        "2":3,
                        "3":4,
                        "4":5,
                        "5":6,
                        "6":7,
                        "7":8,
                        "8":9,
                        "9":11,
                        "10":12,
                        "11":14
                    },
                    "Nom Pr\u00e9nom":{
                        "0":"CANCEL SAMANTHA",
                        "1":"DUPIN ANOUK",
                        "2":"RIQUIER-MORCANT BLANCHE",
                        "3":"LAURIE LEA",
                        "4":"SERIEYS OCEANE",
                        "5":"COLINOT CHARLAINE",
                        "6":"CARTRON EMMA",
                        "7":"FABRE JUSTINE",
                        "8":"VIEILLEDENT HELENE",
                        "9":"LAMIRAND MARGAUX",
                        "10":"DOU AUDREY",
                        "11":"DELPRAT NADEGE"
                    },
                    "Licence":{
                        "0":1765826,
                        "1":1805468,
                        "2":1622167,
                        "3":1796245,
                        "4":1749752,
                        "5":1843027,
                        "6":2012753,
                        "7":1951494,
                        "8":1648735,
                        "9":1722357,
                        "10":1852371,
                        "11":1622325
                    }
                },
                "Team 2":{
                    "N\u00b0":{
                        "0":3,
                        "1":4,
                        "2":6,
                        "3":7,
                        "4":8,
                        "5":9,
                        "6":12,
                        "7":17
                    },
                    "Nom Pr\u00e9nom":{
                        "0":"ROMERO SALDARRIAGA ANA",
                        "1":"LINASSIER EMELINE",
                        "2":"PETRIGNANI CECILE",
                        "3":"TAUREL FANNY",
                        "4":"GERIN LUCIE",
                        "5":"PANTALACCI ANAIS",
                        "6":"MARTY ZOE",
                        "7":"VANDENBERGHE BILITIS"
                    },
                    "Licence":{
                        "0":2093589,
                        "1":1802524,
                        "2":1674253,
                        "3":1764684,
                        "4":1709664,
                        "5":1823159,
                        "6":1993379,
                        "7":1432856
                    }
                }
            },
            "Liberos":{
                "Team 1":{
                    "N\u00b0":{
                        "0":12,
                        "1":14
                    },
                    "Nom Pr\u00e9nom":{
                        "0":"DOU AUDREY",
                        "1":"DELPRAT NADEGE"
                    },
                    "Licence":{
                        "0":1852371,
                        "1":1622325
                    }
                },
                "Team 2":{
                    "N\u00b0":{
                        "0":6
                    },
                    "Nom Pr\u00e9nom":{
                        "0":"PETRIGNANI CECILE"
                    },
                    "Licence":{
                        "0":1674253
                    }
                }
            },
            "Officials":{
                "Team 1":{
                    "N\u00b0":{
                        "0":"EA"
                    },
                    "Nom Pr\u00e9nom":{
                        "0":"DE CLERCQ PATRICK"
                    },
                    "Licence":{
                        "0":1777368
                    }
                },
                "Team 2":{
                    "N\u00b0":{
                        "0":"EA"
                    },
                    "Nom Pr\u00e9nom":{
                        "0":"GASTAUT LAURENT"
                    },
                    "Licence":{
                        "0":93773
                    }
                }
            }
        },
        "Results":{
            "winner":"A.S. DE L'UNION VOLLEY",
            "score":"3\/1"
        },
        "Referees":{
            "NOM Pr\u00e9nom":{
                "1er":"SANTOSI ATTILA",
                "2\u00e8me":"SASTRE JESSICA",
                "Marqueur":"COURREGE AURIANE",
                "Marq.Ass":".",
                "R.Salle":"PAGES SOPHIE"
            },
            "Ligue":{
                "1er":"LIG_AQ",
                "2\u00e8me":"LIG_AQ",
                "Marqueur":"LIG_OCC",
                "Marq.Ass":null,
                "R.Salle":null
            },
            "Licence":{
                "1er":1942611.0,
                "2\u00e8me":1995143.0,
                "Marqueur":2094167.0,
                "Marq.Ass":null,
                "R.Salle":2088535.0
            }
        },
        "Penalties":{

        }
    }
}