{
    "Match":{
        "Title":{
            "div_code":"2FA",
            "div_name":"NATIONALE 2 FEMININE",
            "div_pool":"POULE A",
            "match_number":"2FA079",
            "match_day":"12",
            "city":"MAUGUIO",
            "gym":"GYMNASE JEAN PAUL BEUGNOT",
            "category":"SENIOR | FEMININE",
            "ligue":"Comp\u00e9titions Nationales SENIORS",
            "date":"2020-01-17 20:30:00",
            "team_1":"AS.SP. V.B MAUGUIO",
            "team_2":"VOLLEY-BALL GRUISSAN"
        },
        "Sets":{
            "Teams":{
                "Set 1":{
                    "Name":{
                        "Team 1":"VOLLEY-BALL GRUISSAN",
                        "Team 2":"AS.SP. V.B MAUGUIO"
                    },
                    "Starting":{
                        "Team 1":"Service",
                        "Team 2":"Reception"
                    }
                },
                "Set 2":{
                    "Name":{
                        "Team 1":"VOLLEY-BALL GRUISSAN",
                        "Team 2":"AS.SP. V.B MAUGUIO"
                    },
                    "Starting":{
                        "Team 1":"Reception",
                        "Team 2":"Service"
                    }
                },
                "Set 3":{
                    "Name":{
                        "Team 1":"VOLLEY-BALL GRUISSAN",
                        "Team 2":"AS.SP. V.B MAUGUIO"
                    },
                    "Starting":{
                        "Team 1":"Service",
                        "Team 2":"Reception"
                    }
                },
                "Set 4":0,
                "Set 5":0
            },
            "Time":{
                "Set 1":{
                    "Time":{
                        "Start":"2020-01-17 20:30:00",
                        "End":"2020-01-17 20:50:00"
                    }
                },
                "Set 2":{
                    "Time":{
                        "Start":"2020-01-17 20:53:00",
                        "End":"2020-01-17 21:11:00"
                    }
                },
                "Set 3":{
                    "Time":{
                        "Start":"2020-01-17 21:14:00",
                        "End":"2020-01-17 21:37:00"
                    }
                },
                "Set 4":0,
                "Set 5":0
            },
            "Substitutions 1":{
                "Set 1":{
                    "I":{
                        "0":3.0,
                        "1":null,
                        "2":null
                    },
                    "II":{
                        "0":9.0,
                        "1":null,
                        "2":null
                    },
                    "III":{
                        "0":14.0,
                        "1":null,
                        "2":null
                    },
                    "IV":{
                        "0":"8",
                        "1":"11",
                        "2":"6:14"
                    },
                    "V":{
                        "0":7.0,
                        "1":null,
                        "2":null
                    },
                    "VI":{
                        "0":15.0,
                        "1":null,
                        "2":null
                    }
                },
                "Set 2":{
                    "I":{
                        "0":14.0,
                        "1":null,
                        "2":null
                    },
                    "II":{
                        "0":"8",
                        "1":"10",
                        "2":"8:16"
                    },
                    "III":{
                        "0":"7",
                        "1":"13",
                        "2":"8:16"
                    },
                    "IV":{
                        "0":15.0,
                        "1":null,
                        "2":null
                    },
                    "V":{
                        "0":"3",
                        "1":"11",
                        "2":"8:16"
                    },
                    "VI":{
                        "0":9.0,
                        "1":null,
                        "2":null
                    }
                },
                "Set 3":{
                    "I":{
                        "0":"3",
                        "1":"8",
                        "2":"14:23",
                        "3":null
                    },
                    "II":{
                        "0":"9",
                        "1":"7",
                        "2":"8:11",
                        "3":"14:23"
                    },
                    "III":{
                        "0":11.0,
                        "1":null,
                        "2":null,
                        "3":null
                    },
                    "IV":{
                        "0":10.0,
                        "1":null,
                        "2":null,
                        "3":null
                    },
                    "V":{
                        "0":13.0,
                        "1":null,
                        "2":null,
                        "3":null
                    },
                    "VI":{
                        "0":15.0,
                        "1":null,
                        "2":null,
                        "3":null
                    }
                },
                "Set 4":0,
                "Set 5":0
            },
            "Substitutions 2":{
                "Set 1":{
                    "I":{
                        "0":20
                    },
                    "II":{
                        "0":12
                    },
                    "III":{
                        "0":17
                    },
                    "IV":{
                        "0":6
                    },
                    "V":{
                        "0":10
                    },
                    "VI":{
                        "0":4
                    }
                },
                "Set 2":{
                    "I":{
                        "0":12.0,
                        "1":null,
                        "2":null
                    },
                    "II":{
                        "0":"17",
                        "1":"9",
                        "2":"9:8"
                    },
                    "III":{
                        "0":6.0,
                        "1":null,
                        "2":null
                    },
                    "IV":{
                        "0":10.0,
                        "1":null,
                        "2":null
                    },
                    "V":{
                        "0":4.0,
                        "1":null,
                        "2":null
                    },
                    "VI":{
                        "0":20.0,
                        "1":null,
                        "2":null
                    }
                },
                "Set 3":{
                    "I":{
                        "0":20
                    },
                    "II":{
                        "0":12
                    },
                    "III":{
                        "0":9
                    },
                    "IV":{
                        "0":6
                    },
                    "V":{
                        "0":10
                    },
                    "VI":{
                        "0":4
                    }
                },
                "Set 4":0,
                "Set 5":0
            },
            "Serves 1":{
                "Set 1":{
                    "I":{
                        "0":"1",
                        "1":8
                    },
                    "II":{
                        "0":"2",
                        "1":9
                    },
                    "III":{
                        "0":"3",
                        "1":10
                    },
                    "IV":{
                        "0":"4",
                        "1":12
                    },
                    "V":{
                        "0":"5",
                        "1":13
                    },
                    "VI":{
                        "0":"6",
                        "1":null
                    }
                },
                "Set 2":{
                    "I":{
                        "0":null,
                        "1":9.0
                    },
                    "II":{
                        "0":"3",
                        "1":null
                    },
                    "III":{
                        "0":"5",
                        "1":null
                    },
                    "IV":{
                        "0":"6",
                        "1":null
                    },
                    "V":{
                        "0":"7",
                        "1":null
                    },
                    "VI":{
                        "0":"8",
                        "1":null
                    }
                },
                "Set 3":{
                    "I":{
                        "0":"0",
                        "1":8,
                        "2":16
                    },
                    "II":{
                        "0":"1",
                        "1":9.0,
                        "2":null
                    },
                    "III":{
                        "0":"3",
                        "1":10.0,
                        "2":null
                    },
                    "IV":{
                        "0":"4",
                        "1":12.0,
                        "2":null
                    },
                    "V":{
                        "0":"6",
                        "1":13.0,
                        "2":null
                    },
                    "VI":{
                        "0":"7",
                        "1":14.0,
                        "2":null
                    }
                },
                "Set 4":0,
                "Set 5":0
            },
            "Serves 2":{
                "Set 1":{
                    "I":{
                        "0":null,
                        "1":15.0
                    },
                    "II":{
                        "0":"2",
                        "1":19
                    },
                    "III":{
                        "0":"3",
                        "1":20
                    },
                    "IV":{
                        "0":"4",
                        "1":22
                    },
                    "V":{
                        "0":"5",
                        "1":24
                    },
                    "VI":{
                        "0":"8",
                        "1":25
                    }
                },
                "Set 2":{
                    "I":{
                        "0":"1",
                        "1":25
                    },
                    "II":{
                        "0":"3",
                        "1":null
                    },
                    "III":{
                        "0":"7",
                        "1":null
                    },
                    "IV":{
                        "0":"8",
                        "1":null
                    },
                    "V":{
                        "0":"9",
                        "1":null
                    },
                    "VI":{
                        "0":"23",
                        "1":null
                    }
                },
                "Set 3":{
                    "I":{
                        "0":null,
                        "1":8.0,
                        "2":23.0
                    },
                    "II":{
                        "0":"1",
                        "1":12,
                        "2":25
                    },
                    "III":{
                        "0":"2",
                        "1":13.0,
                        "2":null
                    },
                    "IV":{
                        "0":"3",
                        "1":14.0,
                        "2":null
                    },
                    "V":{
                        "0":"5",
                        "1":15.0,
                        "2":null
                    },
                    "VI":{
                        "0":"6",
                        "1":16.0,
                        "2":null
                    }
                },
                "Set 4":0,
                "Set 5":0
            },
            "Timeouts 1":{
                "Set 1":{
                    "T":{

                    }
                },
                "Set 2":{
                    "T":{

                    }
                },
                "Set 3":{
                    "T":{

                    }
                },
                "Set 4":0,
                "Set 5":0
            },
            "Timeouts 2":{
                "Set 1":{
                    "T":{

                    }
                },
                "Set 2":{
                    "T":{

                    }
                },
                "Set 3":{
                    "T":{

                    }
                },
                "Set 4":0,
                "Set 5":0
            }
        },
        "Teams":{
            "Name":{
                "Team 1":"VOLLEY-BALL GRUISSAN",
                "Team 2":"AS.SP. V.B MAUGUIO"
            },
            "Players":{
                "Team 1":{
                    "N\u00b0":{
                        "0":3,
                        "1":5,
                        "2":7,
                        "3":8,
                        "4":9,
                        "5":10,
                        "6":11,
                        "7":13,
                        "8":14,
                        "9":15,
                        "10":18
                    },
                    "Nom Pr\u00e9nom":{
                        "0":"MERLOZ TIFFANY",
                        "1":"RAHEB CHARLINE",
                        "2":"CUTILLAS MANON",
                        "3":"TORALLA AIMIE",
                        "4":"TAYSSE LUCIE",
                        "5":"CAZAUTE CELIA",
                        "6":"PRIETO FERIA PAULA",
                        "7":"MERLOZ ALYSSON",
                        "8":"ROUSSEL ELOANE",
                        "9":"MERLOZ SAMANTHA",
                        "10":"PETIT BONNAFOUS LOLA"
                    },
                    "Licence":{
                        "0":1895569,
                        "1":1741594,
                        "2":2058805,
                        "3":2022182,
                        "4":1811729,
                        "5":1431819,
                        "6":2407134,
                        "7":1895567,
                        "8":2126900,
                        "9":1895568,
                        "10":2058802
                    }
                },
                "Team 2":{
                    "N\u00b0":{
                        "0":4,
                        "1":5,
                        "2":6,
                        "3":9,
                        "4":10,
                        "5":12,
                        "6":15,
                        "7":17,
                        "8":20
                    },
                    "Nom Pr\u00e9nom":{
                        "0":"LONGUET LAURA",
                        "1":"GOUX AURELIE",
                        "2":"ROLLAND AGATHE",
                        "3":"KOCH MARGAUX",
                        "4":"LUSSON OPHELIE",
                        "5":"MISTRAL CAMILLE",
                        "6":"RAKOTOVAO MAEVA",
                        "7":"CHALAUX CLAUDIA",
                        "8":"DREYER LAURA"
                    },
                    "Licence":{
                        "0":1477180,
                        "1":1444532,
                        "2":1866824,
                        "3":1789629,
                        "4":1722150,
                        "5":2040132,
                        "6":1490815,
                        "7":1726281,
                        "8":1894181
                    }
                }
            },
            "Liberos":{
                "Team 1":{
                    "N\u00b0":{
                        "0":5,
                        "1":18
                    },
                    "Nom Pr\u00e9nom":{
                        "0":"RAHEB CHARLINE",
                        "1":"PETIT BONNAFOUS LOLA"
                    },
                    "Licence":{
                        "0":1741594,
                        "1":2058802
                    }
                },
                "Team 2":{
                    "N\u00b0":{
                        "0":15
                    },
                    "Nom Pr\u00e9nom":{
                        "0":"RAKOTOVAO MAEVA"
                    },
                    "Licence":{
                        "0":1490815
                    }
                }
            },
            "Officials":{
                "Team 1":{
                    "N\u00b0":{
                        "0":"EA",
                        "1":"EB"
                    },
                    "Nom Pr\u00e9nom":{
                        "0":"PAZ FUENTES EDUARDO",
                        "1":"MERLOZ FRANCK"
                    },
                    "Licence":{
                        "0":2137458,
                        "1":2110338
                    }
                },
                "Team 2":{
                    "N\u00b0":{
                        "0":"EA"
                    },
                    "Nom Pr\u00e9nom":{
                        "0":"VILLERET YANN"
                    },
                    "Licence":{
                        "0":1178959
                    }
                }
            }
        },
        "Results":{
            "winner":"AS.SP. V.B MAUGUIO",
            "score":"3\/0"
        },
        "Referees":{
            "NOM Pr\u00e9nom":{
                "1er":"GABRIELE JEAN-CLAUDE",
                "2\u00e8me":"MARSAL JULIEN",
                "Marqueur":"GRAPPIN ELODIE",
                "Marq.Ass":". LAUTIER JACQUELINE",
                "R.Salle":"GRAPPIN MARIELLE"
            },
            "Ligue":{
                "1er":"LIG_PAC",
                "2\u00e8me":"LIG_OCC",
                "Marqueur":"LIG_OCC",
                "Marq.Ass":"LIG_OCC",
                "R.Salle":"LIG_OCC"
            },
            "Licence":{
                "1er":327130,
                "2\u00e8me":1513159,
                "Marqueur":1806643,
                "Marq.Ass":1764355,
                "R.Salle":1720491
            }
        },
        "Penalties":{

        }
    }
}