{
    "Match":{
        "Title":{
            "div_code":"2FA",
            "div_name":"NATIONALE 2 FEMININE",
            "div_pool":"POULE A",
            "match_number":"2FA041",
            "match_day":"06",
            "city":"LE CANNET",
            "gym":"GYMNASE MAILLAN",
            "category":"SENIOR | FEMININE",
            "ligue":"Comp\u00e9titions Nationales SENIORS",
            "date":"2019-11-10 16:00:00",
            "team_1":"VOLERO LE CANNET COTE D'AZUR 2 CFC",
            "team_2":"VOLLEY CLUB HYERES\/PIERREFEU"
        },
        "Sets":{
            "Teams":{
                "Set 1":{
                    "Name":{
                        "Team 1":"VOLLEY CLUB HYERES\/PIE",
                        "Team 2":"VOLERO LE CANNET COTE"
                    },
                    "Starting":{
                        "Team 1":"Service",
                        "Team 2":"Reception"
                    }
                },
                "Set 2":{
                    "Name":{
                        "Team 1":"VOLLEY CLUB HYERES\/PIE",
                        "Team 2":"VOLERO LE CANNET COTE"
                    },
                    "Starting":{
                        "Team 1":"Reception",
                        "Team 2":"Service"
                    }
                },
                "Set 3":{
                    "Name":{
                        "Team 1":"VOLLEY CLUB HYERES\/PIE",
                        "Team 2":"VOLERO LE CANNET COTE"
                    },
                    "Starting":{
                        "Team 1":"Service",
                        "Team 2":"Reception"
                    }
                },
                "Set 4":0,
                "Set 5":0
            },
            "Time":{
                "Set 1":{
                    "Time":{
                        "Start":"2019-11-10 16:00:00",
                        "End":"2019-11-10 16:28:00"
                    }
                },
                "Set 2":{
                    "Time":{
                        "Start":"2019-11-10 16:31:00",
                        "End":"2019-11-10 16:54:00"
                    }
                },
                "Set 3":{
                    "Time":{
                        "Start":"2019-11-10 16:57:00",
                        "End":"2019-11-10 17:21:00"
                    }
                },
                "Set 4":0,
                "Set 5":0
            },
            "Substitutions 1":{
                "Set 1":{
                    "I":{
                        "0":16
                    },
                    "II":{
                        "0":1
                    },
                    "III":{
                        "0":7
                    },
                    "IV":{
                        "0":11
                    },
                    "V":{
                        "0":8
                    },
                    "VI":{
                        "0":5
                    }
                },
                "Set 2":{
                    "I":{
                        "0":5.0,
                        "1":null,
                        "2":null
                    },
                    "II":{
                        "0":16.0,
                        "1":null,
                        "2":null
                    },
                    "III":{
                        "0":1.0,
                        "1":null,
                        "2":null
                    },
                    "IV":{
                        "0":"7",
                        "1":"9",
                        "2":"8:15"
                    },
                    "V":{
                        "0":"11",
                        "1":"2",
                        "2":"12:20"
                    },
                    "VI":{
                        "0":"8",
                        "1":"10",
                        "2":"9:17"
                    }
                },
                "Set 3":{
                    "I":{
                        "0":16
                    },
                    "II":{
                        "0":11
                    },
                    "III":{
                        "0":7
                    },
                    "IV":{
                        "0":2
                    },
                    "V":{
                        "0":1
                    },
                    "VI":{
                        "0":5
                    }
                },
                "Set 4":0,
                "Set 5":0
            },
            "Substitutions 2":{
                "Set 1":{
                    "I":{
                        "0":15
                    },
                    "II":{
                        "0":2
                    },
                    "III":{
                        "0":1
                    },
                    "IV":{
                        "0":12
                    },
                    "V":{
                        "0":11
                    },
                    "VI":{
                        "0":3
                    }
                },
                "Set 2":{
                    "I":{
                        "0":2.0,
                        "1":null,
                        "2":null
                    },
                    "II":{
                        "0":1.0,
                        "1":null,
                        "2":null
                    },
                    "III":{
                        "0":12.0,
                        "1":null,
                        "2":null
                    },
                    "IV":{
                        "0":11.0,
                        "1":null,
                        "2":null
                    },
                    "V":{
                        "0":3.0,
                        "1":null,
                        "2":null
                    },
                    "VI":{
                        "0":"15",
                        "1":"6",
                        "2":"22:13"
                    }
                },
                "Set 3":{
                    "I":{
                        "0":15.0,
                        "1":null,
                        "2":null
                    },
                    "II":{
                        "0":"2",
                        "1":"7",
                        "2":"19:10"
                    },
                    "III":{
                        "0":1.0,
                        "1":null,
                        "2":null
                    },
                    "IV":{
                        "0":12.0,
                        "1":null,
                        "2":null
                    },
                    "V":{
                        "0":"11",
                        "1":"6",
                        "2":"19:10"
                    },
                    "VI":{
                        "0":3.0,
                        "1":null,
                        "2":null
                    }
                },
                "Set 4":0,
                "Set 5":0
            },
            "Serves 1":{
                "Set 1":{
                    "I":{
                        "0":"2",
                        "1":15
                    },
                    "II":{
                        "0":"5",
                        "1":16
                    },
                    "III":{
                        "0":"6",
                        "1":17
                    },
                    "IV":{
                        "0":"8",
                        "1":19
                    },
                    "V":{
                        "0":"9",
                        "1":20
                    },
                    "VI":{
                        "0":"10",
                        "1":21
                    }
                },
                "Set 2":{
                    "I":{
                        "0":null,
                        "1":6.0,
                        "2":15.0
                    },
                    "II":{
                        "0":"1",
                        "1":8.0,
                        "2":null
                    },
                    "III":{
                        "0":"2",
                        "1":9.0,
                        "2":null
                    },
                    "IV":{
                        "0":"3",
                        "1":11.0,
                        "2":null
                    },
                    "V":{
                        "0":"4",
                        "1":12.0,
                        "2":null
                    },
                    "VI":{
                        "0":"5",
                        "1":13.0,
                        "2":null
                    }
                },
                "Set 3":{
                    "I":{
                        "0":"0",
                        "1":7,
                        "2":17
                    },
                    "II":{
                        "0":"1",
                        "1":8.0,
                        "2":null
                    },
                    "III":{
                        "0":"2",
                        "1":9.0,
                        "2":null
                    },
                    "IV":{
                        "0":"4",
                        "1":10.0,
                        "2":null
                    },
                    "V":{
                        "0":"5",
                        "1":11.0,
                        "2":null
                    },
                    "VI":{
                        "0":"6",
                        "1":12.0,
                        "2":null
                    }
                },
                "Set 4":0,
                "Set 5":0
            },
            "Serves 2":{
                "Set 1":{
                    "I":{
                        "0":null,
                        "1":10.0,
                        "2":25.0
                    },
                    "II":{
                        "0":"2",
                        "1":14.0,
                        "2":null
                    },
                    "III":{
                        "0":"4",
                        "1":16.0,
                        "2":null
                    },
                    "IV":{
                        "0":"7",
                        "1":18.0,
                        "2":null
                    },
                    "V":{
                        "0":"8",
                        "1":20.0,
                        "2":null
                    },
                    "VI":{
                        "0":"9",
                        "1":24.0,
                        "2":null
                    }
                },
                "Set 2":{
                    "I":{
                        "0":"1",
                        "1":14,
                        "2":25
                    },
                    "II":{
                        "0":"6",
                        "1":16.0,
                        "2":null
                    },
                    "III":{
                        "0":"8",
                        "1":17.0,
                        "2":null
                    },
                    "IV":{
                        "0":"11",
                        "1":19.0,
                        "2":null
                    },
                    "V":{
                        "0":"12",
                        "1":21.0,
                        "2":null
                    },
                    "VI":{
                        "0":"13",
                        "1":22.0,
                        "2":null
                    }
                },
                "Set 3":{
                    "I":{
                        "0":null,
                        "1":12.0,
                        "2":24.0
                    },
                    "II":{
                        "0":"1",
                        "1":15,
                        "2":25
                    },
                    "III":{
                        "0":"3",
                        "1":17.0,
                        "2":null
                    },
                    "IV":{
                        "0":"6",
                        "1":18.0,
                        "2":null
                    },
                    "V":{
                        "0":"8",
                        "1":19.0,
                        "2":null
                    },
                    "VI":{
                        "0":"11",
                        "1":23.0,
                        "2":null
                    }
                },
                "Set 4":0,
                "Set 5":0
            },
            "Timeouts 1":{
                "Set 1":{
                    "T":{
                        "0":"15:14",
                        "1":"20:22"
                    }
                },
                "Set 2":{
                    "T":{

                    }
                },
                "Set 3":{
                    "T":{

                    }
                },
                "Set 4":0,
                "Set 5":0
            },
            "Timeouts 2":{
                "Set 1":{
                    "T":{
                        "0":"10:13"
                    }
                },
                "Set 2":{
                    "T":{

                    }
                },
                "Set 3":{
                    "T":{
                        "0":"24:15"
                    }
                },
                "Set 4":0,
                "Set 5":0
            }
        },
        "Teams":{
            "Name":{
                "Team 1":"VOLLEY CLUB HYERES\/PIERREFEU",
                "Team 2":"VOLERO LE CANNET COTE D'AZUR 2"
            },
            "Players":{
                "Team 1":{
                    "N\u00b0":{
                        "0":1,
                        "1":2,
                        "2":5,
                        "3":7,
                        "4":8,
                        "5":9,
                        "6":10,
                        "7":11,
                        "8":12,
                        "9":13,
                        "10":16,
                        "11":18
                    },
                    "Nom Pr\u00e9nom":{
                        "0":"GAUDEL CHLOE",
                        "1":"ROBEAU LUCIE",
                        "2":"ALBERT MAELLE",
                        "3":"COULBAULT LAURE",
                        "4":"GENNIAUX EMILIE",
                        "5":"LECHAT MARIE FRANCE",
                        "6":"GUIEYSSE AUDREY",
                        "7":"CHARLIER KATERINA",
                        "8":"PECHEUR CAMILLE",
                        "9":"LAFITTE NDAKI MBOULET ANNE",
                        "10":"NAPOLI CHIARA",
                        "11":"MICHELON ERICA"
                    },
                    "Licence":{
                        "0":1342199,
                        "1":2209325,
                        "2":2057148,
                        "3":2141732,
                        "4":1691898,
                        "5":1550582,
                        "6":1409582,
                        "7":2414863,
                        "8":1664786,
                        "9":2396113,
                        "10":1954392,
                        "11":2049794
                    }
                },
                "Team 2":{
                    "N\u00b0":{
                        "0":1,
                        "1":2,
                        "2":3,
                        "3":5,
                        "4":6,
                        "5":7,
                        "6":10,
                        "7":11,
                        "8":12,
                        "9":15
                    },
                    "Nom Pr\u00e9nom":{
                        "0":"AGBOLOSSOU JOYCE",
                        "1":"PSILA KARINE",
                        "2":"SEBAN DELPHINE",
                        "3":"LABORDE LILI",
                        "4":"FALCON SOLENE",
                        "5":"ZEGGAGH LALIE",
                        "6":"BECHEC LILOUANN",
                        "7":"BRUN OLIVIA",
                        "8":"MASSON VIRGINIE",
                        "9":"CHIMEL KATARZYNA"
                    },
                    "Licence":{
                        "0":1862359,
                        "1":1405709,
                        "2":1654258,
                        "3":1854293,
                        "4":1886733,
                        "5":2027472,
                        "6":1892017,
                        "7":2091867,
                        "8":1405725,
                        "9":2389975
                    }
                }
            },
            "Liberos":{
                "Team 1":{
                    "N\u00b0":{
                        "0":12,
                        "1":13
                    },
                    "Nom Pr\u00e9nom":{
                        "0":"PECHEUR CAMILLE",
                        "1":"LAFITTE NDAKI MBOULET ANNE"
                    },
                    "Licence":{
                        "0":1664786,
                        "1":2396113
                    }
                },
                "Team 2":{
                    "N\u00b0":{
                        "0":5,
                        "1":10
                    },
                    "Nom Pr\u00e9nom":{
                        "0":"LABORDE LILI",
                        "1":"BECHEC LILOUANN"
                    },
                    "Licence":{
                        "0":1854293,
                        "1":1892017
                    }
                }
            },
            "Officials":{
                "Team 1":{
                    "N\u00b0":{
                        "0":"EA",
                        "1":"EB"
                    },
                    "Nom Pr\u00e9nom":{
                        "0":"SERVAGEON GUILLAUME",
                        "1":"LECHAT CHRISTINE"
                    },
                    "Licence":{
                        "0":1634200,
                        "1":1091204
                    }
                },
                "Team 2":{
                    "N\u00b0":{
                        "0":"EA"
                    },
                    "Nom Pr\u00e9nom":{
                        "0":"MINKOVA RAYNA"
                    },
                    "Licence":{
                        "0":1118980
                    }
                }
            }
        },
        "Results":{
            "winner":"VOLERO LE CANNET COTE",
            "score":"3\/0"
        },
        "Referees":{
            "NOM Pr\u00e9nom":{
                "1er":"DE GUIGN\u00c9 LA B\u00c9RANGERIE FABIEN",
                "2\u00e8me":"VERMANDE SYLVAIN",
                "Marqueur":"SODDU ALYSON",
                "Marq.Ass":".",
                "R.Salle":"FARRUGIA MICHELLE"
            },
            "Ligue":{
                "1er":"LIG_PAC",
                "2\u00e8me":"LIG_PAC",
                "Marqueur":"LIG_PAC",
                "Marq.Ass":null,
                "R.Salle":"LIG_PAC"
            },
            "Licence":{
                "1er":2352248.0,
                "2\u00e8me":1208900.0,
                "Marqueur":1859432.0,
                "Marq.Ass":null,
                "R.Salle":1890736.0
            }
        },
        "Penalties":{

        }
    }
}