{
    "Match":{
        "Title":{
            "div_code":"2FA",
            "div_name":"NATIONALE 2 FEMININE",
            "div_pool":"POULE A",
            "match_number":"2FA026",
            "match_day":"04",
            "city":"LA GARDE",
            "gym":"JACQUES TROIN",
            "category":"SENIOR | FEMININE",
            "ligue":"Comp\u00e9titions Nationales SENIORS",
            "date":"2019-10-27 16:00:00",
            "team_1":"VOLLEY PRADETAN GARDEEN",
            "team_2":"VOLLEY-BALL ALBIGEOIS"
        },
        "Sets":{
            "Teams":{
                "Set 1":{
                    "Name":{
                        "Team 1":"VOLLEY PRADETAN GARDEE",
                        "Team 2":"VOLLEY-BALL ALBIGEOIS"
                    },
                    "Starting":{
                        "Team 1":"Reception",
                        "Team 2":"Service"
                    }
                },
                "Set 2":{
                    "Name":{
                        "Team 1":"VOLLEY PRADETAN GARDEE",
                        "Team 2":"VOLLEY-BALL ALBIGEOIS"
                    },
                    "Starting":{
                        "Team 1":"Service",
                        "Team 2":"Reception"
                    }
                },
                "Set 3":{
                    "Name":{
                        "Team 1":"VOLLEY PRADETAN GARDEE",
                        "Team 2":"VOLLEY-BALL ALBIGEOIS"
                    },
                    "Starting":{
                        "Team 1":"Reception",
                        "Team 2":"Service"
                    }
                },
                "Set 4":0,
                "Set 5":0
            },
            "Time":{
                "Set 1":{
                    "Time":{
                        "Start":"2019-10-27 15:58:00",
                        "End":"2019-10-27 16:18:00"
                    }
                },
                "Set 2":{
                    "Time":{
                        "Start":"2019-10-27 16:21:00",
                        "End":"2019-10-27 16:43:00"
                    }
                },
                "Set 3":{
                    "Time":{
                        "Start":"2019-10-27 16:46:00",
                        "End":"2019-10-27 17:10:00"
                    }
                },
                "Set 4":0,
                "Set 5":0
            },
            "Substitutions 1":{
                "Set 1":{
                    "I":{
                        "0":"16",
                        "1":"1",
                        "2":"6:20"
                    },
                    "II":{
                        "0":"5",
                        "1":"9",
                        "2":"7:24"
                    },
                    "III":{
                        "0":10.0,
                        "1":null,
                        "2":null
                    },
                    "IV":{
                        "0":"6",
                        "1":"2",
                        "2":"4:10"
                    },
                    "V":{
                        "0":4.0,
                        "1":null,
                        "2":null
                    },
                    "VI":{
                        "0":3.0,
                        "1":null,
                        "2":null
                    }
                },
                "Set 2":{
                    "I":{
                        "0":"3",
                        "1":"11",
                        "2":"6:11"
                    },
                    "II":{
                        "0":"16",
                        "1":"1",
                        "2":"10:16"
                    },
                    "III":{
                        "0":5.0,
                        "1":null,
                        "2":null
                    },
                    "IV":{
                        "0":10.0,
                        "1":null,
                        "2":null
                    },
                    "V":{
                        "0":2.0,
                        "1":null,
                        "2":null
                    },
                    "VI":{
                        "0":4.0,
                        "1":null,
                        "2":null
                    }
                },
                "Set 3":{
                    "I":{
                        "0":"1",
                        "1":"16",
                        "2":"9:15",
                        "3":"12:21"
                    },
                    "II":{
                        "0":5.0,
                        "1":null,
                        "2":null,
                        "3":null
                    },
                    "III":{
                        "0":10.0,
                        "1":null,
                        "2":null,
                        "3":null
                    },
                    "IV":{
                        "0":2.0,
                        "1":null,
                        "2":null,
                        "3":null
                    },
                    "V":{
                        "0":"4",
                        "1":"6",
                        "2":"5:9",
                        "3":null
                    },
                    "VI":{
                        "0":"11",
                        "1":"3",
                        "2":"1:5",
                        "3":null
                    }
                },
                "Set 4":0,
                "Set 5":0
            },
            "Substitutions 2":{
                "Set 1":{
                    "I":{
                        "0":5
                    },
                    "II":{
                        "0":12
                    },
                    "III":{
                        "0":20
                    },
                    "IV":{
                        "0":11
                    },
                    "V":{
                        "0":10
                    },
                    "VI":{
                        "0":4
                    }
                },
                "Set 2":{
                    "I":{
                        "0":5
                    },
                    "II":{
                        "0":12
                    },
                    "III":{
                        "0":20
                    },
                    "IV":{
                        "0":11
                    },
                    "V":{
                        "0":10
                    },
                    "VI":{
                        "0":4
                    }
                },
                "Set 3":{
                    "I":{
                        "0":5.0,
                        "1":null,
                        "2":null
                    },
                    "II":{
                        "0":12.0,
                        "1":null,
                        "2":null
                    },
                    "III":{
                        "0":"20",
                        "1":"3",
                        "2":"21:12"
                    },
                    "IV":{
                        "0":11.0,
                        "1":null,
                        "2":null
                    },
                    "V":{
                        "0":10.0,
                        "1":null,
                        "2":null
                    },
                    "VI":{
                        "0":4.0,
                        "1":null,
                        "2":null
                    }
                },
                "Set 4":0,
                "Set 5":0
            },
            "Serves 1":{
                "Set 1":{
                    "I":{
                        "0":null,
                        "1":7.0
                    },
                    "II":{
                        "0":"1",
                        "1":8
                    },
                    "III":{
                        "0":"2",
                        "1":null
                    },
                    "IV":{
                        "0":"3",
                        "1":null
                    },
                    "V":{
                        "0":"4",
                        "1":null
                    },
                    "VI":{
                        "0":"6",
                        "1":null
                    }
                },
                "Set 2":{
                    "I":{
                        "0":"0",
                        "1":6
                    },
                    "II":{
                        "0":"1",
                        "1":8
                    },
                    "III":{
                        "0":"2",
                        "1":9
                    },
                    "IV":{
                        "0":"3",
                        "1":10
                    },
                    "V":{
                        "0":"4",
                        "1":11
                    },
                    "VI":{
                        "0":"5",
                        "1":15
                    }
                },
                "Set 3":{
                    "I":{
                        "0":null,
                        "1":7.0,
                        "2":14.0
                    },
                    "II":{
                        "0":"1",
                        "1":8,
                        "2":15
                    },
                    "III":{
                        "0":"3",
                        "1":9,
                        "2":16
                    },
                    "IV":{
                        "0":"4",
                        "1":10.0,
                        "2":null
                    },
                    "V":{
                        "0":"5",
                        "1":11.0,
                        "2":null
                    },
                    "VI":{
                        "0":"6",
                        "1":12.0,
                        "2":null
                    }
                },
                "Set 4":0,
                "Set 5":0
            },
            "Serves 2":{
                "Set 1":{
                    "I":{
                        "0":"1",
                        "1":24
                    },
                    "II":{
                        "0":"3",
                        "1":25
                    },
                    "III":{
                        "0":"5",
                        "1":null
                    },
                    "IV":{
                        "0":"9",
                        "1":null
                    },
                    "V":{
                        "0":"16",
                        "1":null
                    },
                    "VI":{
                        "0":"21",
                        "1":null
                    }
                },
                "Set 2":{
                    "I":{
                        "0":null,
                        "1":8.0,
                        "2":25.0
                    },
                    "II":{
                        "0":"1",
                        "1":12.0,
                        "2":null
                    },
                    "III":{
                        "0":"2",
                        "1":14.0,
                        "2":null
                    },
                    "IV":{
                        "0":"3",
                        "1":15.0,
                        "2":null
                    },
                    "V":{
                        "0":"4",
                        "1":16.0,
                        "2":null
                    },
                    "VI":{
                        "0":"6",
                        "1":20.0,
                        "2":null
                    }
                },
                "Set 3":{
                    "I":{
                        "0":"0",
                        "1":13,
                        "2":23
                    },
                    "II":{
                        "0":"5",
                        "1":14,
                        "2":24
                    },
                    "III":{
                        "0":"6",
                        "1":15,
                        "2":25
                    },
                    "IV":{
                        "0":"9",
                        "1":16.0,
                        "2":null
                    },
                    "V":{
                        "0":"10",
                        "1":17.0,
                        "2":null
                    },
                    "VI":{
                        "0":"12",
                        "1":22.0,
                        "2":null
                    }
                },
                "Set 4":0,
                "Set 5":0
            },
            "Timeouts 1":{
                "Set 1":{
                    "T":{
                        "0":"4:11",
                        "1":"6:18"
                    }
                },
                "Set 2":{
                    "T":{
                        "0":"15:23"
                    }
                },
                "Set 3":{
                    "T":{
                        "0":"12:22"
                    }
                },
                "Set 4":0,
                "Set 5":0
            },
            "Timeouts 2":{
                "Set 1":{
                    "T":{

                    }
                },
                "Set 2":{
                    "T":{

                    }
                },
                "Set 3":{
                    "T":{

                    }
                },
                "Set 4":0,
                "Set 5":0
            }
        },
        "Teams":{
            "Name":{
                "Team 1":"VOLLEY PRADETAN GARDEEN",
                "Team 2":"VOLLEY-BALL ALBIGEOIS"
            },
            "Players":{
                "Team 1":{
                    "N\u00b0":{
                        "0":1,
                        "1":2,
                        "2":3,
                        "3":4,
                        "4":5,
                        "5":6,
                        "6":8,
                        "7":9,
                        "8":10,
                        "9":11,
                        "10":16
                    },
                    "Nom Pr\u00e9nom":{
                        "0":"HERVE SOPHIE",
                        "1":"CHAMBON ORNELLA",
                        "2":"THIEME LILOU",
                        "3":"LAGARDE ELODIE",
                        "4":"CHARVIN BLANDINE",
                        "5":"OMARY FARIDA",
                        "6":"MAURICE ANGELIQUE",
                        "7":"WOHLWEND LOLA",
                        "8":"GAULARD KATELEEN",
                        "9":"PIERI AMBRE-ALIZEE",
                        "10":"VEZZUTI ANNABELLE"
                    },
                    "Licence":{
                        "0":1428816,
                        "1":2193830,
                        "2":1991371,
                        "3":1733360,
                        "4":1838060,
                        "5":2090686,
                        "6":1835484,
                        "7":1891394,
                        "8":1966078,
                        "9":1672297,
                        "10":1802259
                    }
                },
                "Team 2":{
                    "N\u00b0":{
                        "0":3,
                        "1":4,
                        "2":5,
                        "3":10,
                        "4":11,
                        "5":12,
                        "6":13,
                        "7":20
                    },
                    "Nom Pr\u00e9nom":{
                        "0":"PIGOT CAMILLE",
                        "1":"LECOQ STEPHANIE",
                        "2":"REY JULIE",
                        "3":"BAWEDIN ANDREA",
                        "4":"WIERRE LAURA",
                        "5":"LEMOUZY MAYARA",
                        "6":"BALFET PAULINE",
                        "7":"CANCE MAELLE"
                    },
                    "Licence":{
                        "0":1952442,
                        "1":1715937,
                        "2":1845219,
                        "3":1493690,
                        "4":1229533,
                        "5":1989698,
                        "6":2189778,
                        "7":1755841
                    }
                }
            },
            "Liberos":{
                "Team 1":{
                    "N\u00b0":{
                        "0":8
                    },
                    "Nom Pr\u00e9nom":{
                        "0":"MAURICE ANGELIQUE"
                    },
                    "Licence":{
                        "0":1835484
                    }
                },
                "Team 2":{
                    "N\u00b0":{
                        "0":13
                    },
                    "Nom Pr\u00e9nom":{
                        "0":"BALFET PAULINE"
                    },
                    "Licence":{
                        "0":2189778
                    }
                }
            },
            "Officials":{
                "Team 1":{
                    "N\u00b0":{
                        "0":"EA",
                        "1":"EB"
                    },
                    "Nom Pr\u00e9nom":{
                        "0":"MATTEI NICOLAS",
                        "1":"BRAMERIE EMILE"
                    },
                    "Licence":{
                        "0":969514,
                        "1":2122403
                    }
                },
                "Team 2":{
                    "N\u00b0":{
                        "0":"EA"
                    },
                    "Nom Pr\u00e9nom":{
                        "0":"KADJO ISABELLE"
                    },
                    "Licence":{
                        "0":1103424
                    }
                }
            }
        },
        "Results":{
            "winner":"VOLLEY-BALL ALBIGEOIS",
            "score":"3\/0"
        },
        "Referees":{
            "NOM Pr\u00e9nom":{
                "1er":"SAUVAYRE DANIEL",
                "2\u00e8me":"RYCKELYNCK CHRISTOPHE",
                "Marqueur":"ADORA LOIC",
                "Marq.Ass":".",
                "R.Salle":"MOISDON MARIE-FRAN\u00c7OISE"
            },
            "Ligue":{
                "1er":"LIG_PAC",
                "2\u00e8me":"LIG_PAC",
                "Marqueur":"LIG_PAC",
                "Marq.Ass":null,
                "R.Salle":"LIG_PAC"
            },
            "Licence":{
                "1er":1221790.0,
                "2\u00e8me":1011733.0,
                "Marqueur":1345601.0,
                "Marq.Ass":null,
                "R.Salle":1894366.0
            }
        },
        "Penalties":{

        }
    }
}