{
    "Match":{
        "Title":{
            "div_code":"2FA",
            "div_name":"NATIONALE 2 FEMININE",
            "div_pool":"POULE A",
            "match_number":"2FA024",
            "match_day":"04",
            "city":"BEZIERS",
            "gym":"HALLE DU FOUR A CHAUX",
            "category":"SENIOR | FEMININE",
            "ligue":"Comp\u00e9titions Nationales SENIORS",
            "date":"2019-10-27 15:00:00",
            "team_1":"B\u00c9ZIERS VOLLEY-BALL 2 CFC",
            "team_2":"UGS LATTES BEAUX ARTS MONTPELLIER VOLLEY-BALL"
        },
        "Sets":{
            "Teams":{
                "Set 1":{
                    "Name":{
                        "Team 1":"B\u00c9ZIERS VOLLEY-BALL 2",
                        "Team 2":"UGS LATTES BEAUX ARTS"
                    },
                    "Starting":{
                        "Team 1":"Reception",
                        "Team 2":"Service"
                    }
                },
                "Set 2":{
                    "Name":{
                        "Team 1":"B\u00c9ZIERS VOLLEY-BALL 2",
                        "Team 2":"UGS LATTES BEAUX ARTS"
                    },
                    "Starting":{
                        "Team 1":"Service",
                        "Team 2":"Reception"
                    }
                },
                "Set 3":{
                    "Name":{
                        "Team 1":"B\u00c9ZIERS VOLLEY-BALL 2",
                        "Team 2":"UGS LATTES BEAUX ARTS"
                    },
                    "Starting":{
                        "Team 1":"Reception",
                        "Team 2":"Service"
                    }
                },
                "Set 4":{
                    "Name":{
                        "Team 1":"B\u00c9ZIERS VOLLEY-BALL 2",
                        "Team 2":"UGS LATTES BEAUX ARTS"
                    },
                    "Starting":{
                        "Team 1":"Service",
                        "Team 2":"Reception"
                    }
                },
                "Set 5":0
            },
            "Time":{
                "Set 1":{
                    "Time":{
                        "Start":"2019-10-27 14:57:00",
                        "End":"2019-10-27 15:27:00"
                    }
                },
                "Set 2":{
                    "Time":{
                        "Start":"2019-10-27 15:31:00",
                        "End":"2019-10-27 15:59:00"
                    }
                },
                "Set 3":{
                    "Time":{
                        "Start":"2019-10-27 16:02:00",
                        "End":"2019-10-27 16:28:00"
                    }
                },
                "Set 4":{
                    "Time":{
                        "Start":"2019-10-27 16:31:00",
                        "End":"2019-10-27 16:58:00"
                    }
                },
                "Set 5":0
            },
            "Substitutions 1":{
                "Set 1":{
                    "I":{
                        "0":6.0,
                        "1":null,
                        "2":null,
                        "3":null
                    },
                    "II":{
                        "0":8.0,
                        "1":null,
                        "2":null,
                        "3":null
                    },
                    "III":{
                        "0":"18",
                        "1":"14",
                        "2":"15:14",
                        "3":"22:23"
                    },
                    "IV":{
                        "0":4.0,
                        "1":null,
                        "2":null,
                        "3":null
                    },
                    "V":{
                        "0":5.0,
                        "1":null,
                        "2":null,
                        "3":null
                    },
                    "VI":{
                        "0":7.0,
                        "1":null,
                        "2":null,
                        "3":null
                    }
                },
                "Set 2":{
                    "I":{
                        "0":7.0,
                        "1":null,
                        "2":null
                    },
                    "II":{
                        "0":6.0,
                        "1":null,
                        "2":null
                    },
                    "III":{
                        "0":"8",
                        "1":"12",
                        "2":"18:21"
                    },
                    "IV":{
                        "0":"18",
                        "1":"14",
                        "2":"6:10"
                    },
                    "V":{
                        "0":4.0,
                        "1":null,
                        "2":null
                    },
                    "VI":{
                        "0":5.0,
                        "1":null,
                        "2":null
                    }
                },
                "Set 3":{
                    "I":{
                        "0":14
                    },
                    "II":{
                        "0":4
                    },
                    "III":{
                        "0":5
                    },
                    "IV":{
                        "0":7
                    },
                    "V":{
                        "0":6
                    },
                    "VI":{
                        "0":12
                    }
                },
                "Set 4":{
                    "I":{
                        "0":6
                    },
                    "II":{
                        "0":12
                    },
                    "III":{
                        "0":14
                    },
                    "IV":{
                        "0":4
                    },
                    "V":{
                        "0":5
                    },
                    "VI":{
                        "0":7
                    }
                },
                "Set 5":0
            },
            "Substitutions 2":{
                "Set 1":{
                    "I":{
                        "0":1.0,
                        "1":null,
                        "2":null
                    },
                    "II":{
                        "0":10.0,
                        "1":null,
                        "2":null
                    },
                    "III":{
                        "0":8.0,
                        "1":null,
                        "2":null
                    },
                    "IV":{
                        "0":18.0,
                        "1":null,
                        "2":null
                    },
                    "V":{
                        "0":"3",
                        "1":"16",
                        "2":"17:22"
                    },
                    "VI":{
                        "0":5.0,
                        "1":null,
                        "2":null
                    }
                },
                "Set 2":{
                    "I":{
                        "0":"10",
                        "1":"3",
                        "2":"21:18",
                        "3":null
                    },
                    "II":{
                        "0":"8",
                        "1":"2",
                        "2":"13:12",
                        "3":"18:15"
                    },
                    "III":{
                        "0":18.0,
                        "1":null,
                        "2":null,
                        "3":null
                    },
                    "IV":{
                        "0":16.0,
                        "1":null,
                        "2":null,
                        "3":null
                    },
                    "V":{
                        "0":5.0,
                        "1":null,
                        "2":null,
                        "3":null
                    },
                    "VI":{
                        "0":1.0,
                        "1":null,
                        "2":null,
                        "3":null
                    }
                },
                "Set 3":{
                    "I":{
                        "0":1.0,
                        "1":null,
                        "2":null
                    },
                    "II":{
                        "0":"10",
                        "1":"3",
                        "2":"16:9"
                    },
                    "III":{
                        "0":"8",
                        "1":"2",
                        "2":"18:10"
                    },
                    "IV":{
                        "0":18.0,
                        "1":null,
                        "2":null
                    },
                    "V":{
                        "0":16.0,
                        "1":null,
                        "2":null
                    },
                    "VI":{
                        "0":5.0,
                        "1":null,
                        "2":null
                    }
                },
                "Set 4":{
                    "I":{
                        "0":"10",
                        "1":"3",
                        "2":"12:11"
                    },
                    "II":{
                        "0":8.0,
                        "1":null,
                        "2":null
                    },
                    "III":{
                        "0":18.0,
                        "1":null,
                        "2":null
                    },
                    "IV":{
                        "0":16.0,
                        "1":null,
                        "2":null
                    },
                    "V":{
                        "0":5.0,
                        "1":null,
                        "2":null
                    },
                    "VI":{
                        "0":1.0,
                        "1":null,
                        "2":null
                    }
                },
                "Set 5":0
            },
            "Serves 1":{
                "Set 1":{
                    "I":{
                        "0":null,
                        "1":13.0,
                        "2":23.0
                    },
                    "II":{
                        "0":"2",
                        "1":14,
                        "2":26
                    },
                    "III":{
                        "0":"4",
                        "1":15.0,
                        "2":null
                    },
                    "IV":{
                        "0":"9",
                        "1":18.0,
                        "2":null
                    },
                    "V":{
                        "0":"10",
                        "1":21.0,
                        "2":null
                    },
                    "VI":{
                        "0":"12",
                        "1":22.0,
                        "2":null
                    }
                },
                "Set 2":{
                    "I":{
                        "0":"1",
                        "1":12,
                        "2":22
                    },
                    "II":{
                        "0":"2",
                        "1":13.0,
                        "2":null
                    },
                    "III":{
                        "0":"3",
                        "1":14.0,
                        "2":null
                    },
                    "IV":{
                        "0":"4",
                        "1":15.0,
                        "2":null
                    },
                    "V":{
                        "0":"6",
                        "1":17.0,
                        "2":null
                    },
                    "VI":{
                        "0":"10",
                        "1":18.0,
                        "2":null
                    }
                },
                "Set 3":{
                    "I":{
                        "0":null,
                        "1":8.0
                    },
                    "II":{
                        "0":"1",
                        "1":9
                    },
                    "III":{
                        "0":"3",
                        "1":10
                    },
                    "IV":{
                        "0":"4",
                        "1":12
                    },
                    "V":{
                        "0":"5",
                        "1":15
                    },
                    "VI":{
                        "0":"6",
                        "1":16
                    }
                },
                "Set 4":{
                    "I":{
                        "0":"0",
                        "1":7,
                        "2":20
                    },
                    "II":{
                        "0":"2",
                        "1":11.0,
                        "2":null
                    },
                    "III":{
                        "0":"3",
                        "1":13.0,
                        "2":null
                    },
                    "IV":{
                        "0":"4",
                        "1":14.0,
                        "2":null
                    },
                    "V":{
                        "0":"5",
                        "1":16.0,
                        "2":null
                    },
                    "VI":{
                        "0":"6",
                        "1":19.0,
                        "2":null
                    }
                },
                "Set 5":0
            },
            "Serves 2":{
                "Set 1":{
                    "I":{
                        "0":"1",
                        "1":12,
                        "2":24
                    },
                    "II":{
                        "0":"2",
                        "1":14.0,
                        "2":null
                    },
                    "III":{
                        "0":"3",
                        "1":15.0,
                        "2":null
                    },
                    "IV":{
                        "0":"6",
                        "1":16.0,
                        "2":null
                    },
                    "V":{
                        "0":"7",
                        "1":17.0,
                        "2":null
                    },
                    "VI":{
                        "0":"9",
                        "1":23.0,
                        "2":null
                    }
                },
                "Set 2":{
                    "I":{
                        "0":null,
                        "1":12.0,
                        "2":23.0
                    },
                    "II":{
                        "0":"1",
                        "1":14,
                        "2":25
                    },
                    "III":{
                        "0":"3",
                        "1":15.0,
                        "2":null
                    },
                    "IV":{
                        "0":"5",
                        "1":17.0,
                        "2":null
                    },
                    "V":{
                        "0":"6",
                        "1":18.0,
                        "2":null
                    },
                    "VI":{
                        "0":"10",
                        "1":20.0,
                        "2":null
                    }
                },
                "Set 3":{
                    "I":{
                        "0":"5",
                        "1":15
                    },
                    "II":{
                        "0":"8",
                        "1":17
                    },
                    "III":{
                        "0":"9",
                        "1":18
                    },
                    "IV":{
                        "0":"11",
                        "1":19
                    },
                    "V":{
                        "0":"12",
                        "1":24
                    },
                    "VI":{
                        "0":"14",
                        "1":25
                    }
                },
                "Set 4":{
                    "I":{
                        "0":null,
                        "1":9.0,
                        "2":24.0
                    },
                    "II":{
                        "0":"2",
                        "1":10,
                        "2":25
                    },
                    "III":{
                        "0":"4",
                        "1":16.0,
                        "2":null
                    },
                    "IV":{
                        "0":"5",
                        "1":18.0,
                        "2":null
                    },
                    "V":{
                        "0":"6",
                        "1":20.0,
                        "2":null
                    },
                    "VI":{
                        "0":"7",
                        "1":23.0,
                        "2":null
                    }
                },
                "Set 5":0
            },
            "Timeouts 1":{
                "Set 1":{
                    "T":{
                        "0":"22:19",
                        "1":"22:21"
                    }
                },
                "Set 2":{
                    "T":{

                    }
                },
                "Set 3":{
                    "T":{
                        "0":"0:3",
                        "1":"15:21"
                    }
                },
                "Set 4":{
                    "T":{

                    }
                },
                "Set 5":0
            },
            "Timeouts 2":{
                "Set 1":{
                    "T":{
                        "0":"16:20",
                        "1":"24:25"
                    }
                },
                "Set 2":{
                    "T":{
                        "0":"10:10",
                        "1":"23:20"
                    }
                },
                "Set 3":{
                    "T":{
                        "0":"19:15"
                    }
                },
                "Set 4":{
                    "T":{
                        "0":"10:11",
                        "1":"23:19"
                    }
                },
                "Set 5":0
            }
        },
        "Teams":{
            "Name":{
                "Team 1":"B\u00c9ZIERS VOLLEY-BALL 2 CFC",
                "Team 2":"UGS LATTES BEAUX ARTS MONTPELL"
            },
            "Players":{
                "Team 1":{
                    "N\u00b0":{
                        "0":3,
                        "1":4,
                        "2":5,
                        "3":6,
                        "4":7,
                        "5":8,
                        "6":12,
                        "7":14,
                        "8":16,
                        "9":18
                    },
                    "Nom Pr\u00e9nom":{
                        "0":"CHABOISSANT CALYPSO",
                        "1":"CHEIKH-BOUKAL AUDREY",
                        "2":"GREATTI ZOE",
                        "3":"MARQUIE LOUISE",
                        "4":"LAFALIZE DEBORAH",
                        "5":"BRAUNSTEFFER MANON",
                        "6":"ABBAL-BOURREZ D\u00c9LIA",
                        "7":"MAURANDY PAULINE",
                        "8":"ROMATI SARA",
                        "9":"LEMAN LAURIANE"
                    },
                    "Licence":{
                        "0":1592133,
                        "1":1897585,
                        "2":1943590,
                        "3":1728115,
                        "4":1941269,
                        "5":2052185,
                        "6":2108932,
                        "7":2142871,
                        "8":1863717,
                        "9":1922491
                    }
                },
                "Team 2":{
                    "N\u00b0":{
                        "0":1,
                        "1":2,
                        "2":3,
                        "3":5,
                        "4":8,
                        "5":10,
                        "6":14,
                        "7":16,
                        "8":18
                    },
                    "Nom Pr\u00e9nom":{
                        "0":"ARNAUD TOSCANE",
                        "1":"THIANT CAROLINE",
                        "2":"FRABOULET CAMILLE",
                        "3":"REBICHON PAULINE",
                        "4":"BAILLETTE LEONIE",
                        "5":"SEIDENBINDER CLEMENTINE",
                        "6":"CUFFEL ASTRID",
                        "7":"DESGRANGES JEANNE",
                        "8":"MAYOUD LEA"
                    },
                    "Licence":{
                        "0":1917004,
                        "1":1869913,
                        "2":1651186,
                        "3":1842858,
                        "4":1882816,
                        "5":1685882,
                        "6":1941827,
                        "7":1991666,
                        "8":1593764
                    }
                }
            },
            "Liberos":{
                "Team 1":{
                    "N\u00b0":{
                        "0":16
                    },
                    "Nom Pr\u00e9nom":{
                        "0":"ROMATI SARA"
                    },
                    "Licence":{
                        "0":1863717
                    }
                },
                "Team 2":{
                    "N\u00b0":{
                        "0":14
                    },
                    "Nom Pr\u00e9nom":{
                        "0":"CUFFEL ASTRID"
                    },
                    "Licence":{
                        "0":1941827
                    }
                }
            },
            "Officials":{
                "Team 1":{
                    "N\u00b0":{
                        "0":"EA"
                    },
                    "Nom Pr\u00e9nom":{
                        "0":"BAINVEL ROMUALD"
                    },
                    "Licence":{
                        "0":986222
                    }
                },
                "Team 2":{
                    "N\u00b0":{
                        "0":"EA",
                        "1":"SO"
                    },
                    "Nom Pr\u00e9nom":{
                        "0":"BRU GAUTIER",
                        "1":"SALVAN PHILIPPE"
                    },
                    "Licence":{
                        "0":2037324,
                        "1":206854
                    }
                }
            }
        },
        "Results":{
            "winner":"UGS LATTES BEAUX ARTS",
            "score":"3\/1"
        },
        "Referees":{
            "NOM Pr\u00e9nom":{
                "1er":"MOHAMED SAID",
                "2\u00e8me":"BERNARD JACK-NICOLAS",
                "Marqueur":"PASTUREL GUYLHEM",
                "Marq.Ass":".",
                "nan":null
            },
            "Ligue":{
                "1er":"LIG_OCC",
                "2\u00e8me":"LIG_OCC",
                "Marqueur":"LIG_OCC",
                "Marq.Ass":null,
                "nan":"Juges"
            },
            "Licence":{
                "1er":1009147.0,
                "2\u00e8me":1761810.0,
                "Marqueur":1043882.0,
                "Marq.Ass":null,
                "nan":null
            }
        },
        "Penalties":{

        }
    }
}