{
    "Match":{
        "Title":{
            "div_code":"2FA",
            "div_name":"NATIONALE 2 FEMININE",
            "div_pool":"POULE A",
            "match_number":"2FA086",
            "match_day":"13",
            "city":"GRUISSAN",
            "gym":"GYMNASE DU SABLOU",
            "category":"SENIOR | FEMININE",
            "ligue":"Comp\u00e9titions Nationales SENIORS",
            "date":"2020-01-26 15:00:00",
            "team_1":"VOLLEY-BALL GRUISSAN",
            "team_2":"UGS LATTES BEAUX ARTS MONTPELLIER VOLLEY-BALL"
        },
        "Sets":{
            "Teams":{
                "Set 1":{
                    "Name":{
                        "Team 1":"UGS LATTES BEAUX ARTS",
                        "Team 2":"VOLLEY-BALL GRUISSAN"
                    },
                    "Starting":{
                        "Team 1":"Service",
                        "Team 2":"Reception"
                    }
                },
                "Set 2":{
                    "Name":{
                        "Team 1":"UGS LATTES BEAUX ARTS",
                        "Team 2":"VOLLEY-BALL GRUISSAN"
                    },
                    "Starting":{
                        "Team 1":"Reception",
                        "Team 2":"Service"
                    }
                },
                "Set 3":{
                    "Name":{
                        "Team 1":"UGS LATTES BEAUX ARTS",
                        "Team 2":"VOLLEY-BALL GRUISSAN"
                    },
                    "Starting":{
                        "Team 1":"Service",
                        "Team 2":"Reception"
                    }
                },
                "Set 4":{
                    "Name":{
                        "Team 1":"UGS LATTES BEAUX ARTS",
                        "Team 2":"VOLLEY-BALL GRUISSAN"
                    },
                    "Starting":{
                        "Team 1":"Reception",
                        "Team 2":"Service"
                    }
                },
                "Set 5":0
            },
            "Time":{
                "Set 1":{
                    "Time":{
                        "Start":"2020-01-26 14:59:00",
                        "End":"2020-01-26 15:33:00"
                    }
                },
                "Set 2":{
                    "Time":{
                        "Start":"2020-01-26 15:36:00",
                        "End":"2020-01-26 16:05:00"
                    }
                },
                "Set 3":{
                    "Time":{
                        "Start":"2020-01-26 16:08:00",
                        "End":"2020-01-26 16:36:00"
                    }
                },
                "Set 4":{
                    "Time":{
                        "Start":"2020-01-26 16:39:00",
                        "End":"2020-01-26 17:04:00"
                    }
                },
                "Set 5":0
            },
            "Substitutions 1":{
                "Set 1":{
                    "I":{
                        "0":"4",
                        "1":"17",
                        "2":"26:25"
                    },
                    "II":{
                        "0":10.0,
                        "1":null,
                        "2":null
                    },
                    "III":{
                        "0":8.0,
                        "1":null,
                        "2":null
                    },
                    "IV":{
                        "0":"18",
                        "1":"1",
                        "2":"26:25"
                    },
                    "V":{
                        "0":3.0,
                        "1":null,
                        "2":null
                    },
                    "VI":{
                        "0":5.0,
                        "1":null,
                        "2":null
                    }
                },
                "Set 2":{
                    "I":{
                        "0":3.0,
                        "1":null,
                        "2":null
                    },
                    "II":{
                        "0":8.0,
                        "1":null,
                        "2":null
                    },
                    "III":{
                        "0":18.0,
                        "1":null,
                        "2":null
                    },
                    "IV":{
                        "0":10.0,
                        "1":null,
                        "2":null
                    },
                    "V":{
                        "0":5.0,
                        "1":null,
                        "2":null
                    },
                    "VI":{
                        "0":"4",
                        "1":"1",
                        "2":"21:19"
                    }
                },
                "Set 3":{
                    "I":{
                        "0":1.0,
                        "1":null,
                        "2":null
                    },
                    "II":{
                        "0":18.0,
                        "1":null,
                        "2":null
                    },
                    "III":{
                        "0":8.0,
                        "1":null,
                        "2":null
                    },
                    "IV":{
                        "0":17.0,
                        "1":null,
                        "2":null
                    },
                    "V":{
                        "0":"3",
                        "1":"10",
                        "2":"16:15"
                    },
                    "VI":{
                        "0":5.0,
                        "1":null,
                        "2":null
                    }
                },
                "Set 4":{
                    "I":{
                        "0":18
                    },
                    "II":{
                        "0":8
                    },
                    "III":{
                        "0":17
                    },
                    "IV":{
                        "0":10
                    },
                    "V":{
                        "0":5
                    },
                    "VI":{
                        "0":1
                    }
                },
                "Set 5":0
            },
            "Substitutions 2":{
                "Set 1":{
                    "I":{
                        "0":"3",
                        "1":"10",
                        "2":"25:25"
                    },
                    "II":{
                        "0":12.0,
                        "1":null,
                        "2":null
                    },
                    "III":{
                        "0":15.0,
                        "1":null,
                        "2":null
                    },
                    "IV":{
                        "0":2.0,
                        "1":null,
                        "2":null
                    },
                    "V":{
                        "0":9.0,
                        "1":null,
                        "2":null
                    },
                    "VI":{
                        "0":11.0,
                        "1":null,
                        "2":null
                    }
                },
                "Set 2":{
                    "I":{
                        "0":"3",
                        "1":"10",
                        "2":"1:7",
                        "3":"21:24"
                    },
                    "II":{
                        "0":12.0,
                        "1":null,
                        "2":null,
                        "3":null
                    },
                    "III":{
                        "0":15.0,
                        "1":null,
                        "2":null,
                        "3":null
                    },
                    "IV":{
                        "0":"2",
                        "1":"4",
                        "2":"3:12",
                        "3":"7:15"
                    },
                    "V":{
                        "0":"9",
                        "1":"7",
                        "2":"1:9",
                        "3":"21:23"
                    },
                    "VI":{
                        "0":11.0,
                        "1":null,
                        "2":null,
                        "3":null
                    }
                },
                "Set 3":{
                    "I":{
                        "0":"9",
                        "1":"7",
                        "2":"18:21"
                    },
                    "II":{
                        "0":11.0,
                        "1":null,
                        "2":null
                    },
                    "III":{
                        "0":10.0,
                        "1":null,
                        "2":null
                    },
                    "IV":{
                        "0":12.0,
                        "1":null,
                        "2":null
                    },
                    "V":{
                        "0":15.0,
                        "1":null,
                        "2":null
                    },
                    "VI":{
                        "0":2.0,
                        "1":null,
                        "2":null
                    }
                },
                "Set 4":{
                    "I":{
                        "0":9.0,
                        "1":null,
                        "2":null,
                        "3":null
                    },
                    "II":{
                        "0":11.0,
                        "1":null,
                        "2":null,
                        "3":null
                    },
                    "III":{
                        "0":"10",
                        "1":"3",
                        "2":"3:9",
                        "3":null
                    },
                    "IV":{
                        "0":"12",
                        "1":"4",
                        "2":"4:11",
                        "3":"9:17"
                    },
                    "V":{
                        "0":"15",
                        "1":"14",
                        "2":"3:7",
                        "3":null
                    },
                    "VI":{
                        "0":"2",
                        "1":"8",
                        "2":"8:14",
                        "3":"9:15"
                    }
                },
                "Set 5":0
            },
            "Serves 1":{
                "Set 1":{
                    "I":{
                        "0":"1",
                        "1":13,
                        "2":21
                    },
                    "II":{
                        "0":"3",
                        "1":14,
                        "2":24
                    },
                    "III":{
                        "0":"4",
                        "1":15,
                        "2":25
                    },
                    "IV":{
                        "0":"7",
                        "1":16,
                        "2":26
                    },
                    "V":{
                        "0":"9",
                        "1":17,
                        "2":27
                    },
                    "VI":{
                        "0":"10",
                        "1":20,
                        "2":29
                    }
                },
                "Set 2":{
                    "I":{
                        "0":null,
                        "1":15.0,
                        "2":22.0
                    },
                    "II":{
                        "0":"3",
                        "1":16,
                        "2":23
                    },
                    "III":{
                        "0":"10",
                        "1":17,
                        "2":25
                    },
                    "IV":{
                        "0":"12",
                        "1":18.0,
                        "2":null
                    },
                    "V":{
                        "0":"13",
                        "1":20.0,
                        "2":null
                    },
                    "VI":{
                        "0":"14",
                        "1":21.0,
                        "2":null
                    }
                },
                "Set 3":{
                    "I":{
                        "0":"0",
                        "1":14,
                        "2":23
                    },
                    "II":{
                        "0":"4",
                        "1":16,
                        "2":25
                    },
                    "III":{
                        "0":"5",
                        "1":17.0,
                        "2":null
                    },
                    "IV":{
                        "0":"7",
                        "1":18.0,
                        "2":null
                    },
                    "V":{
                        "0":"8",
                        "1":21.0,
                        "2":null
                    },
                    "VI":{
                        "0":"9",
                        "1":22.0,
                        "2":null
                    }
                },
                "Set 4":{
                    "I":{
                        "0":null,
                        "1":17.0
                    },
                    "II":{
                        "0":"2",
                        "1":22
                    },
                    "III":{
                        "0":"3",
                        "1":23
                    },
                    "IV":{
                        "0":"10",
                        "1":24
                    },
                    "V":{
                        "0":"11",
                        "1":25
                    },
                    "VI":{
                        "0":"14",
                        "1":null
                    }
                },
                "Set 5":0
            },
            "Serves 2":{
                "Set 1":{
                    "I":{
                        "0":null,
                        "1":8.0,
                        "2":20.0,
                        "3":31.0
                    },
                    "II":{
                        "0":"1",
                        "1":10.0,
                        "2":22.0,
                        "3":null
                    },
                    "III":{
                        "0":"2",
                        "1":12.0,
                        "2":24.0,
                        "3":null
                    },
                    "IV":{
                        "0":"3",
                        "1":13.0,
                        "2":25.0,
                        "3":null
                    },
                    "V":{
                        "0":"4",
                        "1":14.0,
                        "2":27.0,
                        "3":null
                    },
                    "VI":{
                        "0":"7",
                        "1":16.0,
                        "2":28.0,
                        "3":null
                    }
                },
                "Set 2":{
                    "I":{
                        "0":"0",
                        "1":10,
                        "2":20
                    },
                    "II":{
                        "0":"1",
                        "1":11,
                        "2":21
                    },
                    "III":{
                        "0":"2",
                        "1":12.0,
                        "2":null
                    },
                    "IV":{
                        "0":"3",
                        "1":13.0,
                        "2":null
                    },
                    "V":{
                        "0":"4",
                        "1":17.0,
                        "2":null
                    },
                    "VI":{
                        "0":"6",
                        "1":19.0,
                        "2":null
                    }
                },
                "Set 3":{
                    "I":{
                        "0":null,
                        "1":10.0,
                        "2":21.0
                    },
                    "II":{
                        "0":"3",
                        "1":12,
                        "2":23
                    },
                    "III":{
                        "0":"4",
                        "1":15.0,
                        "2":null
                    },
                    "IV":{
                        "0":"5",
                        "1":16.0,
                        "2":null
                    },
                    "V":{
                        "0":"6",
                        "1":18.0,
                        "2":null
                    },
                    "VI":{
                        "0":"7",
                        "1":19.0,
                        "2":null
                    }
                },
                "Set 4":{
                    "I":{
                        "0":"1",
                        "1":11
                    },
                    "II":{
                        "0":"2",
                        "1":12
                    },
                    "III":{
                        "0":"3",
                        "1":14
                    },
                    "IV":{
                        "0":"4",
                        "1":16
                    },
                    "V":{
                        "0":"6",
                        "1":null
                    },
                    "VI":{
                        "0":"9",
                        "1":null
                    }
                },
                "Set 5":0
            },
            "Timeouts 1":{
                "Set 1":{
                    "T":{
                        "0":"20:19",
                        "1":"26:27"
                    }
                },
                "Set 2":{
                    "T":{
                        "0":"20:17"
                    }
                },
                "Set 3":{
                    "T":{
                        "0":"23:23"
                    }
                },
                "Set 4":{
                    "T":{

                    }
                },
                "Set 5":0
            },
            "Timeouts 2":{
                "Set 1":{
                    "T":{
                        "0":"22:24",
                        "1":"28:29"
                    }
                },
                "Set 2":{
                    "T":{

                    }
                },
                "Set 3":{
                    "T":{
                        "0":"10:14"
                    }
                },
                "Set 4":{
                    "T":{
                        "0":"11:20"
                    }
                },
                "Set 5":0
            }
        },
        "Teams":{
            "Name":{
                "Team 1":"UGS LATTES BEAUX ARTS MONTPELL",
                "Team 2":"VOLLEY-BALL GRUISSAN"
            },
            "Players":{
                "Team 1":{
                    "N\u00b0":{
                        "0":1,
                        "1":3,
                        "2":4,
                        "3":5,
                        "4":8,
                        "5":10,
                        "6":14,
                        "7":17,
                        "8":18
                    },
                    "Nom Pr\u00e9nom":{
                        "0":"ARNAUD TOSCANE",
                        "1":"FRABOULET CAMILLE",
                        "2":"GIRARD JUSTINE",
                        "3":"REBICHON PAULINE",
                        "4":"BAILLETTE LEONIE",
                        "5":"SEIDENBINDER CLEMENTINE",
                        "6":"CUFFEL ASTRID",
                        "7":"BONNIN ANGELE",
                        "8":"MAYOUD LEA"
                    },
                    "Licence":{
                        "0":1917004,
                        "1":1651186,
                        "2":1812614,
                        "3":1842858,
                        "4":1882816,
                        "5":1685882,
                        "6":1941827,
                        "7":1798402,
                        "8":1593764
                    }
                },
                "Team 2":{
                    "N\u00b0":{
                        "0":2,
                        "1":3,
                        "2":4,
                        "3":5,
                        "4":7,
                        "5":8,
                        "6":9,
                        "7":10,
                        "8":11,
                        "9":12,
                        "10":14,
                        "11":15
                    },
                    "Nom Pr\u00e9nom":{
                        "0":"LOPEZ ADELINE",
                        "1":"MERLOZ TIFFANY",
                        "2":"PETIT-BONNAFOUS LOLA",
                        "3":"RAHEB CHARLINE",
                        "4":"CUTILLAS MANON",
                        "5":"TORALLA AIMIE",
                        "6":"TAYSSE LUCIE",
                        "7":"CAZAUTE C\u00e9LIA",
                        "8":"PRIETO FERIA PAULA",
                        "9":"MALEK ALEKSANDRA",
                        "10":"ROUSSEL ELOANE",
                        "11":"MERLOZ SAMANTHA"
                    },
                    "Licence":{
                        "0":1940953,
                        "1":1895569,
                        "2":2058802,
                        "3":1741594,
                        "4":2058805,
                        "5":2022182,
                        "6":1811729,
                        "7":1431819,
                        "8":2407134,
                        "9":2407135,
                        "10":2126900,
                        "11":1895568
                    }
                }
            },
            "Liberos":{
                "Team 1":{
                    "N\u00b0":{
                        "0":14
                    },
                    "Nom Pr\u00e9nom":{
                        "0":"CUFFEL ASTRID"
                    },
                    "Licence":{
                        "0":1941827
                    }
                },
                "Team 2":{
                    "N\u00b0":{
                        "0":5
                    },
                    "Nom Pr\u00e9nom":{
                        "0":"RAHEB CHARLINE"
                    },
                    "Licence":{
                        "0":1741594
                    }
                }
            },
            "Officials":{
                "Team 1":{
                    "N\u00b0":{
                        "0":"EA"
                    },
                    "Nom Pr\u00e9nom":{
                        "0":"BRU GAUTIER"
                    },
                    "Licence":{
                        "0":2037324
                    }
                },
                "Team 2":{
                    "N\u00b0":{
                        "0":"EA",
                        "1":"EB"
                    },
                    "Nom Pr\u00e9nom":{
                        "0":"PAZ FUENTES EDUARDO",
                        "1":"MERLOZ FRANCK"
                    },
                    "Licence":{
                        "0":2137458,
                        "1":2110338
                    }
                }
            }
        },
        "Results":{
            "winner":"UGS LATTES BEAUX ARTS",
            "score":"3\/1"
        },
        "Referees":{
            "NOM Pr\u00e9nom":{
                "1er":"JEANNE RODRIGUE",
                "2\u00e8me":"JOUY RICHARD",
                "Marqueur":"BATISTE PATRICIA",
                "Marq.Ass":".",
                "R.Salle":"CAZAUTE REGIS"
            },
            "Ligue":{
                "1er":"LIG_OCC",
                "2\u00e8me":"LIG_OCC",
                "Marqueur":"LIG_OCC",
                "Marq.Ass":null,
                "R.Salle":"LIG_OCC"
            },
            "Licence":{
                "1er":1497103.0,
                "2\u00e8me":1549688.0,
                "Marqueur":2059988.0,
                "Marq.Ass":null,
                "R.Salle":1613429.0
            }
        },
        "Penalties":{

        }
    }
}