{
    "Match":{
        "Title":{
            "div_code":"2FA",
            "div_name":"NATIONALE 2 FEMININE",
            "div_pool":"POULE A",
            "match_number":"2FA107",
            "match_day":"16",
            "city":"LE CANNET",
            "gym":"GYMNASE MAILLAN",
            "category":"SENIOR | FEMININE",
            "ligue":"Comp\u00e9titions Nationales SENIORS",
            "date":"2020-02-23 13:00:00",
            "team_1":"VOLERO LE CANNET COTE D'AZUR 2 CFC",
            "team_2":"RACING CLUB DE CANNES 2 CFC"
        },
        "Sets":{
            "Teams":{
                "Set 1":{
                    "Name":{
                        "Team 1":"RACING CLUB DE CANNES",
                        "Team 2":"VOLERO LE CANNET COTE"
                    },
                    "Starting":{
                        "Team 1":"Service",
                        "Team 2":"Reception"
                    }
                },
                "Set 2":{
                    "Name":{
                        "Team 1":"RACING CLUB DE CANNES",
                        "Team 2":"VOLERO LE CANNET COTE"
                    },
                    "Starting":{
                        "Team 1":"Reception",
                        "Team 2":"Service"
                    }
                },
                "Set 3":{
                    "Name":{
                        "Team 1":"RACING CLUB DE CANNES",
                        "Team 2":"VOLERO LE CANNET COTE"
                    },
                    "Starting":{
                        "Team 1":"Service",
                        "Team 2":"Reception"
                    }
                },
                "Set 4":{
                    "Name":{
                        "Team 1":"RACING CLUB DE CANNES",
                        "Team 2":"VOLERO LE CANNET COTE"
                    },
                    "Starting":{
                        "Team 1":"Reception",
                        "Team 2":"Service"
                    }
                },
                "Set 5":{
                    "Name":{
                        "Team 1":"VOLERO LE CANNET CO",
                        "Team 2":"RACING CLUB DE CANN"
                    },
                    "Starting":{
                        "Team 1":"Reception",
                        "Team 2":"Service"
                    }
                }
            },
            "Time":{
                "Set 1":{
                    "Time":{
                        "Start":"2020-02-23 13:00:00",
                        "End":"2020-02-23 13:24:00"
                    }
                },
                "Set 2":{
                    "Time":{
                        "Start":"2020-02-23 13:27:00",
                        "End":"2020-02-23 13:55:00"
                    }
                },
                "Set 3":{
                    "Time":{
                        "Start":"2020-02-23 13:58:00",
                        "End":"2020-02-23 14:26:00"
                    }
                },
                "Set 4":{
                    "Time":{
                        "Start":"2020-02-23 14:29:00",
                        "End":"2020-02-23 14:58:00"
                    }
                },
                "Set 5":{
                    "Time":{
                        "Start":"2020-02-23 15:01:00",
                        "End":"2020-02-23 15:15:00"
                    }
                }
            },
            "Substitutions 1":{
                "Set 1":{
                    "I":{
                        "0":2
                    },
                    "II":{
                        "0":6
                    },
                    "III":{
                        "0":16
                    },
                    "IV":{
                        "0":15
                    },
                    "V":{
                        "0":8
                    },
                    "VI":{
                        "0":18
                    }
                },
                "Set 2":{
                    "I":{
                        "0":"18",
                        "1":"5",
                        "2":"18:17"
                    },
                    "II":{
                        "0":2.0,
                        "1":null,
                        "2":null
                    },
                    "III":{
                        "0":6.0,
                        "1":null,
                        "2":null
                    },
                    "IV":{
                        "0":16.0,
                        "1":null,
                        "2":null
                    },
                    "V":{
                        "0":15.0,
                        "1":null,
                        "2":null
                    },
                    "VI":{
                        "0":8.0,
                        "1":null,
                        "2":null
                    }
                },
                "Set 3":{
                    "I":{
                        "0":"2",
                        "1":"9",
                        "2":"13:16",
                        "3":"18:21"
                    },
                    "II":{
                        "0":6.0,
                        "1":null,
                        "2":null,
                        "3":null
                    },
                    "III":{
                        "0":16.0,
                        "1":null,
                        "2":null,
                        "3":null
                    },
                    "IV":{
                        "0":15.0,
                        "1":null,
                        "2":null,
                        "3":null
                    },
                    "V":{
                        "0":"8",
                        "1":"10",
                        "2":"4:11",
                        "3":null
                    },
                    "VI":{
                        "0":"5",
                        "1":"18",
                        "2":"4:11",
                        "3":null
                    }
                },
                "Set 4":{
                    "I":{
                        "0":"18",
                        "1":"5",
                        "2":"15:18",
                        "3":"21:23"
                    },
                    "II":{
                        "0":2.0,
                        "1":null,
                        "2":null,
                        "3":null
                    },
                    "III":{
                        "0":10.0,
                        "1":null,
                        "2":null,
                        "3":null
                    },
                    "IV":{
                        "0":16.0,
                        "1":null,
                        "2":null,
                        "3":null
                    },
                    "V":{
                        "0":15.0,
                        "1":null,
                        "2":null,
                        "3":null
                    },
                    "VI":{
                        "0":8.0,
                        "1":null,
                        "2":null,
                        "3":null
                    }
                },
                "Set 5":{
                    "I":{
                        "0":"12",
                        "1":"11",
                        "2":"8:13"
                    },
                    "II":{
                        "0":2.0,
                        "1":null,
                        "2":null
                    },
                    "III":{
                        "0":1.0,
                        "1":null,
                        "2":null
                    },
                    "IV":{
                        "0":15.0,
                        "1":null,
                        "2":null
                    },
                    "V":{
                        "0":7.0,
                        "1":null,
                        "2":null
                    },
                    "VI":{
                        "0":4.0,
                        "1":null,
                        "2":null
                    }
                }
            },
            "Substitutions 2":{
                "Set 1":{
                    "I":{
                        "0":12.0,
                        "1":null,
                        "2":null
                    },
                    "II":{
                        "0":2.0,
                        "1":null,
                        "2":null
                    },
                    "III":{
                        "0":1.0,
                        "1":null,
                        "2":null
                    },
                    "IV":{
                        "0":15.0,
                        "1":null,
                        "2":null
                    },
                    "V":{
                        "0":"11",
                        "1":"7",
                        "2":"16:19"
                    },
                    "VI":{
                        "0":4.0,
                        "1":null,
                        "2":null
                    }
                },
                "Set 2":{
                    "I":{
                        "0":2
                    },
                    "II":{
                        "0":1
                    },
                    "III":{
                        "0":15
                    },
                    "IV":{
                        "0":7
                    },
                    "V":{
                        "0":4
                    },
                    "VI":{
                        "0":12
                    }
                },
                "Set 3":{
                    "I":{
                        "0":12.0,
                        "1":null,
                        "2":null
                    },
                    "II":{
                        "0":2.0,
                        "1":null,
                        "2":null
                    },
                    "III":{
                        "0":1.0,
                        "1":null,
                        "2":null
                    },
                    "IV":{
                        "0":"15",
                        "1":"6",
                        "2":"23:20"
                    },
                    "V":{
                        "0":7.0,
                        "1":null,
                        "2":null
                    },
                    "VI":{
                        "0":4.0,
                        "1":null,
                        "2":null
                    }
                },
                "Set 4":{
                    "I":{
                        "0":4.0,
                        "1":null,
                        "2":null,
                        "3":null
                    },
                    "II":{
                        "0":12.0,
                        "1":null,
                        "2":null,
                        "3":null
                    },
                    "III":{
                        "0":2.0,
                        "1":null,
                        "2":null,
                        "3":null
                    },
                    "IV":{
                        "0":1.0,
                        "1":null,
                        "2":null,
                        "3":null
                    },
                    "V":{
                        "0":"15",
                        "1":"6",
                        "2":"20:16",
                        "3":"24:23"
                    },
                    "VI":{
                        "0":"7",
                        "1":"11",
                        "2":"23:23",
                        "3":null
                    }
                },
                "Set 5":{
                    "I":{
                        "0":2
                    },
                    "II":{
                        "0":10
                    },
                    "III":{
                        "0":16
                    },
                    "IV":{
                        "0":15
                    },
                    "V":{
                        "0":8
                    },
                    "VI":{
                        "0":18
                    }
                }
            },
            "Serves 1":{
                "Set 1":{
                    "I":{
                        "0":"2",
                        "1":9,
                        "2":22
                    },
                    "II":{
                        "0":"3",
                        "1":10,
                        "2":25
                    },
                    "III":{
                        "0":"4",
                        "1":13.0,
                        "2":null
                    },
                    "IV":{
                        "0":"5",
                        "1":15.0,
                        "2":null
                    },
                    "V":{
                        "0":"6",
                        "1":18.0,
                        "2":null
                    },
                    "VI":{
                        "0":"7",
                        "1":20.0,
                        "2":null
                    }
                },
                "Set 2":{
                    "I":{
                        "0":null,
                        "1":13.0,
                        "2":22.0
                    },
                    "II":{
                        "0":"1",
                        "1":14,
                        "2":25
                    },
                    "III":{
                        "0":"2",
                        "1":15.0,
                        "2":null
                    },
                    "IV":{
                        "0":"5",
                        "1":18.0,
                        "2":null
                    },
                    "V":{
                        "0":"7",
                        "1":19.0,
                        "2":null
                    },
                    "VI":{
                        "0":"12",
                        "1":20.0,
                        "2":null
                    }
                },
                "Set 3":{
                    "I":{
                        "0":"0",
                        "1":10,
                        "2":18
                    },
                    "II":{
                        "0":"1",
                        "1":11,
                        "2":19
                    },
                    "III":{
                        "0":"3",
                        "1":12,
                        "2":20
                    },
                    "IV":{
                        "0":"4",
                        "1":13,
                        "2":21
                    },
                    "V":{
                        "0":"5",
                        "1":14.0,
                        "2":null
                    },
                    "VI":{
                        "0":"7",
                        "1":15.0,
                        "2":null
                    }
                },
                "Set 4":{
                    "I":{
                        "0":null,
                        "1":12.0,
                        "2":21.0
                    },
                    "II":{
                        "0":"1",
                        "1":13,
                        "2":23
                    },
                    "III":{
                        "0":"2",
                        "1":14.0,
                        "2":null
                    },
                    "IV":{
                        "0":"5",
                        "1":15.0,
                        "2":null
                    },
                    "V":{
                        "0":"6",
                        "1":16.0,
                        "2":null
                    },
                    "VI":{
                        "0":"9",
                        "1":18.0,
                        "2":null
                    }
                },
                "Set 5":{
                    "I":{
                        "0":null
                    },
                    "II":{
                        "0":"3"
                    },
                    "III":{
                        "0":"5"
                    },
                    "IV":{
                        "0":"7"
                    },
                    "V":{
                        "0":"8"
                    },
                    "VI":{
                        "0":"9"
                    }
                }
            },
            "Serves 2":{
                "Set 1":{
                    "I":{
                        "0":null,
                        "1":10.0,
                        "2":19.0
                    },
                    "II":{
                        "0":"3",
                        "1":11,
                        "2":20
                    },
                    "III":{
                        "0":"4",
                        "1":12.0,
                        "2":null
                    },
                    "IV":{
                        "0":"5",
                        "1":13.0,
                        "2":null
                    },
                    "V":{
                        "0":"7",
                        "1":14.0,
                        "2":null
                    },
                    "VI":{
                        "0":"9",
                        "1":16.0,
                        "2":null
                    }
                },
                "Set 2":{
                    "I":{
                        "0":"1",
                        "1":11,
                        "2":22
                    },
                    "II":{
                        "0":"3",
                        "1":12.0,
                        "2":null
                    },
                    "III":{
                        "0":"4",
                        "1":13.0,
                        "2":null
                    },
                    "IV":{
                        "0":"6",
                        "1":18.0,
                        "2":null
                    },
                    "V":{
                        "0":"9",
                        "1":20.0,
                        "2":null
                    },
                    "VI":{
                        "0":"10",
                        "1":21.0,
                        "2":null
                    }
                },
                "Set 3":{
                    "I":{
                        "0":null,
                        "1":13.0,
                        "2":20.0
                    },
                    "II":{
                        "0":"3",
                        "1":14,
                        "2":21
                    },
                    "III":{
                        "0":"8",
                        "1":15,
                        "2":22
                    },
                    "IV":{
                        "0":"9",
                        "1":16,
                        "2":23
                    },
                    "V":{
                        "0":"11",
                        "1":17,
                        "2":25
                    },
                    "VI":{
                        "0":"12",
                        "1":19.0,
                        "2":null
                    }
                },
                "Set 4":{
                    "I":{
                        "0":"0",
                        "1":15,
                        "2":23
                    },
                    "II":{
                        "0":"1",
                        "1":17,
                        "2":25
                    },
                    "III":{
                        "0":"3",
                        "1":18.0,
                        "2":null
                    },
                    "IV":{
                        "0":"4",
                        "1":19.0,
                        "2":null
                    },
                    "V":{
                        "0":"9",
                        "1":21.0,
                        "2":null
                    },
                    "VI":{
                        "0":"12",
                        "1":22.0,
                        "2":null
                    }
                },
                "Set 5":{
                    "I":{
                        "0":"1"
                    },
                    "II":{
                        "0":"3"
                    },
                    "III":{
                        "0":"7"
                    },
                    "IV":{
                        "0":"8"
                    },
                    "V":{
                        "0":"14"
                    },
                    "VI":{
                        "0":"15"
                    }
                }
            },
            "Timeouts 1":{
                "Set 1":{
                    "T":{
                        "0":"20:19"
                    }
                },
                "Set 2":{
                    "T":{
                        "0":"18:16"
                    }
                },
                "Set 3":{
                    "T":{
                        "0":"1:5",
                        "1":"20:23"
                    }
                },
                "Set 4":{
                    "T":{
                        "0":"12:15",
                        "1":"16:21"
                    }
                },
                "Set 5":{
                    "T":{
                        "0":"8:10",
                        "1":"8:12"
                    }
                }
            },
            "Timeouts 2":{
                "Set 1":{
                    "T":{
                        "0":"14:18",
                        "1":"16:20"
                    }
                },
                "Set 2":{
                    "T":{
                        "0":"9:12",
                        "1":"21:22"
                    }
                },
                "Set 3":{
                    "T":{

                    }
                },
                "Set 4":{
                    "T":{
                        "0":"21:18",
                        "1":"22:21"
                    }
                },
                "Set 5":{
                    "T":{

                    }
                }
            }
        },
        "Teams":{
            "Name":{
                "Team 1":"RACING CLUB DE CANNES 2 CFC",
                "Team 2":"VOLERO LE CANNET COTE D'AZUR 2"
            },
            "Players":{
                "Team 1":{
                    "N\u00b0":{
                        "0":2,
                        "1":5,
                        "2":6,
                        "3":8,
                        "4":9,
                        "5":10,
                        "6":12,
                        "7":13,
                        "8":15,
                        "9":16,
                        "10":18
                    },
                    "Nom Pr\u00e9nom":{
                        "0":"CASALI LUDIVINE",
                        "1":"DAVIES NIAMH",
                        "2":"DIBERT LAUREL",
                        "3":"FERESIN CLARA",
                        "4":"KNOL SARAH",
                        "5":"REBUFFEL JENNIFER",
                        "6":"PESCE VALENTINE",
                        "7":"HIEULLE OTTAVIA",
                        "8":"CASTILLO VITAL ISLEN",
                        "9":"CONTI ELEONORA",
                        "10":"DUMONT FANNY"
                    },
                    "Licence":{
                        "0":1830343,
                        "1":2040583,
                        "2":2023382,
                        "3":2097434,
                        "4":2406955,
                        "5":1942564,
                        "6":1839323,
                        "7":1990488,
                        "8":2406957,
                        "9":2415401,
                        "10":1808299
                    }
                },
                "Team 2":{
                    "N\u00b0":{
                        "0":1,
                        "1":2,
                        "2":4,
                        "3":5,
                        "4":6,
                        "5":7,
                        "6":10,
                        "7":11,
                        "8":12,
                        "9":15
                    },
                    "Nom Pr\u00e9nom":{
                        "0":"AGBOLOSSOU JOYCE",
                        "1":"PSILA KARINE",
                        "2":"SCHALK MAEVA",
                        "3":"LABORDE LILI",
                        "4":"FALCON SOLENE",
                        "5":"ZEGGAGH LALIE",
                        "6":"BACHEC LILOUANN",
                        "7":"BRUN OLIVIA",
                        "8":"MASSON VIRGINIE",
                        "9":"CHMIEL KATARZYNA"
                    },
                    "Licence":{
                        "0":1862359,
                        "1":1405709,
                        "2":2003384,
                        "3":1854293,
                        "4":1886733,
                        "5":2027472,
                        "6":1892017,
                        "7":2091867,
                        "8":1405725,
                        "9":2389975
                    }
                }
            },
            "Liberos":{
                "Team 1":{
                    "N\u00b0":{
                        "0":12,
                        "1":13
                    },
                    "Nom Pr\u00e9nom":{
                        "0":"PESCE VALENTINE",
                        "1":"HIEULLE OTTAVIA"
                    },
                    "Licence":{
                        "0":1839323,
                        "1":1990488
                    }
                },
                "Team 2":{
                    "N\u00b0":{
                        "0":5,
                        "1":10
                    },
                    "Nom Pr\u00e9nom":{
                        "0":"LABORDE LILI",
                        "1":"BACHEC LILOUANN"
                    },
                    "Licence":{
                        "0":1854293,
                        "1":1892017
                    }
                }
            },
            "Officials":{
                "Team 1":{
                    "N\u00b0":{
                        "0":"EA",
                        "1":"EB"
                    },
                    "Nom Pr\u00e9nom":{
                        "0":"WINOGRAD FRANCOIS",
                        "1":"ANDREIS ALBERTO"
                    },
                    "Licence":{
                        "0":773325,
                        "1":2356819
                    }
                },
                "Team 2":{
                    "N\u00b0":{
                        "0":"EA",
                        "1":"EB"
                    },
                    "Nom Pr\u00e9nom":{
                        "0":"MINKOVA RAYNA",
                        "1":"SEBAN DELPHINE"
                    },
                    "Licence":{
                        "0":1118980,
                        "1":1654258
                    }
                }
            }
        },
        "Results":{
            "winner":"RACING CLUB DE CANNES",
            "score":"3\/2"
        },
        "Referees":{
            "NOM Pr\u00e9nom":{
                "1er":"GABRIELE JEAN-CLAUDE",
                "2\u00e8me":"RAT BENJAMIN",
                "Marqueur":"SODDU ALYSON",
                "Marq.Ass":".",
                "R.Salle":"FARRUGIA MICHELLE"
            },
            "Ligue":{
                "1er":"LIG_PAC",
                "2\u00e8me":"LIG_OCC",
                "Marqueur":"LIG_PAC",
                "Marq.Ass":null,
                "R.Salle":"LIG_PAC"
            },
            "Licence":{
                "1er":327130.0,
                "2\u00e8me":1747186.0,
                "Marqueur":1859432.0,
                "Marq.Ass":null,
                "R.Salle":1890736.0
            }
        },
        "Penalties":{

        }
    }
}