{
    "Match":{
        "Title":{
            "div_code":"2FA",
            "div_name":"NATIONALE 2 FEMININE",
            "div_pool":"POULE A",
            "match_number":"2FA112",
            "match_day":"16",
            "city":"VENELLES",
            "gym":"HALLE DES SPORTS",
            "category":"SENIOR | FEMININE",
            "ligue":"Comp\u00e9titions Nationales SENIORS",
            "date":"2020-02-23 14:00:00",
            "team_1":"PAYS D'AIX VENELLES V.B. 2",
            "team_2":"VOLLEY-BALL GRUISSAN"
        },
        "Sets":{
            "Teams":{
                "Set 1":{
                    "Name":{
                        "Team 1":"PAYS D'AIX VENELLES V.",
                        "Team 2":"VOLLEY-BALL GRUISSAN"
                    },
                    "Starting":{
                        "Team 1":"Reception",
                        "Team 2":"Service"
                    }
                },
                "Set 2":{
                    "Name":{
                        "Team 1":"PAYS D'AIX VENELLES V.",
                        "Team 2":"VOLLEY-BALL GRUISSAN"
                    },
                    "Starting":{
                        "Team 1":"Service",
                        "Team 2":"Reception"
                    }
                },
                "Set 3":{
                    "Name":{
                        "Team 1":"PAYS D'AIX VENELLES V.",
                        "Team 2":"VOLLEY-BALL GRUISSAN"
                    },
                    "Starting":{
                        "Team 1":"Reception",
                        "Team 2":"Service"
                    }
                },
                "Set 4":0,
                "Set 5":0
            },
            "Time":{
                "Set 1":{
                    "Time":{
                        "Start":"2020-02-23 13:59:00",
                        "End":"2020-02-23 14:28:00"
                    }
                },
                "Set 2":{
                    "Time":{
                        "Start":"2020-02-23 14:31:00",
                        "End":"2020-02-23 14:52:00"
                    }
                },
                "Set 3":{
                    "Time":{
                        "Start":"2020-02-23 14:57:00",
                        "End":"2020-02-23 15:24:00"
                    }
                },
                "Set 4":0,
                "Set 5":0
            },
            "Substitutions 1":{
                "Set 1":{
                    "I":{
                        "0":14
                    },
                    "II":{
                        "0":11
                    },
                    "III":{
                        "0":7
                    },
                    "IV":{
                        "0":12
                    },
                    "V":{
                        "0":2
                    },
                    "VI":{
                        "0":10
                    }
                },
                "Set 2":{
                    "I":{
                        "0":14.0,
                        "1":null,
                        "2":null
                    },
                    "II":{
                        "0":11.0,
                        "1":null,
                        "2":null
                    },
                    "III":{
                        "0":7.0,
                        "1":null,
                        "2":null
                    },
                    "IV":{
                        "0":"12",
                        "1":"6",
                        "2":"21:9"
                    },
                    "V":{
                        "0":2.0,
                        "1":null,
                        "2":null
                    },
                    "VI":{
                        "0":10.0,
                        "1":null,
                        "2":null
                    }
                },
                "Set 3":{
                    "I":{
                        "0":10
                    },
                    "II":{
                        "0":14
                    },
                    "III":{
                        "0":11
                    },
                    "IV":{
                        "0":7
                    },
                    "V":{
                        "0":6
                    },
                    "VI":{
                        "0":2
                    }
                },
                "Set 4":0,
                "Set 5":0
            },
            "Substitutions 2":{
                "Set 1":{
                    "I":{
                        "0":4.0,
                        "1":null,
                        "2":null,
                        "3":null
                    },
                    "II":{
                        "0":12.0,
                        "1":null,
                        "2":null,
                        "3":null
                    },
                    "III":{
                        "0":"14",
                        "1":"11",
                        "2":"17:19",
                        "3":"22:24"
                    },
                    "IV":{
                        "0":13.0,
                        "1":null,
                        "2":null,
                        "3":null
                    },
                    "V":{
                        "0":"7",
                        "1":"2",
                        "2":"20:23",
                        "3":null
                    },
                    "VI":{
                        "0":18.0,
                        "1":null,
                        "2":null,
                        "3":null
                    }
                },
                "Set 2":{
                    "I":{
                        "0":"4",
                        "1":"9",
                        "2":"5:12",
                        "3":"7:17"
                    },
                    "II":{
                        "0":12.0,
                        "1":null,
                        "2":null,
                        "3":null
                    },
                    "III":{
                        "0":14.0,
                        "1":null,
                        "2":null,
                        "3":null
                    },
                    "IV":{
                        "0":"13",
                        "1":"11",
                        "2":"5:12",
                        "3":"8:20"
                    },
                    "V":{
                        "0":2.0,
                        "1":null,
                        "2":null,
                        "3":null
                    },
                    "VI":{
                        "0":18.0,
                        "1":null,
                        "2":null,
                        "3":null
                    }
                },
                "Set 3":{
                    "I":{
                        "0":12.0,
                        "1":null,
                        "2":null
                    },
                    "II":{
                        "0":"9",
                        "1":"14",
                        "2":"12:16"
                    },
                    "III":{
                        "0":"2",
                        "1":"4",
                        "2":"17:22"
                    },
                    "IV":{
                        "0":"13",
                        "1":"7",
                        "2":"12:17"
                    },
                    "V":{
                        "0":18.0,
                        "1":null,
                        "2":null
                    },
                    "VI":{
                        "0":11.0,
                        "1":null,
                        "2":null
                    }
                },
                "Set 4":0,
                "Set 5":0
            },
            "Serves 1":{
                "Set 1":{
                    "I":{
                        "0":null,
                        "1":16.0,
                        "2":25.0
                    },
                    "II":{
                        "0":"2",
                        "1":17.0,
                        "2":null
                    },
                    "III":{
                        "0":"3",
                        "1":19.0,
                        "2":null
                    },
                    "IV":{
                        "0":"6",
                        "1":20.0,
                        "2":null
                    },
                    "V":{
                        "0":"13",
                        "1":23.0,
                        "2":null
                    },
                    "VI":{
                        "0":"14",
                        "1":24.0,
                        "2":null
                    }
                },
                "Set 2":{
                    "I":{
                        "0":"1",
                        "1":17
                    },
                    "II":{
                        "0":"3",
                        "1":20
                    },
                    "III":{
                        "0":"4",
                        "1":25
                    },
                    "IV":{
                        "0":"6",
                        "1":null
                    },
                    "V":{
                        "0":"12",
                        "1":null
                    },
                    "VI":{
                        "0":"13",
                        "1":null
                    }
                },
                "Set 3":{
                    "I":{
                        "0":null,
                        "1":12.0,
                        "2":21.0
                    },
                    "II":{
                        "0":"1",
                        "1":13,
                        "2":22
                    },
                    "III":{
                        "0":"2",
                        "1":15,
                        "2":25
                    },
                    "IV":{
                        "0":"5",
                        "1":17.0,
                        "2":null
                    },
                    "V":{
                        "0":"10",
                        "1":18.0,
                        "2":null
                    },
                    "VI":{
                        "0":"11",
                        "1":19.0,
                        "2":null
                    }
                },
                "Set 4":0,
                "Set 5":0
            },
            "Serves 2":{
                "Set 1":{
                    "I":{
                        "0":"0",
                        "1":13
                    },
                    "II":{
                        "0":"3",
                        "1":15
                    },
                    "III":{
                        "0":"4",
                        "1":17
                    },
                    "IV":{
                        "0":"7",
                        "1":20
                    },
                    "V":{
                        "0":"8",
                        "1":21
                    },
                    "VI":{
                        "0":"10",
                        "1":23
                    }
                },
                "Set 2":{
                    "I":{
                        "0":null,
                        "1":7.0
                    },
                    "II":{
                        "0":"1",
                        "1":8
                    },
                    "III":{
                        "0":"3",
                        "1":9
                    },
                    "IV":{
                        "0":"4",
                        "1":null
                    },
                    "V":{
                        "0":"5",
                        "1":null
                    },
                    "VI":{
                        "0":"6",
                        "1":null
                    }
                },
                "Set 3":{
                    "I":{
                        "0":"1",
                        "1":10,
                        "2":16
                    },
                    "II":{
                        "0":"4",
                        "1":11,
                        "2":17
                    },
                    "III":{
                        "0":"6",
                        "1":12.0,
                        "2":null
                    },
                    "IV":{
                        "0":"7",
                        "1":13.0,
                        "2":null
                    },
                    "V":{
                        "0":"8",
                        "1":14.0,
                        "2":null
                    },
                    "VI":{
                        "0":"9",
                        "1":15.0,
                        "2":null
                    }
                },
                "Set 4":0,
                "Set 5":0
            },
            "Timeouts 1":{
                "Set 1":{
                    "T":{
                        "0":"17:15",
                        "1":"20:20"
                    }
                },
                "Set 2":{
                    "T":{

                    }
                },
                "Set 3":{
                    "T":{
                        "0":"22:17"
                    }
                },
                "Set 4":0,
                "Set 5":0
            },
            "Timeouts 2":{
                "Set 1":{
                    "T":{
                        "0":"7:11",
                        "1":"21:24"
                    }
                },
                "Set 2":{
                    "T":{
                        "0":"7:15"
                    }
                },
                "Set 3":{
                    "T":{
                        "0":"10:13",
                        "1":"14:19"
                    }
                },
                "Set 4":0,
                "Set 5":0
            }
        },
        "Teams":{
            "Name":{
                "Team 1":"PAYS D'AIX VENELLES V.B. 2",
                "Team 2":"VOLLEY-BALL GRUISSAN"
            },
            "Players":{
                "Team 1":{
                    "N\u00b0":{
                        "0":2,
                        "1":6,
                        "2":7,
                        "3":8,
                        "4":10,
                        "5":11,
                        "6":12,
                        "7":14
                    },
                    "Nom Pr\u00e9nom":{
                        "0":"RAQUIN LOU",
                        "1":"VILLEDIEU CHIARA",
                        "2":"WOLTER ALICE",
                        "3":"MAGNANI CHLOE",
                        "4":"DROP CLARISSE",
                        "5":"ARMANDO JENIFER",
                        "6":"PYVOVAROVA ALINA",
                        "7":"DORNIC MARTINAYA"
                    },
                    "Licence":{
                        "0":1900471,
                        "1":2003754,
                        "2":1963316,
                        "3":1998364,
                        "4":1911532,
                        "5":1997001,
                        "6":1884946,
                        "7":2128747
                    }
                },
                "Team 2":{
                    "N\u00b0":{
                        "0":2,
                        "1":4,
                        "2":5,
                        "3":7,
                        "4":8,
                        "5":9,
                        "6":10,
                        "7":11,
                        "8":12,
                        "9":13,
                        "10":14,
                        "11":18
                    },
                    "Nom Pr\u00e9nom":{
                        "0":"MERLOZ ALYSSON",
                        "1":"CAZAUTE CELIA",
                        "2":"RAHEB CHARLINE",
                        "3":"CUTILLAS MANON",
                        "4":"TORALLA AIMIE",
                        "5":"LOPEZ ADELINE",
                        "6":"PETIT BONNAFOUS LOLA",
                        "7":"MERLOZ TIFFANY",
                        "8":"MALEK ALEKSANDRA",
                        "9":"TAYSSE LUCIE",
                        "10":"ROUSSEL ELOANE",
                        "11":"PRIETO FERIA PAULA"
                    },
                    "Licence":{
                        "0":1895567,
                        "1":1431819,
                        "2":1741594,
                        "3":2058805,
                        "4":2022182,
                        "5":1940953,
                        "6":2058802,
                        "7":1895569,
                        "8":2407135,
                        "9":1811729,
                        "10":2126900,
                        "11":2407134
                    }
                }
            },
            "Liberos":{
                "Team 1":{
                    "N\u00b0":{
                        "0":8
                    },
                    "Nom Pr\u00e9nom":{
                        "0":"MAGNANI CHLOE"
                    },
                    "Licence":{
                        "0":1998364
                    }
                },
                "Team 2":{
                    "N\u00b0":{
                        "0":5
                    },
                    "Nom Pr\u00e9nom":{
                        "0":"RAHEB CHARLINE"
                    },
                    "Licence":{
                        "0":1741594
                    }
                }
            },
            "Officials":{
                "Team 1":{
                    "N\u00b0":{
                        "0":"EA"
                    },
                    "Nom Pr\u00e9nom":{
                        "0":"VERNIER PATRICIA"
                    },
                    "Licence":{
                        "0":959038
                    }
                },
                "Team 2":{
                    "N\u00b0":{
                        "0":"EA",
                        "1":"EB"
                    },
                    "Nom Pr\u00e9nom":{
                        "0":"PAZ FUENTES EDUARDO",
                        "1":"MERLOZ FRANCK"
                    },
                    "Licence":{
                        "0":2137458,
                        "1":2110338
                    }
                }
            }
        },
        "Results":{
            "winner":"PAYS D'AIX VENELLES V.",
            "score":"3\/0"
        },
        "Referees":{
            "NOM Pr\u00e9nom":{
                "1er":"ASSOGBA KOKOU-GUILLAUME",
                "2\u00e8me":"MULLER THIERRY",
                "Marqueur":"LEGRAND DENISE",
                "Marq.Ass":".",
                "R.Salle":"MAZEL FABIEN"
            },
            "Ligue":{
                "1er":"LIG_ARA",
                "2\u00e8me":"LIG_PAC",
                "Marqueur":"LIG_PAC",
                "Marq.Ass":null,
                "R.Salle":"LIG_PAC"
            },
            "Licence":{
                "1er":1708894.0,
                "2\u00e8me":1838710.0,
                "Marqueur":550350.0,
                "Marq.Ass":null,
                "R.Salle":1836212.0
            }
        },
        "Penalties":{

        }
    }
}