{
    "Match":{
        "Title":{
            "div_code":"2FA",
            "div_name":"NATIONALE 2 FEMININE",
            "div_pool":"POULE A",
            "match_number":"2FA104",
            "match_day":"15",
            "city":"PUYGOUZON",
            "gym":"LA CAYRIE",
            "category":"SENIOR | FEMININE",
            "ligue":"Comp\u00e9titions Nationales SENIORS",
            "date":"2020-02-16 13:00:00",
            "team_1":"ENT. PUYGOUZON\/CASTELNAU LEVIS",
            "team_2":"US CAGNES VOLLEY-BALL"
        },
        "Sets":{
            "Teams":{
                "Set 1":{
                    "Name":{
                        "Team 1":"ENT. PUYGOUZON\/CASTELN",
                        "Team 2":"US CAGNES VOLLEY-BALL"
                    },
                    "Starting":{
                        "Team 1":"Reception",
                        "Team 2":"Service"
                    }
                },
                "Set 2":{
                    "Name":{
                        "Team 1":"ENT. PUYGOUZON\/CASTELN",
                        "Team 2":"US CAGNES VOLLEY-BALL"
                    },
                    "Starting":{
                        "Team 1":"Service",
                        "Team 2":"Reception"
                    }
                },
                "Set 3":{
                    "Name":{
                        "Team 1":"ENT. PUYGOUZON\/CASTELN",
                        "Team 2":"US CAGNES VOLLEY-BALL"
                    },
                    "Starting":{
                        "Team 1":"Reception",
                        "Team 2":"Service"
                    }
                },
                "Set 4":{
                    "Name":{
                        "Team 1":"ENT. PUYGOUZON\/CASTELN",
                        "Team 2":"US CAGNES VOLLEY-BALL"
                    },
                    "Starting":{
                        "Team 1":"Service",
                        "Team 2":"Reception"
                    }
                },
                "Set 5":{
                    "Name":{
                        "Team 1":"US CAGNES VOLLEY-BA",
                        "Team 2":"ENT. PUYGOUZON\/CAST"
                    },
                    "Starting":{
                        "Team 1":"Service",
                        "Team 2":"Reception"
                    }
                }
            },
            "Time":{
                "Set 1":{
                    "Time":{
                        "Start":"2020-02-16 13:00:00",
                        "End":"2020-02-16 13:24:00"
                    }
                },
                "Set 2":{
                    "Time":{
                        "Start":"2020-02-16 13:27:00",
                        "End":"2020-02-16 13:58:00"
                    }
                },
                "Set 3":{
                    "Time":{
                        "Start":"2020-02-16 14:01:00",
                        "End":"2020-02-16 14:26:00"
                    }
                },
                "Set 4":{
                    "Time":{
                        "Start":"2020-02-16 14:29:00",
                        "End":"2020-02-16 14:59:00"
                    }
                },
                "Set 5":{
                    "Time":{
                        "Start":"2020-02-16 15:02:00",
                        "End":"2020-02-16 15:19:00"
                    }
                }
            },
            "Substitutions 1":{
                "Set 1":{
                    "I":{
                        "0":7
                    },
                    "II":{
                        "0":1
                    },
                    "III":{
                        "0":5
                    },
                    "IV":{
                        "0":14
                    },
                    "V":{
                        "0":3
                    },
                    "VI":{
                        "0":4
                    }
                },
                "Set 2":{
                    "I":{
                        "0":1.0,
                        "1":null,
                        "2":null,
                        "3":null
                    },
                    "II":{
                        "0":5.0,
                        "1":null,
                        "2":null,
                        "3":null
                    },
                    "III":{
                        "0":14.0,
                        "1":null,
                        "2":null,
                        "3":null
                    },
                    "IV":{
                        "0":3.0,
                        "1":null,
                        "2":null,
                        "3":null
                    },
                    "V":{
                        "0":4.0,
                        "1":null,
                        "2":null,
                        "3":null
                    },
                    "VI":{
                        "0":"7",
                        "1":"8",
                        "2":"20:20",
                        "3":"21:21"
                    }
                },
                "Set 3":{
                    "I":{
                        "0":7.0,
                        "1":null,
                        "2":null
                    },
                    "II":{
                        "0":"1",
                        "1":"8",
                        "2":"8:15"
                    },
                    "III":{
                        "0":"5",
                        "1":"15",
                        "2":"8:16"
                    },
                    "IV":{
                        "0":"14",
                        "1":"6",
                        "2":"13:19"
                    },
                    "V":{
                        "0":3.0,
                        "1":null,
                        "2":null
                    },
                    "VI":{
                        "0":4.0,
                        "1":null,
                        "2":null
                    }
                },
                "Set 4":{
                    "I":{
                        "0":1.0,
                        "1":null,
                        "2":null,
                        "3":null
                    },
                    "II":{
                        "0":"5",
                        "1":"15",
                        "2":"21:21",
                        "3":null
                    },
                    "III":{
                        "0":14.0,
                        "1":null,
                        "2":null,
                        "3":null
                    },
                    "IV":{
                        "0":3.0,
                        "1":null,
                        "2":null,
                        "3":null
                    },
                    "V":{
                        "0":4.0,
                        "1":null,
                        "2":null,
                        "3":null
                    },
                    "VI":{
                        "0":"7",
                        "1":"8",
                        "2":"17:19",
                        "3":"17:20"
                    }
                },
                "Set 5":{
                    "I":{
                        "0":8
                    },
                    "II":{
                        "0":13
                    },
                    "III":{
                        "0":10
                    },
                    "IV":{
                        "0":17
                    },
                    "V":{
                        "0":3
                    },
                    "VI":{
                        "0":4
                    }
                }
            },
            "Substitutions 2":{
                "Set 1":{
                    "I":{
                        "0":13.0,
                        "1":null,
                        "2":null
                    },
                    "II":{
                        "0":10.0,
                        "1":null,
                        "2":null
                    },
                    "III":{
                        "0":7.0,
                        "1":null,
                        "2":null
                    },
                    "IV":{
                        "0":"3",
                        "1":"20",
                        "2":"12:22"
                    },
                    "V":{
                        "0":4.0,
                        "1":null,
                        "2":null
                    },
                    "VI":{
                        "0":8.0,
                        "1":null,
                        "2":null
                    }
                },
                "Set 2":{
                    "I":{
                        "0":8.0,
                        "1":null,
                        "2":null
                    },
                    "II":{
                        "0":"20",
                        "1":"13",
                        "2":"17:18"
                    },
                    "III":{
                        "0":10.0,
                        "1":null,
                        "2":null
                    },
                    "IV":{
                        "0":17.0,
                        "1":null,
                        "2":null
                    },
                    "V":{
                        "0":3.0,
                        "1":null,
                        "2":null
                    },
                    "VI":{
                        "0":4.0,
                        "1":null,
                        "2":null
                    }
                },
                "Set 3":{
                    "I":{
                        "0":8.0,
                        "1":null,
                        "2":null,
                        "3":null
                    },
                    "II":{
                        "0":13.0,
                        "1":null,
                        "2":null,
                        "3":null
                    },
                    "III":{
                        "0":10.0,
                        "1":null,
                        "2":null,
                        "3":null
                    },
                    "IV":{
                        "0":17.0,
                        "1":null,
                        "2":null,
                        "3":null
                    },
                    "V":{
                        "0":3.0,
                        "1":null,
                        "2":null,
                        "3":null
                    },
                    "VI":{
                        "0":"4",
                        "1":"20",
                        "2":"19:12",
                        "3":"19:13"
                    }
                },
                "Set 4":{
                    "I":{
                        "0":"4",
                        "1":"20",
                        "2":"20:17",
                        "3":"20:18"
                    },
                    "II":{
                        "0":8.0,
                        "1":null,
                        "2":null,
                        "3":null
                    },
                    "III":{
                        "0":13.0,
                        "1":null,
                        "2":null,
                        "3":null
                    },
                    "IV":{
                        "0":10.0,
                        "1":null,
                        "2":null,
                        "3":null
                    },
                    "V":{
                        "0":17.0,
                        "1":null,
                        "2":null,
                        "3":null
                    },
                    "VI":{
                        "0":3.0,
                        "1":null,
                        "2":null,
                        "3":null
                    }
                },
                "Set 5":{
                    "I":{
                        "0":"7",
                        "1":"8",
                        "2":"10:7",
                        "3":"11:8"
                    },
                    "II":{
                        "0":1.0,
                        "1":null,
                        "2":null,
                        "3":null
                    },
                    "III":{
                        "0":5.0,
                        "1":null,
                        "2":null,
                        "3":null
                    },
                    "IV":{
                        "0":"14",
                        "1":"15",
                        "2":"6:4",
                        "3":"6:5"
                    },
                    "V":{
                        "0":3.0,
                        "1":null,
                        "2":null,
                        "3":null
                    },
                    "VI":{
                        "0":4.0,
                        "1":null,
                        "2":null,
                        "3":null
                    }
                }
            },
            "Serves 1":{
                "Set 1":{
                    "I":{
                        "0":null,
                        "1":7.0,
                        "2":25.0
                    },
                    "II":{
                        "0":"1",
                        "1":13.0,
                        "2":null
                    },
                    "III":{
                        "0":"3",
                        "1":17.0,
                        "2":null
                    },
                    "IV":{
                        "0":"4",
                        "1":19.0,
                        "2":null
                    },
                    "V":{
                        "0":"5",
                        "1":22.0,
                        "2":null
                    },
                    "VI":{
                        "0":"6",
                        "1":24.0,
                        "2":null
                    }
                },
                "Set 2":{
                    "I":{
                        "0":"0",
                        "1":9,
                        "2":26
                    },
                    "II":{
                        "0":"1",
                        "1":11.0,
                        "2":null
                    },
                    "III":{
                        "0":"2",
                        "1":12.0,
                        "2":null
                    },
                    "IV":{
                        "0":"3",
                        "1":18.0,
                        "2":null
                    },
                    "V":{
                        "0":"5",
                        "1":19.0,
                        "2":null
                    },
                    "VI":{
                        "0":"7",
                        "1":21.0,
                        "2":null
                    }
                },
                "Set 3":{
                    "I":{
                        "0":null,
                        "1":13.0
                    },
                    "II":{
                        "0":"3",
                        "1":14
                    },
                    "III":{
                        "0":"5",
                        "1":15
                    },
                    "IV":{
                        "0":"6",
                        "1":16
                    },
                    "V":{
                        "0":"8",
                        "1":null
                    },
                    "VI":{
                        "0":"12",
                        "1":null
                    }
                },
                "Set 4":{
                    "I":{
                        "0":"2",
                        "1":12,
                        "2":20
                    },
                    "II":{
                        "0":"5",
                        "1":13,
                        "2":21
                    },
                    "III":{
                        "0":"6",
                        "1":14,
                        "2":22
                    },
                    "IV":{
                        "0":"7",
                        "1":15.0,
                        "2":null
                    },
                    "V":{
                        "0":"8",
                        "1":16.0,
                        "2":null
                    },
                    "VI":{
                        "0":"9",
                        "1":17.0,
                        "2":null
                    }
                },
                "Set 5":{
                    "I":{
                        "0":"1",
                        "1":8
                    },
                    "II":{
                        "0":"2",
                        "1":9
                    },
                    "III":{
                        "0":"4",
                        "1":null
                    },
                    "IV":{
                        "0":"5",
                        "1":null
                    },
                    "V":{
                        "0":"6",
                        "1":null
                    },
                    "VI":{
                        "0":"7",
                        "1":null
                    }
                }
            },
            "Serves 2":{
                "Set 1":{
                    "I":{
                        "0":"0",
                        "1":9
                    },
                    "II":{
                        "0":"1",
                        "1":10
                    },
                    "III":{
                        "0":"3",
                        "1":11
                    },
                    "IV":{
                        "0":"4",
                        "1":12
                    },
                    "V":{
                        "0":"5",
                        "1":14
                    },
                    "VI":{
                        "0":"7",
                        "1":15
                    }
                },
                "Set 2":{
                    "I":{
                        "0":null,
                        "1":12.0,
                        "2":24.0
                    },
                    "II":{
                        "0":"4",
                        "1":15.0,
                        "2":null
                    },
                    "III":{
                        "0":"5",
                        "1":16.0,
                        "2":null
                    },
                    "IV":{
                        "0":"9",
                        "1":17.0,
                        "2":null
                    },
                    "V":{
                        "0":"10",
                        "1":18.0,
                        "2":null
                    },
                    "VI":{
                        "0":"11",
                        "1":20.0,
                        "2":null
                    }
                },
                "Set 3":{
                    "I":{
                        "0":"3",
                        "1":21
                    },
                    "II":{
                        "0":"8",
                        "1":22
                    },
                    "III":{
                        "0":"11",
                        "1":23
                    },
                    "IV":{
                        "0":"12",
                        "1":25
                    },
                    "V":{
                        "0":"18",
                        "1":null
                    },
                    "VI":{
                        "0":"19",
                        "1":null
                    }
                },
                "Set 4":{
                    "I":{
                        "0":null,
                        "1":10.0,
                        "2":20.0
                    },
                    "II":{
                        "0":"3",
                        "1":11,
                        "2":21
                    },
                    "III":{
                        "0":"4",
                        "1":12,
                        "2":22
                    },
                    "IV":{
                        "0":"5",
                        "1":13,
                        "2":25
                    },
                    "V":{
                        "0":"6",
                        "1":18.0,
                        "2":null
                    },
                    "VI":{
                        "0":"8",
                        "1":19.0,
                        "2":null
                    }
                },
                "Set 5":{
                    "I":{
                        "0":null,
                        "1":11.0
                    },
                    "II":{
                        "0":"2",
                        "1":12
                    },
                    "III":{
                        "0":"5",
                        "1":15
                    },
                    "IV":{
                        "0":"6",
                        "1":null
                    },
                    "V":{
                        "0":"7",
                        "1":null
                    },
                    "VI":{
                        "0":"9",
                        "1":null
                    }
                }
            },
            "Timeouts 1":{
                "Set 1":{
                    "T":{

                    }
                },
                "Set 2":{
                    "T":{
                        "0":"21:21",
                        "1":"21:23"
                    }
                },
                "Set 3":{
                    "T":{
                        "0":"8:18"
                    }
                },
                "Set 4":{
                    "T":{
                        "0":"22:24"
                    }
                },
                "Set 5":{
                    "T":{
                        "0":"7:11"
                    }
                }
            },
            "Timeouts 2":{
                "Set 1":{
                    "T":{
                        "0":"9:12",
                        "1":"11:19"
                    }
                },
                "Set 2":{
                    "T":{
                        "0":"17:15",
                        "1":"24:23"
                    }
                },
                "Set 3":{
                    "T":{

                    }
                },
                "Set 4":{
                    "T":{
                        "0":"20:19"
                    }
                },
                "Set 5":{
                    "T":{
                        "0":"12:9"
                    }
                }
            }
        },
        "Teams":{
            "Name":{
                "Team 1":"ENT. PUYGOUZON\/CASTELNAU LEVIS",
                "Team 2":"US CAGNES VOLLEY-BALL"
            },
            "Players":{
                "Team 1":{
                    "N\u00b0":{
                        "0":1,
                        "1":3,
                        "2":4,
                        "3":5,
                        "4":6,
                        "5":7,
                        "6":8,
                        "7":13,
                        "8":14,
                        "9":15
                    },
                    "Nom Pr\u00e9nom":{
                        "0":"ROGER LAETITIA",
                        "1":"VALES AURIANE",
                        "2":"LAFUENTE LOLA",
                        "3":"BROGNIET NOA",
                        "4":"MONTERO LUCIE",
                        "5":"TELLIER DELPHINE",
                        "6":"SICARD SOPHIE",
                        "7":"PUECH MATHILDE",
                        "8":"FERRET MARINE",
                        "9":"CESCO EMILIE"
                    },
                    "Licence":{
                        "0":1517803,
                        "1":1915953,
                        "2":2054139,
                        "3":2048773,
                        "4":1759130,
                        "5":1643763,
                        "6":1723249,
                        "7":1694267,
                        "8":1868274,
                        "9":2413111
                    }
                },
                "Team 2":{
                    "N\u00b0":{
                        "0":3,
                        "1":4,
                        "2":6,
                        "3":7,
                        "4":8,
                        "5":9,
                        "6":10,
                        "7":13,
                        "8":17,
                        "9":20
                    },
                    "Nom Pr\u00e9nom":{
                        "0":"ROMERO SALDARRIAGA ANA",
                        "1":"LINASSIER EMELINE",
                        "2":"PETRIGNANI CECILE",
                        "3":"TAUREL FANNY",
                        "4":"GERIN LUCIE",
                        "5":"PANTALACCI ANAIS",
                        "6":"NOTOT MARTIN VICTORIA",
                        "7":"RIGOBERT LONG MARIE-NATACHA",
                        "8":"VANDENBERGHE BILITIS",
                        "9":"MARTY LULUBELLE"
                    },
                    "Licence":{
                        "0":2093589,
                        "1":1802524,
                        "2":1674253,
                        "3":1764684,
                        "4":1709664,
                        "5":1823159,
                        "6":1944561,
                        "7":1591301,
                        "8":1432856,
                        "9":1993380
                    }
                }
            },
            "Liberos":{
                "Team 1":{
                    "N\u00b0":{
                        "0":13
                    },
                    "Nom Pr\u00e9nom":{
                        "0":"PUECH MATHILDE"
                    },
                    "Licence":{
                        "0":1694267
                    }
                },
                "Team 2":{
                    "N\u00b0":{
                        "0":6
                    },
                    "Nom Pr\u00e9nom":{
                        "0":"PETRIGNANI CECILE"
                    },
                    "Licence":{
                        "0":1674253
                    }
                }
            },
            "Officials":{
                "Team 1":{
                    "N\u00b0":{
                        "0":"EA",
                        "1":"EB"
                    },
                    "Nom Pr\u00e9nom":{
                        "0":"BISCONS GAUTIER",
                        "1":"FREDE NATHALIE"
                    },
                    "Licence":{
                        "0":1344838,
                        "1":957224
                    }
                },
                "Team 2":{
                    "N\u00b0":{
                        "0":"EA",
                        "1":"EB"
                    },
                    "Nom Pr\u00e9nom":{
                        "0":"GASTAUT LAURENT",
                        "1":"GAGLIO VALENTIN"
                    },
                    "Licence":{
                        "0":93773,
                        "1":1817353
                    }
                }
            }
        },
        "Results":{
            "winner":"ENT. PUYGOUZON\/CASTELN",
            "score":"3\/2"
        },
        "Referees":{
            "NOM Pr\u00e9nom":{
                "1er":"GHENIMI NOUR'AMIR",
                "2\u00e8me":"DESSALLES CLEMENT",
                "Marqueur":"TUTIN JUSTINE",
                "Marq.Ass":".",
                "R.Salle":"BARTHELEMY RENE"
            },
            "Ligue":{
                "1er":"LIG_AQ",
                "2\u00e8me":"LIG_AQ",
                "Marqueur":"LIG_OCC",
                "Marq.Ass":null,
                "R.Salle":"LIG_OCC"
            },
            "Licence":{
                "1er":1420177.0,
                "2\u00e8me":1807479.0,
                "Marqueur":2304008.0,
                "Marq.Ass":null,
                "R.Salle":1056462.0
            }
        },
        "Penalties":{

        }
    }
}