{
    "Match":{
        "Title":{
            "div_code":"2FA",
            "div_name":"NATIONALE 2 FEMININE",
            "div_pool":"POULE A",
            "match_number":"2FA113",
            "match_day":"17",
            "city":"BEAUSOLEIL",
            "gym":"MONEGHETTI",
            "category":"SENIOR | FEMININE",
            "ligue":"Comp\u00e9titions Nationales SENIORS",
            "date":"2020-03-01 15:00:00",
            "team_1":"ASS SPORTIVE DE MONACO",
            "team_2":"VOLERO LE CANNET COTE D'AZUR 2 CFC"
        },
        "Sets":{
            "Teams":{
                "Set 1":{
                    "Name":{
                        "Team 1":"ASS SPORTIVE DE MONACO",
                        "Team 2":"VOLERO LE CANNET COTE"
                    },
                    "Starting":{
                        "Team 1":"Reception",
                        "Team 2":"Service"
                    }
                },
                "Set 2":{
                    "Name":{
                        "Team 1":"ASS SPORTIVE DE MONACO",
                        "Team 2":"VOLERO LE CANNET COTE"
                    },
                    "Starting":{
                        "Team 1":"Service",
                        "Team 2":"Reception"
                    }
                },
                "Set 3":{
                    "Name":{
                        "Team 1":"ASS SPORTIVE DE MONACO",
                        "Team 2":"VOLERO LE CANNET COTE"
                    },
                    "Starting":{
                        "Team 1":"Reception",
                        "Team 2":"Service"
                    }
                },
                "Set 4":0,
                "Set 5":0
            },
            "Time":{
                "Set 1":{
                    "Time":{
                        "Start":"2020-03-01 14:57:00",
                        "End":"2020-03-01 15:23:00"
                    }
                },
                "Set 2":{
                    "Time":{
                        "Start":"2020-03-01 15:26:00",
                        "End":"2020-03-01 15:50:00"
                    }
                },
                "Set 3":{
                    "Time":{
                        "Start":"2020-03-01 15:53:00",
                        "End":"2020-03-01 16:24:00"
                    }
                },
                "Set 4":0,
                "Set 5":0
            },
            "Substitutions 1":{
                "Set 1":{
                    "I":{
                        "0":4
                    },
                    "II":{
                        "0":8
                    },
                    "III":{
                        "0":6
                    },
                    "IV":{
                        "0":5
                    },
                    "V":{
                        "0":7
                    },
                    "VI":{
                        "0":10
                    }
                },
                "Set 2":{
                    "I":{
                        "0":8
                    },
                    "II":{
                        "0":6
                    },
                    "III":{
                        "0":5
                    },
                    "IV":{
                        "0":7
                    },
                    "V":{
                        "0":10
                    },
                    "VI":{
                        "0":4
                    }
                },
                "Set 3":{
                    "I":{
                        "0":4.0,
                        "1":null,
                        "2":null
                    },
                    "II":{
                        "0":8.0,
                        "1":null,
                        "2":null
                    },
                    "III":{
                        "0":6.0,
                        "1":null,
                        "2":null
                    },
                    "IV":{
                        "0":"5",
                        "1":"19",
                        "2":"21:20"
                    },
                    "V":{
                        "0":7.0,
                        "1":null,
                        "2":null
                    },
                    "VI":{
                        "0":10.0,
                        "1":null,
                        "2":null
                    }
                },
                "Set 4":0,
                "Set 5":0
            },
            "Substitutions 2":{
                "Set 1":{
                    "I":{
                        "0":4.0,
                        "1":null,
                        "2":null,
                        "3":null
                    },
                    "II":{
                        "0":15.0,
                        "1":null,
                        "2":null,
                        "3":null
                    },
                    "III":{
                        "0":"2",
                        "1":"11",
                        "2":"14:17",
                        "3":"16:23"
                    },
                    "IV":{
                        "0":1.0,
                        "1":null,
                        "2":null,
                        "3":null
                    },
                    "V":{
                        "0":12.0,
                        "1":null,
                        "2":null,
                        "3":null
                    },
                    "VI":{
                        "0":"7",
                        "1":"6",
                        "2":"14:17",
                        "3":"16:23"
                    }
                },
                "Set 2":{
                    "I":{
                        "0":"7",
                        "1":"6",
                        "2":"15:22"
                    },
                    "II":{
                        "0":4.0,
                        "1":null,
                        "2":null
                    },
                    "III":{
                        "0":15.0,
                        "1":null,
                        "2":null
                    },
                    "IV":{
                        "0":"2",
                        "1":"11",
                        "2":"15:22"
                    },
                    "V":{
                        "0":1.0,
                        "1":null,
                        "2":null
                    },
                    "VI":{
                        "0":12.0,
                        "1":null,
                        "2":null
                    }
                },
                "Set 3":{
                    "I":{
                        "0":"2",
                        "1":"6",
                        "2":"22:24",
                        "3":null
                    },
                    "II":{
                        "0":1.0,
                        "1":null,
                        "2":null,
                        "3":null
                    },
                    "III":{
                        "0":12.0,
                        "1":null,
                        "2":null,
                        "3":null
                    },
                    "IV":{
                        "0":"11",
                        "1":"7",
                        "2":"3:7",
                        "3":"22:24"
                    },
                    "V":{
                        "0":4.0,
                        "1":null,
                        "2":null,
                        "3":null
                    },
                    "VI":{
                        "0":15.0,
                        "1":null,
                        "2":null,
                        "3":null
                    }
                },
                "Set 4":0,
                "Set 5":0
            },
            "Serves 1":{
                "Set 1":{
                    "I":{
                        "0":null,
                        "1":9.0,
                        "2":18.0
                    },
                    "II":{
                        "0":"1",
                        "1":11,
                        "2":19
                    },
                    "III":{
                        "0":"3",
                        "1":12,
                        "2":24
                    },
                    "IV":{
                        "0":"4",
                        "1":14,
                        "2":25
                    },
                    "V":{
                        "0":"5",
                        "1":15.0,
                        "2":null
                    },
                    "VI":{
                        "0":"8",
                        "1":17.0,
                        "2":null
                    }
                },
                "Set 2":{
                    "I":{
                        "0":"1",
                        "1":12
                    },
                    "II":{
                        "0":"2",
                        "1":13
                    },
                    "III":{
                        "0":"3",
                        "1":14
                    },
                    "IV":{
                        "0":"6",
                        "1":17
                    },
                    "V":{
                        "0":"7",
                        "1":18
                    },
                    "VI":{
                        "0":"10",
                        "1":25
                    }
                },
                "Set 3":{
                    "I":{
                        "0":null,
                        "1":15.0
                    },
                    "II":{
                        "0":"2",
                        "1":18
                    },
                    "III":{
                        "0":"9",
                        "1":19
                    },
                    "IV":{
                        "0":"10",
                        "1":21
                    },
                    "V":{
                        "0":"11",
                        "1":24
                    },
                    "VI":{
                        "0":"13",
                        "1":25
                    }
                },
                "Set 4":0,
                "Set 5":0
            },
            "Serves 2":{
                "Set 1":{
                    "I":{
                        "0":"0",
                        "1":8,
                        "2":15
                    },
                    "II":{
                        "0":"1",
                        "1":9,
                        "2":16
                    },
                    "III":{
                        "0":"3",
                        "1":10,
                        "2":18
                    },
                    "IV":{
                        "0":"4",
                        "1":11.0,
                        "2":null
                    },
                    "V":{
                        "0":"5",
                        "1":13.0,
                        "2":null
                    },
                    "VI":{
                        "0":"6",
                        "1":14.0,
                        "2":null
                    }
                },
                "Set 2":{
                    "I":{
                        "0":null,
                        "1":7.0
                    },
                    "II":{
                        "0":"1",
                        "1":8
                    },
                    "III":{
                        "0":"3",
                        "1":9
                    },
                    "IV":{
                        "0":"4",
                        "1":11
                    },
                    "V":{
                        "0":"5",
                        "1":13
                    },
                    "VI":{
                        "0":"6",
                        "1":15
                    }
                },
                "Set 3":{
                    "I":{
                        "0":"0",
                        "1":17
                    },
                    "II":{
                        "0":"3",
                        "1":18
                    },
                    "III":{
                        "0":"9",
                        "1":19
                    },
                    "IV":{
                        "0":"11",
                        "1":20
                    },
                    "V":{
                        "0":"13",
                        "1":22
                    },
                    "VI":{
                        "0":"15",
                        "1":null
                    }
                },
                "Set 4":0,
                "Set 5":0
            },
            "Timeouts 1":{
                "Set 1":{
                    "T":{
                        "0":"24:18"
                    }
                },
                "Set 2":{
                    "T":{
                        "0":"18:15"
                    }
                },
                "Set 3":{
                    "T":{
                        "0":"9:6",
                        "1":"11:13"
                    }
                },
                "Set 4":0,
                "Set 5":0
            },
            "Timeouts 2":{
                "Set 1":{
                    "T":{
                        "0":"16:20",
                        "1":"16:22"
                    }
                },
                "Set 2":{
                    "T":{
                        "0":"6:10",
                        "1":"15:21"
                    }
                },
                "Set 3":{
                    "T":{
                        "0":"17:18",
                        "1":"20:23"
                    }
                },
                "Set 4":0,
                "Set 5":0
            }
        },
        "Teams":{
            "Name":{
                "Team 1":"ASS SPORTIVE DE MONACO",
                "Team 2":"VOLERO LE CANNET COTE D'AZUR 2"
            },
            "Players":{
                "Team 1":{
                    "N\u00b0":{
                        "0":1,
                        "1":2,
                        "2":4,
                        "3":5,
                        "4":6,
                        "5":7,
                        "6":8,
                        "7":10,
                        "8":12,
                        "9":14,
                        "10":19
                    },
                    "Nom Pr\u00e9nom":{
                        "0":"REBUFFEL MANON",
                        "1":"GUADDACHE WIEME",
                        "2":"BAUSSET FRANCE",
                        "3":"BACHERY HAYAT",
                        "4":"CHAMEAUX LENA",
                        "5":"DA MOURA LEAL CELIA",
                        "6":"REVEL CHION CAROLINE",
                        "7":"GIORDANO MATHILDE",
                        "8":"OVANESIAN ANAHID",
                        "9":"HAMZAOUI EVA",
                        "10":"BERTANY JULIE"
                    },
                    "Licence":{
                        "0":1777045,
                        "1":1823437,
                        "2":1556677,
                        "3":1345937,
                        "4":1778916,
                        "5":1611693,
                        "6":1463563,
                        "7":1077178,
                        "8":2238317,
                        "9":1338367,
                        "10":1796253
                    }
                },
                "Team 2":{
                    "N\u00b0":{
                        "0":1,
                        "1":2,
                        "2":4,
                        "3":5,
                        "4":6,
                        "5":7,
                        "6":10,
                        "7":11,
                        "8":12,
                        "9":15
                    },
                    "Nom Pr\u00e9nom":{
                        "0":"AGBOLOSSOU JOYCE",
                        "1":"PSILA KARINE",
                        "2":"SCHALK MA\u00c9VA",
                        "3":"LABORDE LILI",
                        "4":"FALCON SOLENE",
                        "5":"ZEGGAGH LALIE",
                        "6":"BECHEC LILOUANN",
                        "7":"BRUN OLIVIA",
                        "8":"MASSON VIRGINIE",
                        "9":"CHMIEL KATARZYNA"
                    },
                    "Licence":{
                        "0":1862359,
                        "1":1405709,
                        "2":2003384,
                        "3":1854293,
                        "4":1886733,
                        "5":2027472,
                        "6":1892017,
                        "7":2091867,
                        "8":1405725,
                        "9":2389975
                    }
                }
            },
            "Liberos":{
                "Team 1":{
                    "N\u00b0":{
                        "0":1
                    },
                    "Nom Pr\u00e9nom":{
                        "0":"REBUFFEL MANON"
                    },
                    "Licence":{
                        "0":1777045
                    }
                },
                "Team 2":{
                    "N\u00b0":{
                        "0":5,
                        "1":10
                    },
                    "Nom Pr\u00e9nom":{
                        "0":"LABORDE LILI",
                        "1":"BECHEC LILOUANN"
                    },
                    "Licence":{
                        "0":1854293,
                        "1":1892017
                    }
                }
            },
            "Officials":{
                "Team 1":{
                    "N\u00b0":{
                        "0":"EA"
                    },
                    "Nom Pr\u00e9nom":{
                        "0":"HAMZAOUI EVA"
                    },
                    "Licence":{
                        "0":1338367
                    }
                },
                "Team 2":{
                    "N\u00b0":{
                        "0":"EA",
                        "1":"SO"
                    },
                    "Nom Pr\u00e9nom":{
                        "0":"MINKOVA RAYNA",
                        "1":"SEBAN DELPHINE"
                    },
                    "Licence":{
                        "0":1118980,
                        "1":1654258
                    }
                }
            }
        },
        "Results":{
            "winner":"ASS SPORTIVE DE MONACO",
            "score":"3\/0"
        },
        "Referees":{
            "NOM Pr\u00e9nom":{
                "1er":"BLANC EMMANUEL",
                "2\u00e8me":"MAMERI FAHIM",
                "Marqueur":"TORRE PIETRO",
                "Marq.Ass":".",
                "R.Salle":"CHAMY MICHAEL"
            },
            "Ligue":{
                "1er":"LIG_PAC",
                "2\u00e8me":"LIG_PAC",
                "Marqueur":"LIG_PAC",
                "Marq.Ass":null,
                "R.Salle":"LIG_PAC"
            },
            "Licence":{
                "1er":1679179.0,
                "2\u00e8me":1900922.0,
                "Marqueur":1956542.0,
                "Marq.Ass":null,
                "R.Salle":1834840.0
            }
        },
        "Penalties":{

        }
    }
}