{
    "Match":{
        "Title":{
            "div_code":"2FA",
            "div_name":"NATIONALE 2 FEMININE",
            "div_pool":"POULE A",
            "match_number":"2FA102",
            "match_day":"15",
            "city":"MAUGUIO",
            "gym":"GYMNASE JEAN PAUL BEUGNOT",
            "category":"SENIOR | FEMININE",
            "ligue":"Comp\u00e9titions Nationales SENIORS",
            "date":"2020-02-15 20:00:00",
            "team_1":"AS.SP. V.B MAUGUIO",
            "team_2":"A.S. DE L'UNION VOLLEY-BALL"
        },
        "Sets":{
            "Teams":{
                "Set 1":{
                    "Name":{
                        "Team 1":"A.S. DE L'UNION VOLLEY",
                        "Team 2":"AS.SP. V.B MAUGUIO"
                    },
                    "Starting":{
                        "Team 1":"Reception",
                        "Team 2":"Service"
                    }
                },
                "Set 2":{
                    "Name":{
                        "Team 1":"A.S. DE L'UNION VOLLEY",
                        "Team 2":"AS.SP. V.B MAUGUIO"
                    },
                    "Starting":{
                        "Team 1":"Service",
                        "Team 2":"Reception"
                    }
                },
                "Set 3":{
                    "Name":{
                        "Team 1":"A.S. DE L'UNION VOLLEY",
                        "Team 2":"AS.SP. V.B MAUGUIO"
                    },
                    "Starting":{
                        "Team 1":"Reception",
                        "Team 2":"Service"
                    }
                },
                "Set 4":{
                    "Name":{
                        "Team 1":"A.S. DE L'UNION VOLLEY",
                        "Team 2":"AS.SP. V.B MAUGUIO"
                    },
                    "Starting":{
                        "Team 1":"Service",
                        "Team 2":"Reception"
                    }
                },
                "Set 5":0
            },
            "Time":{
                "Set 1":{
                    "Time":{
                        "Start":"2020-02-15 20:00:00",
                        "End":"2020-02-15 20:28:00"
                    }
                },
                "Set 2":{
                    "Time":{
                        "Start":"2020-02-15 20:31:00",
                        "End":"2020-02-15 20:59:00"
                    }
                },
                "Set 3":{
                    "Time":{
                        "Start":"2020-02-15 21:01:00",
                        "End":"2020-02-15 21:23:00"
                    }
                },
                "Set 4":{
                    "Time":{
                        "Start":"2020-02-15 21:26:00",
                        "End":"2020-02-15 21:58:00"
                    }
                },
                "Set 5":0
            },
            "Substitutions 1":{
                "Set 1":{
                    "I":{
                        "0":8
                    },
                    "II":{
                        "0":7
                    },
                    "III":{
                        "0":4
                    },
                    "IV":{
                        "0":6
                    },
                    "V":{
                        "0":3
                    },
                    "VI":{
                        "0":9
                    }
                },
                "Set 2":{
                    "I":{
                        "0":8
                    },
                    "II":{
                        "0":5
                    },
                    "III":{
                        "0":7
                    },
                    "IV":{
                        "0":6
                    },
                    "V":{
                        "0":3
                    },
                    "VI":{
                        "0":9
                    }
                },
                "Set 3":{
                    "I":{
                        "0":"8",
                        "1":"1",
                        "2":"5:12"
                    },
                    "II":{
                        "0":5.0,
                        "1":null,
                        "2":null
                    },
                    "III":{
                        "0":7.0,
                        "1":null,
                        "2":null
                    },
                    "IV":{
                        "0":6.0,
                        "1":null,
                        "2":null
                    },
                    "V":{
                        "0":"3",
                        "1":"11",
                        "2":"3:10"
                    },
                    "VI":{
                        "0":9.0,
                        "1":null,
                        "2":null
                    }
                },
                "Set 4":{
                    "I":{
                        "0":"1",
                        "1":"8",
                        "2":"12:17",
                        "3":null
                    },
                    "II":{
                        "0":7.0,
                        "1":null,
                        "2":null,
                        "3":null
                    },
                    "III":{
                        "0":"4",
                        "1":"5",
                        "2":"16:20",
                        "3":"23:24"
                    },
                    "IV":{
                        "0":6.0,
                        "1":null,
                        "2":null,
                        "3":null
                    },
                    "V":{
                        "0":3.0,
                        "1":null,
                        "2":null,
                        "3":null
                    },
                    "VI":{
                        "0":9.0,
                        "1":null,
                        "2":null,
                        "3":null
                    }
                },
                "Set 5":0
            },
            "Substitutions 2":{
                "Set 1":{
                    "I":{
                        "0":12.0,
                        "1":null,
                        "2":null
                    },
                    "II":{
                        "0":17.0,
                        "1":null,
                        "2":null
                    },
                    "III":{
                        "0":6.0,
                        "1":null,
                        "2":null
                    },
                    "IV":{
                        "0":10.0,
                        "1":null,
                        "2":null
                    },
                    "V":{
                        "0":"4",
                        "1":"9",
                        "2":"21:23"
                    },
                    "VI":{
                        "0":20.0,
                        "1":null,
                        "2":null
                    }
                },
                "Set 2":{
                    "I":{
                        "0":20.0,
                        "1":null,
                        "2":null,
                        "3":null
                    },
                    "II":{
                        "0":"12",
                        "1":"8",
                        "2":"10:15",
                        "3":null
                    },
                    "III":{
                        "0":"17",
                        "1":"9",
                        "2":"11:15",
                        "3":"17:24"
                    },
                    "IV":{
                        "0":6.0,
                        "1":null,
                        "2":null,
                        "3":null
                    },
                    "V":{
                        "0":10.0,
                        "1":null,
                        "2":null,
                        "3":null
                    },
                    "VI":{
                        "0":4.0,
                        "1":null,
                        "2":null,
                        "3":null
                    }
                },
                "Set 3":{
                    "I":{
                        "0":12
                    },
                    "II":{
                        "0":17
                    },
                    "III":{
                        "0":6
                    },
                    "IV":{
                        "0":10
                    },
                    "V":{
                        "0":4
                    },
                    "VI":{
                        "0":20
                    }
                },
                "Set 4":{
                    "I":{
                        "0":20.0,
                        "1":null,
                        "2":null,
                        "3":null
                    },
                    "II":{
                        "0":"12",
                        "1":"8",
                        "2":"18:12",
                        "3":"23:23"
                    },
                    "III":{
                        "0":17.0,
                        "1":null,
                        "2":null,
                        "3":null
                    },
                    "IV":{
                        "0":6.0,
                        "1":null,
                        "2":null,
                        "3":null
                    },
                    "V":{
                        "0":10.0,
                        "1":null,
                        "2":null,
                        "3":null
                    },
                    "VI":{
                        "0":"4",
                        "1":"9",
                        "2":"19:12",
                        "3":"23:21"
                    }
                },
                "Set 5":0
            },
            "Serves 1":{
                "Set 1":{
                    "I":{
                        "0":null,
                        "1":10.0
                    },
                    "II":{
                        "0":"1",
                        "1":16
                    },
                    "III":{
                        "0":"4",
                        "1":18
                    },
                    "IV":{
                        "0":"6",
                        "1":21
                    },
                    "V":{
                        "0":"7",
                        "1":22
                    },
                    "VI":{
                        "0":"8",
                        "1":23
                    }
                },
                "Set 2":{
                    "I":{
                        "0":"0",
                        "1":10,
                        "2":25
                    },
                    "II":{
                        "0":"2",
                        "1":15.0,
                        "2":null
                    },
                    "III":{
                        "0":"4",
                        "1":17.0,
                        "2":null
                    },
                    "IV":{
                        "0":"5",
                        "1":20.0,
                        "2":null
                    },
                    "V":{
                        "0":"6",
                        "1":22.0,
                        "2":null
                    },
                    "VI":{
                        "0":"9",
                        "1":24.0,
                        "2":null
                    }
                },
                "Set 3":{
                    "I":{
                        "0":null,
                        "1":7.0,
                        "2":13.0
                    },
                    "II":{
                        "0":"1",
                        "1":8.0,
                        "2":null
                    },
                    "III":{
                        "0":"2",
                        "1":9.0,
                        "2":null
                    },
                    "IV":{
                        "0":"3",
                        "1":10.0,
                        "2":null
                    },
                    "V":{
                        "0":"4",
                        "1":11.0,
                        "2":null
                    },
                    "VI":{
                        "0":"5",
                        "1":12.0,
                        "2":null
                    }
                },
                "Set 4":{
                    "I":{
                        "0":"0",
                        "1":9,
                        "2":18
                    },
                    "II":{
                        "0":"1",
                        "1":10,
                        "2":19
                    },
                    "III":{
                        "0":"3",
                        "1":11,
                        "2":23
                    },
                    "IV":{
                        "0":"4",
                        "1":12,
                        "2":24
                    },
                    "V":{
                        "0":"7",
                        "1":15,
                        "2":25
                    },
                    "VI":{
                        "0":"8",
                        "1":17.0,
                        "2":null
                    }
                },
                "Set 5":0
            },
            "Serves 2":{
                "Set 1":{
                    "I":{
                        "0":"0",
                        "1":12
                    },
                    "II":{
                        "0":"2",
                        "1":13
                    },
                    "III":{
                        "0":"6",
                        "1":14
                    },
                    "IV":{
                        "0":"7",
                        "1":20
                    },
                    "V":{
                        "0":"8",
                        "1":21
                    },
                    "VI":{
                        "0":"11",
                        "1":25
                    }
                },
                "Set 2":{
                    "I":{
                        "0":null,
                        "1":9.0,
                        "2":18.0
                    },
                    "II":{
                        "0":"3",
                        "1":10.0,
                        "2":null
                    },
                    "III":{
                        "0":"4",
                        "1":11.0,
                        "2":null
                    },
                    "IV":{
                        "0":"5",
                        "1":12.0,
                        "2":null
                    },
                    "V":{
                        "0":"6",
                        "1":15.0,
                        "2":null
                    },
                    "VI":{
                        "0":"7",
                        "1":17.0,
                        "2":null
                    }
                },
                "Set 3":{
                    "I":{
                        "0":"1",
                        "1":16,
                        "2":25
                    },
                    "II":{
                        "0":"4",
                        "1":17.0,
                        "2":null
                    },
                    "III":{
                        "0":"6",
                        "1":18.0,
                        "2":null
                    },
                    "IV":{
                        "0":"10",
                        "1":19.0,
                        "2":null
                    },
                    "V":{
                        "0":"12",
                        "1":20.0,
                        "2":null
                    },
                    "VI":{
                        "0":"13",
                        "1":24.0,
                        "2":null
                    }
                },
                "Set 4":{
                    "I":{
                        "0":null,
                        "1":13.0,
                        "2":21.0
                    },
                    "II":{
                        "0":"2",
                        "1":14,
                        "2":22
                    },
                    "III":{
                        "0":"3",
                        "1":15,
                        "2":23
                    },
                    "IV":{
                        "0":"4",
                        "1":17,
                        "2":24
                    },
                    "V":{
                        "0":"8",
                        "1":19,
                        "2":25
                    },
                    "VI":{
                        "0":"9",
                        "1":20,
                        "2":27
                    }
                },
                "Set 5":0
            },
            "Timeouts 1":{
                "Set 1":{
                    "T":{
                        "0":"21:19",
                        "1":"23:24"
                    }
                },
                "Set 2":{
                    "T":{
                        "0":"22:17"
                    }
                },
                "Set 3":{
                    "T":{

                    }
                },
                "Set 4":{
                    "T":{
                        "0":"8:13",
                        "1":"23:24"
                    }
                },
                "Set 5":0
            },
            "Timeouts 2":{
                "Set 1":{
                    "T":{
                        "0":"12:14",
                        "1":"13:18"
                    }
                },
                "Set 2":{
                    "T":{
                        "0":"10:13",
                        "1":"12:19"
                    }
                },
                "Set 3":{
                    "T":{

                    }
                },
                "Set 4":{
                    "T":{
                        "0":"19:15",
                        "1":"23:21"
                    }
                },
                "Set 5":0
            }
        },
        "Teams":{
            "Name":{
                "Team 1":"A.S. DE L'UNION VOLLEY-BALL",
                "Team 2":"AS.SP. V.B MAUGUIO"
            },
            "Players":{
                "Team 1":{
                    "N\u00b0":{
                        "0":1,
                        "1":3,
                        "2":4,
                        "3":5,
                        "4":6,
                        "5":7,
                        "6":8,
                        "7":9,
                        "8":11,
                        "9":12,
                        "10":14
                    },
                    "Nom Pr\u00e9nom":{
                        "0":"CANCEL SAMANTHA",
                        "1":"RIQUIER MORCANT BLANCHE",
                        "2":"DELPRAT NADEGE",
                        "3":"SERIEYS OCEANE",
                        "4":"COLINOT CHARLAINE",
                        "5":"CARTRON EMMA",
                        "6":"FABRE JUSTINE",
                        "7":"DUPIN ANOUK",
                        "8":"LAMIRAND MARGAUX",
                        "9":"DOU AUDREY",
                        "10":"POUMOT MARINE"
                    },
                    "Licence":{
                        "0":1765826,
                        "1":1622167,
                        "2":1622325,
                        "3":1749752,
                        "4":1843027,
                        "5":2012753,
                        "6":1951494,
                        "7":1805468,
                        "8":1722357,
                        "9":1852371,
                        "10":2039052
                    }
                },
                "Team 2":{
                    "N\u00b0":{
                        "0":4,
                        "1":6,
                        "2":8,
                        "3":9,
                        "4":10,
                        "5":12,
                        "6":15,
                        "7":17,
                        "8":20
                    },
                    "Nom Pr\u00e9nom":{
                        "0":"LONGUET LAURA",
                        "1":"ROLLAND AGATHE",
                        "2":"PASTOR CHARLOTTE",
                        "3":"KOCH MARGAUX",
                        "4":"LUSSON OPHELIE",
                        "5":"MISTRAL CAMILLE",
                        "6":"RAKOTOVAO MAEVA",
                        "7":"CHALAUX CLAUDIA",
                        "8":"DREYER LAURA"
                    },
                    "Licence":{
                        "0":1477180,
                        "1":1866824,
                        "2":1369184,
                        "3":1789629,
                        "4":1722150,
                        "5":2040132,
                        "6":1490815,
                        "7":1726281,
                        "8":1894181
                    }
                }
            },
            "Liberos":{
                "Team 1":{
                    "N\u00b0":{
                        "0":12,
                        "1":14
                    },
                    "Nom Pr\u00e9nom":{
                        "0":"DOU AUDREY",
                        "1":"POUMOT MARINE"
                    },
                    "Licence":{
                        "0":1852371,
                        "1":2039052
                    }
                },
                "Team 2":{
                    "N\u00b0":{
                        "0":15
                    },
                    "Nom Pr\u00e9nom":{
                        "0":"RAKOTOVAO MAEVA"
                    },
                    "Licence":{
                        "0":1490815
                    }
                }
            },
            "Officials":{
                "Team 1":{
                    "N\u00b0":{
                        "0":"EA"
                    },
                    "Nom Pr\u00e9nom":{
                        "0":"LAMIRAND MARGAUX"
                    },
                    "Licence":{
                        "0":1722357
                    }
                },
                "Team 2":{
                    "N\u00b0":{
                        "0":"EA",
                        "1":"EB"
                    },
                    "Nom Pr\u00e9nom":{
                        "0":"VILLERET YANN",
                        "1":"KUCK WOLFGANG"
                    },
                    "Licence":{
                        "0":1178959,
                        "1":1567037
                    }
                }
            }
        },
        "Results":{
            "winner":"AS.SP. V.B MAUGUIO",
            "score":"3\/1"
        },
        "Referees":{
            "NOM Pr\u00e9nom":{
                "1er":"MONNOT CYRILLE",
                "2\u00e8me":"KRELIFA BRAHIM",
                "Marqueur":"GRAPPIN ELODIE",
                "Marq.Ass":".",
                "R.Salle":"GRAPPIN MARIELLE"
            },
            "Ligue":{
                "1er":"LIG_ARA",
                "2\u00e8me":"LIG_OCC",
                "Marqueur":"LIG_OCC",
                "Marq.Ass":null,
                "R.Salle":"LIG_OCC"
            },
            "Licence":{
                "1er":1426024.0,
                "2\u00e8me":1379831.0,
                "Marqueur":1806643.0,
                "Marq.Ass":null,
                "R.Salle":1720491.0
            }
        },
        "Penalties":{

        }
    }
}