{
    "Match":{
        "Title":{
            "div_code":"2FA",
            "div_name":"NATIONALE 2 FEMININE",
            "div_pool":"POULE A",
            "match_number":"2FA103",
            "match_day":"15",
            "city":"ALBI",
            "gym":"COSEC",
            "category":"SENIOR | FEMININE",
            "ligue":"Comp\u00e9titions Nationales SENIORS",
            "date":"2020-02-16 15:00:00",
            "team_1":"VOLLEY-BALL ALBIGEOIS",
            "team_2":"B\u00c9ZIERS VOLLEY-BALL 2 CFC"
        },
        "Sets":{
            "Teams":{
                "Set 1":{
                    "Name":{
                        "Team 1":"VOLLEY-BALL ALBIGEOIS",
                        "Team 2":"B\u00c9ZIERS VOLLEY-BALL 2"
                    },
                    "Starting":{
                        "Team 1":"Reception",
                        "Team 2":"Service"
                    }
                },
                "Set 2":{
                    "Name":{
                        "Team 1":"VOLLEY-BALL ALBIGEOIS",
                        "Team 2":"B\u00c9ZIERS VOLLEY-BALL 2"
                    },
                    "Starting":{
                        "Team 1":"Reception",
                        "Team 2":"Service"
                    }
                },
                "Set 3":{
                    "Name":{
                        "Team 1":"VOLLEY-BALL ALBIGEOIS",
                        "Team 2":"B\u00c9ZIERS VOLLEY-BALL 2"
                    },
                    "Starting":{
                        "Team 1":"Reception",
                        "Team 2":"Service"
                    }
                },
                "Set 4":0,
                "Set 5":0
            },
            "Time":{
                "Set 1":{
                    "Time":{
                        "Start":"2020-02-16 14:56:00",
                        "End":"2020-02-16 15:21:00"
                    }
                },
                "Set 2":{
                    "Time":{
                        "Start":"2020-02-16 15:24:00",
                        "End":"2020-02-16 15:52:00"
                    }
                },
                "Set 3":{
                    "Time":{
                        "Start":"2020-02-16 15:55:00",
                        "End":"2020-02-16 16:24:00"
                    }
                },
                "Set 4":0,
                "Set 5":0
            },
            "Substitutions 1":{
                "Set 1":{
                    "I":{
                        "0":7.0,
                        "1":null,
                        "2":null
                    },
                    "II":{
                        "0":8.0,
                        "1":null,
                        "2":null
                    },
                    "III":{
                        "0":"5",
                        "1":"11",
                        "2":"15:21"
                    },
                    "IV":{
                        "0":12.0,
                        "1":null,
                        "2":null
                    },
                    "V":{
                        "0":16.0,
                        "1":null,
                        "2":null
                    },
                    "VI":{
                        "0":4.0,
                        "1":null,
                        "2":null
                    }
                },
                "Set 2":{
                    "I":{
                        "0":7.0,
                        "1":null,
                        "2":null,
                        "3":null
                    },
                    "II":{
                        "0":8.0,
                        "1":null,
                        "2":null,
                        "3":null
                    },
                    "III":{
                        "0":"11",
                        "1":"5",
                        "2":"5:12",
                        "3":"19:24"
                    },
                    "IV":{
                        "0":12.0,
                        "1":null,
                        "2":null,
                        "3":null
                    },
                    "V":{
                        "0":16.0,
                        "1":null,
                        "2":null,
                        "3":null
                    },
                    "VI":{
                        "0":4.0,
                        "1":null,
                        "2":null,
                        "3":null
                    }
                },
                "Set 3":{
                    "I":{
                        "0":7
                    },
                    "II":{
                        "0":8
                    },
                    "III":{
                        "0":5
                    },
                    "IV":{
                        "0":12
                    },
                    "V":{
                        "0":16
                    },
                    "VI":{
                        "0":4
                    }
                },
                "Set 4":0,
                "Set 5":0
            },
            "Substitutions 2":{
                "Set 1":{
                    "I":{
                        "0":4.0,
                        "1":null,
                        "2":null
                    },
                    "II":{
                        "0":8.0,
                        "1":null,
                        "2":null
                    },
                    "III":{
                        "0":"18",
                        "1":"14",
                        "2":"14:12"
                    },
                    "IV":{
                        "0":6.0,
                        "1":null,
                        "2":null
                    },
                    "V":{
                        "0":5.0,
                        "1":null,
                        "2":null
                    },
                    "VI":{
                        "0":"7",
                        "1":"3",
                        "2":"12:11"
                    }
                },
                "Set 2":{
                    "I":{
                        "0":14.0,
                        "1":null,
                        "2":null
                    },
                    "II":{
                        "0":6.0,
                        "1":null,
                        "2":null
                    },
                    "III":{
                        "0":5.0,
                        "1":null,
                        "2":null
                    },
                    "IV":{
                        "0":"3",
                        "1":"7",
                        "2":"22:18"
                    },
                    "V":{
                        "0":4.0,
                        "1":null,
                        "2":null
                    },
                    "VI":{
                        "0":8.0,
                        "1":null,
                        "2":null
                    }
                },
                "Set 3":{
                    "I":{
                        "0":4.0,
                        "1":null,
                        "2":null
                    },
                    "II":{
                        "0":8.0,
                        "1":null,
                        "2":null
                    },
                    "III":{
                        "0":"14",
                        "1":"18",
                        "2":"20:21"
                    },
                    "IV":{
                        "0":6.0,
                        "1":null,
                        "2":null
                    },
                    "V":{
                        "0":5.0,
                        "1":null,
                        "2":null
                    },
                    "VI":{
                        "0":"3",
                        "1":"7",
                        "2":"10:11"
                    }
                },
                "Set 4":0,
                "Set 5":0
            },
            "Serves 1":{
                "Set 1":{
                    "I":{
                        "0":null,
                        "1":8.0
                    },
                    "II":{
                        "0":"1",
                        "1":11
                    },
                    "III":{
                        "0":"2",
                        "1":12
                    },
                    "IV":{
                        "0":"3",
                        "1":15
                    },
                    "V":{
                        "0":"4",
                        "1":16
                    },
                    "VI":{
                        "0":"6",
                        "1":null
                    }
                },
                "Set 2":{
                    "I":{
                        "0":null,
                        "1":6.0,
                        "2":21.0
                    },
                    "II":{
                        "0":"1",
                        "1":8.0,
                        "2":null
                    },
                    "III":{
                        "0":"2",
                        "1":14.0,
                        "2":null
                    },
                    "IV":{
                        "0":"3",
                        "1":17.0,
                        "2":null
                    },
                    "V":{
                        "0":"4",
                        "1":18.0,
                        "2":null
                    },
                    "VI":{
                        "0":"5",
                        "1":19.0,
                        "2":null
                    }
                },
                "Set 3":{
                    "I":{
                        "0":null,
                        "1":11.0,
                        "2":21.0
                    },
                    "II":{
                        "0":"4",
                        "1":12,
                        "2":22
                    },
                    "III":{
                        "0":"5",
                        "1":13,
                        "2":23
                    },
                    "IV":{
                        "0":"6",
                        "1":15.0,
                        "2":null
                    },
                    "V":{
                        "0":"7",
                        "1":16.0,
                        "2":null
                    },
                    "VI":{
                        "0":"9",
                        "1":17.0,
                        "2":null
                    }
                },
                "Set 4":0,
                "Set 5":0
            },
            "Serves 2":{
                "Set 1":{
                    "I":{
                        "0":"1",
                        "1":12
                    },
                    "II":{
                        "0":"2",
                        "1":13
                    },
                    "III":{
                        "0":"4",
                        "1":15
                    },
                    "IV":{
                        "0":"5",
                        "1":24
                    },
                    "V":{
                        "0":"6",
                        "1":25
                    },
                    "VI":{
                        "0":"8",
                        "1":null
                    }
                },
                "Set 2":{
                    "I":{
                        "0":"0",
                        "1":14,
                        "2":25
                    },
                    "II":{
                        "0":"1",
                        "1":18.0,
                        "2":null
                    },
                    "III":{
                        "0":"4",
                        "1":20.0,
                        "2":null
                    },
                    "IV":{
                        "0":"6",
                        "1":21.0,
                        "2":null
                    },
                    "V":{
                        "0":"10",
                        "1":23.0,
                        "2":null
                    },
                    "VI":{
                        "0":"12",
                        "1":24.0,
                        "2":null
                    }
                },
                "Set 3":{
                    "I":{
                        "0":"0",
                        "1":13,
                        "2":23
                    },
                    "II":{
                        "0":"1",
                        "1":14,
                        "2":24
                    },
                    "III":{
                        "0":"4",
                        "1":16,
                        "2":25
                    },
                    "IV":{
                        "0":"5",
                        "1":17.0,
                        "2":null
                    },
                    "V":{
                        "0":"6",
                        "1":18.0,
                        "2":null
                    },
                    "VI":{
                        "0":"10",
                        "1":19.0,
                        "2":null
                    }
                },
                "Set 4":0,
                "Set 5":0
            },
            "Timeouts 1":{
                "Set 1":{
                    "T":{
                        "0":"8:12",
                        "1":"15:20"
                    }
                },
                "Set 2":{
                    "T":{
                        "0":"4:10",
                        "1":"18:23"
                    }
                },
                "Set 3":{
                    "T":{
                        "0":"11:13",
                        "1":"21:22"
                    }
                },
                "Set 4":0,
                "Set 5":0
            },
            "Timeouts 2":{
                "Set 1":{
                    "T":{

                    }
                },
                "Set 2":{
                    "T":{
                        "0":"18:12"
                    }
                },
                "Set 3":{
                    "T":{
                        "0":"19:21"
                    }
                },
                "Set 4":0,
                "Set 5":0
            }
        },
        "Teams":{
            "Name":{
                "Team 1":"VOLLEY-BALL ALBIGEOIS",
                "Team 2":"B\u00c9ZIERS VOLLEY-BALL 2 CFC"
            },
            "Players":{
                "Team 1":{
                    "N\u00b0":{
                        "0":4,
                        "1":5,
                        "2":7,
                        "3":8,
                        "4":11,
                        "5":12,
                        "6":16
                    },
                    "Nom Pr\u00e9nom":{
                        "0":"LECOQ STEPHANIE",
                        "1":"REY JULIE",
                        "2":"BALFET PAULINE",
                        "3":"CANCE MAELLE",
                        "4":"GENIES ANA\u00cfS",
                        "5":"LEMOUZY MAYARA",
                        "6":"ALBET MARION"
                    },
                    "Licence":{
                        "0":1715937,
                        "1":1845219,
                        "2":2189778,
                        "3":1755841,
                        "4":1955437,
                        "5":1989698,
                        "6":1944567
                    }
                },
                "Team 2":{
                    "N\u00b0":{
                        "0":3,
                        "1":4,
                        "2":5,
                        "3":6,
                        "4":7,
                        "5":8,
                        "6":14,
                        "7":16,
                        "8":18
                    },
                    "Nom Pr\u00e9nom":{
                        "0":"CHABOISSANT CALYPSO",
                        "1":"CHEIKH BOUKAL AUDREY",
                        "2":"GREATTI ZOE",
                        "3":"MARQUIE LOUISE",
                        "4":"LAFALIZE DEBORAH",
                        "5":"BRAUNSTEFFER MANON",
                        "6":"MAURANDY PAULINE",
                        "7":"ROMATI SARA",
                        "8":"LEMAN LAURIANE"
                    },
                    "Licence":{
                        "0":1592133,
                        "1":1897585,
                        "2":1943590,
                        "3":1728115,
                        "4":1941269,
                        "5":2052185,
                        "6":2142871,
                        "7":1863717,
                        "8":1922491
                    }
                }
            },
            "Liberos":{
                "Team 1":{
                    "N\u00b0":{

                    },
                    "Nom Pr\u00e9nom":{

                    },
                    "Licence":{

                    }
                },
                "Team 2":{
                    "N\u00b0":{
                        "0":16
                    },
                    "Nom Pr\u00e9nom":{
                        "0":"ROMATI SARA"
                    },
                    "Licence":{
                        "0":1863717
                    }
                }
            },
            "Officials":{
                "Team 1":{
                    "N\u00b0":{
                        "0":"EA"
                    },
                    "Nom Pr\u00e9nom":{
                        "0":"KADJO ISABELLE"
                    },
                    "Licence":{
                        "0":1103424
                    }
                },
                "Team 2":{
                    "N\u00b0":{
                        "0":"EA"
                    },
                    "Nom Pr\u00e9nom":{
                        "0":"BAINVEL ROMUALD"
                    },
                    "Licence":{
                        "0":986222
                    }
                }
            }
        },
        "Results":{
            "winner":"B\u00c9ZIERS VOLLEY-BALL 2",
            "score":"3\/0"
        },
        "Referees":{
            "NOM Pr\u00e9nom":{
                "1er":"GOZLAN STEPHANE",
                "2\u00e8me":"PECALVEL CLEMENT",
                "Marqueur":"JOLY JULIE",
                "Marq.Ass":".",
                "R.Salle":"MARTIN CLAUDE"
            },
            "Ligue":{
                "1er":"LIG_OCC",
                "2\u00e8me":"LIG_OCC",
                "Marqueur":"LIG_OCC",
                "Marq.Ass":null,
                "R.Salle":"LIG_OCC"
            },
            "Licence":{
                "1er":1061042.0,
                "2\u00e8me":1510182.0,
                "Marqueur":1958116.0,
                "Marq.Ass":null,
                "R.Salle":1877822.0
            }
        },
        "Penalties":{

        }
    }
}