{
    "Match":{
        "Title":{
            "div_code":"2ME ",
            "div_name":"NATIONALE 2 MASCULINE",
            "div_pool":"POULE E",
            "match_number":"2ME062",
            "match_day":"13",
            "city":"TOURS",
            "gym":"SALLE GRENON",
            "category":"SENIOR | MASCULIN",
            "ligue":"Comp\u00e9titions Nationales SENIORS",
            "date":"2020-03-01 16:00:00",
            "team_1":"TOURS VOLLEY-BALL 2 CFC",
            "team_2":"ST NAZAIRE VB ATLANTIQUE 2"
        },
        "Sets":{
            "Teams":{
                "Set 1":{
                    "Name":{
                        "Team 1":"ST NAZAIRE VB ATLANTIQ",
                        "Team 2":"TOURS VOLLEY-BALL 2 CF"
                    },
                    "Starting":{
                        "Team 1":"Service",
                        "Team 2":"Reception"
                    }
                },
                "Set 2":{
                    "Name":{
                        "Team 1":"ST NAZAIRE VB ATLANTIQ",
                        "Team 2":"TOURS VOLLEY-BALL 2 CF"
                    },
                    "Starting":{
                        "Team 1":"Reception",
                        "Team 2":"Service"
                    }
                },
                "Set 3":{
                    "Name":{
                        "Team 1":"ST NAZAIRE VB ATLANTIQ",
                        "Team 2":"TOURS VOLLEY-BALL 2 CF"
                    },
                    "Starting":{
                        "Team 1":"Service",
                        "Team 2":"Reception"
                    }
                },
                "Set 4":0,
                "Set 5":0
            },
            "Time":{
                "Set 1":{
                    "Time":{
                        "Start":"2020-03-01 16:00:00",
                        "End":"2020-03-01 16:26:00"
                    }
                },
                "Set 2":{
                    "Time":{
                        "Start":"2020-03-01 16:29:00",
                        "End":"2020-03-01 16:54:00"
                    }
                },
                "Set 3":{
                    "Time":{
                        "Start":"2020-03-01 16:58:00",
                        "End":"2020-03-01 17:32:00"
                    }
                },
                "Set 4":0,
                "Set 5":0
            },
            "Substitutions 1":{
                "Set 1":{
                    "I":{
                        "0":9.0,
                        "1":null,
                        "2":null
                    },
                    "II":{
                        "0":13.0,
                        "1":null,
                        "2":null
                    },
                    "III":{
                        "0":3.0,
                        "1":null,
                        "2":null
                    },
                    "IV":{
                        "0":12.0,
                        "1":null,
                        "2":null
                    },
                    "V":{
                        "0":"5",
                        "1":"7",
                        "2":"18:23"
                    },
                    "VI":{
                        "0":4.0,
                        "1":null,
                        "2":null
                    }
                },
                "Set 2":{
                    "I":{
                        "0":4.0,
                        "1":null,
                        "2":null
                    },
                    "II":{
                        "0":9.0,
                        "1":null,
                        "2":null
                    },
                    "III":{
                        "0":13.0,
                        "1":null,
                        "2":null
                    },
                    "IV":{
                        "0":3.0,
                        "1":null,
                        "2":null
                    },
                    "V":{
                        "0":12.0,
                        "1":null,
                        "2":null
                    },
                    "VI":{
                        "0":"5",
                        "1":"7",
                        "2":"19:21"
                    }
                },
                "Set 3":{
                    "I":{
                        "0":9.0,
                        "1":null,
                        "2":null,
                        "3":null
                    },
                    "II":{
                        "0":"7",
                        "1":"5",
                        "2":"22:23",
                        "3":"27:27"
                    },
                    "III":{
                        "0":3.0,
                        "1":null,
                        "2":null,
                        "3":null
                    },
                    "IV":{
                        "0":12.0,
                        "1":null,
                        "2":null,
                        "3":null
                    },
                    "V":{
                        "0":13.0,
                        "1":null,
                        "2":null,
                        "3":null
                    },
                    "VI":{
                        "0":4.0,
                        "1":null,
                        "2":null,
                        "3":null
                    }
                },
                "Set 4":0,
                "Set 5":0
            },
            "Substitutions 2":{
                "Set 1":{
                    "I":{
                        "0":"17",
                        "1":"4",
                        "2":"18:15",
                        "3":"20:16"
                    },
                    "II":{
                        "0":13.0,
                        "1":null,
                        "2":null,
                        "3":null
                    },
                    "III":{
                        "0":9.0,
                        "1":null,
                        "2":null,
                        "3":null
                    },
                    "IV":{
                        "0":"3",
                        "1":"5",
                        "2":"24:19",
                        "3":"24:20"
                    },
                    "V":{
                        "0":18.0,
                        "1":null,
                        "2":null,
                        "3":null
                    },
                    "VI":{
                        "0":"10",
                        "1":"19",
                        "2":"22:18",
                        "3":"23:19"
                    }
                },
                "Set 2":{
                    "I":{
                        "0":"17",
                        "1":"4",
                        "2":"20:16",
                        "3":"20:17"
                    },
                    "II":{
                        "0":13.0,
                        "1":null,
                        "2":null,
                        "3":null
                    },
                    "III":{
                        "0":9.0,
                        "1":null,
                        "2":null,
                        "3":null
                    },
                    "IV":{
                        "0":3.0,
                        "1":null,
                        "2":null,
                        "3":null
                    },
                    "V":{
                        "0":18.0,
                        "1":null,
                        "2":null,
                        "3":null
                    },
                    "VI":{
                        "0":"10",
                        "1":"19",
                        "2":"24:19",
                        "3":null
                    }
                },
                "Set 3":{
                    "I":{
                        "0":"17",
                        "1":"4",
                        "2":"19:20",
                        "3":"20:21"
                    },
                    "II":{
                        "0":13.0,
                        "1":null,
                        "2":null,
                        "3":null
                    },
                    "III":{
                        "0":9.0,
                        "1":null,
                        "2":null,
                        "3":null
                    },
                    "IV":{
                        "0":"3",
                        "1":"5",
                        "2":"25:25",
                        "3":"25:26"
                    },
                    "V":{
                        "0":18.0,
                        "1":null,
                        "2":null,
                        "3":null
                    },
                    "VI":{
                        "0":"10",
                        "1":"19",
                        "2":"24:24",
                        "3":"24:25"
                    }
                },
                "Set 4":0,
                "Set 5":0
            },
            "Serves 1":{
                "Set 1":{
                    "I":{
                        "0":"0",
                        "1":8,
                        "2":16
                    },
                    "II":{
                        "0":"2",
                        "1":9,
                        "2":18
                    },
                    "III":{
                        "0":"3",
                        "1":10,
                        "2":19
                    },
                    "IV":{
                        "0":"4",
                        "1":11,
                        "2":21
                    },
                    "V":{
                        "0":"6",
                        "1":14.0,
                        "2":null
                    },
                    "VI":{
                        "0":"7",
                        "1":15.0,
                        "2":null
                    }
                },
                "Set 2":{
                    "I":{
                        "0":null,
                        "1":8.0,
                        "2":16.0
                    },
                    "II":{
                        "0":"1",
                        "1":9,
                        "2":18
                    },
                    "III":{
                        "0":"3",
                        "1":10,
                        "2":19
                    },
                    "IV":{
                        "0":"4",
                        "1":11.0,
                        "2":null
                    },
                    "V":{
                        "0":"5",
                        "1":12.0,
                        "2":null
                    },
                    "VI":{
                        "0":"7",
                        "1":13.0,
                        "2":null
                    }
                },
                "Set 3":{
                    "I":{
                        "0":"0",
                        "1":8,
                        "2":21
                    },
                    "II":{
                        "0":"1",
                        "1":10,
                        "2":24
                    },
                    "III":{
                        "0":"3",
                        "1":11,
                        "2":25
                    },
                    "IV":{
                        "0":"4",
                        "1":15,
                        "2":26
                    },
                    "V":{
                        "0":"6",
                        "1":18,
                        "2":27
                    },
                    "VI":{
                        "0":"7",
                        "1":20.0,
                        "2":null
                    }
                },
                "Set 4":0,
                "Set 5":0
            },
            "Serves 2":{
                "Set 1":{
                    "I":{
                        "0":null,
                        "1":9.0,
                        "2":20.0
                    },
                    "II":{
                        "0":"2",
                        "1":10,
                        "2":21
                    },
                    "III":{
                        "0":"5",
                        "1":11,
                        "2":23
                    },
                    "IV":{
                        "0":"6",
                        "1":13,
                        "2":24
                    },
                    "V":{
                        "0":"7",
                        "1":15,
                        "2":25
                    },
                    "VI":{
                        "0":"8",
                        "1":17.0,
                        "2":null
                    }
                },
                "Set 2":{
                    "I":{
                        "0":"1",
                        "1":11,
                        "2":20
                    },
                    "II":{
                        "0":"2",
                        "1":14,
                        "2":21
                    },
                    "III":{
                        "0":"3",
                        "1":16,
                        "2":25
                    },
                    "IV":{
                        "0":"4",
                        "1":17.0,
                        "2":null
                    },
                    "V":{
                        "0":"7",
                        "1":18.0,
                        "2":null
                    },
                    "VI":{
                        "0":"8",
                        "1":19.0,
                        "2":null
                    }
                },
                "Set 3":{
                    "I":{
                        "0":null,
                        "1":13.0,
                        "2":20.0
                    },
                    "II":{
                        "0":"2",
                        "1":14,
                        "2":23
                    },
                    "III":{
                        "0":"7",
                        "1":15,
                        "2":24
                    },
                    "IV":{
                        "0":"9",
                        "1":16,
                        "2":25
                    },
                    "V":{
                        "0":"10",
                        "1":17,
                        "2":27
                    },
                    "VI":{
                        "0":"11",
                        "1":18,
                        "2":29
                    }
                },
                "Set 4":0,
                "Set 5":0
            },
            "Timeouts 1":{
                "Set 1":{
                    "T":{
                        "0":"15:20"
                    }
                },
                "Set 2":{
                    "T":{

                    }
                },
                "Set 3":{
                    "T":{
                        "0":"21:22",
                        "1":"24:24"
                    }
                },
                "Set 4":0,
                "Set 5":0
            },
            "Timeouts 2":{
                "Set 1":{
                    "T":{

                    }
                },
                "Set 2":{
                    "T":{
                        "0":"19:16"
                    }
                },
                "Set 3":{
                    "T":{
                        "0":"16:14",
                        "1":"17:18"
                    }
                },
                "Set 4":0,
                "Set 5":0
            }
        },
        "Teams":{
            "Name":{
                "Team 1":"TOURS VOLLEY-BALL 2 CFC",
                "Team 2":"ST NAZAIRE VB ATLANTIQUE 2"
            },
            "Players":{
                "Team 1":{
                    "N\u00b0":{
                        "0":1,
                        "1":3,
                        "2":4,
                        "3":5,
                        "4":9,
                        "5":10,
                        "6":11,
                        "7":13,
                        "8":15,
                        "9":17,
                        "10":18,
                        "11":19
                    },
                    "Nom Pr\u00e9nom":{
                        "0":"BOELL YVES-ALEXANDRE",
                        "1":"BARRY DAMIEN",
                        "2":"LOUPIAS MATHIAS",
                        "3":"ROCHET ANTONIN",
                        "4":"ALLETRU MAXIME",
                        "5":"TOTELE ROMAIN",
                        "6":"SANCHEZ GWENDAL",
                        "7":"GIRAULT ANTOINE",
                        "8":"LEMEUR TANGUY",
                        "9":"NICOLE PAUL",
                        "10":"GUERIN AUGUSTIN",
                        "11":"VILLEMAINE PIERRE"
                    },
                    "Licence":{
                        "0":1991992,
                        "1":1864726,
                        "2":1893920,
                        "3":1880691,
                        "4":1870361,
                        "5":1984405,
                        "6":2199043,
                        "7":1891357,
                        "8":1997196,
                        "9":1829158,
                        "10":1943917,
                        "11":1444217
                    }
                },
                "Team 2":{
                    "N\u00b0":{
                        "0":3,
                        "1":4,
                        "2":5,
                        "3":7,
                        "4":9,
                        "5":12,
                        "6":13,
                        "7":16
                    },
                    "Nom Pr\u00e9nom":{
                        "0":"DERRAY MATTHIEU",
                        "1":"TUAL KAELIG",
                        "2":"BOUTRY RAPHAEL",
                        "3":"TUAL ROMAIN",
                        "4":"HAMON FRANCOIS",
                        "5":"BRANCH CAMERON",
                        "6":"GUYOMAR LOICK",
                        "7":"DUPOUY JOHS"
                    },
                    "Licence":{
                        "0":1578456,
                        "1":2092585,
                        "2":1208029,
                        "3":1149681,
                        "4":1234261,
                        "5":2434377,
                        "6":1867044,
                        "7":1584030
                    }
                }
            },
            "Liberos":{
                "Team 1":{
                    "N\u00b0":{
                        "0":15
                    },
                    "Nom Pr\u00e9nom":{
                        "0":"LEMEUR TANGUY"
                    },
                    "Licence":{
                        "0":1997196
                    }
                },
                "Team 2":{
                    "N\u00b0":{
                        "0":16
                    },
                    "Nom Pr\u00e9nom":{
                        "0":"DUPOUY JOHS"
                    },
                    "Licence":{
                        "0":1584030
                    }
                }
            },
            "Officials":{
                "Team 1":{
                    "N\u00b0":{
                        "0":"EA"
                    },
                    "Nom Pr\u00e9nom":{
                        "0":"ROYER THOMAS"
                    },
                    "Licence":{
                        "0":1093311
                    }
                },
                "Team 2":{
                    "N\u00b0":{
                        "0":"EA"
                    },
                    "Nom Pr\u00e9nom":{
                        "0":"TUAL ROMAIN"
                    },
                    "Licence":{
                        "0":1149681
                    }
                }
            }
        },
        "Results":{
            "winner":"TOURS VOLLEY-BALL 2 CF",
            "score":"3\/0"
        },
        "Referees":{
            "NOM Pr\u00e9nom":{
                "1er":"MINGORANCE AMSETOU-MBEYOUMOUN",
                "2\u00e8me":"THOMAS PATRICE",
                "Marqueur":"ROCHAIS BRUNO",
                "Marq.Ass":".",
                "R.Salle":"MATALLAH ALI"
            },
            "Ligue":{
                "1er":"LIG_AQ",
                "2\u00e8me":"LIG_CE",
                "Marqueur":"LIG_CE",
                "Marq.Ass":null,
                "R.Salle":"LIG_CE"
            },
            "Licence":{
                "1er":1757868.0,
                "2\u00e8me":865808.0,
                "Marqueur":2242796.0,
                "Marq.Ass":null,
                "R.Salle":2186839.0
            }
        },
        "Penalties":{

        }
    }
}