{
    "Match":{
        "Title":{
            "div_code":"2ME ",
            "div_name":"NATIONALE 2 MASCULINE",
            "div_pool":"POULE E",
            "match_number":"2ME012",
            "match_day":"03",
            "city":"PARIS",
            "gym":"CHARPY",
            "category":"SENIOR | MASCULIN",
            "ligue":"Comp\u00e9titions Nationales SENIORS",
            "date":"2019-10-27 15:00:00",
            "team_1":"PUC VOLLEY-BALL 2",
            "team_2":"AS. SP DE SARTROUVILLE"
        },
        "Sets":{
            "Teams":{
                "Set 1":{
                    "Name":{
                        "Team 1":"AS. SP DE SARTROUVILLE",
                        "Team 2":"PUC VOLLEY-BALL 2"
                    },
                    "Starting":{
                        "Team 1":"Service",
                        "Team 2":"Reception"
                    }
                },
                "Set 2":{
                    "Name":{
                        "Team 1":"AS. SP DE SARTROUVILLE",
                        "Team 2":"PUC VOLLEY-BALL 2"
                    },
                    "Starting":{
                        "Team 1":"Reception",
                        "Team 2":"Service"
                    }
                },
                "Set 3":{
                    "Name":{
                        "Team 1":"AS. SP DE SARTROUVILLE",
                        "Team 2":"PUC VOLLEY-BALL 2"
                    },
                    "Starting":{
                        "Team 1":"Service",
                        "Team 2":"Reception"
                    }
                },
                "Set 4":{
                    "Name":{
                        "Team 1":"AS. SP DE SARTROUVILLE",
                        "Team 2":"PUC VOLLEY-BALL 2"
                    },
                    "Starting":{
                        "Team 1":"Reception",
                        "Team 2":"Service"
                    }
                },
                "Set 5":0
            },
            "Time":{
                "Set 1":{
                    "Time":{
                        "Start":"2019-10-27 14:58:00",
                        "End":"2019-10-27 15:24:00"
                    }
                },
                "Set 2":{
                    "Time":{
                        "Start":"2019-10-27 15:27:00",
                        "End":"2019-10-27 15:55:00"
                    }
                },
                "Set 3":{
                    "Time":{
                        "Start":"2019-10-27 15:58:00",
                        "End":"2019-10-27 16:25:00"
                    }
                },
                "Set 4":{
                    "Time":{
                        "Start":"2019-10-27 16:28:00",
                        "End":"2019-10-27 16:56:00"
                    }
                },
                "Set 5":0
            },
            "Substitutions 1":{
                "Set 1":{
                    "I":{
                        "0":14
                    },
                    "II":{
                        "0":5
                    },
                    "III":{
                        "0":3
                    },
                    "IV":{
                        "0":2
                    },
                    "V":{
                        "0":11
                    },
                    "VI":{
                        "0":8
                    }
                },
                "Set 2":{
                    "I":{
                        "0":14
                    },
                    "II":{
                        "0":5
                    },
                    "III":{
                        "0":3
                    },
                    "IV":{
                        "0":2
                    },
                    "V":{
                        "0":11
                    },
                    "VI":{
                        "0":8
                    }
                },
                "Set 3":{
                    "I":{
                        "0":14.0,
                        "1":null,
                        "2":null,
                        "3":null
                    },
                    "II":{
                        "0":5.0,
                        "1":null,
                        "2":null,
                        "3":null
                    },
                    "III":{
                        "0":"3",
                        "1":"7",
                        "2":"16:18",
                        "3":"16:19"
                    },
                    "IV":{
                        "0":"2",
                        "1":"15",
                        "2":"17:19",
                        "3":"17:20"
                    },
                    "V":{
                        "0":11.0,
                        "1":null,
                        "2":null,
                        "3":null
                    },
                    "VI":{
                        "0":8.0,
                        "1":null,
                        "2":null,
                        "3":null
                    }
                },
                "Set 4":{
                    "I":{
                        "0":14
                    },
                    "II":{
                        "0":5
                    },
                    "III":{
                        "0":3
                    },
                    "IV":{
                        "0":2
                    },
                    "V":{
                        "0":11
                    },
                    "VI":{
                        "0":8
                    }
                },
                "Set 5":0
            },
            "Substitutions 2":{
                "Set 1":{
                    "I":{
                        "0":16.0,
                        "1":null,
                        "2":null,
                        "3":null
                    },
                    "II":{
                        "0":10.0,
                        "1":null,
                        "2":null,
                        "3":null
                    },
                    "III":{
                        "0":"14",
                        "1":"3",
                        "2":"16:12",
                        "3":"16:13"
                    },
                    "IV":{
                        "0":4.0,
                        "1":null,
                        "2":null,
                        "3":null
                    },
                    "V":{
                        "0":5.0,
                        "1":null,
                        "2":null,
                        "3":null
                    },
                    "VI":{
                        "0":"9",
                        "1":"17",
                        "2":"20:16",
                        "3":"24:16"
                    }
                },
                "Set 2":{
                    "I":{
                        "0":16.0,
                        "1":null,
                        "2":null,
                        "3":null
                    },
                    "II":{
                        "0":10.0,
                        "1":null,
                        "2":null,
                        "3":null
                    },
                    "III":{
                        "0":"14",
                        "1":"17",
                        "2":"17:21",
                        "3":"17:22"
                    },
                    "IV":{
                        "0":4.0,
                        "1":null,
                        "2":null,
                        "3":null
                    },
                    "V":{
                        "0":5.0,
                        "1":null,
                        "2":null,
                        "3":null
                    },
                    "VI":{
                        "0":"9",
                        "1":"3",
                        "2":"14:15",
                        "3":"14:16"
                    }
                },
                "Set 3":{
                    "I":{
                        "0":16.0,
                        "1":null,
                        "2":null,
                        "3":null
                    },
                    "II":{
                        "0":10.0,
                        "1":null,
                        "2":null,
                        "3":null
                    },
                    "III":{
                        "0":"14",
                        "1":"17",
                        "2":"17:15",
                        "3":"18:16"
                    },
                    "IV":{
                        "0":4.0,
                        "1":null,
                        "2":null,
                        "3":null
                    },
                    "V":{
                        "0":5.0,
                        "1":null,
                        "2":null,
                        "3":null
                    },
                    "VI":{
                        "0":"9",
                        "1":"3",
                        "2":"23:18",
                        "3":"23:19"
                    }
                },
                "Set 4":{
                    "I":{
                        "0":16.0,
                        "1":null,
                        "2":null,
                        "3":null
                    },
                    "II":{
                        "0":10.0,
                        "1":null,
                        "2":null,
                        "3":null
                    },
                    "III":{
                        "0":14.0,
                        "1":null,
                        "2":null,
                        "3":null
                    },
                    "IV":{
                        "0":4.0,
                        "1":null,
                        "2":null,
                        "3":null
                    },
                    "V":{
                        "0":"5",
                        "1":"3",
                        "2":"22:15",
                        "3":null
                    },
                    "VI":{
                        "0":"9",
                        "1":"17",
                        "2":"18:15",
                        "3":"23:16"
                    }
                },
                "Set 5":0
            },
            "Serves 1":{
                "Set 1":{
                    "I":{
                        "0":"1",
                        "1":11
                    },
                    "II":{
                        "0":"4",
                        "1":12
                    },
                    "III":{
                        "0":"6",
                        "1":14
                    },
                    "IV":{
                        "0":"7",
                        "1":15
                    },
                    "V":{
                        "0":"9",
                        "1":16
                    },
                    "VI":{
                        "0":"10",
                        "1":17
                    }
                },
                "Set 2":{
                    "I":{
                        "0":null,
                        "1":8.0,
                        "2":16.0
                    },
                    "II":{
                        "0":"1",
                        "1":9,
                        "2":20
                    },
                    "III":{
                        "0":"2",
                        "1":11,
                        "2":21
                    },
                    "IV":{
                        "0":"4",
                        "1":12,
                        "2":23
                    },
                    "V":{
                        "0":"5",
                        "1":14,
                        "2":24
                    },
                    "VI":{
                        "0":"6",
                        "1":15,
                        "2":25
                    }
                },
                "Set 3":{
                    "I":{
                        "0":"0",
                        "1":6,
                        "2":14
                    },
                    "II":{
                        "0":"1",
                        "1":7,
                        "2":15
                    },
                    "III":{
                        "0":"2",
                        "1":8,
                        "2":16
                    },
                    "IV":{
                        "0":"3",
                        "1":10,
                        "2":17
                    },
                    "V":{
                        "0":"4",
                        "1":11,
                        "2":18
                    },
                    "VI":{
                        "0":"5",
                        "1":12,
                        "2":19
                    }
                },
                "Set 4":{
                    "I":{
                        "0":null,
                        "1":8.0,
                        "2":19.0
                    },
                    "II":{
                        "0":"1",
                        "1":10,
                        "2":20
                    },
                    "III":{
                        "0":"3",
                        "1":12.0,
                        "2":null
                    },
                    "IV":{
                        "0":"4",
                        "1":13.0,
                        "2":null
                    },
                    "V":{
                        "0":"6",
                        "1":14.0,
                        "2":null
                    },
                    "VI":{
                        "0":"7",
                        "1":15.0,
                        "2":null
                    }
                },
                "Set 5":0
            },
            "Serves 2":{
                "Set 1":{
                    "I":{
                        "0":null,
                        "1":14.0,
                        "2":25.0
                    },
                    "II":{
                        "0":"7",
                        "1":15.0,
                        "2":null
                    },
                    "III":{
                        "0":"9",
                        "1":16.0,
                        "2":null
                    },
                    "IV":{
                        "0":"11",
                        "1":17.0,
                        "2":null
                    },
                    "V":{
                        "0":"12",
                        "1":19.0,
                        "2":null
                    },
                    "VI":{
                        "0":"13",
                        "1":24.0,
                        "2":null
                    }
                },
                "Set 2":{
                    "I":{
                        "0":"0",
                        "1":6,
                        "2":15
                    },
                    "II":{
                        "0":"1",
                        "1":7,
                        "2":16
                    },
                    "III":{
                        "0":"2",
                        "1":9,
                        "2":17
                    },
                    "IV":{
                        "0":"3",
                        "1":12,
                        "2":20
                    },
                    "V":{
                        "0":"4",
                        "1":13,
                        "2":21
                    },
                    "VI":{
                        "0":"5",
                        "1":14.0,
                        "2":null
                    }
                },
                "Set 3":{
                    "I":{
                        "0":null,
                        "1":7.0,
                        "2":15.0,
                        "3":25.0
                    },
                    "II":{
                        "0":"2",
                        "1":8.0,
                        "2":16.0,
                        "3":null
                    },
                    "III":{
                        "0":"3",
                        "1":9.0,
                        "2":18.0,
                        "3":null
                    },
                    "IV":{
                        "0":"4",
                        "1":11.0,
                        "2":19.0,
                        "3":null
                    },
                    "V":{
                        "0":"5",
                        "1":12.0,
                        "2":22.0,
                        "3":null
                    },
                    "VI":{
                        "0":"6",
                        "1":13.0,
                        "2":23.0,
                        "3":null
                    }
                },
                "Set 4":{
                    "I":{
                        "0":"0",
                        "1":9,
                        "2":24
                    },
                    "II":{
                        "0":"1",
                        "1":12,
                        "2":25
                    },
                    "III":{
                        "0":"2",
                        "1":15.0,
                        "2":null
                    },
                    "IV":{
                        "0":"4",
                        "1":16.0,
                        "2":null
                    },
                    "V":{
                        "0":"5",
                        "1":17.0,
                        "2":null
                    },
                    "VI":{
                        "0":"6",
                        "1":23.0,
                        "2":null
                    }
                },
                "Set 5":0
            },
            "Timeouts 1":{
                "Set 1":{
                    "T":{
                        "0":"1:5",
                        "1":"16:21"
                    }
                },
                "Set 2":{
                    "T":{
                        "0":"23:19"
                    }
                },
                "Set 3":{
                    "T":{
                        "0":"15:18",
                        "1":"17:21"
                    }
                },
                "Set 4":{
                    "T":{
                        "0":"12:14",
                        "1":"15:19"
                    }
                },
                "Set 5":0
            },
            "Timeouts 2":{
                "Set 1":{
                    "T":{

                    }
                },
                "Set 2":{
                    "T":{
                        "0":"7:11",
                        "1":"15:19"
                    }
                },
                "Set 3":{
                    "T":{

                    }
                },
                "Set 4":{
                    "T":{
                        "0":"23:19"
                    }
                },
                "Set 5":0
            }
        },
        "Teams":{
            "Name":{
                "Team 1":"PUC VOLLEY-BALL 2",
                "Team 2":"AS. SP DE SARTROUVILLE"
            },
            "Players":{
                "Team 1":{
                    "N\u00b0":{
                        "0":2,
                        "1":3,
                        "2":4,
                        "3":5,
                        "4":7,
                        "5":9,
                        "6":10,
                        "7":13,
                        "8":14,
                        "9":16,
                        "10":17
                    },
                    "Nom Pr\u00e9nom":{
                        "0":"GARNON THEO",
                        "1":"TOURE BASIROU",
                        "2":"SOUMARE ADBOULAYE",
                        "3":"HUETZ FRANCOIS",
                        "4":"AKIF ERTAN",
                        "5":"TOURE IBRAHIM",
                        "6":"PODA DANY",
                        "7":"SAKANOKO LOUIS",
                        "8":"NAMBOUE ETHAN",
                        "9":"NERAUDAU ROBIN",
                        "10":"VALLIER EMILE"
                    },
                    "Licence":{
                        "0":1861677,
                        "1":1894484,
                        "2":1946534,
                        "3":1818588,
                        "4":2098189,
                        "5":2246302,
                        "6":1865781,
                        "7":1957177,
                        "8":2311107,
                        "9":1706715,
                        "10":2139965
                    }
                },
                "Team 2":{
                    "N\u00b0":{
                        "0":2,
                        "1":3,
                        "2":5,
                        "3":7,
                        "4":8,
                        "5":11,
                        "6":13,
                        "7":14,
                        "8":15
                    },
                    "Nom Pr\u00e9nom":{
                        "0":"SAINT CYR ULRICH",
                        "1":"KHAOUIS MASSYL",
                        "2":"RUFFE JEAN FRANCOIS",
                        "3":"BEAUCHAMP MATHIS",
                        "4":"BERNARD NICOLAS",
                        "5":"HADROUG LARBI",
                        "6":"CHEUNG MAXIME",
                        "7":"BASSET MATHIEU",
                        "8":"DELLI ZOTTI ALAN"
                    },
                    "Licence":{
                        "0":2244429,
                        "1":2015283,
                        "2":1916966,
                        "3":1805120,
                        "4":1807744,
                        "5":2303401,
                        "6":1827607,
                        "7":1835310,
                        "8":1432662
                    }
                }
            },
            "Liberos":{
                "Team 1":{
                    "N\u00b0":{
                        "0":2,
                        "1":7
                    },
                    "Nom Pr\u00e9nom":{
                        "0":"GARNON THEO",
                        "1":"AKIF ERTAN"
                    },
                    "Licence":{
                        "0":1861677,
                        "1":2098189
                    }
                },
                "Team 2":{
                    "N\u00b0":{
                        "0":13
                    },
                    "Nom Pr\u00e9nom":{
                        "0":"CHEUNG MAXIME"
                    },
                    "Licence":{
                        "0":1827607
                    }
                }
            },
            "Officials":{
                "Team 1":{
                    "N\u00b0":{
                        "0":"EA"
                    },
                    "Nom Pr\u00e9nom":{
                        "0":"DANIEL JULIEN"
                    },
                    "Licence":{
                        "0":1046996
                    }
                },
                "Team 2":{
                    "N\u00b0":{
                        "0":"EA"
                    },
                    "Nom Pr\u00e9nom":{
                        "0":"ROGHE CLAUDE"
                    },
                    "Licence":{
                        "0":1795428
                    }
                }
            }
        },
        "Results":{
            "winner":"PUC VOLLEY-BALL 2",
            "score":"3\/1"
        },
        "Referees":{
            "NOM Pr\u00e9nom":{
                "1er":"FERNANDES LUCY",
                "2\u00e8me":"DE CASTRO MIGUEL",
                "Marqueur":"BERARD MAURINE",
                "Marq.Ass":".",
                "nan":null
            },
            "Ligue":{
                "1er":"LIG_IF",
                "2\u00e8me":"LIG_IF",
                "Marqueur":"LIG_IF",
                "Marq.Ass":null,
                "nan":"Juges"
            },
            "Licence":{
                "1er":1723920.0,
                "2\u00e8me":1878952.0,
                "Marqueur":2005626.0,
                "Marq.Ass":null,
                "nan":null
            }
        },
        "Penalties":{

        }
    }
}