{
    "Match":{
        "Title":{
            "div_code":"2ME ",
            "div_name":"NATIONALE 2 MASCULINE",
            "div_pool":"POULE E",
            "match_number":"2ME054",
            "match_day":"11",
            "city":"LE PLESSIS-ROBINSON",
            "gym":"OMNISPORTS",
            "category":"SENIOR | MASCULIN",
            "ligue":"Comp\u00e9titions Nationales SENIORS",
            "date":"2020-02-02 16:00:00",
            "team_1":"PLESSIS-ROBINSON VOLLEY-BALL 2",
            "team_2":"AS. SP DE SARTROUVILLE"
        },
        "Sets":{
            "Teams":{
                "Set 1":{
                    "Name":{
                        "Team 1":"AS. SP DE SARTROUVILLE",
                        "Team 2":"PLESSIS-ROBINSON VOLLE"
                    },
                    "Starting":{
                        "Team 1":"Reception",
                        "Team 2":"Service"
                    }
                },
                "Set 2":{
                    "Name":{
                        "Team 1":"AS. SP DE SARTROUVILLE",
                        "Team 2":"PLESSIS-ROBINSON VOLLE"
                    },
                    "Starting":{
                        "Team 1":"Service",
                        "Team 2":"Reception"
                    }
                },
                "Set 3":{
                    "Name":{
                        "Team 1":"AS. SP DE SARTROUVILLE",
                        "Team 2":"PLESSIS-ROBINSON VOLLE"
                    },
                    "Starting":{
                        "Team 1":"Reception",
                        "Team 2":"Service"
                    }
                },
                "Set 4":0,
                "Set 5":0
            },
            "Time":{
                "Set 1":{
                    "Time":{
                        "Start":"2020-02-02 17:09:00",
                        "End":"2020-02-02 17:36:00"
                    }
                },
                "Set 2":{
                    "Time":{
                        "Start":"2020-02-02 17:39:00",
                        "End":"2020-02-02 17:59:00"
                    }
                },
                "Set 3":{
                    "Time":{
                        "Start":"2020-02-02 18:02:00",
                        "End":"2020-02-02 18:24:00"
                    }
                },
                "Set 4":0,
                "Set 5":0
            },
            "Substitutions 1":{
                "Set 1":{
                    "I":{
                        "0":"14",
                        "1":"3",
                        "2":"14:17",
                        "3":"18:20"
                    },
                    "II":{
                        "0":11.0,
                        "1":null,
                        "2":null,
                        "3":null
                    },
                    "III":{
                        "0":9.0,
                        "1":null,
                        "2":null,
                        "3":null
                    },
                    "IV":{
                        "0":"5",
                        "1":"15",
                        "2":"14:18",
                        "3":"18:20"
                    },
                    "V":{
                        "0":7.0,
                        "1":null,
                        "2":null,
                        "3":null
                    },
                    "VI":{
                        "0":8.0,
                        "1":null,
                        "2":null,
                        "3":null
                    }
                },
                "Set 2":{
                    "I":{
                        "0":"14",
                        "1":"15",
                        "2":"4:13"
                    },
                    "II":{
                        "0":11.0,
                        "1":null,
                        "2":null
                    },
                    "III":{
                        "0":9.0,
                        "1":null,
                        "2":null
                    },
                    "IV":{
                        "0":5.0,
                        "1":null,
                        "2":null
                    },
                    "V":{
                        "0":7.0,
                        "1":null,
                        "2":null
                    },
                    "VI":{
                        "0":8.0,
                        "1":null,
                        "2":null
                    }
                },
                "Set 3":{
                    "I":{
                        "0":15
                    },
                    "II":{
                        "0":8
                    },
                    "III":{
                        "0":3
                    },
                    "IV":{
                        "0":11
                    },
                    "V":{
                        "0":5
                    },
                    "VI":{
                        "0":9
                    }
                },
                "Set 4":0,
                "Set 5":0
            },
            "Substitutions 2":{
                "Set 1":{
                    "I":{
                        "0":13.0,
                        "1":null,
                        "2":null,
                        "3":null
                    },
                    "II":{
                        "0":17.0,
                        "1":null,
                        "2":null,
                        "3":null
                    },
                    "III":{
                        "0":20.0,
                        "1":null,
                        "2":null,
                        "3":null
                    },
                    "IV":{
                        "0":9.0,
                        "1":null,
                        "2":null,
                        "3":null
                    },
                    "V":{
                        "0":2.0,
                        "1":null,
                        "2":null,
                        "3":null
                    },
                    "VI":{
                        "0":"18",
                        "1":"11",
                        "2":"20:17",
                        "3":"20:18"
                    }
                },
                "Set 2":{
                    "I":{
                        "0":13
                    },
                    "II":{
                        "0":17
                    },
                    "III":{
                        "0":20
                    },
                    "IV":{
                        "0":9
                    },
                    "V":{
                        "0":2
                    },
                    "VI":{
                        "0":18
                    }
                },
                "Set 3":{
                    "I":{
                        "0":"13",
                        "1":"11",
                        "2":"16:6"
                    },
                    "II":{
                        "0":17.0,
                        "1":null,
                        "2":null
                    },
                    "III":{
                        "0":20.0,
                        "1":null,
                        "2":null
                    },
                    "IV":{
                        "0":9.0,
                        "1":null,
                        "2":null
                    },
                    "V":{
                        "0":2.0,
                        "1":null,
                        "2":null
                    },
                    "VI":{
                        "0":18.0,
                        "1":null,
                        "2":null
                    }
                },
                "Set 4":0,
                "Set 5":0
            },
            "Serves 1":{
                "Set 1":{
                    "I":{
                        "0":null,
                        "1":10.0,
                        "2":18.0
                    },
                    "II":{
                        "0":"1",
                        "1":12,
                        "2":19
                    },
                    "III":{
                        "0":"2",
                        "1":13.0,
                        "2":null
                    },
                    "IV":{
                        "0":"3",
                        "1":14.0,
                        "2":null
                    },
                    "V":{
                        "0":"5",
                        "1":16.0,
                        "2":null
                    },
                    "VI":{
                        "0":"6",
                        "1":17.0,
                        "2":null
                    }
                },
                "Set 2":{
                    "I":{
                        "0":"1",
                        "1":10
                    },
                    "II":{
                        "0":"2",
                        "1":11
                    },
                    "III":{
                        "0":"3",
                        "1":12
                    },
                    "IV":{
                        "0":"4",
                        "1":13
                    },
                    "V":{
                        "0":"6",
                        "1":null
                    },
                    "VI":{
                        "0":"9",
                        "1":null
                    }
                },
                "Set 3":{
                    "I":{
                        "0":null,
                        "1":7.0
                    },
                    "II":{
                        "0":"1",
                        "1":8
                    },
                    "III":{
                        "0":"2",
                        "1":9
                    },
                    "IV":{
                        "0":"3",
                        "1":10
                    },
                    "V":{
                        "0":"4",
                        "1":null
                    },
                    "VI":{
                        "0":"5",
                        "1":null
                    }
                },
                "Set 4":0,
                "Set 5":0
            },
            "Serves 2":{
                "Set 1":{
                    "I":{
                        "0":"1",
                        "1":14,
                        "2":21
                    },
                    "II":{
                        "0":"2",
                        "1":15,
                        "2":25
                    },
                    "III":{
                        "0":"6",
                        "1":17.0,
                        "2":null
                    },
                    "IV":{
                        "0":"7",
                        "1":18.0,
                        "2":null
                    },
                    "V":{
                        "0":"9",
                        "1":19.0,
                        "2":null
                    },
                    "VI":{
                        "0":"11",
                        "1":20.0,
                        "2":null
                    }
                },
                "Set 2":{
                    "I":{
                        "0":null,
                        "1":15.0
                    },
                    "II":{
                        "0":"6",
                        "1":16
                    },
                    "III":{
                        "0":"7",
                        "1":18
                    },
                    "IV":{
                        "0":"8",
                        "1":23
                    },
                    "V":{
                        "0":"13",
                        "1":25
                    },
                    "VI":{
                        "0":"14",
                        "1":null
                    }
                },
                "Set 3":{
                    "I":{
                        "0":"1",
                        "1":20
                    },
                    "II":{
                        "0":"7",
                        "1":21
                    },
                    "III":{
                        "0":"9",
                        "1":23
                    },
                    "IV":{
                        "0":"12",
                        "1":25
                    },
                    "V":{
                        "0":"13",
                        "1":null
                    },
                    "VI":{
                        "0":"16",
                        "1":null
                    }
                },
                "Set 4":0,
                "Set 5":0
            },
            "Timeouts 1":{
                "Set 1":{
                    "T":{
                        "0":"6:11",
                        "1":"13:17"
                    }
                },
                "Set 2":{
                    "T":{

                    }
                },
                "Set 3":{
                    "T":{

                    }
                },
                "Set 4":0,
                "Set 5":0
            },
            "Timeouts 2":{
                "Set 1":{
                    "T":{

                    }
                },
                "Set 2":{
                    "T":{

                    }
                },
                "Set 3":{
                    "T":{

                    }
                },
                "Set 4":0,
                "Set 5":0
            }
        },
        "Teams":{
            "Name":{
                "Team 1":"PLESSIS-ROBINSON VOLLEY-BALL 2",
                "Team 2":"AS. SP DE SARTROUVILLE"
            },
            "Players":{
                "Team 1":{
                    "N\u00b0":{
                        "0":1,
                        "1":2,
                        "2":9,
                        "3":11,
                        "4":13,
                        "5":17,
                        "6":18,
                        "7":20
                    },
                    "Nom Pr\u00e9nom":{
                        "0":"COSTANTINI TOM",
                        "1":"GODEFROY MAXIME",
                        "2":"CHABERT ARTHUR",
                        "3":"SATABIN THOMAS",
                        "4":"DELBEKE ARTHUR",
                        "5":"DEBES JULIAN",
                        "6":"MANDADJIEV NICOLAS",
                        "7":"MARTIN ANTONELLO"
                    },
                    "Licence":{
                        "0":1651080,
                        "1":1144924,
                        "2":1778578,
                        "3":1727174,
                        "4":1965476,
                        "5":2095270,
                        "6":1841495,
                        "7":2112124
                    }
                },
                "Team 2":{
                    "N\u00b0":{
                        "0":2,
                        "1":3,
                        "2":5,
                        "3":7,
                        "4":8,
                        "5":9,
                        "6":11,
                        "7":13,
                        "8":14,
                        "9":15,
                        "10":16
                    },
                    "Nom Pr\u00e9nom":{
                        "0":"SAINT CYR ULRICH",
                        "1":"KHAOUIS MASSYL",
                        "2":"RUFFE JEAN-FRANCOIS",
                        "3":"BEAUCHAMP MATHIS",
                        "4":"BERNARD NICOLAS",
                        "5":"ADON JORDAN",
                        "6":"HADROUG LARBI",
                        "7":"CHEUNG MAXIME",
                        "8":"BASSET MATHIEU",
                        "9":"DELLI ZOTTI ALAN",
                        "10":"EMENNOT MATTHIEU"
                    },
                    "Licence":{
                        "0":2244429,
                        "1":2015283,
                        "2":1916966,
                        "3":1805120,
                        "4":1807744,
                        "5":1836035,
                        "6":2303401,
                        "7":1827607,
                        "8":1835310,
                        "9":1432662,
                        "10":1900307
                    }
                }
            },
            "Liberos":{
                "Team 1":{
                    "N\u00b0":{
                        "0":1
                    },
                    "Nom Pr\u00e9nom":{
                        "0":"COSTANTINI TOM"
                    },
                    "Licence":{
                        "0":1651080
                    }
                },
                "Team 2":{
                    "N\u00b0":{
                        "0":13
                    },
                    "Nom Pr\u00e9nom":{
                        "0":"CHEUNG MAXIME"
                    },
                    "Licence":{
                        "0":1827607
                    }
                }
            },
            "Officials":{
                "Team 1":{
                    "N\u00b0":{
                        "0":"EA"
                    },
                    "Nom Pr\u00e9nom":{
                        "0":"SAYOL BERNARD"
                    },
                    "Licence":{
                        "0":1001108
                    }
                },
                "Team 2":{
                    "N\u00b0":{
                        "0":"EA"
                    },
                    "Nom Pr\u00e9nom":{
                        "0":"ROGHE CLAUDE"
                    },
                    "Licence":{
                        "0":1795428
                    }
                }
            }
        },
        "Results":{
            "winner":"PLESSIS-ROBINSON VOLLE",
            "score":"3\/0"
        },
        "Referees":{
            "NOM Pr\u00e9nom":{
                "1er":"ROUSSET FREDERIC",
                "2\u00e8me":null,
                "Marqueur":"IGUEDJTAL YANISSE",
                "Marq.Ass":".",
                "nan":null
            },
            "Ligue":{
                "1er":"LIG_PL",
                "2\u00e8me":null,
                "Marqueur":"LIG_IF",
                "Marq.Ass":null,
                "nan":"Juges"
            },
            "Licence":{
                "1er":605071.0,
                "2\u00e8me":null,
                "Marqueur":2098365.0,
                "Marq.Ass":null,
                "nan":null
            }
        },
        "Penalties":{

        }
    }
}