{
    "Match":{
        "Title":{
            "div_code":"2ME ",
            "div_name":"NATIONALE 2 MASCULINE",
            "div_pool":"POULE E",
            "match_number":"2ME022",
            "match_day":"05",
            "city":"SEVRES",
            "gym":"CENT GARDES",
            "category":"SENIOR | MASCULIN",
            "ligue":"Comp\u00e9titions Nationales SENIORS",
            "date":"2019-11-24 14:00:00",
            "team_1":"CHAVILLE-SEVRES VOLLEY-BALL",
            "team_2":"VOLLEY-BALL PEXINOIS NIORT"
        },
        "Sets":{
            "Teams":{
                "Set 1":{
                    "Name":{
                        "Team 1":"CHAVILLE-SEVRES VOLLEY",
                        "Team 2":"VOLLEY-BALL PEXINOIS N"
                    },
                    "Starting":{
                        "Team 1":"Service",
                        "Team 2":"Reception"
                    }
                },
                "Set 2":{
                    "Name":{
                        "Team 1":"CHAVILLE-SEVRES VOLLEY",
                        "Team 2":"VOLLEY-BALL PEXINOIS N"
                    },
                    "Starting":{
                        "Team 1":"Reception",
                        "Team 2":"Service"
                    }
                },
                "Set 3":{
                    "Name":{
                        "Team 1":"CHAVILLE-SEVRES VOLLEY",
                        "Team 2":"VOLLEY-BALL PEXINOIS N"
                    },
                    "Starting":{
                        "Team 1":"Service",
                        "Team 2":"Reception"
                    }
                },
                "Set 4":0,
                "Set 5":0
            },
            "Time":{
                "Set 1":{
                    "Time":{
                        "Start":"2019-11-24 14:01:00",
                        "End":"2019-11-24 14:24:00"
                    }
                },
                "Set 2":{
                    "Time":{
                        "Start":"2019-11-24 14:27:00",
                        "End":"2019-11-24 14:51:00"
                    }
                },
                "Set 3":{
                    "Time":{
                        "Start":"2019-11-24 14:55:00",
                        "End":"2019-11-24 15:28:00"
                    }
                },
                "Set 4":0,
                "Set 5":0
            },
            "Substitutions 1":{
                "Set 1":{
                    "I":{
                        "0":"2",
                        "1":"1",
                        "2":"14:19",
                        "3":null
                    },
                    "II":{
                        "0":3.0,
                        "1":null,
                        "2":null,
                        "3":null
                    },
                    "III":{
                        "0":13.0,
                        "1":null,
                        "2":null,
                        "3":null
                    },
                    "IV":{
                        "0":"12",
                        "1":"4",
                        "2":"14:19",
                        "3":"18:24"
                    },
                    "V":{
                        "0":"9",
                        "1":"5",
                        "2":"14:21",
                        "3":null
                    },
                    "VI":{
                        "0":11.0,
                        "1":null,
                        "2":null,
                        "3":null
                    }
                },
                "Set 2":{
                    "I":{
                        "0":"2",
                        "1":"4",
                        "2":"12:19"
                    },
                    "II":{
                        "0":"3",
                        "1":"5",
                        "2":"2:7"
                    },
                    "III":{
                        "0":13.0,
                        "1":null,
                        "2":null
                    },
                    "IV":{
                        "0":"12",
                        "1":"1",
                        "2":"2:7"
                    },
                    "V":{
                        "0":"9",
                        "1":"8",
                        "2":"12:21"
                    },
                    "VI":{
                        "0":11.0,
                        "1":null,
                        "2":null
                    }
                },
                "Set 3":{
                    "I":{
                        "0":"2",
                        "1":"8",
                        "2":"20:21",
                        "3":"20:22"
                    },
                    "II":{
                        "0":3.0,
                        "1":null,
                        "2":null,
                        "3":null
                    },
                    "III":{
                        "0":13.0,
                        "1":null,
                        "2":null,
                        "3":null
                    },
                    "IV":{
                        "0":"12",
                        "1":"1",
                        "2":"6:6",
                        "3":null
                    },
                    "V":{
                        "0":9.0,
                        "1":null,
                        "2":null,
                        "3":null
                    },
                    "VI":{
                        "0":11.0,
                        "1":null,
                        "2":null,
                        "3":null
                    }
                },
                "Set 4":0,
                "Set 5":0
            },
            "Substitutions 2":{
                "Set 1":{
                    "I":{
                        "0":9
                    },
                    "II":{
                        "0":13
                    },
                    "III":{
                        "0":4
                    },
                    "IV":{
                        "0":1
                    },
                    "V":{
                        "0":16
                    },
                    "VI":{
                        "0":6
                    }
                },
                "Set 2":{
                    "I":{
                        "0":13.0,
                        "1":null,
                        "2":null
                    },
                    "II":{
                        "0":4.0,
                        "1":null,
                        "2":null
                    },
                    "III":{
                        "0":1.0,
                        "1":null,
                        "2":null
                    },
                    "IV":{
                        "0":"16",
                        "1":"14",
                        "2":"8:3"
                    },
                    "V":{
                        "0":"6",
                        "1":"10",
                        "2":"21:12"
                    },
                    "VI":{
                        "0":"9",
                        "1":"7",
                        "2":"22:12"
                    }
                },
                "Set 3":{
                    "I":{
                        "0":9.0,
                        "1":null,
                        "2":null,
                        "3":null
                    },
                    "II":{
                        "0":"13",
                        "1":"7",
                        "2":"20:19",
                        "3":"21:20"
                    },
                    "III":{
                        "0":4.0,
                        "1":null,
                        "2":null,
                        "3":null
                    },
                    "IV":{
                        "0":1.0,
                        "1":null,
                        "2":null,
                        "3":null
                    },
                    "V":{
                        "0":14.0,
                        "1":null,
                        "2":null,
                        "3":null
                    },
                    "VI":{
                        "0":6.0,
                        "1":null,
                        "2":null,
                        "3":null
                    }
                },
                "Set 4":0,
                "Set 5":0
            },
            "Serves 1":{
                "Set 1":{
                    "I":{
                        "0":"0",
                        "1":9,
                        "2":18
                    },
                    "II":{
                        "0":"2",
                        "1":12.0,
                        "2":null
                    },
                    "III":{
                        "0":"3",
                        "1":13.0,
                        "2":null
                    },
                    "IV":{
                        "0":"4",
                        "1":14.0,
                        "2":null
                    },
                    "V":{
                        "0":"5",
                        "1":15.0,
                        "2":null
                    },
                    "VI":{
                        "0":"8",
                        "1":17.0,
                        "2":null
                    }
                },
                "Set 2":{
                    "I":{
                        "0":null,
                        "1":7.0
                    },
                    "II":{
                        "0":"1",
                        "1":9
                    },
                    "III":{
                        "0":"2",
                        "1":11
                    },
                    "IV":{
                        "0":"3",
                        "1":12
                    },
                    "V":{
                        "0":"4",
                        "1":15
                    },
                    "VI":{
                        "0":"5",
                        "1":null
                    }
                },
                "Set 3":{
                    "I":{
                        "0":"0",
                        "1":12,
                        "2":23
                    },
                    "II":{
                        "0":"2",
                        "1":13,
                        "2":24
                    },
                    "III":{
                        "0":"4",
                        "1":16,
                        "2":26
                    },
                    "IV":{
                        "0":"6",
                        "1":18,
                        "2":27
                    },
                    "V":{
                        "0":"8",
                        "1":19.0,
                        "2":null
                    },
                    "VI":{
                        "0":"10",
                        "1":20.0,
                        "2":null
                    }
                },
                "Set 4":0,
                "Set 5":0
            },
            "Serves 2":{
                "Set 1":{
                    "I":{
                        "0":null,
                        "1":12.0,
                        "2":24.0
                    },
                    "II":{
                        "0":"1",
                        "1":13,
                        "2":25
                    },
                    "III":{
                        "0":"2",
                        "1":17.0,
                        "2":null
                    },
                    "IV":{
                        "0":"4",
                        "1":19.0,
                        "2":null
                    },
                    "V":{
                        "0":"9",
                        "1":22.0,
                        "2":null
                    },
                    "VI":{
                        "0":"10",
                        "1":23.0,
                        "2":null
                    }
                },
                "Set 2":{
                    "I":{
                        "0":"0",
                        "1":14
                    },
                    "II":{
                        "0":"2",
                        "1":17
                    },
                    "III":{
                        "0":"7",
                        "1":19
                    },
                    "IV":{
                        "0":"9",
                        "1":22
                    },
                    "V":{
                        "0":"12",
                        "1":25
                    },
                    "VI":{
                        "0":"13",
                        "1":null
                    }
                },
                "Set 3":{
                    "I":{
                        "0":null,
                        "1":10.0,
                        "2":22.0
                    },
                    "II":{
                        "0":"1",
                        "1":13,
                        "2":23
                    },
                    "III":{
                        "0":"3",
                        "1":15,
                        "2":25
                    },
                    "IV":{
                        "0":"4",
                        "1":16,
                        "2":27
                    },
                    "V":{
                        "0":"6",
                        "1":18,
                        "2":29
                    },
                    "VI":{
                        "0":"9",
                        "1":21.0,
                        "2":null
                    }
                },
                "Set 4":0,
                "Set 5":0
            },
            "Timeouts 1":{
                "Set 1":{
                    "T":{
                        "0":"13:19"
                    }
                },
                "Set 2":{
                    "T":{
                        "0":"2:4",
                        "1":"4:12"
                    }
                },
                "Set 3":{
                    "T":{
                        "0":"8:9"
                    }
                },
                "Set 4":0,
                "Set 5":0
            },
            "Timeouts 2":{
                "Set 1":{
                    "T":{

                    }
                },
                "Set 2":{
                    "T":{
                        "0":"22:15"
                    }
                },
                "Set 3":{
                    "T":{
                        "0":"16:18",
                        "1":"22:23"
                    }
                },
                "Set 4":0,
                "Set 5":0
            }
        },
        "Teams":{
            "Name":{
                "Team 1":"CHAVILLE-SEVRES VOLLEY-BALL",
                "Team 2":"VOLLEY-BALL PEXINOIS NIORT"
            },
            "Players":{
                "Team 1":{
                    "N\u00b0":{
                        "0":1,
                        "1":2,
                        "2":3,
                        "3":4,
                        "4":5,
                        "5":8,
                        "6":9,
                        "7":11,
                        "8":12,
                        "9":13,
                        "10":18
                    },
                    "Nom Pr\u00e9nom":{
                        "0":"OUHAYOUN MATHEO",
                        "1":"FERON OLIVIER",
                        "2":"NOMO EDDY",
                        "3":"LE CAM TIMOTH\u00c9",
                        "4":"OUZDI YOUSSEF",
                        "5":"BERTHELOT VALENTIN",
                        "6":"IMARY GUILLAUME",
                        "7":"GREGORI CLEMENT",
                        "8":"GONZALEZ CALABRO GUIDO",
                        "9":"CANIONI PIERRE",
                        "10":"TUIL ARNAUD"
                    },
                    "Licence":{
                        "0":1961765,
                        "1":1382010,
                        "2":1382842,
                        "3":2302823,
                        "4":1941946,
                        "5":1833190,
                        "6":1783573,
                        "7":1382122,
                        "8":2148544,
                        "9":1526762,
                        "10":1191534
                    }
                },
                "Team 2":{
                    "N\u00b0":{
                        "0":1,
                        "1":3,
                        "2":4,
                        "3":6,
                        "4":7,
                        "5":9,
                        "6":10,
                        "7":13,
                        "8":14,
                        "9":16
                    },
                    "Nom Pr\u00e9nom":{
                        "0":"MARTIN JOACHIM",
                        "1":"MOREAU THEO",
                        "2":"ENGOHE JUNIOR CHARLES",
                        "3":"CHOTEAU ANTOINE",
                        "4":"VILLAUME SIMON",
                        "5":"GUITTET GUILLAUME",
                        "6":"FERNANDEZ NOAH",
                        "7":"KOSTOVIC MARKO",
                        "8":"MOUHAOUIR ABDELALI",
                        "9":"FOSSI KAMTO ALAIN"
                    },
                    "Licence":{
                        "0":506378,
                        "1":2044478,
                        "2":1966286,
                        "3":1595990,
                        "4":2242338,
                        "5":1492849,
                        "6":2054346,
                        "7":1990432,
                        "8":1429221,
                        "9":1969825
                    }
                }
            },
            "Liberos":{
                "Team 1":{
                    "N\u00b0":{
                        "0":18
                    },
                    "Nom Pr\u00e9nom":{
                        "0":"TUIL ARNAUD"
                    },
                    "Licence":{
                        "0":1191534
                    }
                },
                "Team 2":{
                    "N\u00b0":{
                        "0":3
                    },
                    "Nom Pr\u00e9nom":{
                        "0":"MOREAU THEO"
                    },
                    "Licence":{
                        "0":2044478
                    }
                }
            },
            "Officials":{
                "Team 1":{
                    "N\u00b0":{
                        "0":"EA",
                        "1":"EB"
                    },
                    "Nom Pr\u00e9nom":{
                        "0":"BARBOT EMMANUEL",
                        "1":"CHARTIER BENOIT"
                    },
                    "Licence":{
                        "0":966456,
                        "1":1996769
                    }
                },
                "Team 2":{
                    "N\u00b0":{
                        "0":"EA"
                    },
                    "Nom Pr\u00e9nom":{
                        "0":"FOSSI KAMTO ALAIN"
                    },
                    "Licence":{
                        "0":1969825
                    }
                }
            }
        },
        "Results":{
            "winner":"VOLLEY-BALL PEXINOIS N",
            "score":"3\/0"
        },
        "Referees":{
            "NOM Pr\u00e9nom":{
                "1er":"MELAIA EDUARDO",
                "2\u00e8me":"EVAIN PAUL",
                "Marqueur":"PIROT SOPHIE",
                "Marq.Ass":".",
                "nan":null
            },
            "Ligue":{
                "1er":"LIG_HDF",
                "2\u00e8me":"LIG_NO",
                "Marqueur":"LIG_IF",
                "Marq.Ass":null,
                "nan":"Juges"
            },
            "Licence":{
                "1er":1221401.0,
                "2\u00e8me":1408109.0,
                "Marqueur":2157424.0,
                "Marq.Ass":null,
                "nan":null
            }
        },
        "Penalties":{

        }
    }
}