{
    "Match":{
        "Title":{
            "div_code":"2ME ",
            "div_name":"NATIONALE 2 MASCULINE",
            "div_pool":"POULE E",
            "match_number":"2ME023",
            "match_day":"05",
            "city":"PARIS",
            "gym":"CHARPY",
            "category":"SENIOR | MASCULIN",
            "ligue":"Comp\u00e9titions Nationales SENIORS",
            "date":"2019-11-24 15:00:00",
            "team_1":"PUC VOLLEY-BALL 2",
            "team_2":"ASB REZE 2"
        },
        "Sets":{
            "Teams":{
                "Set 1":{
                    "Name":{
                        "Team 1":"ASB REZE 2",
                        "Team 2":"PUC VOLLEY-BALL 2"
                    },
                    "Starting":{
                        "Team 1":"Service",
                        "Team 2":"Reception"
                    }
                },
                "Set 2":{
                    "Name":{
                        "Team 1":"ASB REZE 2",
                        "Team 2":"PUC VOLLEY-BALL 2"
                    },
                    "Starting":{
                        "Team 1":"Reception",
                        "Team 2":"Service"
                    }
                },
                "Set 3":{
                    "Name":{
                        "Team 1":"ASB REZE 2",
                        "Team 2":"PUC VOLLEY-BALL 2"
                    },
                    "Starting":{
                        "Team 1":"Service",
                        "Team 2":"Reception"
                    }
                },
                "Set 4":0,
                "Set 5":0
            },
            "Time":{
                "Set 1":{
                    "Time":{
                        "Start":"2019-11-24 14:58:00",
                        "End":"2019-11-24 15:24:00"
                    }
                },
                "Set 2":{
                    "Time":{
                        "Start":"2019-11-24 15:27:00",
                        "End":"2019-11-24 15:57:00"
                    }
                },
                "Set 3":{
                    "Time":{
                        "Start":"2019-11-24 16:00:00",
                        "End":"2019-11-24 16:32:00"
                    }
                },
                "Set 4":0,
                "Set 5":0
            },
            "Substitutions 1":{
                "Set 1":{
                    "I":{
                        "0":4.0,
                        "1":null,
                        "2":null
                    },
                    "II":{
                        "0":14.0,
                        "1":null,
                        "2":null
                    },
                    "III":{
                        "0":"9",
                        "1":"11",
                        "2":"17:18"
                    },
                    "IV":{
                        "0":10.0,
                        "1":null,
                        "2":null
                    },
                    "V":{
                        "0":1.0,
                        "1":null,
                        "2":null
                    },
                    "VI":{
                        "0":"3",
                        "1":"15",
                        "2":"17:18"
                    }
                },
                "Set 2":{
                    "I":{
                        "0":"14",
                        "1":"5",
                        "2":"24:24",
                        "3":null
                    },
                    "II":{
                        "0":"9",
                        "1":"11",
                        "2":"22:22",
                        "3":null
                    },
                    "III":{
                        "0":10.0,
                        "1":null,
                        "2":null,
                        "3":null
                    },
                    "IV":{
                        "0":"1",
                        "1":"12",
                        "2":"18:21",
                        "3":"21:22"
                    },
                    "V":{
                        "0":"3",
                        "1":"15",
                        "2":"22:22",
                        "3":null
                    },
                    "VI":{
                        "0":4.0,
                        "1":null,
                        "2":null,
                        "3":null
                    }
                },
                "Set 3":{
                    "I":{
                        "0":9.0,
                        "1":null,
                        "2":null,
                        "3":null
                    },
                    "II":{
                        "0":"10",
                        "1":"12",
                        "2":"16:18",
                        "3":"20:24"
                    },
                    "III":{
                        "0":1.0,
                        "1":null,
                        "2":null,
                        "3":null
                    },
                    "IV":{
                        "0":11.0,
                        "1":null,
                        "2":null,
                        "3":null
                    },
                    "V":{
                        "0":"4",
                        "1":"3",
                        "2":"19:23",
                        "3":"20:24"
                    },
                    "VI":{
                        "0":"14",
                        "1":"5",
                        "2":"14:16",
                        "3":null
                    }
                },
                "Set 4":0,
                "Set 5":0
            },
            "Substitutions 2":{
                "Set 1":{
                    "I":{
                        "0":16.0,
                        "1":null,
                        "2":null
                    },
                    "II":{
                        "0":10.0,
                        "1":null,
                        "2":null
                    },
                    "III":{
                        "0":"14",
                        "1":"1",
                        "2":"23:20"
                    },
                    "IV":{
                        "0":4.0,
                        "1":null,
                        "2":null
                    },
                    "V":{
                        "0":5.0,
                        "1":null,
                        "2":null
                    },
                    "VI":{
                        "0":9.0,
                        "1":null,
                        "2":null
                    }
                },
                "Set 2":{
                    "I":{
                        "0":16.0,
                        "1":null,
                        "2":null,
                        "3":null
                    },
                    "II":{
                        "0":10.0,
                        "1":null,
                        "2":null,
                        "3":null
                    },
                    "III":{
                        "0":"14",
                        "1":"1",
                        "2":"21:17",
                        "3":"21:18"
                    },
                    "IV":{
                        "0":4.0,
                        "1":null,
                        "2":null,
                        "3":null
                    },
                    "V":{
                        "0":5.0,
                        "1":null,
                        "2":null,
                        "3":null
                    },
                    "VI":{
                        "0":"9",
                        "1":"17",
                        "2":"24:23",
                        "3":"24:24"
                    }
                },
                "Set 3":{
                    "I":{
                        "0":16.0,
                        "1":null,
                        "2":null,
                        "3":null
                    },
                    "II":{
                        "0":10.0,
                        "1":null,
                        "2":null,
                        "3":null
                    },
                    "III":{
                        "0":"14",
                        "1":"17",
                        "2":"19:17",
                        "3":"20:18"
                    },
                    "IV":{
                        "0":"4",
                        "1":"1",
                        "2":"16:13",
                        "3":null
                    },
                    "V":{
                        "0":5.0,
                        "1":null,
                        "2":null,
                        "3":null
                    },
                    "VI":{
                        "0":9.0,
                        "1":null,
                        "2":null,
                        "3":null
                    }
                },
                "Set 4":0,
                "Set 5":0
            },
            "Serves 1":{
                "Set 1":{
                    "I":{
                        "0":"0",
                        "1":11,
                        "2":19
                    },
                    "II":{
                        "0":"2",
                        "1":13,
                        "2":20
                    },
                    "III":{
                        "0":"4",
                        "1":14.0,
                        "2":null
                    },
                    "IV":{
                        "0":"5",
                        "1":15.0,
                        "2":null
                    },
                    "V":{
                        "0":"7",
                        "1":16.0,
                        "2":null
                    },
                    "VI":{
                        "0":"10",
                        "1":17.0,
                        "2":null
                    }
                },
                "Set 2":{
                    "I":{
                        "0":null,
                        "1":6.0,
                        "2":14.0,
                        "3":24.0
                    },
                    "II":{
                        "0":"1",
                        "1":7.0,
                        "2":15.0,
                        "3":null
                    },
                    "III":{
                        "0":"2",
                        "1":8.0,
                        "2":17.0,
                        "3":null
                    },
                    "IV":{
                        "0":"3",
                        "1":10.0,
                        "2":21.0,
                        "3":null
                    },
                    "V":{
                        "0":"4",
                        "1":12.0,
                        "2":22.0,
                        "3":null
                    },
                    "VI":{
                        "0":"5",
                        "1":13.0,
                        "2":23.0,
                        "3":null
                    }
                },
                "Set 3":{
                    "I":{
                        "0":"0",
                        "1":7,
                        "2":15
                    },
                    "II":{
                        "0":"2",
                        "1":10,
                        "2":17
                    },
                    "III":{
                        "0":"3",
                        "1":11,
                        "2":19
                    },
                    "IV":{
                        "0":"4",
                        "1":12,
                        "2":20
                    },
                    "V":{
                        "0":"5",
                        "1":13,
                        "2":21
                    },
                    "VI":{
                        "0":"6",
                        "1":14.0,
                        "2":null
                    }
                },
                "Set 4":0,
                "Set 5":0
            },
            "Serves 2":{
                "Set 1":{
                    "I":{
                        "0":null,
                        "1":7.0,
                        "2":19.0
                    },
                    "II":{
                        "0":"1",
                        "1":8,
                        "2":22
                    },
                    "III":{
                        "0":"2",
                        "1":11,
                        "2":25
                    },
                    "IV":{
                        "0":"3",
                        "1":15.0,
                        "2":null
                    },
                    "V":{
                        "0":"5",
                        "1":17.0,
                        "2":null
                    },
                    "VI":{
                        "0":"6",
                        "1":18.0,
                        "2":null
                    }
                },
                "Set 2":{
                    "I":{
                        "0":"0",
                        "1":8,
                        "2":17,
                        "3":26
                    },
                    "II":{
                        "0":"1",
                        "1":10.0,
                        "2":20.0,
                        "3":null
                    },
                    "III":{
                        "0":"3",
                        "1":11.0,
                        "2":21.0,
                        "3":null
                    },
                    "IV":{
                        "0":"4",
                        "1":12.0,
                        "2":22.0,
                        "3":null
                    },
                    "V":{
                        "0":"5",
                        "1":15.0,
                        "2":23.0,
                        "3":null
                    },
                    "VI":{
                        "0":"7",
                        "1":16.0,
                        "2":24.0,
                        "3":null
                    }
                },
                "Set 3":{
                    "I":{
                        "0":null,
                        "1":10.0,
                        "2":17.0
                    },
                    "II":{
                        "0":"1",
                        "1":11,
                        "2":18
                    },
                    "III":{
                        "0":"2",
                        "1":12,
                        "2":20
                    },
                    "IV":{
                        "0":"3",
                        "1":14,
                        "2":23
                    },
                    "V":{
                        "0":"5",
                        "1":15,
                        "2":24
                    },
                    "VI":{
                        "0":"7",
                        "1":16,
                        "2":25
                    }
                },
                "Set 4":0,
                "Set 5":0
            },
            "Timeouts 1":{
                "Set 1":{
                    "T":{
                        "0":"14:15",
                        "1":"19:21"
                    }
                },
                "Set 2":{
                    "T":{
                        "0":"12:15",
                        "1":"15:19"
                    }
                },
                "Set 3":{
                    "T":{
                        "0":"6:10",
                        "1":"19:22"
                    }
                },
                "Set 4":0,
                "Set 5":0
            },
            "Timeouts 2":{
                "Set 1":{
                    "T":{
                        "0":"6:10"
                    }
                },
                "Set 2":{
                    "T":{
                        "0":"21:20"
                    }
                },
                "Set 3":{
                    "T":{
                        "0":"20:19"
                    }
                },
                "Set 4":0,
                "Set 5":0
            }
        },
        "Teams":{
            "Name":{
                "Team 1":"PUC VOLLEY-BALL 2",
                "Team 2":"ASB REZE 2"
            },
            "Players":{
                "Team 1":{
                    "N\u00b0":{
                        "0":1,
                        "1":2,
                        "2":4,
                        "3":5,
                        "4":7,
                        "5":9,
                        "6":10,
                        "7":14,
                        "8":16,
                        "9":17
                    },
                    "Nom Pr\u00e9nom":{
                        "0":"TOURE BASIROU",
                        "1":"GARNON THEO",
                        "2":"SOUMARE ABDOULAYE",
                        "3":"HUETZ FRANCOIS",
                        "4":"AKIF ERTAN",
                        "5":"TOURE IBRAHIM",
                        "6":"PODA DANNY",
                        "7":"NAMBOUE ETHAN",
                        "8":"NERAUDAU ROBIN",
                        "9":"VALIER EMILE"
                    },
                    "Licence":{
                        "0":1894484,
                        "1":1861677,
                        "2":1946534,
                        "3":1818588,
                        "4":2098189,
                        "5":2246302,
                        "6":1865781,
                        "7":2311107,
                        "8":1706715,
                        "9":2139965
                    }
                },
                "Team 2":{
                    "N\u00b0":{
                        "0":1,
                        "1":3,
                        "2":4,
                        "3":5,
                        "4":6,
                        "5":7,
                        "6":9,
                        "7":10,
                        "8":11,
                        "9":12,
                        "10":14,
                        "11":15
                    },
                    "Nom Pr\u00e9nom":{
                        "0":"FURIC THOMAS",
                        "1":"OUTIN MAEL",
                        "2":"LORTIE SEBASTIEN",
                        "3":"LAURIN OLIVIER",
                        "4":"FROTTE HUGUES",
                        "5":"TRANCHEVENT RICHARD",
                        "6":"GUITTIERE MANUEL",
                        "7":"SAINT-VANNE JULIEN",
                        "8":"GALTIE TIMOTHE",
                        "9":"GRALL ELOUAN",
                        "10":"WADDANE MOHAMMED",
                        "11":"QUINQUIS UGO"
                    },
                    "Licence":{
                        "0":1854161,
                        "1":1649979,
                        "2":1154984,
                        "3":1801101,
                        "4":1746615,
                        "5":1417597,
                        "6":1582786,
                        "7":1726547,
                        "8":2084672,
                        "9":1888496,
                        "10":2089621,
                        "11":1776356
                    }
                }
            },
            "Liberos":{
                "Team 1":{
                    "N\u00b0":{
                        "0":2,
                        "1":7
                    },
                    "Nom Pr\u00e9nom":{
                        "0":"GARNON THEO",
                        "1":"AKIF ERTAN"
                    },
                    "Licence":{
                        "0":1861677,
                        "1":2098189
                    }
                },
                "Team 2":{
                    "N\u00b0":{
                        "0":6
                    },
                    "Nom Pr\u00e9nom":{
                        "0":"FROTTE HUGUES"
                    },
                    "Licence":{
                        "0":1746615
                    }
                }
            },
            "Officials":{
                "Team 1":{
                    "N\u00b0":{
                        "0":"EA",
                        "1":"EB"
                    },
                    "Nom Pr\u00e9nom":{
                        "0":"DANIEL JULIEN",
                        "1":"TRAVERS JORIS"
                    },
                    "Licence":{
                        "0":1046996,
                        "1":1790928
                    }
                },
                "Team 2":{
                    "N\u00b0":{
                        "0":"EA"
                    },
                    "Nom Pr\u00e9nom":{
                        "0":"COOPER PAUL"
                    },
                    "Licence":{
                        "0":1713641
                    }
                }
            }
        },
        "Results":{
            "winner":"PUC VOLLEY-BALL 2",
            "score":"3\/0"
        },
        "Referees":{
            "NOM Pr\u00e9nom":{
                "1er":"DE PARMENTIER JEAN-CLAUDE",
                "2\u00e8me":"PITOUX LAURENT",
                "Marqueur":"BERARD MAURINE",
                "Marq.Ass":".",
                "nan":null
            },
            "Ligue":{
                "1er":"LIG_HDF",
                "2\u00e8me":"LIG_IF",
                "Marqueur":"LIG_IF",
                "Marq.Ass":null,
                "nan":"Juges"
            },
            "Licence":{
                "1er":1232384.0,
                "2\u00e8me":1382264.0,
                "Marqueur":2005626.0,
                "Marq.Ass":null,
                "nan":null
            }
        },
        "Penalties":{

        }
    }
}