{
    "Match":{
        "Title":{
            "div_code":"CXB ",
            "div_name":"COUPE DE FRANCE FEMININE AMATEUR",
            "div_pool":"B",
            "match_number":"CXB001",
            "match_day":"01",
            "city":"BOURNOS",
            "gym":"SALLE DES SPORTS",
            "category":"SENIOR | FEMININE",
            "ligue":"Comp\u00e9titions Nationales SENIORS",
            "date":"2019-12-14 19:00:00",
            "team_1":"ENTENTE SP BOURNOS DOUMY",
            "team_2":"MJC LES FLEURS DE PAU"
        },
        "Sets":{
            "Teams":{
                "Set 1":{
                    "Name":{
                        "Team 1":"MJC LES FLEURS DE PAU",
                        "Team 2":"ENTENTE SP BOURNOS DOU"
                    },
                    "Starting":{
                        "Team 1":"Reception",
                        "Team 2":"Service"
                    }
                },
                "Set 2":{
                    "Name":{
                        "Team 1":"MJC LES FLEURS DE PAU",
                        "Team 2":"ENTENTE SP BOURNOS DOU"
                    },
                    "Starting":{
                        "Team 1":"Service",
                        "Team 2":"Reception"
                    }
                },
                "Set 3":0,
                "Set 4":0,
                "Set 5":0
            },
            "Time":{
                "Set 1":{
                    "Time":{
                        "Start":"2019-12-14 20:11:00",
                        "End":"2019-12-14 20:32:00"
                    }
                },
                "Set 2":{
                    "Time":{
                        "Start":"2019-12-14 20:36:00",
                        "End":"2019-12-14 21:01:00"
                    }
                },
                "Set 3":0,
                "Set 4":0,
                "Set 5":0
            },
            "Substitutions 1":{
                "Set 1":{
                    "I":{
                        "0":7.0,
                        "1":null,
                        "2":null
                    },
                    "II":{
                        "0":5.0,
                        "1":null,
                        "2":null
                    },
                    "III":{
                        "0":3.0,
                        "1":null,
                        "2":null
                    },
                    "IV":{
                        "0":13.0,
                        "1":null,
                        "2":null
                    },
                    "V":{
                        "0":14.0,
                        "1":null,
                        "2":null
                    },
                    "VI":{
                        "0":"2",
                        "1":"8",
                        "2":"21:9"
                    }
                },
                "Set 2":{
                    "I":{
                        "0":7
                    },
                    "II":{
                        "0":5
                    },
                    "III":{
                        "0":3
                    },
                    "IV":{
                        "0":13
                    },
                    "V":{
                        "0":14
                    },
                    "VI":{
                        "0":2
                    }
                },
                "Set 3":0,
                "Set 4":0,
                "Set 5":0
            },
            "Substitutions 2":{
                "Set 1":{
                    "I":{
                        "0":5
                    },
                    "II":{
                        "0":6
                    },
                    "III":{
                        "0":3
                    },
                    "IV":{
                        "0":13
                    },
                    "V":{
                        "0":10
                    },
                    "VI":{
                        "0":9
                    }
                },
                "Set 2":{
                    "I":{
                        "0":4.0,
                        "1":null,
                        "2":null,
                        "3":null
                    },
                    "II":{
                        "0":5.0,
                        "1":null,
                        "2":null,
                        "3":null
                    },
                    "III":{
                        "0":"10",
                        "1":"12",
                        "2":"19:21",
                        "3":null
                    },
                    "IV":{
                        "0":3.0,
                        "1":null,
                        "2":null,
                        "3":null
                    },
                    "V":{
                        "0":"13",
                        "1":"2",
                        "2":"8:8",
                        "3":"18:17"
                    },
                    "VI":{
                        "0":8.0,
                        "1":null,
                        "2":null,
                        "3":null
                    }
                },
                "Set 3":0,
                "Set 4":0,
                "Set 5":0
            },
            "Serves 1":{
                "Set 1":{
                    "I":{
                        "0":null,
                        "1":10.0
                    },
                    "II":{
                        "0":"2",
                        "1":19
                    },
                    "III":{
                        "0":"3",
                        "1":21
                    },
                    "IV":{
                        "0":"4",
                        "1":22
                    },
                    "V":{
                        "0":"7",
                        "1":23
                    },
                    "VI":{
                        "0":"9",
                        "1":25
                    }
                },
                "Set 2":{
                    "I":{
                        "0":"0",
                        "1":10,
                        "2":17
                    },
                    "II":{
                        "0":"2",
                        "1":11,
                        "2":19
                    },
                    "III":{
                        "0":"5",
                        "1":13,
                        "2":21
                    },
                    "IV":{
                        "0":"7",
                        "1":14,
                        "2":25
                    },
                    "V":{
                        "0":"8",
                        "1":15.0,
                        "2":null
                    },
                    "VI":{
                        "0":"9",
                        "1":16.0,
                        "2":null
                    }
                },
                "Set 3":0,
                "Set 4":0,
                "Set 5":0
            },
            "Serves 2":{
                "Set 1":{
                    "I":{
                        "0":"0",
                        "1":8
                    },
                    "II":{
                        "0":"1",
                        "1":9
                    },
                    "III":{
                        "0":"2",
                        "1":10
                    },
                    "IV":{
                        "0":"3",
                        "1":11
                    },
                    "V":{
                        "0":"6",
                        "1":12
                    },
                    "VI":{
                        "0":"7",
                        "1":null
                    }
                },
                "Set 2":{
                    "I":{
                        "0":null,
                        "1":11.0,
                        "2":17.0
                    },
                    "II":{
                        "0":"2",
                        "1":12,
                        "2":18
                    },
                    "III":{
                        "0":"3",
                        "1":13,
                        "2":19
                    },
                    "IV":{
                        "0":"7",
                        "1":14,
                        "2":20
                    },
                    "V":{
                        "0":"8",
                        "1":15.0,
                        "2":null
                    },
                    "VI":{
                        "0":"10",
                        "1":16.0,
                        "2":null
                    }
                },
                "Set 3":0,
                "Set 4":0,
                "Set 5":0
            },
            "Timeouts 1":{
                "Set 1":{
                    "T":{

                    }
                },
                "Set 2":{
                    "T":{

                    }
                },
                "Set 3":0,
                "Set 4":0,
                "Set 5":0
            },
            "Timeouts 2":{
                "Set 1":{
                    "T":{
                        "0":"8:14"
                    }
                },
                "Set 2":{
                    "T":{
                        "0":"20:23",
                        "1":"20:24"
                    }
                },
                "Set 3":0,
                "Set 4":0,
                "Set 5":0
            }
        },
        "Teams":{
            "Name":{
                "Team 1":"ENTENTE SP BOURNOS DOUMY",
                "Team 2":"MJC LES FLEURS DE PAU"
            },
            "Players":{
                "Team 1":{
                    "N\u00b0":{
                        "0":2,
                        "1":3,
                        "2":4,
                        "3":5,
                        "4":6,
                        "5":8,
                        "6":9,
                        "7":10,
                        "8":12,
                        "9":13,
                        "10":14
                    },
                    "Nom Pr\u00e9nom":{
                        "0":"DA SILVA MELANIE",
                        "1":"LACARRERE PAULINE",
                        "2":"PLANTE-SERGENT MANON",
                        "3":"ARRAMON MAGALI",
                        "4":"LABEYRIE MARIE",
                        "5":"LARRIEU EMMA",
                        "6":"LABEYRIE COLETTE",
                        "7":"BOUE AMELIE",
                        "8":"SAES LAURA",
                        "9":"DE ANA LAURIE",
                        "10":"BARUS MELANIE"
                    },
                    "Licence":{
                        "0":1837118,
                        "1":1795484,
                        "2":2009276,
                        "3":1640060,
                        "4":1468555,
                        "5":1468550,
                        "6":1720194,
                        "7":1955330,
                        "8":1468553,
                        "9":1869148,
                        "10":1640063
                    }
                },
                "Team 2":{
                    "N\u00b0":{
                        "0":2,
                        "1":3,
                        "2":5,
                        "3":7,
                        "4":8,
                        "5":12,
                        "6":13,
                        "7":14
                    },
                    "Nom Pr\u00e9nom":{
                        "0":"MORENO MATHILDE",
                        "1":"BELKOWICHE NATACHA",
                        "2":"MAKHCHANE YOUSSRA",
                        "3":"NICOLLE MELISSA",
                        "4":"LE MENN FANNY",
                        "5":"BIZARRO VIRGINIE",
                        "6":"MILOUDI FANNY1745272",
                        "7":"BONESSO ALEXIA"
                    },
                    "Licence":{
                        "0":1797404,
                        "1":1800905,
                        "2":1947871,
                        "3":1910188,
                        "4":1929772,
                        "5":1881836,
                        "6":1745272,
                        "7":2042124
                    }
                }
            },
            "Liberos":{
                "Team 1":{
                    "N\u00b0":{
                        "0":14
                    },
                    "Nom Pr\u00e9nom":{
                        "0":"BARUS MELANIE"
                    },
                    "Licence":{
                        "0":1640063
                    }
                },
                "Team 2":{
                    "N\u00b0":{
                        "0":12
                    },
                    "Nom Pr\u00e9nom":{
                        "0":"BIZARRO VIRGINIE"
                    },
                    "Licence":{
                        "0":1881836
                    }
                }
            },
            "Officials":{
                "Team 1":{
                    "N\u00b0":{
                        "0":"EA",
                        "1":"EB"
                    },
                    "Nom Pr\u00e9nom":{
                        "0":"DESIATO DAMIEN",
                        "1":"CAZENAVE SOUPICOU THOMAS"
                    },
                    "Licence":{
                        "0":2140130,
                        "1":2138895
                    }
                },
                "Team 2":{
                    "N\u00b0":{
                        "0":"EA",
                        "1":"EB",
                        "2":"EB"
                    },
                    "Nom Pr\u00e9nom":{
                        "0":"CAZENEUVE BENJAMIN",
                        "1":"LAMARQUE OLIVIER",
                        "2":"LAMARQUE OLIVIER"
                    },
                    "Licence":{
                        "0":1131271,
                        "1":1175956,
                        "2":1175956
                    }
                }
            }
        },
        "Results":{
            "winner":"MJC LES FLEURS DE PAU",
            "score":"2\/0"
        },
        "Referees":{
            "NOM Pr\u00e9nom":{
                "1er":"VANDEBROUCK THOMAS",
                "2\u00e8me":"DOMINGUEZ MARTIAL",
                "Marqueur":"CAZENEUVE PIERRETTE",
                "Marq.Ass":".",
                "nan":null
            },
            "Ligue":{
                "1er":"LIG_AQ",
                "2\u00e8me":"LIG_AQ",
                "Marqueur":"LIG_AQ",
                "Marq.Ass":null,
                "nan":"Juges"
            },
            "Licence":{
                "1er":1842974.0,
                "2\u00e8me":1020314.0,
                "Marqueur":1396083.0,
                "Marq.Ass":null,
                "nan":null
            }
        },
        "Penalties":{

        }
    }
}