{
    "Match":{
        "Title":{
            "div_code":"CXB ",
            "div_name":"COUPE DE FRANCE FEMININE AMATEUR",
            "div_pool":"B",
            "match_number":"CXB003",
            "match_day":"01",
            "city":"BOURNOS",
            "gym":"SALLE DES SPORTS",
            "category":"SENIOR | FEMININE",
            "ligue":"Comp\u00e9titions Nationales SENIORS",
            "date":"2019-12-14 00:00:00",
            "team_1":"ENTENTE SP BOURNOS DOUMY",
            "team_2":"VOLLEY BALMA QUINT FONSEGRIVES"
        },
        "Sets":{
            "Teams":{
                "Set 1":{
                    "Name":{
                        "Team 1":"ENTENTE SP BOURNOS DOU",
                        "Team 2":"VOLLEY BALMA QUINT FON"
                    },
                    "Starting":{
                        "Team 1":"Service",
                        "Team 2":"Reception"
                    }
                },
                "Set 2":{
                    "Name":{
                        "Team 1":"ENTENTE SP BOURNOS DOU",
                        "Team 2":"VOLLEY BALMA QUINT FON"
                    },
                    "Starting":{
                        "Team 1":"Reception",
                        "Team 2":"Service"
                    }
                },
                "Set 3":0,
                "Set 4":0,
                "Set 5":0
            },
            "Time":{
                "Set 1":{
                    "Time":{
                        "Start":"2021-12-14 18:33:00",
                        "End":"2021-12-14 19:02:00"
                    }
                },
                "Set 2":{
                    "Time":{
                        "Start":"2021-12-14 19:06:00",
                        "End":"2021-12-14 19:31:00"
                    }
                },
                "Set 3":0,
                "Set 4":0,
                "Set 5":0
            },
            "Substitutions 1":{
                "Set 1":{
                    "I":{
                        "0":2
                    },
                    "II":{
                        "0":6
                    },
                    "III":{
                        "0":4
                    },
                    "IV":{
                        "0":12
                    },
                    "V":{
                        "0":8
                    },
                    "VI":{
                        "0":9
                    }
                },
                "Set 2":{
                    "I":{
                        "0":9
                    },
                    "II":{
                        "0":2
                    },
                    "III":{
                        "0":6
                    },
                    "IV":{
                        "0":4
                    },
                    "V":{
                        "0":12
                    },
                    "VI":{
                        "0":8
                    }
                },
                "Set 3":0,
                "Set 4":0,
                "Set 5":0
            },
            "Substitutions 2":{
                "Set 1":{
                    "I":{
                        "0":11
                    },
                    "II":{
                        "0":8
                    },
                    "III":{
                        "0":10
                    },
                    "IV":{
                        "0":3
                    },
                    "V":{
                        "0":9
                    },
                    "VI":{
                        "0":12
                    }
                },
                "Set 2":{
                    "I":{
                        "0":8.0,
                        "1":null,
                        "2":null
                    },
                    "II":{
                        "0":10.0,
                        "1":null,
                        "2":null
                    },
                    "III":{
                        "0":"3",
                        "1":"1",
                        "2":"1:4"
                    },
                    "IV":{
                        "0":9.0,
                        "1":null,
                        "2":null
                    },
                    "V":{
                        "0":12.0,
                        "1":null,
                        "2":null
                    },
                    "VI":{
                        "0":11.0,
                        "1":null,
                        "2":null
                    }
                },
                "Set 3":0,
                "Set 4":0,
                "Set 5":0
            },
            "Serves 1":{
                "Set 1":{
                    "I":{
                        "0":"0",
                        "1":13,
                        "2":24
                    },
                    "II":{
                        "0":"3",
                        "1":16,
                        "2":25
                    },
                    "III":{
                        "0":"6",
                        "1":17.0,
                        "2":null
                    },
                    "IV":{
                        "0":"7",
                        "1":18.0,
                        "2":null
                    },
                    "V":{
                        "0":"9",
                        "1":20.0,
                        "2":null
                    },
                    "VI":{
                        "0":"11",
                        "1":21.0,
                        "2":null
                    }
                },
                "Set 2":{
                    "I":{
                        "0":null,
                        "1":16.0
                    },
                    "II":{
                        "0":"1",
                        "1":17
                    },
                    "III":{
                        "0":"5",
                        "1":18
                    },
                    "IV":{
                        "0":"8",
                        "1":19
                    },
                    "V":{
                        "0":"11",
                        "1":22
                    },
                    "VI":{
                        "0":"13",
                        "1":25
                    }
                },
                "Set 3":0,
                "Set 4":0,
                "Set 5":0
            },
            "Serves 2":{
                "Set 1":{
                    "I":{
                        "0":null,
                        "1":9.0,
                        "2":21.0
                    },
                    "II":{
                        "0":"2",
                        "1":11,
                        "2":23
                    },
                    "III":{
                        "0":"3",
                        "1":12.0,
                        "2":null
                    },
                    "IV":{
                        "0":"4",
                        "1":16.0,
                        "2":null
                    },
                    "V":{
                        "0":"6",
                        "1":17.0,
                        "2":null
                    },
                    "VI":{
                        "0":"7",
                        "1":19.0,
                        "2":null
                    }
                },
                "Set 2":{
                    "I":{
                        "0":"0",
                        "1":9
                    },
                    "II":{
                        "0":"1",
                        "1":10
                    },
                    "III":{
                        "0":"2",
                        "1":11
                    },
                    "IV":{
                        "0":"4",
                        "1":14
                    },
                    "V":{
                        "0":"6",
                        "1":16
                    },
                    "VI":{
                        "0":"7",
                        "1":null
                    }
                },
                "Set 3":0,
                "Set 4":0,
                "Set 5":0
            },
            "Timeouts 1":{
                "Set 1":{
                    "T":{
                        "0":"17:16",
                        "1":"24:22"
                    }
                },
                "Set 2":{
                    "T":{
                        "0":"19:14"
                    }
                },
                "Set 3":0,
                "Set 4":0,
                "Set 5":0
            },
            "Timeouts 2":{
                "Set 1":{
                    "T":{
                        "0":"17:20",
                        "1":"21:23"
                    }
                },
                "Set 2":{
                    "T":{
                        "0":"1:5",
                        "1":"10:18"
                    }
                },
                "Set 3":0,
                "Set 4":0,
                "Set 5":0
            }
        },
        "Teams":{
            "Name":{
                "Team 1":"ENTENTE SP BOURNOS DOUMY",
                "Team 2":"VOLLEY BALMA QUINT FONSEGRIVES"
            },
            "Players":{
                "Team 1":{
                    "N\u00b0":{
                        "0":2,
                        "1":3,
                        "2":4,
                        "3":5,
                        "4":6,
                        "5":8,
                        "6":9,
                        "7":10,
                        "8":12,
                        "9":13,
                        "10":14
                    },
                    "Nom Pr\u00e9nom":{
                        "0":"DA SILVA MELANIE",
                        "1":"LACARRERE PAULINE",
                        "2":"PLANTE-SERGENT MANON",
                        "3":"ARRAMON MAGALI",
                        "4":"LABEYRIE MARIE",
                        "5":"LARRIEU EMMA",
                        "6":"LABEYRIE COLETTE",
                        "7":"BOUE AMELIE",
                        "8":"SAES LAURA",
                        "9":"DE ANA LAURIE",
                        "10":"BARUS MELANIE"
                    },
                    "Licence":{
                        "0":1837118,
                        "1":1795484,
                        "2":2009276,
                        "3":1640060,
                        "4":1468555,
                        "5":1468550,
                        "6":1720194,
                        "7":1955330,
                        "8":1468553,
                        "9":1869148,
                        "10":1640063
                    }
                },
                "Team 2":{
                    "N\u00b0":{
                        "0":1,
                        "1":3,
                        "2":7,
                        "3":8,
                        "4":9,
                        "5":10,
                        "6":11,
                        "7":12,
                        "8":16
                    },
                    "Nom Pr\u00e9nom":{
                        "0":"RABAUD \u00c9LODIE",
                        "1":"RENAUX LAURANNE",
                        "2":"MEDARD LOVA",
                        "3":"YBANEZ LUNA",
                        "4":"MANTION SARAH",
                        "5":"QUINZONI JULIE",
                        "6":"PAILLE CELESTINE",
                        "7":"MELLAL DINA",
                        "8":"BRIARD JULIE"
                    },
                    "Licence":{
                        "0":1726956,
                        "1":2302391,
                        "2":1440947,
                        "3":1788335,
                        "4":1868697,
                        "5":1821312,
                        "6":1783202,
                        "7":2143673,
                        "8":1353485
                    }
                }
            },
            "Liberos":{
                "Team 1":{
                    "N\u00b0":{
                        "0":14
                    },
                    "Nom Pr\u00e9nom":{
                        "0":"BARUS MELANIE"
                    },
                    "Licence":{
                        "0":1640063
                    }
                },
                "Team 2":{
                    "N\u00b0":{
                        "0":16
                    },
                    "Nom Pr\u00e9nom":{
                        "0":"BRIARD JULIE"
                    },
                    "Licence":{
                        "0":1353485
                    }
                }
            },
            "Officials":{
                "Team 1":{
                    "N\u00b0":{
                        "0":"EA",
                        "1":"EB"
                    },
                    "Nom Pr\u00e9nom":{
                        "0":"DESIATO DAMIEN",
                        "1":"CAZENAVE SOUPICOU THOMAS"
                    },
                    "Licence":{
                        "0":2140130,
                        "1":2138895
                    }
                },
                "Team 2":{
                    "N\u00b0":{
                        "0":"EA"
                    },
                    "Nom Pr\u00e9nom":{
                        "0":"BITON GUILLAUME"
                    },
                    "Licence":{
                        "0":1404263
                    }
                }
            }
        },
        "Results":{
            "winner":"ENTENTE SP BOURNOS DOU",
            "score":"2\/0"
        },
        "Referees":{
            "NOM Pr\u00e9nom":{
                "1er":"DOMINGUEZ MARTIAL",
                "2\u00e8me":"VANDEBROUCK THOMAS",
                "Marqueur":"CAZENEUVE PIERRETTE",
                "Marq.Ass":".",
                "nan":null
            },
            "Ligue":{
                "1er":"LIG_AQ",
                "2\u00e8me":"LIG_AQ",
                "Marqueur":"LIG_AQ",
                "Marq.Ass":null,
                "nan":"Juges"
            },
            "Licence":{
                "1er":1020314.0,
                "2\u00e8me":1842974.0,
                "Marqueur":1396083.0,
                "Marq.Ass":null,
                "nan":null
            }
        },
        "Penalties":{

        }
    }
}