{
    "Match":{
        "Title":{
            "div_code":"CXC ",
            "div_name":"COUPE DE FRANCE FEMININE AMATEUR",
            "div_pool":"C",
            "match_number":"CXC003",
            "match_day":"01",
            "city":"AIX EN PROVENCE",
            "gym":"HALLE CARCASSONNE",
            "category":"SENIOR | FEMININE",
            "ligue":"Comp\u00e9titions Nationales SENIORS",
            "date":"2019-12-14 00:00:00",
            "team_1":"AIX UNIVERSITE CLUB 13 VOLLEY-BALL",
            "team_2":"BOUSQUET BEDARIEUX V.B."
        },
        "Sets":{
            "Teams":{
                "Set 1":{
                    "Name":{
                        "Team 1":"AIX UNIVERSITE CLUB 13",
                        "Team 2":"BOUSQUET BEDARIEUX V.B"
                    },
                    "Starting":{
                        "Team 1":"Reception",
                        "Team 2":"Service"
                    }
                },
                "Set 2":{
                    "Name":{
                        "Team 1":"AIX UNIVERSITE CLUB 13",
                        "Team 2":"BOUSQUET BEDARIEUX V.B"
                    },
                    "Starting":{
                        "Team 1":"Service",
                        "Team 2":"Reception"
                    }
                },
                "Set 3":0,
                "Set 4":0,
                "Set 5":{
                    "Name":{
                        "Team 1":"BOUSQUET BEDARIEUX",
                        "Team 2":"AIX UNIVERSITE CLUB"
                    },
                    "Starting":{
                        "Team 1":"Reception",
                        "Team 2":"Service"
                    }
                }
            },
            "Time":{
                "Set 1":{
                    "Time":{
                        "Start":"2021-12-14 18:53:00",
                        "End":"2021-12-14 19:18:00"
                    }
                },
                "Set 2":{
                    "Time":{
                        "Start":"2021-12-14 19:21:00",
                        "End":"2021-12-14 19:51:00"
                    }
                },
                "Set 3":0,
                "Set 4":0,
                "Set 5":{
                    "Time":{
                        "Start":"2021-12-14 19:55:00",
                        "End":"2021-12-14 20:11:00"
                    }
                }
            },
            "Substitutions 1":{
                "Set 1":{
                    "I":{
                        "0":3.0,
                        "1":null,
                        "2":null
                    },
                    "II":{
                        "0":7.0,
                        "1":null,
                        "2":null
                    },
                    "III":{
                        "0":"8",
                        "1":"6",
                        "2":"0:5"
                    },
                    "IV":{
                        "0":"9",
                        "1":"17",
                        "2":"1:9"
                    },
                    "V":{
                        "0":2.0,
                        "1":null,
                        "2":null
                    },
                    "VI":{
                        "0":11.0,
                        "1":null,
                        "2":null
                    }
                },
                "Set 2":{
                    "I":{
                        "0":"1",
                        "1":"3",
                        "2":"13:12"
                    },
                    "II":{
                        "0":"7",
                        "1":"5",
                        "2":"3:3"
                    },
                    "III":{
                        "0":"8",
                        "1":"17",
                        "2":"24:20"
                    },
                    "IV":{
                        "0":9.0,
                        "1":null,
                        "2":null
                    },
                    "V":{
                        "0":2.0,
                        "1":null,
                        "2":null
                    },
                    "VI":{
                        "0":11.0,
                        "1":null,
                        "2":null
                    }
                },
                "Set 3":0,
                "Set 4":0,
                "Set 5":{
                    "I":{
                        "0":3
                    },
                    "II":{
                        "0":11
                    },
                    "III":{
                        "0":6
                    },
                    "IV":{
                        "0":16
                    },
                    "V":{
                        "0":7
                    },
                    "VI":{
                        "0":14
                    }
                }
            },
            "Substitutions 2":{
                "Set 1":{
                    "I":{
                        "0":14
                    },
                    "II":{
                        "0":3
                    },
                    "III":{
                        "0":11
                    },
                    "IV":{
                        "0":6
                    },
                    "V":{
                        "0":16
                    },
                    "VI":{
                        "0":7
                    }
                },
                "Set 2":{
                    "I":{
                        "0":7
                    },
                    "II":{
                        "0":10
                    },
                    "III":{
                        "0":3
                    },
                    "IV":{
                        "0":11
                    },
                    "V":{
                        "0":6
                    },
                    "VI":{
                        "0":16
                    }
                },
                "Set 3":0,
                "Set 4":0,
                "Set 5":{
                    "I":{
                        "0":3
                    },
                    "II":{
                        "0":5
                    },
                    "III":{
                        "0":17
                    },
                    "IV":{
                        "0":9
                    },
                    "V":{
                        "0":2
                    },
                    "VI":{
                        "0":11
                    }
                }
            },
            "Serves 1":{
                "Set 1":{
                    "I":{
                        "0":null,
                        "1":9.0
                    },
                    "II":{
                        "0":"1",
                        "1":11
                    },
                    "III":{
                        "0":"3",
                        "1":12
                    },
                    "IV":{
                        "0":"5",
                        "1":14
                    },
                    "V":{
                        "0":"6",
                        "1":15
                    },
                    "VI":{
                        "0":"8",
                        "1":null
                    }
                },
                "Set 2":{
                    "I":{
                        "0":"0",
                        "1":10,
                        "2":25
                    },
                    "II":{
                        "0":"2",
                        "1":13.0,
                        "2":null
                    },
                    "III":{
                        "0":"3",
                        "1":15.0,
                        "2":null
                    },
                    "IV":{
                        "0":"4",
                        "1":16.0,
                        "2":null
                    },
                    "V":{
                        "0":"5",
                        "1":19.0,
                        "2":null
                    },
                    "VI":{
                        "0":"7",
                        "1":24.0,
                        "2":null
                    }
                },
                "Set 3":0,
                "Set 4":0,
                "Set 5":{
                    "I":{
                        "0":"Unnamed: 6",
                        "1":11
                    },
                    "II":{
                        "0":"2",
                        "1":15
                    },
                    "III":{
                        "0":"3",
                        "1":null
                    },
                    "IV":{
                        "0":"6",
                        "1":null
                    },
                    "V":{
                        "0":"9",
                        "1":null
                    },
                    "VI":{
                        "0":"10",
                        "1":null
                    }
                }
            },
            "Serves 2":{
                "Set 1":{
                    "I":{
                        "0":"7",
                        "1":16
                    },
                    "II":{
                        "0":"10",
                        "1":18
                    },
                    "III":{
                        "0":"12",
                        "1":20
                    },
                    "IV":{
                        "0":"13",
                        "1":24
                    },
                    "V":{
                        "0":"14",
                        "1":25
                    },
                    "VI":{
                        "0":"15",
                        "1":null
                    }
                },
                "Set 2":{
                    "I":{
                        "0":null,
                        "1":8.0,
                        "2":20.0
                    },
                    "II":{
                        "0":"2",
                        "1":11.0,
                        "2":null
                    },
                    "III":{
                        "0":"3",
                        "1":13.0,
                        "2":null
                    },
                    "IV":{
                        "0":"5",
                        "1":14.0,
                        "2":null
                    },
                    "V":{
                        "0":"6",
                        "1":15.0,
                        "2":null
                    },
                    "VI":{
                        "0":"7",
                        "1":16.0,
                        "2":null
                    }
                },
                "Set 3":0,
                "Set 4":0,
                "Set 5":{
                    "I":{
                        "0":"1",
                        "1":9
                    },
                    "II":{
                        "0":"2",
                        "1":null
                    },
                    "III":{
                        "0":"4",
                        "1":null
                    },
                    "IV":{
                        "0":"5",
                        "1":null
                    },
                    "V":{
                        "0":"6",
                        "1":null
                    },
                    "VI":{
                        "0":"8",
                        "1":null
                    }
                }
            },
            "Timeouts 1":{
                "Set 1":{
                    "T":{
                        "0":"0:4",
                        "1":"14:21"
                    }
                },
                "Set 2":{
                    "T":{
                        "0":"24:18"
                    }
                },
                "Set 3":0,
                "Set 4":0,
                "Set 5":{
                    "T":{
                        "0":"10:8"
                    }
                }
            },
            "Timeouts 2":{
                "Set 1":{
                    "T":{

                    }
                },
                "Set 2":{
                    "T":{
                        "0":"11:12",
                        "1":"16:21"
                    }
                },
                "Set 3":0,
                "Set 4":0,
                "Set 5":{
                    "T":{
                        "0":"5:9",
                        "1":"9:13"
                    }
                }
            }
        },
        "Teams":{
            "Name":{
                "Team 1":"AIX UNIVERSITE CLUB 13 VOLLEY-",
                "Team 2":"BOUSQUET BEDARIEUX V.B."
            },
            "Players":{
                "Team 1":{
                    "N\u00b0":{
                        "0":1,
                        "1":2,
                        "2":3,
                        "3":5,
                        "4":6,
                        "5":7,
                        "6":8,
                        "7":9,
                        "8":11,
                        "9":12,
                        "10":17
                    },
                    "Nom Pr\u00e9nom":{
                        "0":"ABDOU YASMINA",
                        "1":"HUMBERT JULIETTE",
                        "2":"BOULBES MANON",
                        "3":"RICO PAULINE",
                        "4":"LAPOIRIE CANDICE",
                        "5":"PASTER CALEIGH",
                        "6":"CRETTE MAUD",
                        "7":"DUTHILLEUL COLINE",
                        "8":"LE SOUDIER LEA",
                        "9":"SEKULIC JELENA",
                        "10":"DAOUDAL PAULINE"
                    },
                    "Licence":{
                        "0":1846604,
                        "1":1912108,
                        "2":1997058,
                        "3":1792875,
                        "4":2265141,
                        "5":2415732,
                        "6":2009946,
                        "7":1683833,
                        "8":1644179,
                        "9":2357010,
                        "10":1864953
                    }
                },
                "Team 2":{
                    "N\u00b0":{
                        "0":3,
                        "1":6,
                        "2":7,
                        "3":8,
                        "4":10,
                        "5":11,
                        "6":14,
                        "7":16,
                        "8":18
                    },
                    "Nom Pr\u00e9nom":{
                        "0":"DOUCET COLINE",
                        "1":"ROUGEOT AMELIE",
                        "2":"CAZALS JADE",
                        "3":"MALIGE JUSTINE",
                        "4":"CALMETTE CLAIRE",
                        "5":"POITEREAU EMMA",
                        "6":"RONCEN MARGOT",
                        "7":"MARIGNIER MYLENE",
                        "8":"RODRIGUEZ LOLA"
                    },
                    "Licence":{
                        "0":1967570,
                        "1":1802103,
                        "2":1994551,
                        "3":1873299,
                        "4":1727723,
                        "5":2001125,
                        "6":1995485,
                        "7":1893249,
                        "8":1719921
                    }
                }
            },
            "Liberos":{
                "Team 1":{
                    "N\u00b0":{
                        "0":12
                    },
                    "Nom Pr\u00e9nom":{
                        "0":"SEKULIC JELENA"
                    },
                    "Licence":{
                        "0":2357010
                    }
                },
                "Team 2":{
                    "N\u00b0":{
                        "0":18
                    },
                    "Nom Pr\u00e9nom":{
                        "0":"RODRIGUEZ LOLA"
                    },
                    "Licence":{
                        "0":1719921
                    }
                }
            },
            "Officials":{
                "Team 1":{
                    "N\u00b0":{
                        "0":"EA"
                    },
                    "Nom Pr\u00e9nom":{
                        "0":"NGOUA ULRICH LIONEL"
                    },
                    "Licence":{
                        "0":1877126
                    }
                },
                "Team 2":{
                    "N\u00b0":{
                        "0":"EA"
                    },
                    "Nom Pr\u00e9nom":{
                        "0":"DESSOLY QUENTIN"
                    },
                    "Licence":{
                        "0":1553965
                    }
                }
            }
        },
        "Results":{
            "winner":"BOUSQUET BEDARIEUX V.B",
            "score":"2\/1"
        },
        "Referees":{
            "NOM Pr\u00e9nom":{
                "1er":"LAMY STEPHANE",
                "2\u00e8me":"GADIER GWENDOLINE",
                "Marqueur":"GILLY LUCAS",
                "Marq.Ass":".",
                "nan":null
            },
            "Ligue":{
                "1er":"LIG_PAC",
                "2\u00e8me":"LIG_PAC",
                "Marqueur":"LIG_PAC",
                "Marq.Ass":null,
                "nan":"Juges"
            },
            "Licence":{
                "1er":862771.0,
                "2\u00e8me":1860142.0,
                "Marqueur":2191557.0,
                "Marq.Ass":null,
                "nan":null
            }
        },
        "Penalties":{

        }
    }
}