{
    "Match":{
        "Title":{
            "div_code":"CXE ",
            "div_name":"COUPE DE FRANCE FEMININE AMATEUR",
            "div_pool":"E",
            "match_number":"CXE001",
            "match_day":"01",
            "city":"EPINAY-SOUS-S\u00c9NART",
            "gym":"COMPLEXE SPORTIF MUNICIPAL",
            "category":"SENIOR | FEMININE",
            "ligue":"Comp\u00e9titions Nationales SENIORS",
            "date":"2019-12-14 17:00:00",
            "team_1":"AS VB DU VAL D'YERRES",
            "team_2":"VB TORCY MARNE LA VALLEE"
        },
        "Sets":{
            "Teams":{
                "Set 1":{
                    "Name":{
                        "Team 1":"VB TORCY MARNE LA VALL",
                        "Team 2":"AS VB DU VAL D'YERRES"
                    },
                    "Starting":{
                        "Team 1":"Reception",
                        "Team 2":"Service"
                    }
                },
                "Set 2":{
                    "Name":{
                        "Team 1":"VB TORCY MARNE LA VALL",
                        "Team 2":"AS VB DU VAL D'YERRES"
                    },
                    "Starting":{
                        "Team 1":"Service",
                        "Team 2":"Reception"
                    }
                },
                "Set 3":0,
                "Set 4":0,
                "Set 5":{
                    "Name":{
                        "Team 1":"AS VB DU VAL D'YERR",
                        "Team 2":"VB TORCY MARNE LA V"
                    },
                    "Starting":{
                        "Team 1":"Service",
                        "Team 2":"Reception"
                    }
                }
            },
            "Time":{
                "Set 1":{
                    "Time":{
                        "Start":"2019-12-14 17:00:00",
                        "End":"2019-12-14 17:25:00"
                    }
                },
                "Set 2":{
                    "Time":{
                        "Start":"2019-12-14 17:29:00",
                        "End":"2019-12-14 17:59:00"
                    }
                },
                "Set 3":0,
                "Set 4":0,
                "Set 5":{
                    "Time":{
                        "Start":"2019-12-14 18:02:00",
                        "End":"2019-12-14 18:17:00"
                    }
                }
            },
            "Substitutions 1":{
                "Set 1":{
                    "I":{
                        "0":13.0,
                        "1":null,
                        "2":null
                    },
                    "II":{
                        "0":10.0,
                        "1":null,
                        "2":null
                    },
                    "III":{
                        "0":11.0,
                        "1":null,
                        "2":null
                    },
                    "IV":{
                        "0":"3",
                        "1":"9",
                        "2":"14:19"
                    },
                    "V":{
                        "0":12.0,
                        "1":null,
                        "2":null
                    },
                    "VI":{
                        "0":2.0,
                        "1":null,
                        "2":null
                    }
                },
                "Set 2":{
                    "I":{
                        "0":3.0,
                        "1":null,
                        "2":null
                    },
                    "II":{
                        "0":12.0,
                        "1":null,
                        "2":null
                    },
                    "III":{
                        "0":"2",
                        "1":"8",
                        "2":"25:24"
                    },
                    "IV":{
                        "0":13.0,
                        "1":null,
                        "2":null
                    },
                    "V":{
                        "0":"10",
                        "1":"7",
                        "2":"6:6"
                    },
                    "VI":{
                        "0":"9",
                        "1":"11",
                        "2":"24:24"
                    }
                },
                "Set 3":0,
                "Set 4":0,
                "Set 5":{
                    "I":{
                        "0":6.0,
                        "1":null,
                        "2":null,
                        "3":null
                    },
                    "II":{
                        "0":"15",
                        "1":"18",
                        "2":"7:13",
                        "3":null
                    },
                    "III":{
                        "0":12.0,
                        "1":null,
                        "2":null,
                        "3":null
                    },
                    "IV":{
                        "0":8.0,
                        "1":null,
                        "2":null,
                        "3":null
                    },
                    "V":{
                        "0":"7",
                        "1":"4",
                        "2":"4:6",
                        "3":"7:13"
                    },
                    "VI":{
                        "0":11.0,
                        "1":null,
                        "2":null,
                        "3":null
                    }
                }
            },
            "Substitutions 2":{
                "Set 1":{
                    "I":{
                        "0":6.0,
                        "1":null,
                        "2":null
                    },
                    "II":{
                        "0":"15",
                        "1":"4",
                        "2":"17:14"
                    },
                    "III":{
                        "0":12.0,
                        "1":null,
                        "2":null
                    },
                    "IV":{
                        "0":11.0,
                        "1":null,
                        "2":null
                    },
                    "V":{
                        "0":7.0,
                        "1":null,
                        "2":null
                    },
                    "VI":{
                        "0":8.0,
                        "1":null,
                        "2":null
                    }
                },
                "Set 2":{
                    "I":{
                        "0":8.0,
                        "1":null,
                        "2":null
                    },
                    "II":{
                        "0":6.0,
                        "1":null,
                        "2":null
                    },
                    "III":{
                        "0":15.0,
                        "1":null,
                        "2":null
                    },
                    "IV":{
                        "0":12.0,
                        "1":null,
                        "2":null
                    },
                    "V":{
                        "0":11.0,
                        "1":null,
                        "2":null
                    },
                    "VI":{
                        "0":"7",
                        "1":"4",
                        "2":"18:18"
                    }
                },
                "Set 3":0,
                "Set 4":0,
                "Set 5":{
                    "I":{
                        "0":3.0,
                        "1":null,
                        "2":null
                    },
                    "II":{
                        "0":12.0,
                        "1":null,
                        "2":null
                    },
                    "III":{
                        "0":2.0,
                        "1":null,
                        "2":null
                    },
                    "IV":{
                        "0":13.0,
                        "1":null,
                        "2":null
                    },
                    "V":{
                        "0":7.0,
                        "1":null,
                        "2":null
                    },
                    "VI":{
                        "0":"9",
                        "1":"10",
                        "2":"14:9"
                    }
                }
            },
            "Serves 1":{
                "Set 1":{
                    "I":{
                        "0":null,
                        "1":11.0
                    },
                    "II":{
                        "0":"1",
                        "1":14
                    },
                    "III":{
                        "0":"4",
                        "1":16
                    },
                    "IV":{
                        "0":"6",
                        "1":17
                    },
                    "V":{
                        "0":"8",
                        "1":20
                    },
                    "VI":{
                        "0":"10",
                        "1":null
                    }
                },
                "Set 2":{
                    "I":{
                        "0":"3",
                        "1":9,
                        "2":24
                    },
                    "II":{
                        "0":"4",
                        "1":12,
                        "2":26
                    },
                    "III":{
                        "0":"5",
                        "1":14.0,
                        "2":null
                    },
                    "IV":{
                        "0":"6",
                        "1":17.0,
                        "2":null
                    },
                    "V":{
                        "0":"7",
                        "1":18.0,
                        "2":null
                    },
                    "VI":{
                        "0":"8",
                        "1":19.0,
                        "2":null
                    }
                },
                "Set 3":0,
                "Set 4":0,
                "Set 5":{
                    "I":{
                        "0":"0",
                        "1":7
                    },
                    "II":{
                        "0":"1",
                        "1":9
                    },
                    "III":{
                        "0":"2",
                        "1":null
                    },
                    "IV":{
                        "0":"3",
                        "1":null
                    },
                    "V":{
                        "0":"4",
                        "1":null
                    },
                    "VI":{
                        "0":"5",
                        "1":null
                    }
                }
            },
            "Serves 2":{
                "Set 1":{
                    "I":{
                        "0":"0",
                        "1":16
                    },
                    "II":{
                        "0":"2",
                        "1":19
                    },
                    "III":{
                        "0":"9",
                        "1":22
                    },
                    "IV":{
                        "0":"10",
                        "1":24
                    },
                    "V":{
                        "0":"12",
                        "1":25
                    },
                    "VI":{
                        "0":"13",
                        "1":null
                    }
                },
                "Set 2":{
                    "I":{
                        "0":null,
                        "1":10.0,
                        "2":20.0
                    },
                    "II":{
                        "0":"1",
                        "1":11,
                        "2":24
                    },
                    "III":{
                        "0":"3",
                        "1":12.0,
                        "2":null
                    },
                    "IV":{
                        "0":"4",
                        "1":13.0,
                        "2":null
                    },
                    "V":{
                        "0":"7",
                        "1":17.0,
                        "2":null
                    },
                    "VI":{
                        "0":"8",
                        "1":18.0,
                        "2":null
                    }
                },
                "Set 3":0,
                "Set 4":0,
                "Set 5":{
                    "I":{
                        "0":null,
                        "1":10.0
                    },
                    "II":{
                        "0":"1",
                        "1":13
                    },
                    "III":{
                        "0":"3",
                        "1":15
                    },
                    "IV":{
                        "0":"5",
                        "1":null
                    },
                    "V":{
                        "0":"6",
                        "1":null
                    },
                    "VI":{
                        "0":"8",
                        "1":null
                    }
                }
            },
            "Timeouts 1":{
                "Set 1":{
                    "T":{
                        "0":"16:21"
                    }
                },
                "Set 2":{
                    "T":{
                        "0":"17:17",
                        "1":"24:22"
                    }
                },
                "Set 3":0,
                "Set 4":0,
                "Set 5":{
                    "T":{
                        "0":"7:12"
                    }
                }
            },
            "Timeouts 2":{
                "Set 1":{
                    "T":{
                        "0":"24:18"
                    }
                },
                "Set 2":{
                    "T":{
                        "0":"20:22",
                        "1":"24:25"
                    }
                },
                "Set 3":0,
                "Set 4":0,
                "Set 5":{
                    "T":{

                    }
                }
            }
        },
        "Teams":{
            "Name":{
                "Team 1":"AS VB DU VAL D'YERRES",
                "Team 2":"VB TORCY MARNE LA VALLEE"
            },
            "Players":{
                "Team 1":{
                    "N\u00b0":{
                        "0":4,
                        "1":5,
                        "2":6,
                        "3":7,
                        "4":8,
                        "5":11,
                        "6":12,
                        "7":14,
                        "8":15,
                        "9":18
                    },
                    "Nom Pr\u00e9nom":{
                        "0":"SERRE MANON",
                        "1":"TOURE HAWA",
                        "2":"SECQ SARA",
                        "3":"AGBODJAN JENNA",
                        "4":"HOEBANX EMELINE",
                        "5":"HOCINI MANEL",
                        "6":"AGOUTIN CORALIE",
                        "7":"DIOUF SOUKEYNA",
                        "8":"BAH MARYAM",
                        "9":"BOUAZIZ SAOUSSENE"
                    },
                    "Licence":{
                        "0":1882281,
                        "1":2004848,
                        "2":2090841,
                        "3":1773554,
                        "4":1792195,
                        "5":2356129,
                        "6":1971022,
                        "7":2186439,
                        "8":2032812,
                        "9":2120832
                    }
                },
                "Team 2":{
                    "N\u00b0":{
                        "0":1,
                        "1":2,
                        "2":3,
                        "3":6,
                        "4":7,
                        "5":8,
                        "6":9,
                        "7":10,
                        "8":11,
                        "9":12,
                        "10":13,
                        "11":18
                    },
                    "Nom Pr\u00e9nom":{
                        "0":"HURTADO AURORE",
                        "1":"BATTENDIER GAELLE",
                        "2":"EVANGELISTA LEA",
                        "3":"DALUZ SANDRA",
                        "4":"LAPHIASAKHOUA WENDY",
                        "5":"KEROUANTON ANAELLE",
                        "6":"LEGROGNEC MORGANE",
                        "7":"LABRADOR JOELLE",
                        "8":"KEROUANTON STERNN",
                        "9":"KANTE AMINATA",
                        "10":"AMORIN MELYNE",
                        "11":"HEMET C\u00e9LINE"
                    },
                    "Licence":{
                        "0":2252825,
                        "1":2143692,
                        "2":2038398,
                        "3":1962103,
                        "4":1815842,
                        "5":1801090,
                        "6":2358832,
                        "7":1948586,
                        "8":1804977,
                        "9":1880669,
                        "10":1955013,
                        "11":1948078
                    }
                }
            },
            "Liberos":{
                "Team 1":{
                    "N\u00b0":{
                        "0":5
                    },
                    "Nom Pr\u00e9nom":{
                        "0":"TOURE HAWA"
                    },
                    "Licence":{
                        "0":2004848
                    }
                },
                "Team 2":{
                    "N\u00b0":{
                        "0":1,
                        "1":18
                    },
                    "Nom Pr\u00e9nom":{
                        "0":"HURTADO AURORE",
                        "1":"HEMET C\u00e9LINE"
                    },
                    "Licence":{
                        "0":2252825,
                        "1":1948078
                    }
                }
            },
            "Officials":{
                "Team 1":{
                    "N\u00b0":{
                        "0":"EA"
                    },
                    "Nom Pr\u00e9nom":{
                        "0":"MOHAMED KHALED"
                    },
                    "Licence":{
                        "0":1866349
                    }
                },
                "Team 2":{
                    "N\u00b0":{
                        "0":"EA",
                        "1":"EB"
                    },
                    "Nom Pr\u00e9nom":{
                        "0":"GAYOL VIVIEN",
                        "1":"LEFAUX HERVE"
                    },
                    "Licence":{
                        "0":1416271,
                        "1":2415110
                    }
                }
            }
        },
        "Results":{
            "winner":"VB TORCY MARNE LA VALL",
            "score":"2\/1"
        },
        "Referees":{
            "NOM Pr\u00e9nom":{
                "1er":"OCTAVIE LUDIVINE",
                "2\u00e8me":"GONCALVES MARTINS MAGALIE",
                "Marqueur":"N'DIAYE PAPE",
                "Marq.Ass":".",
                "R.Salle":"DOS SANTOS SONIA"
            },
            "Ligue":{
                "1er":"LIG_IF",
                "2\u00e8me":"LIG_IF",
                "Marqueur":"LIG_IF",
                "Marq.Ass":null,
                "R.Salle":null
            },
            "Licence":{
                "1er":1890429.0,
                "2\u00e8me":1101438.0,
                "Marqueur":2185973.0,
                "Marq.Ass":null,
                "R.Salle":2406308.0
            }
        },
        "Penalties":{

        }
    }
}