{
    "Match":{
        "Title":{
            "div_code":"CXF ",
            "div_name":"COUPE DE FRANCE FEMININE AMATEUR",
            "div_pool":"F",
            "match_number":"CXF003",
            "match_day":"01",
            "city":"PARIS",
            "gym":"JULES LADOUMEGUE",
            "category":"SENIOR | FEMININE",
            "ligue":"Comp\u00e9titions Nationales SENIORS",
            "date":"2019-12-14 00:00:00",
            "team_1":"SPORTING CLUB NORD PARISIEN",
            "team_2":"VOLLEY SAINT VITOIS"
        },
        "Sets":{
            "Teams":{
                "Set 1":{
                    "Name":{
                        "Team 1":"SPORTING CLUB NORD PAR",
                        "Team 2":"VOLLEY SAINT VITOIS"
                    },
                    "Starting":{
                        "Team 1":"Service",
                        "Team 2":"Reception"
                    }
                },
                "Set 2":{
                    "Name":{
                        "Team 1":"SPORTING CLUB NORD PAR",
                        "Team 2":"VOLLEY SAINT VITOIS"
                    },
                    "Starting":{
                        "Team 1":"Reception",
                        "Team 2":"Service"
                    }
                },
                "Set 3":0,
                "Set 4":0,
                "Set 5":0
            },
            "Time":{
                "Set 1":{
                    "Time":{
                        "Start":"2021-12-14 19:48:00",
                        "End":"2021-12-14 20:07:00"
                    }
                },
                "Set 2":{
                    "Time":{
                        "Start":"2021-12-14 20:09:00",
                        "End":"2021-12-14 20:29:00"
                    }
                },
                "Set 3":0,
                "Set 4":0,
                "Set 5":0
            },
            "Substitutions 1":{
                "Set 1":{
                    "I":{
                        "0":10.0,
                        "1":null,
                        "2":null
                    },
                    "II":{
                        "0":15.0,
                        "1":null,
                        "2":null
                    },
                    "III":{
                        "0":9.0,
                        "1":null,
                        "2":null
                    },
                    "IV":{
                        "0":"7",
                        "1":"8",
                        "2":"18:8"
                    },
                    "V":{
                        "0":2.0,
                        "1":null,
                        "2":null
                    },
                    "VI":{
                        "0":5.0,
                        "1":null,
                        "2":null
                    }
                },
                "Set 2":{
                    "I":{
                        "0":2.0,
                        "1":null,
                        "2":null
                    },
                    "II":{
                        "0":10.0,
                        "1":null,
                        "2":null
                    },
                    "III":{
                        "0":15.0,
                        "1":null,
                        "2":null
                    },
                    "IV":{
                        "0":5.0,
                        "1":null,
                        "2":null
                    },
                    "V":{
                        "0":8.0,
                        "1":null,
                        "2":null
                    },
                    "VI":{
                        "0":"9",
                        "1":"12",
                        "2":"17:2"
                    }
                },
                "Set 3":0,
                "Set 4":0,
                "Set 5":0
            },
            "Substitutions 2":{
                "Set 1":{
                    "I":{
                        "0":13
                    },
                    "II":{
                        "0":20
                    },
                    "III":{
                        "0":11
                    },
                    "IV":{
                        "0":9
                    },
                    "V":{
                        "0":1
                    },
                    "VI":{
                        "0":14
                    }
                },
                "Set 2":{
                    "I":{
                        "0":13.0,
                        "1":null,
                        "2":null
                    },
                    "II":{
                        "0":20.0,
                        "1":null,
                        "2":null
                    },
                    "III":{
                        "0":"11",
                        "1":"8",
                        "2":"1:5"
                    },
                    "IV":{
                        "0":9.0,
                        "1":null,
                        "2":null
                    },
                    "V":{
                        "0":1.0,
                        "1":null,
                        "2":null
                    },
                    "VI":{
                        "0":14.0,
                        "1":null,
                        "2":null
                    }
                },
                "Set 3":0,
                "Set 4":0,
                "Set 5":0
            },
            "Serves 1":{
                "Set 1":{
                    "I":{
                        "0":"1",
                        "1":12
                    },
                    "II":{
                        "0":"3",
                        "1":19
                    },
                    "III":{
                        "0":"5",
                        "1":25
                    },
                    "IV":{
                        "0":"7",
                        "1":null
                    },
                    "V":{
                        "0":"9",
                        "1":null
                    },
                    "VI":{
                        "0":"10",
                        "1":null
                    }
                },
                "Set 2":{
                    "I":{
                        "0":null,
                        "1":23.0
                    },
                    "II":{
                        "0":"1",
                        "1":24
                    },
                    "III":{
                        "0":"11",
                        "1":25
                    },
                    "IV":{
                        "0":"18",
                        "1":null
                    },
                    "V":{
                        "0":"20",
                        "1":null
                    },
                    "VI":{
                        "0":"21",
                        "1":null
                    }
                },
                "Set 3":0,
                "Set 4":0,
                "Set 5":0
            },
            "Serves 2":{
                "Set 1":{
                    "I":{
                        "0":null,
                        "1":7.0
                    },
                    "II":{
                        "0":"1",
                        "1":8
                    },
                    "III":{
                        "0":"2",
                        "1":9
                    },
                    "IV":{
                        "0":"3",
                        "1":null
                    },
                    "V":{
                        "0":"4",
                        "1":null
                    },
                    "VI":{
                        "0":"6",
                        "1":null
                    }
                },
                "Set 2":{
                    "I":{
                        "0":"0",
                        "1":8
                    },
                    "II":{
                        "0":"1",
                        "1":10
                    },
                    "III":{
                        "0":"2",
                        "1":null
                    },
                    "IV":{
                        "0":"3",
                        "1":null
                    },
                    "V":{
                        "0":"4",
                        "1":null
                    },
                    "VI":{
                        "0":"7",
                        "1":null
                    }
                },
                "Set 3":0,
                "Set 4":0,
                "Set 5":0
            },
            "Timeouts 1":{
                "Set 1":{
                    "T":{

                    }
                },
                "Set 2":{
                    "T":{

                    }
                },
                "Set 3":0,
                "Set 4":0,
                "Set 5":0
            },
            "Timeouts 2":{
                "Set 1":{
                    "T":{
                        "0":"8:19",
                        "1":"9:22"
                    }
                },
                "Set 2":{
                    "T":{
                        "0":"1:5"
                    }
                },
                "Set 3":0,
                "Set 4":0,
                "Set 5":0
            }
        },
        "Teams":{
            "Name":{
                "Team 1":"SPORTING CLUB NORD PARISIEN",
                "Team 2":"VOLLEY SAINT VITOIS"
            },
            "Players":{
                "Team 1":{
                    "N\u00b0":{
                        "0":1,
                        "1":2,
                        "2":5,
                        "3":6,
                        "4":7,
                        "5":8,
                        "6":9,
                        "7":10,
                        "8":11,
                        "9":12,
                        "10":13,
                        "11":15
                    },
                    "Nom Pr\u00e9nom":{
                        "0":"KARAMOKO TAINE",
                        "1":"GEROSA FANNIE MARIA",
                        "2":"SALA VALENTINA ALICE MARIA",
                        "3":"NSANZUMUHIRE ALICIA",
                        "4":"NAUD NAJMA",
                        "5":"BIBEE ROSE-NEEVE MANUELA",
                        "6":"GRUDZINSKAITE RUGILE",
                        "7":"BEKIROGLU BEGUM",
                        "8":"GRIGAITE SAULE",
                        "9":"MACOVEI DIANA IOANA",
                        "10":"ANTASIUK ANASTASIYA",
                        "11":"PINCHUK KARYNA"
                    },
                    "Licence":{
                        "0":1809020,
                        "1":2350885,
                        "2":2372478,
                        "3":2155881,
                        "4":1766540,
                        "5":2159797,
                        "6":2406384,
                        "7":2370193,
                        "8":2406457,
                        "9":2409055,
                        "10":2350713,
                        "11":2350711
                    }
                },
                "Team 2":{
                    "N\u00b0":{
                        "0":1,
                        "1":7,
                        "2":8,
                        "3":9,
                        "4":11,
                        "5":13,
                        "6":14,
                        "7":20
                    },
                    "Nom Pr\u00e9nom":{
                        "0":"LALOUI SONIA",
                        "1":"DOCREMONT SOPHIE",
                        "2":"PEPIN MARION",
                        "3":"PARRENIN LAETITIA",
                        "4":"HAKKAR MOREL TESS",
                        "5":"RONDOT MEGANE",
                        "6":"PIQUEREY ADELINE",
                        "7":"JELSCH LAURA"
                    },
                    "Licence":{
                        "0":1755618,
                        "1":2001700,
                        "2":2177431,
                        "3":1907061,
                        "4":1950360,
                        "5":2210133,
                        "6":2100292,
                        "7":2308090
                    }
                }
            },
            "Liberos":{
                "Team 1":{
                    "N\u00b0":{
                        "0":6,
                        "1":13
                    },
                    "Nom Pr\u00e9nom":{
                        "0":"NSANZUMUHIRE ALICIA",
                        "1":"ANTASIUK ANASTASIYA"
                    },
                    "Licence":{
                        "0":2155881,
                        "1":2350713
                    }
                },
                "Team 2":{
                    "N\u00b0":{
                        "0":7
                    },
                    "Nom Pr\u00e9nom":{
                        "0":"DOCREMONT SOPHIE"
                    },
                    "Licence":{
                        "0":2001700
                    }
                }
            },
            "Officials":{
                "Team 1":{
                    "N\u00b0":{
                        "0":"EA",
                        "1":"EB"
                    },
                    "Nom Pr\u00e9nom":{
                        "0":"ENNIFAR DHAKOUANE",
                        "1":"EWANE ALAIN"
                    },
                    "Licence":{
                        "0":2056555,
                        "1":1680460
                    }
                },
                "Team 2":{
                    "N\u00b0":{
                        "0":"EA",
                        "1":"EB"
                    },
                    "Nom Pr\u00e9nom":{
                        "0":"SATTLER CL\u00e8MENT",
                        "1":"LULIN ALLAN"
                    },
                    "Licence":{
                        "0":1813575,
                        "1":1680880
                    }
                }
            }
        },
        "Results":{
            "winner":"SPORTING CLUB NORD PAR",
            "score":"2\/0"
        },
        "Referees":{
            "NOM Pr\u00e9nom":{
                "1er":"JAKIMOV VERIKA",
                "2\u00e8me":"HO FELIX",
                "Marqueur":"KANAAN JEAN",
                "Marq.Ass":".",
                "R.Salle":"WANE NGUILA EMMANUEL"
            },
            "Ligue":{
                "1er":"LIG_IF",
                "2\u00e8me":"LIG_IF",
                "Marqueur":"LIG_IF",
                "Marq.Ass":null,
                "R.Salle":"LIG_IF"
            },
            "Licence":{
                "1er":1113765.0,
                "2\u00e8me":1543747.0,
                "Marqueur":2361221.0,
                "Marq.Ass":null,
                "R.Salle":2037894.0
            }
        },
        "Penalties":{

        }
    }
}