{
    "Match":{
        "Title":{
            "div_code":"COF ",
            "div_name":"COUPE DE FRANCE FEMININE AMATEUR",
            "div_pool":"",
            "match_number":"COF004",
            "match_day":"02",
            "city":"EPINAY-SOUS-S\u00c9NART",
            "gym":"COMPLEXE SPORTIF MUNICIPAL",
            "category":"SENIOR | FEMININE",
            "ligue":"Comp\u00e9titions Nationales SENIORS",
            "date":"2020-02-08 20:00:00",
            "team_1":"AS VB DU VAL D'YERRES",
            "team_2":"CONFLANS-ANDRESY-JOUY VB"
        },
        "Sets":{
            "Teams":{
                "Set 1":{
                    "Name":{
                        "Team 1":"CONFLANS-ANDRESY-JOUY",
                        "Team 2":"AS VB DU VAL D'YERRES"
                    },
                    "Starting":{
                        "Team 1":"Reception",
                        "Team 2":"Service"
                    }
                },
                "Set 2":{
                    "Name":{
                        "Team 1":"CONFLANS-ANDRESY-JOUY",
                        "Team 2":"AS VB DU VAL D'YERRES"
                    },
                    "Starting":{
                        "Team 1":"Service",
                        "Team 2":"Reception"
                    }
                },
                "Set 3":{
                    "Name":{
                        "Team 1":"CONFLANS-ANDRESY-JOUY",
                        "Team 2":"AS VB DU VAL D'YERRES"
                    },
                    "Starting":{
                        "Team 1":"Reception",
                        "Team 2":"Service"
                    }
                },
                "Set 4":{
                    "Name":{
                        "Team 1":"CONFLANS-ANDRESY-JOUY",
                        "Team 2":"AS VB DU VAL D'YERRES"
                    },
                    "Starting":{
                        "Team 1":"Service",
                        "Team 2":"Reception"
                    }
                },
                "Set 5":0
            },
            "Time":{
                "Set 1":{
                    "Time":{
                        "Start":"2020-02-08 19:58:00",
                        "End":"2020-02-08 20:23:00"
                    }
                },
                "Set 2":{
                    "Time":{
                        "Start":"2020-02-08 20:27:00",
                        "End":"2020-02-08 20:54:00"
                    }
                },
                "Set 3":{
                    "Time":{
                        "Start":"2020-02-08 20:58:00",
                        "End":"2020-02-08 21:28:00"
                    }
                },
                "Set 4":{
                    "Time":{
                        "Start":"2020-02-08 21:31:00",
                        "End":"2020-02-08 21:55:00"
                    }
                },
                "Set 5":0
            },
            "Substitutions 1":{
                "Set 1":{
                    "I":{
                        "0":"8",
                        "1":"5",
                        "2":"16:16"
                    },
                    "II":{
                        "0":12.0,
                        "1":null,
                        "2":null
                    },
                    "III":{
                        "0":6.0,
                        "1":null,
                        "2":null
                    },
                    "IV":{
                        "0":18.0,
                        "1":null,
                        "2":null
                    },
                    "V":{
                        "0":11.0,
                        "1":null,
                        "2":null
                    },
                    "VI":{
                        "0":7.0,
                        "1":null,
                        "2":null
                    }
                },
                "Set 2":{
                    "I":{
                        "0":12.0,
                        "1":null,
                        "2":null
                    },
                    "II":{
                        "0":"6",
                        "1":"2",
                        "2":"5:13"
                    },
                    "III":{
                        "0":18.0,
                        "1":null,
                        "2":null
                    },
                    "IV":{
                        "0":11.0,
                        "1":null,
                        "2":null
                    },
                    "V":{
                        "0":7.0,
                        "1":null,
                        "2":null
                    },
                    "VI":{
                        "0":5.0,
                        "1":null,
                        "2":null
                    }
                },
                "Set 3":{
                    "I":{
                        "0":5
                    },
                    "II":{
                        "0":12
                    },
                    "III":{
                        "0":2
                    },
                    "IV":{
                        "0":18
                    },
                    "V":{
                        "0":11
                    },
                    "VI":{
                        "0":7
                    }
                },
                "Set 4":{
                    "I":{
                        "0":12
                    },
                    "II":{
                        "0":2
                    },
                    "III":{
                        "0":18
                    },
                    "IV":{
                        "0":11
                    },
                    "V":{
                        "0":7
                    },
                    "VI":{
                        "0":5
                    }
                },
                "Set 5":0
            },
            "Substitutions 2":{
                "Set 1":{
                    "I":{
                        "0":6
                    },
                    "II":{
                        "0":1
                    },
                    "III":{
                        "0":10
                    },
                    "IV":{
                        "0":11
                    },
                    "V":{
                        "0":3
                    },
                    "VI":{
                        "0":4
                    }
                },
                "Set 2":{
                    "I":{
                        "0":"4",
                        "1":"12",
                        "2":"13:6",
                        "3":null
                    },
                    "II":{
                        "0":6.0,
                        "1":null,
                        "2":null,
                        "3":null
                    },
                    "III":{
                        "0":"1",
                        "1":"9",
                        "2":"15:8",
                        "3":"15:9"
                    },
                    "IV":{
                        "0":10.0,
                        "1":null,
                        "2":null,
                        "3":null
                    },
                    "V":{
                        "0":11.0,
                        "1":null,
                        "2":null,
                        "3":null
                    },
                    "VI":{
                        "0":3.0,
                        "1":null,
                        "2":null,
                        "3":null
                    }
                },
                "Set 3":{
                    "I":{
                        "0":6.0,
                        "1":null,
                        "2":null,
                        "3":null
                    },
                    "II":{
                        "0":"1",
                        "1":"9",
                        "2":"12:14",
                        "3":"12:15"
                    },
                    "III":{
                        "0":10.0,
                        "1":null,
                        "2":null,
                        "3":null
                    },
                    "IV":{
                        "0":11.0,
                        "1":null,
                        "2":null,
                        "3":null
                    },
                    "V":{
                        "0":3.0,
                        "1":null,
                        "2":null,
                        "3":null
                    },
                    "VI":{
                        "0":12.0,
                        "1":null,
                        "2":null,
                        "3":null
                    }
                },
                "Set 4":{
                    "I":{
                        "0":12.0,
                        "1":null,
                        "2":null,
                        "3":null
                    },
                    "II":{
                        "0":6.0,
                        "1":null,
                        "2":null,
                        "3":null
                    },
                    "III":{
                        "0":"1",
                        "1":"9",
                        "2":"12:12",
                        "3":"12:13"
                    },
                    "IV":{
                        "0":"10",
                        "1":"16",
                        "2":"16:19",
                        "3":null
                    },
                    "V":{
                        "0":11.0,
                        "1":null,
                        "2":null,
                        "3":null
                    },
                    "VI":{
                        "0":3.0,
                        "1":null,
                        "2":null,
                        "3":null
                    }
                },
                "Set 5":0
            },
            "Serves 1":{
                "Set 1":{
                    "I":{
                        "0":null,
                        "1":6.0,
                        "2":18.0
                    },
                    "II":{
                        "0":"1",
                        "1":7,
                        "2":20
                    },
                    "III":{
                        "0":"2",
                        "1":11,
                        "2":25
                    },
                    "IV":{
                        "0":"3",
                        "1":13.0,
                        "2":null
                    },
                    "V":{
                        "0":"4",
                        "1":15.0,
                        "2":null
                    },
                    "VI":{
                        "0":"5",
                        "1":16.0,
                        "2":null
                    }
                },
                "Set 2":{
                    "I":{
                        "0":"0",
                        "1":7,
                        "2":21
                    },
                    "II":{
                        "0":"1",
                        "1":8.0,
                        "2":null
                    },
                    "III":{
                        "0":"2",
                        "1":9.0,
                        "2":null
                    },
                    "IV":{
                        "0":"3",
                        "1":12.0,
                        "2":null
                    },
                    "V":{
                        "0":"4",
                        "1":18.0,
                        "2":null
                    },
                    "VI":{
                        "0":"5",
                        "1":19.0,
                        "2":null
                    }
                },
                "Set 3":{
                    "I":{
                        "0":null,
                        "1":13.0,
                        "2":23.0
                    },
                    "II":{
                        "0":"1",
                        "1":14,
                        "2":25
                    },
                    "III":{
                        "0":"7",
                        "1":17.0,
                        "2":null
                    },
                    "IV":{
                        "0":"8",
                        "1":18.0,
                        "2":null
                    },
                    "V":{
                        "0":"10",
                        "1":19.0,
                        "2":null
                    },
                    "VI":{
                        "0":"11",
                        "1":21.0,
                        "2":null
                    }
                },
                "Set 4":{
                    "I":{
                        "0":"1",
                        "1":11,
                        "2":23
                    },
                    "II":{
                        "0":"2",
                        "1":12,
                        "2":25
                    },
                    "III":{
                        "0":"3",
                        "1":14.0,
                        "2":null
                    },
                    "IV":{
                        "0":"4",
                        "1":16.0,
                        "2":null
                    },
                    "V":{
                        "0":"5",
                        "1":17.0,
                        "2":null
                    },
                    "VI":{
                        "0":"8",
                        "1":19.0,
                        "2":null
                    }
                },
                "Set 5":0
            },
            "Serves 2":{
                "Set 1":{
                    "I":{
                        "0":"0",
                        "1":10,
                        "2":17
                    },
                    "II":{
                        "0":"1",
                        "1":11,
                        "2":19
                    },
                    "III":{
                        "0":"2",
                        "1":12.0,
                        "2":null
                    },
                    "IV":{
                        "0":"4",
                        "1":14.0,
                        "2":null
                    },
                    "V":{
                        "0":"5",
                        "1":15.0,
                        "2":null
                    },
                    "VI":{
                        "0":"8",
                        "1":16.0,
                        "2":null
                    }
                },
                "Set 2":{
                    "I":{
                        "0":null,
                        "1":13.0,
                        "2":23.0
                    },
                    "II":{
                        "0":"2",
                        "1":14,
                        "2":25
                    },
                    "III":{
                        "0":"5",
                        "1":15.0,
                        "2":null
                    },
                    "IV":{
                        "0":"8",
                        "1":18.0,
                        "2":null
                    },
                    "V":{
                        "0":"11",
                        "1":19.0,
                        "2":null
                    },
                    "VI":{
                        "0":"12",
                        "1":21.0,
                        "2":null
                    }
                },
                "Set 3":{
                    "I":{
                        "0":"0",
                        "1":11,
                        "2":23
                    },
                    "II":{
                        "0":"2",
                        "1":12.0,
                        "2":null
                    },
                    "III":{
                        "0":"5",
                        "1":14.0,
                        "2":null
                    },
                    "IV":{
                        "0":"6",
                        "1":15.0,
                        "2":null
                    },
                    "V":{
                        "0":"7",
                        "1":16.0,
                        "2":null
                    },
                    "VI":{
                        "0":"8",
                        "1":18.0,
                        "2":null
                    }
                },
                "Set 4":{
                    "I":{
                        "0":null,
                        "1":10.0,
                        "2":17.0
                    },
                    "II":{
                        "0":"1",
                        "1":11,
                        "2":18
                    },
                    "III":{
                        "0":"2",
                        "1":12.0,
                        "2":null
                    },
                    "IV":{
                        "0":"4",
                        "1":13.0,
                        "2":null
                    },
                    "V":{
                        "0":"7",
                        "1":14.0,
                        "2":null
                    },
                    "VI":{
                        "0":"9",
                        "1":15.0,
                        "2":null
                    }
                },
                "Set 5":0
            },
            "Timeouts 1":{
                "Set 1":{
                    "T":{

                    }
                },
                "Set 2":{
                    "T":{
                        "0":"9:18"
                    }
                },
                "Set 3":{
                    "T":{
                        "0":"23:21",
                        "1":"23:23"
                    }
                },
                "Set 4":{
                    "T":{

                    }
                },
                "Set 5":0
            },
            "Timeouts 2":{
                "Set 1":{
                    "T":{

                    }
                },
                "Set 2":{
                    "T":{
                        "0":"19:15"
                    }
                },
                "Set 3":{
                    "T":{
                        "0":"6:10",
                        "1":"23:24"
                    }
                },
                "Set 4":{
                    "T":{
                        "0":"17:21"
                    }
                },
                "Set 5":0
            }
        },
        "Teams":{
            "Name":{
                "Team 1":"AS VB DU VAL D'YERRES",
                "Team 2":"CONFLANS-ANDRESY-JOUY VB"
            },
            "Players":{
                "Team 1":{
                    "N\u00b0":{
                        "0":1,
                        "1":3,
                        "2":4,
                        "3":5,
                        "4":6,
                        "5":9,
                        "6":10,
                        "7":11,
                        "8":12,
                        "9":16,
                        "10":18
                    },
                    "Nom Pr\u00e9nom":{
                        "0":"BAH MARYAM",
                        "1":"AGBODJAN JENNA",
                        "2":"SERRE MANON",
                        "3":"TOURE HAWA",
                        "4":"SECQ SARA",
                        "5":"BOUAZIZ SAOUSSENE",
                        "6":"SOUIKEN TAYSSIR",
                        "7":"HOCINI MANEL",
                        "8":"AGOUTIN CORALIE",
                        "9":"DIOUF SOUKEYNA",
                        "10":"BOURIDANE MALEK"
                    },
                    "Licence":{
                        "0":2032812,
                        "1":1773554,
                        "2":1882281,
                        "3":2004848,
                        "4":2090841,
                        "5":2120832,
                        "6":1990471,
                        "7":2356129,
                        "8":1971022,
                        "9":2186439,
                        "10":2240259
                    }
                },
                "Team 2":{
                    "N\u00b0":{
                        "0":2,
                        "1":5,
                        "2":6,
                        "3":7,
                        "4":8,
                        "5":9,
                        "6":11,
                        "7":12,
                        "8":13,
                        "9":18
                    },
                    "Nom Pr\u00e9nom":{
                        "0":"NOMO VANESSA",
                        "1":"VIALA FLAVIE",
                        "2":"WANZENRIED LUCIE",
                        "3":"PAULY VIRGINIE",
                        "4":"CADROT TESSA",
                        "5":"MOREAU JOHANNE",
                        "6":"VOLEANIN POLINA",
                        "7":"MARION CAPUCINE",
                        "8":"ALLENET DE RIBEMONT CAMILLE",
                        "9":"NDIAYE SOKHNA ANTA"
                    },
                    "Licence":{
                        "0":1456944,
                        "1":1833337,
                        "2":1679678,
                        "3":1726173,
                        "4":1598735,
                        "5":1815504,
                        "6":2352313,
                        "7":1358229,
                        "8":2218749,
                        "9":2275406
                    }
                }
            },
            "Liberos":{
                "Team 1":{
                    "N\u00b0":{
                        "0":5
                    },
                    "Nom Pr\u00e9nom":{
                        "0":"TOURE HAWA"
                    },
                    "Licence":{
                        "0":2004848
                    }
                },
                "Team 2":{
                    "N\u00b0":{
                        "0":9,
                        "1":13
                    },
                    "Nom Pr\u00e9nom":{
                        "0":"MOREAU JOHANNE",
                        "1":"ALLENET DE RIBEMONT CAMILLE"
                    },
                    "Licence":{
                        "0":1815504,
                        "1":2218749
                    }
                }
            },
            "Officials":{
                "Team 1":{
                    "N\u00b0":{
                        "0":"EA"
                    },
                    "Nom Pr\u00e9nom":{
                        "0":"MOHAMED KHALED"
                    },
                    "Licence":{
                        "0":1866349
                    }
                },
                "Team 2":{
                    "N\u00b0":{
                        "0":"EA",
                        "1":"EB"
                    },
                    "Nom Pr\u00e9nom":{
                        "0":"SZERSZEN JACEK",
                        "1":"AJROUDI MANEL"
                    },
                    "Licence":{
                        "0":1119003,
                        "1":1594539
                    }
                }
            }
        },
        "Results":{
            "winner":"CONFLANS-ANDRESY-JOUY",
            "score":"3\/1"
        },
        "Referees":{
            "NOM Pr\u00e9nom":{
                "1er":"DE CASTRO MIGUEL",
                "2\u00e8me":"GREUILLET LAURENCE",
                "Marqueur":"N'DIAYE PAPE",
                "Marq.Ass":".",
                "R.Salle":"DOS SANTOS SONIA"
            },
            "Ligue":{
                "1er":"LIG_IF",
                "2\u00e8me":"LIG_IF",
                "Marqueur":"LIG_IF",
                "Marq.Ass":null,
                "R.Salle":null
            },
            "Licence":{
                "1er":1878952.0,
                "2\u00e8me":1869429.0,
                "Marqueur":2185973.0,
                "Marq.Ass":null,
                "R.Salle":2406308.0
            }
        },
        "Penalties":{

        }
    }
}