{
    "Match":{
        "Title":{
            "div_code":"COF ",
            "div_name":"COUPE DE FRANCE FEMININE AMATEUR",
            "div_pool":"",
            "match_number":"COF006",
            "match_day":"02",
            "city":"LE CRES",
            "gym":"SALLE JEAN MOULIN",
            "category":"SENIOR | FEMININE",
            "ligue":"Comp\u00e9titions Nationales SENIORS",
            "date":"2020-02-08 20:00:00",
            "team_1":"LE CRES VOLLEY-BALL",
            "team_2":"MJC LES FLEURS DE PAU"
        },
        "Sets":{
            "Teams":{
                "Set 1":{
                    "Name":{
                        "Team 1":"MJC LES FLEURS DE PAU",
                        "Team 2":"LE CRES VOLLEY-BALL"
                    },
                    "Starting":{
                        "Team 1":"Reception",
                        "Team 2":"Service"
                    }
                },
                "Set 2":{
                    "Name":{
                        "Team 1":"MJC LES FLEURS DE PAU",
                        "Team 2":"LE CRES VOLLEY-BALL"
                    },
                    "Starting":{
                        "Team 1":"Service",
                        "Team 2":"Reception"
                    }
                },
                "Set 3":{
                    "Name":{
                        "Team 1":"MJC LES FLEURS DE PAU",
                        "Team 2":"LE CRES VOLLEY-BALL"
                    },
                    "Starting":{
                        "Team 1":"Reception",
                        "Team 2":"Service"
                    }
                },
                "Set 4":0,
                "Set 5":0
            },
            "Time":{
                "Set 1":{
                    "Time":{
                        "Start":"2020-02-08 19:59:00",
                        "End":"2020-02-08 20:27:00"
                    }
                },
                "Set 2":{
                    "Time":{
                        "Start":"2020-02-08 20:31:00",
                        "End":"2020-02-08 20:58:00"
                    }
                },
                "Set 3":{
                    "Time":{
                        "Start":"2020-02-08 21:03:00",
                        "End":"2020-02-08 21:28:00"
                    }
                },
                "Set 4":0,
                "Set 5":0
            },
            "Substitutions 1":{
                "Set 1":{
                    "I":{
                        "0":12
                    },
                    "II":{
                        "0":5
                    },
                    "III":{
                        "0":3
                    },
                    "IV":{
                        "0":7
                    },
                    "V":{
                        "0":14
                    },
                    "VI":{
                        "0":2
                    }
                },
                "Set 2":{
                    "I":{
                        "0":12
                    },
                    "II":{
                        "0":5
                    },
                    "III":{
                        "0":3
                    },
                    "IV":{
                        "0":7
                    },
                    "V":{
                        "0":14
                    },
                    "VI":{
                        "0":2
                    }
                },
                "Set 3":{
                    "I":{
                        "0":12
                    },
                    "II":{
                        "0":5
                    },
                    "III":{
                        "0":3
                    },
                    "IV":{
                        "0":7
                    },
                    "V":{
                        "0":14
                    },
                    "VI":{
                        "0":2
                    }
                },
                "Set 4":0,
                "Set 5":0
            },
            "Substitutions 2":{
                "Set 1":{
                    "I":{
                        "0":2.0,
                        "1":null,
                        "2":null,
                        "3":null
                    },
                    "II":{
                        "0":7.0,
                        "1":null,
                        "2":null,
                        "3":null
                    },
                    "III":{
                        "0":6.0,
                        "1":null,
                        "2":null,
                        "3":null
                    },
                    "IV":{
                        "0":10.0,
                        "1":null,
                        "2":null,
                        "3":null
                    },
                    "V":{
                        "0":12.0,
                        "1":null,
                        "2":null,
                        "3":null
                    },
                    "VI":{
                        "0":"17",
                        "1":"8",
                        "2":"17:18",
                        "3":"18:21"
                    }
                },
                "Set 2":{
                    "I":{
                        "0":12.0,
                        "1":null,
                        "2":null,
                        "3":null
                    },
                    "II":{
                        "0":"17",
                        "1":"21",
                        "2":"14:22",
                        "3":null
                    },
                    "III":{
                        "0":"2",
                        "1":"3",
                        "2":"6:9",
                        "3":"11:17"
                    },
                    "IV":{
                        "0":7.0,
                        "1":null,
                        "2":null,
                        "3":null
                    },
                    "V":{
                        "0":6.0,
                        "1":null,
                        "2":null,
                        "3":null
                    },
                    "VI":{
                        "0":"10",
                        "1":"8",
                        "2":"6:9",
                        "3":"11:17"
                    }
                },
                "Set 3":{
                    "I":{
                        "0":"8",
                        "1":"2",
                        "2":"2:9",
                        "3":"6:21"
                    },
                    "II":{
                        "0":"3",
                        "1":"7",
                        "2":"6:19",
                        "3":null
                    },
                    "III":{
                        "0":"6",
                        "1":"21",
                        "2":"7:22",
                        "3":null
                    },
                    "IV":{
                        "0":10.0,
                        "1":null,
                        "2":null,
                        "3":null
                    },
                    "V":{
                        "0":12.0,
                        "1":null,
                        "2":null,
                        "3":null
                    },
                    "VI":{
                        "0":17.0,
                        "1":null,
                        "2":null,
                        "3":null
                    }
                },
                "Set 4":0,
                "Set 5":0
            },
            "Serves 1":{
                "Set 1":{
                    "I":{
                        "0":null,
                        "1":14.0
                    },
                    "II":{
                        "0":"3",
                        "1":15
                    },
                    "III":{
                        "0":"9",
                        "1":21
                    },
                    "IV":{
                        "0":"10",
                        "1":24
                    },
                    "V":{
                        "0":"12",
                        "1":25
                    },
                    "VI":{
                        "0":"13",
                        "1":null
                    }
                },
                "Set 2":{
                    "I":{
                        "0":"2",
                        "1":14
                    },
                    "II":{
                        "0":"4",
                        "1":15
                    },
                    "III":{
                        "0":"5",
                        "1":18
                    },
                    "IV":{
                        "0":"6",
                        "1":22
                    },
                    "V":{
                        "0":"8",
                        "1":24
                    },
                    "VI":{
                        "0":"13",
                        "1":25
                    }
                },
                "Set 3":{
                    "I":{
                        "0":null,
                        "1":23.0
                    },
                    "II":{
                        "0":"2",
                        "1":24
                    },
                    "III":{
                        "0":"10",
                        "1":25
                    },
                    "IV":{
                        "0":"11",
                        "1":null
                    },
                    "V":{
                        "0":"21",
                        "1":null
                    },
                    "VI":{
                        "0":"22",
                        "1":null
                    }
                },
                "Set 4":0,
                "Set 5":0
            },
            "Serves 2":{
                "Set 1":{
                    "I":{
                        "0":"0",
                        "1":14
                    },
                    "II":{
                        "0":"3",
                        "1":17
                    },
                    "III":{
                        "0":"6",
                        "1":18
                    },
                    "IV":{
                        "0":"9",
                        "1":20
                    },
                    "V":{
                        "0":"12",
                        "1":null
                    },
                    "VI":{
                        "0":"13",
                        "1":null
                    }
                },
                "Set 2":{
                    "I":{
                        "0":null,
                        "1":9.0
                    },
                    "II":{
                        "0":"1",
                        "1":10
                    },
                    "III":{
                        "0":"2",
                        "1":11
                    },
                    "IV":{
                        "0":"3",
                        "1":13
                    },
                    "V":{
                        "0":"4",
                        "1":14
                    },
                    "VI":{
                        "0":"6",
                        "1":17
                    }
                },
                "Set 3":{
                    "I":{
                        "0":"1",
                        "1":16
                    },
                    "II":{
                        "0":"2",
                        "1":17
                    },
                    "III":{
                        "0":"3",
                        "1":null
                    },
                    "IV":{
                        "0":"6",
                        "1":null
                    },
                    "V":{
                        "0":"7",
                        "1":null
                    },
                    "VI":{
                        "0":"14",
                        "1":null
                    }
                },
                "Set 4":0,
                "Set 5":0
            },
            "Timeouts 1":{
                "Set 1":{
                    "T":{
                        "0":"24:20"
                    }
                },
                "Set 2":{
                    "T":{
                        "0":"24:17"
                    }
                },
                "Set 3":{
                    "T":{
                        "0":"22:14"
                    }
                },
                "Set 4":0,
                "Set 5":0
            },
            "Timeouts 2":{
                "Set 1":{
                    "T":{
                        "0":"3:7",
                        "1":"17:19"
                    }
                },
                "Set 2":{
                    "T":{
                        "0":"6:12",
                        "1":"13:19"
                    }
                },
                "Set 3":{
                    "T":{
                        "0":"2:10",
                        "1":"6:18"
                    }
                },
                "Set 4":0,
                "Set 5":0
            }
        },
        "Teams":{
            "Name":{
                "Team 1":"LE CRES VOLLEY-BALL",
                "Team 2":"MJC LES FLEURS DE PAU"
            },
            "Players":{
                "Team 1":{
                    "N\u00b0":{
                        "0":2,
                        "1":3,
                        "2":6,
                        "3":7,
                        "4":8,
                        "5":10,
                        "6":12,
                        "7":14,
                        "8":17,
                        "9":21
                    },
                    "Nom Pr\u00e9nom":{
                        "0":"HELLEC LEA",
                        "1":"WEIRI KELLY",
                        "2":"CENTELLES CLAIRE",
                        "3":"CAPO ALEXIA",
                        "4":"TARDIEU MARION",
                        "5":"ESCOFFIER NOELIE",
                        "6":"PAVARD CARINE",
                        "7":"ADJOUHGNIOPE LILIANE",
                        "8":"GUIRAO GAELLE",
                        "9":"PANIS BERENGERE"
                    },
                    "Licence":{
                        "0":1843627,
                        "1":1848431,
                        "2":1742690,
                        "3":1761806,
                        "4":1696168,
                        "5":1901410,
                        "6":1537938,
                        "7":2266610,
                        "8":1615201,
                        "9":2031849
                    }
                },
                "Team 2":{
                    "N\u00b0":{
                        "0":2,
                        "1":3,
                        "2":5,
                        "3":7,
                        "4":12,
                        "5":14
                    },
                    "Nom Pr\u00e9nom":{
                        "0":"MORENO MATHILDE",
                        "1":"BELKOWICHE NATACHA",
                        "2":"MAKHCHANE YOUSSRA",
                        "3":"NICOLLE MELISSA",
                        "4":"BIZARRO VIRGINIE",
                        "5":"BONESSO ALEXIA"
                    },
                    "Licence":{
                        "0":1797404,
                        "1":1800905,
                        "2":1947871,
                        "3":1910188,
                        "4":1881836,
                        "5":2042124
                    }
                }
            },
            "Liberos":{
                "Team 1":{
                    "N\u00b0":{

                    },
                    "Nom Pr\u00e9nom":{

                    },
                    "Licence":{

                    }
                },
                "Team 2":{
                    "N\u00b0":{

                    },
                    "Nom Pr\u00e9nom":{

                    },
                    "Licence":{

                    }
                }
            },
            "Officials":{
                "Team 1":{
                    "N\u00b0":{
                        "0":"EA"
                    },
                    "Nom Pr\u00e9nom":{
                        "0":"TAOUPOULOU KEVIN"
                    },
                    "Licence":{
                        "0":1709950
                    }
                },
                "Team 2":{
                    "N\u00b0":{
                        "0":"EA"
                    },
                    "Nom Pr\u00e9nom":{
                        "0":"LAMARQUE OLIVIER"
                    },
                    "Licence":{
                        "0":1175956
                    }
                }
            }
        },
        "Results":{
            "winner":"MJC LES FLEURS DE PAU",
            "score":"3\/0"
        },
        "Referees":{
            "NOM Pr\u00e9nom":{
                "1er":"MOHAMED SAID",
                "2\u00e8me":"BOCCARD CEDRIC",
                "Marqueur":"VERHAEGHE MICHELE",
                "Marq.Ass":".",
                "R.Salle":"RUBIO OLLIER KARINE"
            },
            "Ligue":{
                "1er":"LIG_OCC",
                "2\u00e8me":"LIG_OCC",
                "Marqueur":null,
                "Marq.Ass":null,
                "R.Salle":"LIG_OCC"
            },
            "Licence":{
                "1er":1009147.0,
                "2\u00e8me":1550195.0,
                "Marqueur":1673209.0,
                "Marq.Ass":null,
                "R.Salle":2205640.0
            }
        },
        "Penalties":{

        }
    }
}