{
    "Match":{
        "Title":{
            "div_code":"EMA ",
            "div_name":"ELITE MASCULINE",
            "div_pool":"POULE A",
            "match_number":"EMA050",
            "match_day":"13",
            "city":"AVIGNON",
            "gym":"CHAMPFLEURY",
            "category":"SENIOR | MASCULIN",
            "ligue":"Comp\u00e9titions Nationales SENIORS",
            "date":"2020-02-01 20:00:00",
            "team_1":"AVIGNON VOLLEY BALL",
            "team_2":"RENNES ETUDIANTS CLUB 2 CFC"
        },
        "Sets":{
            "Teams":{
                "Set 1":{
                    "Name":{
                        "Team 1":"AVIGNON VOLLEY BALL",
                        "Team 2":"RENNES ETUDIANTS CLUB"
                    },
                    "Starting":{
                        "Team 1":"Service",
                        "Team 2":"Reception"
                    }
                },
                "Set 2":{
                    "Name":{
                        "Team 1":"AVIGNON VOLLEY BALL",
                        "Team 2":"RENNES ETUDIANTS CLUB"
                    },
                    "Starting":{
                        "Team 1":"Reception",
                        "Team 2":"Service"
                    }
                },
                "Set 3":{
                    "Name":{
                        "Team 1":"AVIGNON VOLLEY BALL",
                        "Team 2":"RENNES ETUDIANTS CLUB"
                    },
                    "Starting":{
                        "Team 1":"Service",
                        "Team 2":"Reception"
                    }
                },
                "Set 4":{
                    "Name":{
                        "Team 1":"AVIGNON VOLLEY BALL",
                        "Team 2":"RENNES ETUDIANTS CLUB"
                    },
                    "Starting":{
                        "Team 1":"Reception",
                        "Team 2":"Service"
                    }
                },
                "Set 5":0
            },
            "Time":{
                "Set 1":{
                    "Time":{
                        "Start":"2020-02-01 20:00:00",
                        "End":"2020-02-01 20:24:00"
                    }
                },
                "Set 2":{
                    "Time":{
                        "Start":"2020-02-01 20:28:00",
                        "End":"2020-02-01 20:55:00"
                    }
                },
                "Set 3":{
                    "Time":{
                        "Start":"2020-02-01 21:05:00",
                        "End":"2020-02-01 21:39:00"
                    }
                },
                "Set 4":{
                    "Time":{
                        "Start":"2020-02-01 21:42:00",
                        "End":"2020-02-01 22:06:00"
                    }
                },
                "Set 5":0
            },
            "Substitutions 1":{
                "Set 1":{
                    "I":{
                        "0":7.0,
                        "1":null,
                        "2":null
                    },
                    "II":{
                        "0":4.0,
                        "1":null,
                        "2":null
                    },
                    "III":{
                        "0":11.0,
                        "1":null,
                        "2":null
                    },
                    "IV":{
                        "0":17.0,
                        "1":null,
                        "2":null
                    },
                    "V":{
                        "0":6.0,
                        "1":null,
                        "2":null
                    },
                    "VI":{
                        "0":"14",
                        "1":"9",
                        "2":"23:17"
                    }
                },
                "Set 2":{
                    "I":{
                        "0":6.0,
                        "1":null,
                        "2":null
                    },
                    "II":{
                        "0":11.0,
                        "1":null,
                        "2":null
                    },
                    "III":{
                        "0":7.0,
                        "1":null,
                        "2":null
                    },
                    "IV":{
                        "0":4.0,
                        "1":null,
                        "2":null
                    },
                    "V":{
                        "0":"19",
                        "1":"14",
                        "2":"21:23"
                    },
                    "VI":{
                        "0":17.0,
                        "1":null,
                        "2":null
                    }
                },
                "Set 3":{
                    "I":{
                        "0":7.0,
                        "1":null,
                        "2":null,
                        "3":null
                    },
                    "II":{
                        "0":"4",
                        "1":"9",
                        "2":"10:14",
                        "3":"14:17"
                    },
                    "III":{
                        "0":"11",
                        "1":"19",
                        "2":"16:18",
                        "3":null
                    },
                    "IV":{
                        "0":17.0,
                        "1":null,
                        "2":null,
                        "3":null
                    },
                    "V":{
                        "0":6.0,
                        "1":null,
                        "2":null,
                        "3":null
                    },
                    "VI":{
                        "0":14.0,
                        "1":null,
                        "2":null,
                        "3":null
                    }
                },
                "Set 4":{
                    "I":{
                        "0":14
                    },
                    "II":{
                        "0":7
                    },
                    "III":{
                        "0":4
                    },
                    "IV":{
                        "0":19
                    },
                    "V":{
                        "0":17
                    },
                    "VI":{
                        "0":6
                    }
                },
                "Set 5":0
            },
            "Substitutions 2":{
                "Set 1":{
                    "I":{
                        "0":7.0,
                        "1":null,
                        "2":null,
                        "3":null
                    },
                    "II":{
                        "0":4.0,
                        "1":null,
                        "2":null,
                        "3":null
                    },
                    "III":{
                        "0":6.0,
                        "1":null,
                        "2":null,
                        "3":null
                    },
                    "IV":{
                        "0":5.0,
                        "1":null,
                        "2":null,
                        "3":null
                    },
                    "V":{
                        "0":"3",
                        "1":"9",
                        "2":"14:21",
                        "3":"18:23"
                    },
                    "VI":{
                        "0":8.0,
                        "1":null,
                        "2":null,
                        "3":null
                    }
                },
                "Set 2":{
                    "I":{
                        "0":7
                    },
                    "II":{
                        "0":4
                    },
                    "III":{
                        "0":6
                    },
                    "IV":{
                        "0":5
                    },
                    "V":{
                        "0":3
                    },
                    "VI":{
                        "0":8
                    }
                },
                "Set 3":{
                    "I":{
                        "0":7.0,
                        "1":null,
                        "2":null,
                        "3":null
                    },
                    "II":{
                        "0":4.0,
                        "1":null,
                        "2":null,
                        "3":null
                    },
                    "III":{
                        "0":6.0,
                        "1":null,
                        "2":null,
                        "3":null
                    },
                    "IV":{
                        "0":5.0,
                        "1":null,
                        "2":null,
                        "3":null
                    },
                    "V":{
                        "0":"3",
                        "1":"9",
                        "2":"18:16",
                        "3":"20:17"
                    },
                    "VI":{
                        "0":8.0,
                        "1":null,
                        "2":null,
                        "3":null
                    }
                },
                "Set 4":{
                    "I":{
                        "0":7.0,
                        "1":null,
                        "2":null
                    },
                    "II":{
                        "0":4.0,
                        "1":null,
                        "2":null
                    },
                    "III":{
                        "0":6.0,
                        "1":null,
                        "2":null
                    },
                    "IV":{
                        "0":5.0,
                        "1":null,
                        "2":null
                    },
                    "V":{
                        "0":"3",
                        "1":"9",
                        "2":"14:19"
                    },
                    "VI":{
                        "0":8.0,
                        "1":null,
                        "2":null
                    }
                },
                "Set 5":0
            },
            "Serves 1":{
                "Set 1":{
                    "I":{
                        "0":"1",
                        "1":14,
                        "2":25
                    },
                    "II":{
                        "0":"3",
                        "1":15.0,
                        "2":null
                    },
                    "III":{
                        "0":"5",
                        "1":19.0,
                        "2":null
                    },
                    "IV":{
                        "0":"7",
                        "1":20.0,
                        "2":null
                    },
                    "V":{
                        "0":"10",
                        "1":22.0,
                        "2":null
                    },
                    "VI":{
                        "0":"13",
                        "1":23.0,
                        "2":null
                    }
                },
                "Set 2":{
                    "I":{
                        "0":null,
                        "1":8.0,
                        "2":19.0
                    },
                    "II":{
                        "0":"2",
                        "1":9,
                        "2":20
                    },
                    "III":{
                        "0":"3",
                        "1":13,
                        "2":21
                    },
                    "IV":{
                        "0":"4",
                        "1":14,
                        "2":22
                    },
                    "V":{
                        "0":"5",
                        "1":17.0,
                        "2":null
                    },
                    "VI":{
                        "0":"6",
                        "1":18.0,
                        "2":null
                    }
                },
                "Set 3":{
                    "I":{
                        "0":"0",
                        "1":9,
                        "2":17
                    },
                    "II":{
                        "0":"1",
                        "1":10,
                        "2":20
                    },
                    "III":{
                        "0":"2",
                        "1":11,
                        "2":24
                    },
                    "IV":{
                        "0":"3",
                        "1":13,
                        "2":26
                    },
                    "V":{
                        "0":"7",
                        "1":15,
                        "2":29
                    },
                    "VI":{
                        "0":"8",
                        "1":16.0,
                        "2":null
                    }
                },
                "Set 4":{
                    "I":{
                        "0":null,
                        "1":10.0,
                        "2":22.0
                    },
                    "II":{
                        "0":"3",
                        "1":14,
                        "2":25
                    },
                    "III":{
                        "0":"4",
                        "1":15.0,
                        "2":null
                    },
                    "IV":{
                        "0":"5",
                        "1":16.0,
                        "2":null
                    },
                    "V":{
                        "0":"6",
                        "1":18.0,
                        "2":null
                    },
                    "VI":{
                        "0":"7",
                        "1":21.0,
                        "2":null
                    }
                },
                "Set 5":0
            },
            "Serves 2":{
                "Set 1":{
                    "I":{
                        "0":null,
                        "1":9.0,
                        "2":18.0
                    },
                    "II":{
                        "0":"2",
                        "1":11.0,
                        "2":null
                    },
                    "III":{
                        "0":"5",
                        "1":12.0,
                        "2":null
                    },
                    "IV":{
                        "0":"6",
                        "1":13.0,
                        "2":null
                    },
                    "V":{
                        "0":"7",
                        "1":14.0,
                        "2":null
                    },
                    "VI":{
                        "0":"8",
                        "1":17.0,
                        "2":null
                    }
                },
                "Set 2":{
                    "I":{
                        "0":"1",
                        "1":9,
                        "2":20
                    },
                    "II":{
                        "0":"2",
                        "1":10,
                        "2":21
                    },
                    "III":{
                        "0":"4",
                        "1":12,
                        "2":24
                    },
                    "IV":{
                        "0":"5",
                        "1":13,
                        "2":25
                    },
                    "V":{
                        "0":"6",
                        "1":14.0,
                        "2":null
                    },
                    "VI":{
                        "0":"7",
                        "1":16.0,
                        "2":null
                    }
                },
                "Set 3":{
                    "I":{
                        "0":null,
                        "1":13.0,
                        "2":19.0
                    },
                    "II":{
                        "0":"1",
                        "1":14,
                        "2":21
                    },
                    "III":{
                        "0":"4",
                        "1":15,
                        "2":22
                    },
                    "IV":{
                        "0":"6",
                        "1":16,
                        "2":25
                    },
                    "V":{
                        "0":"7",
                        "1":17,
                        "2":27
                    },
                    "VI":{
                        "0":"8",
                        "1":18.0,
                        "2":null
                    }
                },
                "Set 4":{
                    "I":{
                        "0":"0",
                        "1":6,
                        "2":18
                    },
                    "II":{
                        "0":"1",
                        "1":7.0,
                        "2":null
                    },
                    "III":{
                        "0":"2",
                        "1":8.0,
                        "2":null
                    },
                    "IV":{
                        "0":"3",
                        "1":11.0,
                        "2":null
                    },
                    "V":{
                        "0":"4",
                        "1":14.0,
                        "2":null
                    },
                    "VI":{
                        "0":"5",
                        "1":15.0,
                        "2":null
                    }
                },
                "Set 5":0
            },
            "Timeouts 1":{
                "Set 1":{
                    "T":{

                    }
                },
                "Set 2":{
                    "T":{
                        "0":"19:19",
                        "1":"21:23"
                    }
                },
                "Set 3":{
                    "T":{
                        "0":"2:6",
                        "1":"8:12"
                    }
                },
                "Set 4":{
                    "T":{
                        "0":"18:14"
                    }
                },
                "Set 5":0
            },
            "Timeouts 2":{
                "Set 1":{
                    "T":{
                        "0":"12:18",
                        "1":"14:22"
                    }
                },
                "Set 2":{
                    "T":{
                        "0":"10:13"
                    }
                },
                "Set 3":{
                    "T":{
                        "0":"17:15",
                        "1":"21:20"
                    }
                },
                "Set 4":{
                    "T":{
                        "0":"5:10",
                        "1":"6:13"
                    }
                },
                "Set 5":0
            }
        },
        "Teams":{
            "Name":{
                "Team 1":"AVIGNON VOLLEY BALL",
                "Team 2":"RENNES ETUDIANTS CLUB 2 CFC"
            },
            "Players":{
                "Team 1":{
                    "N\u00b0":{
                        "0":4,
                        "1":6,
                        "2":7,
                        "3":9,
                        "4":10,
                        "5":11,
                        "6":14,
                        "7":16,
                        "8":17,
                        "9":19
                    },
                    "Nom Pr\u00e9nom":{
                        "0":"TALIA MAONI",
                        "1":"PIRE MATHIAS",
                        "2":"MARTINEZ RICARDO",
                        "3":"SEGALIN ADRIEN",
                        "4":"BOULEAU PIERRE",
                        "5":"EL MAKNASY ANIS",
                        "6":"VANDOOREN VIANNEY",
                        "7":"RAUX CHARLY",
                        "8":"BOJOVIC MLADEN",
                        "9":"STANISIC BRANE"
                    },
                    "Licence":{
                        "0":1805239,
                        "1":1829273,
                        "2":1454586,
                        "3":1835285,
                        "4":1915300,
                        "5":2047108,
                        "6":1994145,
                        "7":1638521,
                        "8":2147201,
                        "9":2303737
                    }
                },
                "Team 2":{
                    "N\u00b0":{
                        "0":3,
                        "1":4,
                        "2":5,
                        "3":6,
                        "4":7,
                        "5":8,
                        "6":9
                    },
                    "Nom Pr\u00e9nom":{
                        "0":"BUNEL THOMAS",
                        "1":"ECKENSCHWILLER HUGO",
                        "2":"NEVOT TANGUY",
                        "3":"BITEAU NATHAN",
                        "4":"LE GARS PAUL",
                        "5":"IOTEFA BAPTISTE",
                        "6":"KLEIN VICTOR"
                    },
                    "Licence":{
                        "0":1901104,
                        "1":1893775,
                        "2":1732166,
                        "3":1872365,
                        "4":1775925,
                        "5":2307132,
                        "6":1807080
                    }
                }
            },
            "Liberos":{
                "Team 1":{
                    "N\u00b0":{
                        "0":10,
                        "1":16
                    },
                    "Nom Pr\u00e9nom":{
                        "0":"BOULEAU PIERRE",
                        "1":"RAUX CHARLY"
                    },
                    "Licence":{
                        "0":1915300,
                        "1":1638521
                    }
                },
                "Team 2":{
                    "N\u00b0":{

                    },
                    "Nom Pr\u00e9nom":{

                    },
                    "Licence":{

                    }
                }
            },
            "Officials":{
                "Team 1":{
                    "N\u00b0":{
                        "0":"EA",
                        "1":"SO"
                    },
                    "Nom Pr\u00e9nom":{
                        "0":"AMET JOSE",
                        "1":"BUIS S\u00e9BASTIEN"
                    },
                    "Licence":{
                        "0":962512,
                        "1":1631581
                    }
                },
                "Team 2":{
                    "N\u00b0":{
                        "0":"EA"
                    },
                    "Nom Pr\u00e9nom":{
                        "0":"BOUVET OLIVIER"
                    },
                    "Licence":{
                        "0":1593112
                    }
                }
            }
        },
        "Results":{
            "winner":"AVIGNON VOLLEY BALL",
            "score":"3\/1"
        },
        "Referees":{
            "NOM Pr\u00e9nom":{
                "1er":"MARSAL JULIEN",
                "2\u00e8me":"PROBSTER UTE",
                "Marqueur":"EKWA NGANGNANG WILLY-ANDREY",
                "Marq.Ass":".",
                "R.Salle":"MINSSEN THIERRY"
            },
            "Ligue":{
                "1er":"LIG_OCC",
                "2\u00e8me":"LIG_BFC",
                "Marqueur":"LIG_PAC",
                "Marq.Ass":null,
                "R.Salle":"LIG_PAC"
            },
            "Licence":{
                "1er":1513159.0,
                "2\u00e8me":1464176.0,
                "Marqueur":2357366.0,
                "Marq.Ass":null,
                "R.Salle":24208.0
            }
        },
        "Penalties":{

        }
    }
}