{
    "Match":{
        "Title":{
            "div_code":"EMA ",
            "div_name":"ELITE MASCULINE",
            "div_pool":"POULE A",
            "match_number":"EMA042",
            "match_day":"11",
            "city":"HARNES",
            "gym":"SALLE REGIONALE MARECHAL",
            "category":"SENIOR | MASCULIN",
            "ligue":"Comp\u00e9titions Nationales SENIORS",
            "date":"2020-01-18 20:00:00",
            "team_1":"HARNES VOLLEY-BALL",
            "team_2":"AL CAUDRY VOLLEY-BALL"
        },
        "Sets":{
            "Teams":{
                "Set 1":{
                    "Name":{
                        "Team 1":"AL CAUDRY VOLLEY-BALL",
                        "Team 2":"HARNES VOLLEY-BALL"
                    },
                    "Starting":{
                        "Team 1":"Reception",
                        "Team 2":"Service"
                    }
                },
                "Set 2":{
                    "Name":{
                        "Team 1":"AL CAUDRY VOLLEY-BALL",
                        "Team 2":"HARNES VOLLEY-BALL"
                    },
                    "Starting":{
                        "Team 1":"Service",
                        "Team 2":"Reception"
                    }
                },
                "Set 3":{
                    "Name":{
                        "Team 1":"AL CAUDRY VOLLEY-BALL",
                        "Team 2":"HARNES VOLLEY-BALL"
                    },
                    "Starting":{
                        "Team 1":"Reception",
                        "Team 2":"Service"
                    }
                },
                "Set 4":{
                    "Name":{
                        "Team 1":"AL CAUDRY VOLLEY-BALL",
                        "Team 2":"HARNES VOLLEY-BALL"
                    },
                    "Starting":{
                        "Team 1":"Service",
                        "Team 2":"Reception"
                    }
                },
                "Set 5":0
            },
            "Time":{
                "Set 1":{
                    "Time":{
                        "Start":"2020-01-18 20:01:00",
                        "End":"2020-01-18 20:28:00"
                    }
                },
                "Set 2":{
                    "Time":{
                        "Start":"2020-01-18 20:31:00",
                        "End":"2020-01-18 20:59:00"
                    }
                },
                "Set 3":{
                    "Time":{
                        "Start":"2020-01-18 21:09:00",
                        "End":"2020-01-18 21:37:00"
                    }
                },
                "Set 4":{
                    "Time":{
                        "Start":"2020-01-18 21:41:00",
                        "End":"2020-01-18 22:08:00"
                    }
                },
                "Set 5":0
            },
            "Substitutions 1":{
                "Set 1":{
                    "I":{
                        "0":11
                    },
                    "II":{
                        "0":9
                    },
                    "III":{
                        "0":4
                    },
                    "IV":{
                        "0":5
                    },
                    "V":{
                        "0":15
                    },
                    "VI":{
                        "0":7
                    }
                },
                "Set 2":{
                    "I":{
                        "0":9
                    },
                    "II":{
                        "0":4
                    },
                    "III":{
                        "0":5
                    },
                    "IV":{
                        "0":15
                    },
                    "V":{
                        "0":7
                    },
                    "VI":{
                        "0":11
                    }
                },
                "Set 3":{
                    "I":{
                        "0":11.0,
                        "1":null,
                        "2":null,
                        "3":null
                    },
                    "II":{
                        "0":"9",
                        "1":"2",
                        "2":"19:14",
                        "3":"19:15"
                    },
                    "III":{
                        "0":4.0,
                        "1":null,
                        "2":null,
                        "3":null
                    },
                    "IV":{
                        "0":5.0,
                        "1":null,
                        "2":null,
                        "3":null
                    },
                    "V":{
                        "0":15.0,
                        "1":null,
                        "2":null,
                        "3":null
                    },
                    "VI":{
                        "0":7.0,
                        "1":null,
                        "2":null,
                        "3":null
                    }
                },
                "Set 4":{
                    "I":{
                        "0":"9",
                        "1":"2",
                        "2":"22:18",
                        "3":"22:19"
                    },
                    "II":{
                        "0":4.0,
                        "1":null,
                        "2":null,
                        "3":null
                    },
                    "III":{
                        "0":5.0,
                        "1":null,
                        "2":null,
                        "3":null
                    },
                    "IV":{
                        "0":15.0,
                        "1":null,
                        "2":null,
                        "3":null
                    },
                    "V":{
                        "0":7.0,
                        "1":null,
                        "2":null,
                        "3":null
                    },
                    "VI":{
                        "0":11.0,
                        "1":null,
                        "2":null,
                        "3":null
                    }
                },
                "Set 5":0
            },
            "Substitutions 2":{
                "Set 1":{
                    "I":{
                        "0":"9",
                        "1":"5",
                        "2":"8:19"
                    },
                    "II":{
                        "0":4.0,
                        "1":null,
                        "2":null
                    },
                    "III":{
                        "0":"18",
                        "1":"3",
                        "2":"6:14"
                    },
                    "IV":{
                        "0":"2",
                        "1":"1",
                        "2":"10:21"
                    },
                    "V":{
                        "0":11.0,
                        "1":null,
                        "2":null
                    },
                    "VI":{
                        "0":"7",
                        "1":"12",
                        "2":"6:14"
                    }
                },
                "Set 2":{
                    "I":{
                        "0":"11",
                        "1":"3",
                        "2":"21:22"
                    },
                    "II":{
                        "0":7.0,
                        "1":null,
                        "2":null
                    },
                    "III":{
                        "0":9.0,
                        "1":null,
                        "2":null
                    },
                    "IV":{
                        "0":4.0,
                        "1":null,
                        "2":null
                    },
                    "V":{
                        "0":18.0,
                        "1":null,
                        "2":null
                    },
                    "VI":{
                        "0":"2",
                        "1":"12",
                        "2":"3:7"
                    }
                },
                "Set 3":{
                    "I":{
                        "0":"11",
                        "1":"3",
                        "2":"18:21"
                    },
                    "II":{
                        "0":7.0,
                        "1":null,
                        "2":null
                    },
                    "III":{
                        "0":9.0,
                        "1":null,
                        "2":null
                    },
                    "IV":{
                        "0":4.0,
                        "1":null,
                        "2":null
                    },
                    "V":{
                        "0":18.0,
                        "1":null,
                        "2":null
                    },
                    "VI":{
                        "0":"12",
                        "1":"5",
                        "2":"17:20"
                    }
                },
                "Set 4":{
                    "I":{
                        "0":11.0,
                        "1":null,
                        "2":null,
                        "3":null
                    },
                    "II":{
                        "0":"7",
                        "1":"3",
                        "2":"15:18",
                        "3":"19:22"
                    },
                    "III":{
                        "0":9.0,
                        "1":null,
                        "2":null,
                        "3":null
                    },
                    "IV":{
                        "0":4.0,
                        "1":null,
                        "2":null,
                        "3":null
                    },
                    "V":{
                        "0":"18",
                        "1":"2",
                        "2":"15:18",
                        "3":"19:22"
                    },
                    "VI":{
                        "0":"12",
                        "1":"5",
                        "2":"20:24",
                        "3":null
                    }
                },
                "Set 5":0
            },
            "Serves 1":{
                "Set 1":{
                    "I":{
                        "0":null,
                        "1":18.0
                    },
                    "II":{
                        "0":"1",
                        "1":19
                    },
                    "III":{
                        "0":"3",
                        "1":21
                    },
                    "IV":{
                        "0":"4",
                        "1":23
                    },
                    "V":{
                        "0":"5",
                        "1":24
                    },
                    "VI":{
                        "0":"6",
                        "1":25
                    }
                },
                "Set 2":{
                    "I":{
                        "0":"1",
                        "1":15,
                        "2":23
                    },
                    "II":{
                        "0":"3",
                        "1":18.0,
                        "2":null
                    },
                    "III":{
                        "0":"7",
                        "1":19.0,
                        "2":null
                    },
                    "IV":{
                        "0":"9",
                        "1":20.0,
                        "2":null
                    },
                    "V":{
                        "0":"10",
                        "1":21.0,
                        "2":null
                    },
                    "VI":{
                        "0":"11",
                        "1":22.0,
                        "2":null
                    }
                },
                "Set 3":{
                    "I":{
                        "0":null,
                        "1":12.0,
                        "2":21.0
                    },
                    "II":{
                        "0":"1",
                        "1":13,
                        "2":25
                    },
                    "III":{
                        "0":"2",
                        "1":15.0,
                        "2":null
                    },
                    "IV":{
                        "0":"5",
                        "1":17.0,
                        "2":null
                    },
                    "V":{
                        "0":"6",
                        "1":18.0,
                        "2":null
                    },
                    "VI":{
                        "0":"11",
                        "1":19.0,
                        "2":null
                    }
                },
                "Set 4":{
                    "I":{
                        "0":"0",
                        "1":7,
                        "2":18
                    },
                    "II":{
                        "0":"1",
                        "1":8,
                        "2":19
                    },
                    "III":{
                        "0":"2",
                        "1":9,
                        "2":20
                    },
                    "IV":{
                        "0":"3",
                        "1":11,
                        "2":22
                    },
                    "V":{
                        "0":"4",
                        "1":12,
                        "2":23
                    },
                    "VI":{
                        "0":"5",
                        "1":17,
                        "2":25
                    }
                },
                "Set 5":0
            },
            "Serves 2":{
                "Set 1":{
                    "I":{
                        "0":"0",
                        "1":8
                    },
                    "II":{
                        "0":"1",
                        "1":10
                    },
                    "III":{
                        "0":"2",
                        "1":12
                    },
                    "IV":{
                        "0":"3",
                        "1":13
                    },
                    "V":{
                        "0":"4",
                        "1":16
                    },
                    "VI":{
                        "0":"6",
                        "1":null
                    }
                },
                "Set 2":{
                    "I":{
                        "0":null,
                        "1":10.0,
                        "2":21.0
                    },
                    "II":{
                        "0":"2",
                        "1":14,
                        "2":25
                    },
                    "III":{
                        "0":"3",
                        "1":15.0,
                        "2":null
                    },
                    "IV":{
                        "0":"5",
                        "1":16.0,
                        "2":null
                    },
                    "V":{
                        "0":"6",
                        "1":17.0,
                        "2":null
                    },
                    "VI":{
                        "0":"8",
                        "1":20.0,
                        "2":null
                    }
                },
                "Set 3":{
                    "I":{
                        "0":"0",
                        "1":10,
                        "2":18
                    },
                    "II":{
                        "0":"2",
                        "1":11.0,
                        "2":null
                    },
                    "III":{
                        "0":"4",
                        "1":12.0,
                        "2":null
                    },
                    "IV":{
                        "0":"5",
                        "1":13.0,
                        "2":null
                    },
                    "V":{
                        "0":"6",
                        "1":14.0,
                        "2":null
                    },
                    "VI":{
                        "0":"7",
                        "1":17.0,
                        "2":null
                    }
                },
                "Set 4":{
                    "I":{
                        "0":null,
                        "1":6.0,
                        "2":14.0
                    },
                    "II":{
                        "0":"1",
                        "1":7,
                        "2":16
                    },
                    "III":{
                        "0":"2",
                        "1":8,
                        "2":17
                    },
                    "IV":{
                        "0":"3",
                        "1":9,
                        "2":18
                    },
                    "V":{
                        "0":"4",
                        "1":12,
                        "2":19
                    },
                    "VI":{
                        "0":"5",
                        "1":13,
                        "2":20
                    }
                },
                "Set 5":0
            },
            "Timeouts 1":{
                "Set 1":{
                    "T":{
                        "0":"24:15"
                    }
                },
                "Set 2":{
                    "T":{
                        "0":"15:13",
                        "1":"21:19"
                    }
                },
                "Set 3":{
                    "T":{
                        "0":"19:16"
                    }
                },
                "Set 4":{
                    "T":{
                        "0":"23:20"
                    }
                },
                "Set 5":0
            },
            "Timeouts 2":{
                "Set 1":{
                    "T":{
                        "0":"6:11",
                        "1":"6:15"
                    }
                },
                "Set 2":{
                    "T":{
                        "0":"3:6",
                        "1":"14:18"
                    }
                },
                "Set 3":{
                    "T":{
                        "0":"6:10",
                        "1":"18:23"
                    }
                },
                "Set 4":{
                    "T":{
                        "0":"18:22"
                    }
                },
                "Set 5":0
            }
        },
        "Teams":{
            "Name":{
                "Team 1":"HARNES VOLLEY-BALL",
                "Team 2":"AL CAUDRY VOLLEY-BALL"
            },
            "Players":{
                "Team 1":{
                    "N\u00b0":{
                        "0":1,
                        "1":2,
                        "2":3,
                        "3":4,
                        "4":5,
                        "5":7,
                        "6":8,
                        "7":9,
                        "8":11,
                        "9":12,
                        "10":16,
                        "11":18
                    },
                    "Nom Pr\u00e9nom":{
                        "0":"NOWACZYK ARTHUR",
                        "1":"SKUP PATRYK",
                        "2":"GERMAIN BENJAMIN",
                        "3":"KOFANE BOYOMO JOSEPH-HERVE",
                        "4":"CLEMENT ALEXANDRE",
                        "5":"VOLEANSCHII MIHAI",
                        "6":"SEGRE OLIVIER",
                        "7":"MEYER GEOFFREY",
                        "8":"PEPIN LENAIC",
                        "9":"QUEVA SAMUEL",
                        "10":"CHINA YANISS",
                        "11":"DILLIES MAXIME"
                    },
                    "Licence":{
                        "0":1883603,
                        "1":2350967,
                        "2":1525809,
                        "3":2330948,
                        "4":1620627,
                        "5":2335127,
                        "6":1453239,
                        "7":1463674,
                        "8":1759055,
                        "9":1941119,
                        "10":1386205,
                        "11":1380275
                    }
                },
                "Team 2":{
                    "N\u00b0":{
                        "0":2,
                        "1":4,
                        "2":5,
                        "3":7,
                        "4":9,
                        "5":11,
                        "6":13,
                        "7":15
                    },
                    "Nom Pr\u00e9nom":{
                        "0":"HENNO BENJAMIN",
                        "1":"POULEY JULIEN",
                        "2":"TCHELIBOU KAMGANG DOMINIQUE",
                        "3":"EUGENE DAVID",
                        "4":"GAUTHIER MAXIME",
                        "5":"FREITAS CRISTIAN-MATEUS-LOP",
                        "6":"LEGRAND YACINE",
                        "7":"ALPHONSE LOIC"
                    },
                    "Licence":{
                        "0":1789299,
                        "1":1453155,
                        "2":2299947,
                        "3":1622163,
                        "4":1491727,
                        "5":2406741,
                        "6":1755646,
                        "7":1683439
                    }
                }
            },
            "Liberos":{
                "Team 1":{
                    "N\u00b0":{
                        "0":16
                    },
                    "Nom Pr\u00e9nom":{
                        "0":"CHINA YANISS"
                    },
                    "Licence":{
                        "0":1386205
                    }
                },
                "Team 2":{
                    "N\u00b0":{
                        "0":13
                    },
                    "Nom Pr\u00e9nom":{
                        "0":"LEGRAND YACINE"
                    },
                    "Licence":{
                        "0":1755646
                    }
                }
            },
            "Officials":{
                "Team 1":{
                    "N\u00b0":{
                        "0":"EA",
                        "1":"EB",
                        "2":"EB",
                        "3":"SO"
                    },
                    "Nom Pr\u00e9nom":{
                        "0":"OHIER CHARLES-EMMANUEL",
                        "1":"BOUANDA LOIC",
                        "2":"QUERIN GAEL",
                        "3":"STANIEK GUILLAUME"
                    },
                    "Licence":{
                        "0":1119235,
                        "1":1422632,
                        "2":2408567,
                        "3":2413137
                    }
                },
                "Team 2":{
                    "N\u00b0":{
                        "0":"EA"
                    },
                    "Nom Pr\u00e9nom":{
                        "0":"MOISE JOCELYN"
                    },
                    "Licence":{
                        "0":950272
                    }
                }
            }
        },
        "Results":{
            "winner":"AL CAUDRY VOLLEY-BALL",
            "score":"3\/1"
        },
        "Referees":{
            "NOM Pr\u00e9nom":{
                "1er":"DUFOUR ISABELLE",
                "2\u00e8me":"ROGER DELDIQUE VIRGINIE",
                "Marqueur":"STENCEL JEAN-MARC",
                "Marq.Ass":". WANTIEZ AURELIE",
                "R.Salle":"PARVILLE ROGER"
            },
            "Ligue":{
                "1er":"LIG_IF",
                "2\u00e8me":"LIG_HDF",
                "Marqueur":null,
                "Marq.Ass":"LIG_HDF",
                "R.Salle":"LIG_HDF"
            },
            "Licence":{
                "1er":1554650,
                "2\u00e8me":1943677,
                "Marqueur":1582419,
                "Marq.Ass":2263689,
                "R.Salle":97477
            }
        },
        "Penalties":{

        }
    }
}