{
    "Match":{
        "Title":{
            "div_code":"EMA ",
            "div_name":"ELITE MASCULINE",
            "div_pool":"POULE A",
            "match_number":"EMA053",
            "match_day":"14",
            "city":"CHARENTON LE PONT",
            "gym":"GYMNASE TONY PARKER",
            "category":"SENIOR | MASCULIN",
            "ligue":"Comp\u00e9titions Nationales SENIORS",
            "date":"2020-02-15 20:00:00",
            "team_1":"CNM CHARENTON",
            "team_2":"VOLLEY-BALL ARLESIEN"
        },
        "Sets":{
            "Teams":{
                "Set 1":{
                    "Name":{
                        "Team 1":"VOLLEY-BALL ARLESIEN",
                        "Team 2":"CNM CHARENTON"
                    },
                    "Starting":{
                        "Team 1":"Service",
                        "Team 2":"Reception"
                    }
                },
                "Set 2":{
                    "Name":{
                        "Team 1":"VOLLEY-BALL ARLESIEN",
                        "Team 2":"CNM CHARENTON"
                    },
                    "Starting":{
                        "Team 1":"Reception",
                        "Team 2":"Service"
                    }
                },
                "Set 3":{
                    "Name":{
                        "Team 1":"VOLLEY-BALL ARLESIEN",
                        "Team 2":"CNM CHARENTON"
                    },
                    "Starting":{
                        "Team 1":"Service",
                        "Team 2":"Reception"
                    }
                },
                "Set 4":0,
                "Set 5":0
            },
            "Time":{
                "Set 1":{
                    "Time":{
                        "Start":"2020-02-15 19:59:00",
                        "End":"2020-02-15 20:42:00"
                    }
                },
                "Set 2":{
                    "Time":{
                        "Start":"2020-02-15 20:45:00",
                        "End":"2020-02-15 21:08:00"
                    }
                },
                "Set 3":{
                    "Time":{
                        "Start":"2020-02-15 21:11:00",
                        "End":"2020-02-15 21:35:00"
                    }
                },
                "Set 4":0,
                "Set 5":0
            },
            "Substitutions 1":{
                "Set 1":{
                    "I":{
                        "0":"13",
                        "1":"1",
                        "2":"24:23",
                        "3":"24:24"
                    },
                    "II":{
                        "0":"18",
                        "1":"16",
                        "2":"22:20",
                        "3":"25:24"
                    },
                    "III":{
                        "0":"7",
                        "1":"17",
                        "2":"23:21",
                        "3":"23:22"
                    },
                    "IV":{
                        "0":8.0,
                        "1":null,
                        "2":null,
                        "3":null
                    },
                    "V":{
                        "0":3.0,
                        "1":null,
                        "2":null,
                        "3":null
                    },
                    "VI":{
                        "0":20.0,
                        "1":null,
                        "2":null,
                        "3":null
                    }
                },
                "Set 2":{
                    "I":{
                        "0":"13",
                        "1":"1",
                        "2":"4:9"
                    },
                    "II":{
                        "0":"18",
                        "1":"16",
                        "2":"13:20"
                    },
                    "III":{
                        "0":7.0,
                        "1":null,
                        "2":null
                    },
                    "IV":{
                        "0":8.0,
                        "1":null,
                        "2":null
                    },
                    "V":{
                        "0":3.0,
                        "1":null,
                        "2":null
                    },
                    "VI":{
                        "0":20.0,
                        "1":null,
                        "2":null
                    }
                },
                "Set 3":{
                    "I":{
                        "0":13
                    },
                    "II":{
                        "0":18
                    },
                    "III":{
                        "0":7
                    },
                    "IV":{
                        "0":8
                    },
                    "V":{
                        "0":3
                    },
                    "VI":{
                        "0":20
                    }
                },
                "Set 4":0,
                "Set 5":0
            },
            "Substitutions 2":{
                "Set 1":{
                    "I":{
                        "0":"4",
                        "1":"11",
                        "2":"26:26",
                        "3":"26:27"
                    },
                    "II":{
                        "0":2.0,
                        "1":null,
                        "2":null,
                        "3":null
                    },
                    "III":{
                        "0":9.0,
                        "1":null,
                        "2":null,
                        "3":null
                    },
                    "IV":{
                        "0":19.0,
                        "1":null,
                        "2":null,
                        "3":null
                    },
                    "V":{
                        "0":13.0,
                        "1":null,
                        "2":null,
                        "3":null
                    },
                    "VI":{
                        "0":3.0,
                        "1":null,
                        "2":null,
                        "3":null
                    }
                },
                "Set 2":{
                    "I":{
                        "0":2
                    },
                    "II":{
                        "0":9
                    },
                    "III":{
                        "0":19
                    },
                    "IV":{
                        "0":13
                    },
                    "V":{
                        "0":3
                    },
                    "VI":{
                        "0":4
                    }
                },
                "Set 3":{
                    "I":{
                        "0":"4",
                        "1":"11",
                        "2":"19:14",
                        "3":"19:15"
                    },
                    "II":{
                        "0":2.0,
                        "1":null,
                        "2":null,
                        "3":null
                    },
                    "III":{
                        "0":9.0,
                        "1":null,
                        "2":null,
                        "3":null
                    },
                    "IV":{
                        "0":19.0,
                        "1":null,
                        "2":null,
                        "3":null
                    },
                    "V":{
                        "0":13.0,
                        "1":null,
                        "2":null,
                        "3":null
                    },
                    "VI":{
                        "0":3.0,
                        "1":null,
                        "2":null,
                        "3":null
                    }
                },
                "Set 4":0,
                "Set 5":0
            },
            "Serves 1":{
                "Set 1":{
                    "I":{
                        "0":"2",
                        "1":10,
                        "2":21,
                        "3":27,
                        "4":33
                    },
                    "II":{
                        "0":"5",
                        "1":12,
                        "2":22,
                        "3":28,
                        "4":35
                    },
                    "III":{
                        "0":"6",
                        "1":13,
                        "2":23,
                        "3":29,
                        "4":36
                    },
                    "IV":{
                        "0":"7",
                        "1":14,
                        "2":24,
                        "3":30,
                        "4":37
                    },
                    "V":{
                        "0":"8",
                        "1":15,
                        "2":25,
                        "3":31,
                        "4":38
                    },
                    "VI":{
                        "0":"9",
                        "1":17.0,
                        "2":26.0,
                        "3":32.0,
                        "4":null
                    }
                },
                "Set 2":{
                    "I":{
                        "0":null,
                        "1":9.0
                    },
                    "II":{
                        "0":"1",
                        "1":10
                    },
                    "III":{
                        "0":"3",
                        "1":11
                    },
                    "IV":{
                        "0":"4",
                        "1":12
                    },
                    "V":{
                        "0":"5",
                        "1":13
                    },
                    "VI":{
                        "0":"7",
                        "1":15
                    }
                },
                "Set 3":{
                    "I":{
                        "0":"0",
                        "1":9,
                        "2":17
                    },
                    "II":{
                        "0":"1",
                        "1":10,
                        "2":18
                    },
                    "III":{
                        "0":"2",
                        "1":11.0,
                        "2":null
                    },
                    "IV":{
                        "0":"3",
                        "1":12.0,
                        "2":null
                    },
                    "V":{
                        "0":"5",
                        "1":13.0,
                        "2":null
                    },
                    "VI":{
                        "0":"6",
                        "1":14.0,
                        "2":null
                    }
                },
                "Set 4":0,
                "Set 5":0
            },
            "Serves 2":{
                "Set 1":{
                    "I":{
                        "0":null,
                        "1":12.0,
                        "2":18.0,
                        "3":26.0,
                        "4":33.0
                    },
                    "II":{
                        "0":"2",
                        "1":13,
                        "2":19,
                        "3":27,
                        "4":34
                    },
                    "III":{
                        "0":"3",
                        "1":14,
                        "2":21,
                        "3":28,
                        "4":35
                    },
                    "IV":{
                        "0":"5",
                        "1":15,
                        "2":23,
                        "3":29,
                        "4":36
                    },
                    "V":{
                        "0":"6",
                        "1":16,
                        "2":24,
                        "3":31,
                        "4":38
                    },
                    "VI":{
                        "0":"11",
                        "1":17,
                        "2":25,
                        "3":32,
                        "4":40
                    }
                },
                "Set 2":{
                    "I":{
                        "0":"0",
                        "1":13
                    },
                    "II":{
                        "0":"5",
                        "1":14
                    },
                    "III":{
                        "0":"7",
                        "1":15
                    },
                    "IV":{
                        "0":"10",
                        "1":18
                    },
                    "V":{
                        "0":"11",
                        "1":22
                    },
                    "VI":{
                        "0":"12",
                        "1":25
                    }
                },
                "Set 3":{
                    "I":{
                        "0":null,
                        "1":9.0,
                        "2":19.0
                    },
                    "II":{
                        "0":"1",
                        "1":10,
                        "2":24
                    },
                    "III":{
                        "0":"2",
                        "1":13,
                        "2":25
                    },
                    "IV":{
                        "0":"3",
                        "1":14.0,
                        "2":null
                    },
                    "V":{
                        "0":"6",
                        "1":15.0,
                        "2":null
                    },
                    "VI":{
                        "0":"8",
                        "1":17.0,
                        "2":null
                    }
                },
                "Set 4":0,
                "Set 5":0
            },
            "Timeouts 1":{
                "Set 1":{
                    "T":{
                        "0":"8:11",
                        "1":"23:23"
                    }
                },
                "Set 2":{
                    "T":{
                        "0":"1:5",
                        "1":"12:18"
                    }
                },
                "Set 3":{
                    "T":{
                        "0":"10:13",
                        "1":"17:21"
                    }
                },
                "Set 4":0,
                "Set 5":0
            },
            "Timeouts 2":{
                "Set 1":{
                    "T":{
                        "0":"18:20",
                        "1":"23:24"
                    }
                },
                "Set 2":{
                    "T":{

                    }
                },
                "Set 3":{
                    "T":{

                    }
                },
                "Set 4":0,
                "Set 5":0
            }
        },
        "Teams":{
            "Name":{
                "Team 1":"CNM CHARENTON",
                "Team 2":"VOLLEY-BALL ARLESIEN"
            },
            "Players":{
                "Team 1":{
                    "N\u00b0":{
                        "0":2,
                        "1":3,
                        "2":4,
                        "3":5,
                        "4":9,
                        "5":11,
                        "6":13,
                        "7":17,
                        "8":19
                    },
                    "Nom Pr\u00e9nom":{
                        "0":"BIANCHI HUGO",
                        "1":"FRANGOLACCI SEBASTIEN",
                        "2":"DIEUDJI TCHAMDJOU CEDRIC",
                        "3":"BLANDIN JULES",
                        "4":"BLANC BORIS",
                        "5":"ABDELHAMID SAMI",
                        "6":"ZERROUKI THEO",
                        "7":"CANTAMESSI GAETAN",
                        "8":"ZAICHI CHAHINE"
                    },
                    "Licence":{
                        "0":1618433,
                        "1":899872,
                        "2":1767593,
                        "3":1832143,
                        "4":1890454,
                        "5":1769553,
                        "6":1990732,
                        "7":1174103,
                        "8":2357594
                    }
                },
                "Team 2":{
                    "N\u00b0":{
                        "0":1,
                        "1":3,
                        "2":4,
                        "3":7,
                        "4":8,
                        "5":13,
                        "6":16,
                        "7":17,
                        "8":18,
                        "9":20
                    },
                    "Nom Pr\u00e9nom":{
                        "0":"KARI ADEKE GEORGES",
                        "1":"GUITTET CYRIL",
                        "2":"URIOS NICOLAS",
                        "3":"LEFEVRE SYLVAIN",
                        "4":"NYABEYE JEAN-JUNIOR",
                        "5":"TENO ANGELO",
                        "6":"DELCAMP MICKAEL",
                        "7":"URNAUT TILEN",
                        "8":"MAILLARD JOHANN",
                        "9":"HILAIRE J\u00c9R\u00c9MY"
                    },
                    "Licence":{
                        "0":2018025,
                        "1":1536768,
                        "2":1747353,
                        "3":1450549,
                        "4":1995224,
                        "5":1392193,
                        "6":1401524,
                        "7":1918353,
                        "8":1474231,
                        "9":2257189
                    }
                }
            },
            "Liberos":{
                "Team 1":{
                    "N\u00b0":{
                        "0":5
                    },
                    "Nom Pr\u00e9nom":{
                        "0":"BLANDIN JULES"
                    },
                    "Licence":{
                        "0":1832143
                    }
                },
                "Team 2":{
                    "N\u00b0":{
                        "0":4
                    },
                    "Nom Pr\u00e9nom":{
                        "0":"URIOS NICOLAS"
                    },
                    "Licence":{
                        "0":1747353
                    }
                }
            },
            "Officials":{
                "Team 1":{
                    "N\u00b0":{
                        "0":"EA",
                        "1":"EB"
                    },
                    "Nom Pr\u00e9nom":{
                        "0":"ZIANI XAVIER",
                        "1":"BRUNEAU ROBERT"
                    },
                    "Licence":{
                        "0":1225141,
                        "1":456095
                    }
                },
                "Team 2":{
                    "N\u00b0":{
                        "0":"EA",
                        "1":"EB"
                    },
                    "Nom Pr\u00e9nom":{
                        "0":"URNAUT MATJAZ",
                        "1":"TENO ANGELO"
                    },
                    "Licence":{
                        "0":1828346,
                        "1":1392193
                    }
                }
            }
        },
        "Results":{
            "winner":"CNM CHARENTON",
            "score":"3\/0"
        },
        "Referees":{
            "NOM Pr\u00e9nom":{
                "1er":"PATE DAVID",
                "2\u00e8me":"YACK JOHN",
                "Marqueur":"PETROVIC IVAN",
                "Marq.Ass":".",
                "R.Salle":"BEUCHET PHILIPPE"
            },
            "Ligue":{
                "1er":"LIG_GES",
                "2\u00e8me":"LIG_IF",
                "Marqueur":"LIG_IF",
                "Marq.Ass":null,
                "R.Salle":"LIG_IF"
            },
            "Licence":{
                "1er":1080283.0,
                "2\u00e8me":1151990.0,
                "Marqueur":2150441.0,
                "Marq.Ass":null,
                "R.Salle":16436.0
            }
        },
        "Penalties":{

        }
    }
}