{
    "Match":{
        "Title":{
            "div_code":"EMA ",
            "div_name":"ELITE MASCULINE",
            "div_pool":"POULE A",
            "match_number":"EMA020",
            "match_day":"05",
            "city":"HARNES",
            "gym":"SALLE ANDRE BIGOTTE",
            "category":"SENIOR | MASCULIN",
            "ligue":"Comp\u00e9titions Nationales SENIORS",
            "date":"2019-11-09 20:00:00",
            "team_1":"HARNES VOLLEY-BALL",
            "team_2":"RENNES ETUDIANTS CLUB 2 CFC"
        },
        "Sets":{
            "Teams":{
                "Set 1":{
                    "Name":{
                        "Team 1":"RENNES ETUDIANTS CLUB",
                        "Team 2":"HARNES VOLLEY-BALL"
                    },
                    "Starting":{
                        "Team 1":"Service",
                        "Team 2":"Reception"
                    }
                },
                "Set 2":{
                    "Name":{
                        "Team 1":"RENNES ETUDIANTS CLUB",
                        "Team 2":"HARNES VOLLEY-BALL"
                    },
                    "Starting":{
                        "Team 1":"Reception",
                        "Team 2":"Service"
                    }
                },
                "Set 3":{
                    "Name":{
                        "Team 1":"RENNES ETUDIANTS CLUB",
                        "Team 2":"HARNES VOLLEY-BALL"
                    },
                    "Starting":{
                        "Team 1":"Service",
                        "Team 2":"Reception"
                    }
                },
                "Set 4":{
                    "Name":{
                        "Team 1":"RENNES ETUDIANTS CLUB",
                        "Team 2":"HARNES VOLLEY-BALL"
                    },
                    "Starting":{
                        "Team 1":"Reception",
                        "Team 2":"Service"
                    }
                },
                "Set 5":0
            },
            "Time":{
                "Set 1":{
                    "Time":{
                        "Start":"2019-11-09 20:00:00",
                        "End":"2019-11-09 20:26:00"
                    }
                },
                "Set 2":{
                    "Time":{
                        "Start":"2019-11-09 20:30:00",
                        "End":"2019-11-09 20:56:00"
                    }
                },
                "Set 3":{
                    "Time":{
                        "Start":"2019-11-09 21:06:00",
                        "End":"2019-11-09 21:34:00"
                    }
                },
                "Set 4":{
                    "Time":{
                        "Start":"2019-11-09 21:37:00",
                        "End":"2019-11-09 22:00:00"
                    }
                },
                "Set 5":0
            },
            "Substitutions 1":{
                "Set 1":{
                    "I":{
                        "0":7
                    },
                    "II":{
                        "0":9
                    },
                    "III":{
                        "0":4
                    },
                    "IV":{
                        "0":10
                    },
                    "V":{
                        "0":8
                    },
                    "VI":{
                        "0":5
                    }
                },
                "Set 2":{
                    "I":{
                        "0":10.0,
                        "1":null,
                        "2":null
                    },
                    "II":{
                        "0":9.0,
                        "1":null,
                        "2":null
                    },
                    "III":{
                        "0":"4",
                        "1":"3",
                        "2":"14:23"
                    },
                    "IV":{
                        "0":7.0,
                        "1":null,
                        "2":null
                    },
                    "V":{
                        "0":8.0,
                        "1":null,
                        "2":null
                    },
                    "VI":{
                        "0":5.0,
                        "1":null,
                        "2":null
                    }
                },
                "Set 3":{
                    "I":{
                        "0":9
                    },
                    "II":{
                        "0":4
                    },
                    "III":{
                        "0":7
                    },
                    "IV":{
                        "0":8
                    },
                    "V":{
                        "0":5
                    },
                    "VI":{
                        "0":10
                    }
                },
                "Set 4":{
                    "I":{
                        "0":10
                    },
                    "II":{
                        "0":9
                    },
                    "III":{
                        "0":4
                    },
                    "IV":{
                        "0":7
                    },
                    "V":{
                        "0":8
                    },
                    "VI":{
                        "0":5
                    }
                },
                "Set 5":0
            },
            "Substitutions 2":{
                "Set 1":{
                    "I":{
                        "0":9
                    },
                    "II":{
                        "0":4
                    },
                    "III":{
                        "0":18
                    },
                    "IV":{
                        "0":12
                    },
                    "V":{
                        "0":11
                    },
                    "VI":{
                        "0":7
                    }
                },
                "Set 2":{
                    "I":{
                        "0":18
                    },
                    "II":{
                        "0":12
                    },
                    "III":{
                        "0":11
                    },
                    "IV":{
                        "0":7
                    },
                    "V":{
                        "0":9
                    },
                    "VI":{
                        "0":4
                    }
                },
                "Set 3":{
                    "I":{
                        "0":11.0,
                        "1":null,
                        "2":null
                    },
                    "II":{
                        "0":"7",
                        "1":"2",
                        "2":"12:16"
                    },
                    "III":{
                        "0":9.0,
                        "1":null,
                        "2":null
                    },
                    "IV":{
                        "0":4.0,
                        "1":null,
                        "2":null
                    },
                    "V":{
                        "0":"18",
                        "1":"3",
                        "2":"18:23"
                    },
                    "VI":{
                        "0":12.0,
                        "1":null,
                        "2":null
                    }
                },
                "Set 4":{
                    "I":{
                        "0":3
                    },
                    "II":{
                        "0":12
                    },
                    "III":{
                        "0":11
                    },
                    "IV":{
                        "0":7
                    },
                    "V":{
                        "0":9
                    },
                    "VI":{
                        "0":4
                    }
                },
                "Set 5":0
            },
            "Serves 1":{
                "Set 1":{
                    "I":{
                        "0":"0",
                        "1":7
                    },
                    "II":{
                        "0":"1",
                        "1":8
                    },
                    "III":{
                        "0":"2",
                        "1":10
                    },
                    "IV":{
                        "0":"3",
                        "1":11
                    },
                    "V":{
                        "0":"5",
                        "1":15
                    },
                    "VI":{
                        "0":"6",
                        "1":18
                    }
                },
                "Set 2":{
                    "I":{
                        "0":null,
                        "1":8.0,
                        "2":14.0
                    },
                    "II":{
                        "0":"2",
                        "1":9,
                        "2":18
                    },
                    "III":{
                        "0":"3",
                        "1":10.0,
                        "2":null
                    },
                    "IV":{
                        "0":"5",
                        "1":11.0,
                        "2":null
                    },
                    "V":{
                        "0":"6",
                        "1":12.0,
                        "2":null
                    },
                    "VI":{
                        "0":"7",
                        "1":13.0,
                        "2":null
                    }
                },
                "Set 3":{
                    "I":{
                        "0":"0",
                        "1":9,
                        "2":20
                    },
                    "II":{
                        "0":"1",
                        "1":10,
                        "2":21
                    },
                    "III":{
                        "0":"2",
                        "1":13,
                        "2":23
                    },
                    "IV":{
                        "0":"3",
                        "1":14,
                        "2":25
                    },
                    "V":{
                        "0":"4",
                        "1":16.0,
                        "2":null
                    },
                    "VI":{
                        "0":"7",
                        "1":19.0,
                        "2":null
                    }
                },
                "Set 4":{
                    "I":{
                        "0":null,
                        "1":8.0
                    },
                    "II":{
                        "0":"1",
                        "1":9
                    },
                    "III":{
                        "0":"2",
                        "1":11
                    },
                    "IV":{
                        "0":"5",
                        "1":12
                    },
                    "V":{
                        "0":"6",
                        "1":14
                    },
                    "VI":{
                        "0":"7",
                        "1":16
                    }
                },
                "Set 5":0
            },
            "Serves 2":{
                "Set 1":{
                    "I":{
                        "0":null,
                        "1":8.0,
                        "2":25.0
                    },
                    "II":{
                        "0":"2",
                        "1":13.0,
                        "2":null
                    },
                    "III":{
                        "0":"3",
                        "1":14.0,
                        "2":null
                    },
                    "IV":{
                        "0":"5",
                        "1":16.0,
                        "2":null
                    },
                    "V":{
                        "0":"6",
                        "1":19.0,
                        "2":null
                    },
                    "VI":{
                        "0":"7",
                        "1":23.0,
                        "2":null
                    }
                },
                "Set 2":{
                    "I":{
                        "0":"1",
                        "1":10,
                        "2":23
                    },
                    "II":{
                        "0":"5",
                        "1":14,
                        "2":25
                    },
                    "III":{
                        "0":"6",
                        "1":16.0,
                        "2":null
                    },
                    "IV":{
                        "0":"7",
                        "1":17.0,
                        "2":null
                    },
                    "V":{
                        "0":"8",
                        "1":18.0,
                        "2":null
                    },
                    "VI":{
                        "0":"9",
                        "1":20.0,
                        "2":null
                    }
                },
                "Set 3":{
                    "I":{
                        "0":null,
                        "1":7.0,
                        "2":15.0
                    },
                    "II":{
                        "0":"1",
                        "1":8,
                        "2":17
                    },
                    "III":{
                        "0":"2",
                        "1":9,
                        "2":18
                    },
                    "IV":{
                        "0":"3",
                        "1":11,
                        "2":20
                    },
                    "V":{
                        "0":"4",
                        "1":12.0,
                        "2":null
                    },
                    "VI":{
                        "0":"5",
                        "1":14.0,
                        "2":null
                    }
                },
                "Set 4":{
                    "I":{
                        "0":"1",
                        "1":13
                    },
                    "II":{
                        "0":"5",
                        "1":14
                    },
                    "III":{
                        "0":"6",
                        "1":16
                    },
                    "IV":{
                        "0":"7",
                        "1":21
                    },
                    "V":{
                        "0":"9",
                        "1":24
                    },
                    "VI":{
                        "0":"12",
                        "1":25
                    }
                },
                "Set 5":0
            },
            "Timeouts 1":{
                "Set 1":{
                    "T":{
                        "0":"7:12"
                    }
                },
                "Set 2":{
                    "T":{
                        "0":"2:5",
                        "1":"9:14"
                    }
                },
                "Set 3":{
                    "T":{
                        "0":"20:17"
                    }
                },
                "Set 4":{
                    "T":{
                        "0":"1:4",
                        "1":"7:12"
                    }
                },
                "Set 5":0
            },
            "Timeouts 2":{
                "Set 1":{
                    "T":{

                    }
                },
                "Set 2":{
                    "T":{
                        "0":"23:17"
                    }
                },
                "Set 3":{
                    "T":{
                        "0":"9:12",
                        "1":"14:19"
                    }
                },
                "Set 4":{
                    "T":{
                        "0":"21:13"
                    }
                },
                "Set 5":0
            }
        },
        "Teams":{
            "Name":{
                "Team 1":"HARNES VOLLEY-BALL",
                "Team 2":"RENNES ETUDIANTS CLUB 2 CFC"
            },
            "Players":{
                "Team 1":{
                    "N\u00b0":{
                        "0":1,
                        "1":2,
                        "2":3,
                        "3":4,
                        "4":5,
                        "5":7,
                        "6":8,
                        "7":9,
                        "8":11,
                        "9":12,
                        "10":16,
                        "11":18
                    },
                    "Nom Pr\u00e9nom":{
                        "0":"NOWACZYK ARTHUR",
                        "1":"SKUP PATRYK",
                        "2":"GERMAIN BENJAMIN",
                        "3":"KOFANE BOYOMO JOSEPH HERVE",
                        "4":"CLEMENT ALEXANDRE",
                        "5":"VOLEANSCHII MIHAI",
                        "6":"SEGRE OLIVIER",
                        "7":"MEYER GEOFFREY",
                        "8":"PEPIN LENAIC",
                        "9":"QUEVA SAMUEL",
                        "10":"CHINA YANISS",
                        "11":"DILLIES MAXIME"
                    },
                    "Licence":{
                        "0":1883603,
                        "1":2350967,
                        "2":1525809,
                        "3":2330948,
                        "4":1620627,
                        "5":2335127,
                        "6":1453239,
                        "7":1463674,
                        "8":1759055,
                        "9":1941119,
                        "10":1386205,
                        "11":1380275
                    }
                },
                "Team 2":{
                    "N\u00b0":{
                        "0":3,
                        "1":4,
                        "2":5,
                        "3":7,
                        "4":8,
                        "5":9,
                        "6":10,
                        "7":17
                    },
                    "Nom Pr\u00e9nom":{
                        "0":"HALLE MATTEO",
                        "1":"ECKENSCHWILLER HUGO",
                        "2":"NEVOT TANGUY",
                        "3":"BUNEL THOMAS",
                        "4":"IOTEFA BAPTISTE",
                        "5":"BITEAU NATHAN",
                        "6":"JAFFRELOT COME",
                        "7":"LE GARS PAUL"
                    },
                    "Licence":{
                        "0":1860231,
                        "1":1893775,
                        "2":1732166,
                        "3":1901104,
                        "4":2307132,
                        "5":1872365,
                        "6":1799977,
                        "7":1775925
                    }
                }
            },
            "Liberos":{
                "Team 1":{
                    "N\u00b0":{
                        "0":5,
                        "1":16
                    },
                    "Nom Pr\u00e9nom":{
                        "0":"CLEMENT ALEXANDRE",
                        "1":"CHINA YANISS"
                    },
                    "Licence":{
                        "0":1620627,
                        "1":1386205
                    }
                },
                "Team 2":{
                    "N\u00b0":{
                        "0":17
                    },
                    "Nom Pr\u00e9nom":{
                        "0":"LE GARS PAUL"
                    },
                    "Licence":{
                        "0":1775925
                    }
                }
            },
            "Officials":{
                "Team 1":{
                    "N\u00b0":{
                        "0":"EA",
                        "1":"EB",
                        "2":"EB",
                        "3":"SO"
                    },
                    "Nom Pr\u00e9nom":{
                        "0":"OHIER CHARLES EMMANUEL",
                        "1":"BOUANDA LOIC",
                        "2":"QUERIN GAEL",
                        "3":"STANIEK GUILLAUME"
                    },
                    "Licence":{
                        "0":1119235,
                        "1":1422632,
                        "2":2408567,
                        "3":2413137
                    }
                },
                "Team 2":{
                    "N\u00b0":{
                        "0":"EA"
                    },
                    "Nom Pr\u00e9nom":{
                        "0":"BOUVET OLIVIER"
                    },
                    "Licence":{
                        "0":1593112
                    }
                }
            }
        },
        "Results":{
            "winner":"HARNES VOLLEY-BALL",
            "score":"3\/1"
        },
        "Referees":{
            "NOM Pr\u00e9nom":{
                "1er":"DUFOUR ISABELLE",
                "2\u00e8me":"YACK JOHN",
                "Marqueur":"STENCEL JEAN-MARC",
                "Marq.Ass":". WANTIEZ AURELIE",
                "R.Salle":"LALLEMANT STEPHANE"
            },
            "Ligue":{
                "1er":"LIG_IF",
                "2\u00e8me":"LIG_IF",
                "Marqueur":null,
                "Marq.Ass":"LIG_HDF",
                "R.Salle":"LIG_HDF"
            },
            "Licence":{
                "1er":1554650,
                "2\u00e8me":1151990,
                "Marqueur":1582419,
                "Marq.Ass":2263689,
                "R.Salle":2245399
            }
        },
        "Penalties":{

        }
    }
}