{
    "Match":{
        "Title":{
            "div_code":"EMA ",
            "div_name":"ELITE MASCULINE",
            "div_pool":"POULE A",
            "match_number":"EMA056",
            "match_day":"14",
            "city":"HARNES",
            "gym":"SALLE REGIONALE MARECHAL",
            "category":"SENIOR | MASCULIN",
            "ligue":"Comp\u00e9titions Nationales SENIORS",
            "date":"2020-02-15 20:00:00",
            "team_1":"HARNES VOLLEY-BALL",
            "team_2":"AVIGNON VOLLEY BALL"
        },
        "Sets":{
            "Teams":{
                "Set 1":{
                    "Name":{
                        "Team 1":"AVIGNON VOLLEY BALL",
                        "Team 2":"HARNES VOLLEY-BALL"
                    },
                    "Starting":{
                        "Team 1":"Reception",
                        "Team 2":"Service"
                    }
                },
                "Set 2":{
                    "Name":{
                        "Team 1":"AVIGNON VOLLEY BALL",
                        "Team 2":"HARNES VOLLEY-BALL"
                    },
                    "Starting":{
                        "Team 1":"Service",
                        "Team 2":"Reception"
                    }
                },
                "Set 3":{
                    "Name":{
                        "Team 1":"AVIGNON VOLLEY BALL",
                        "Team 2":"HARNES VOLLEY-BALL"
                    },
                    "Starting":{
                        "Team 1":"Reception",
                        "Team 2":"Service"
                    }
                },
                "Set 4":{
                    "Name":{
                        "Team 1":"AVIGNON VOLLEY BALL",
                        "Team 2":"HARNES VOLLEY-BALL"
                    },
                    "Starting":{
                        "Team 1":"Service",
                        "Team 2":"Reception"
                    }
                },
                "Set 5":0
            },
            "Time":{
                "Set 1":{
                    "Time":{
                        "Start":"2020-02-15 20:00:00",
                        "End":"2020-02-15 20:30:00"
                    }
                },
                "Set 2":{
                    "Time":{
                        "Start":"2020-02-15 20:34:00",
                        "End":"2020-02-15 21:00:00"
                    }
                },
                "Set 3":{
                    "Time":{
                        "Start":"2020-02-15 21:10:00",
                        "End":"2020-02-15 21:44:00"
                    }
                },
                "Set 4":{
                    "Time":{
                        "Start":"2020-02-15 21:47:00",
                        "End":"2020-02-15 22:17:00"
                    }
                },
                "Set 5":0
            },
            "Substitutions 1":{
                "Set 1":{
                    "I":{
                        "0":"19",
                        "1":"11",
                        "2":"19:20"
                    },
                    "II":{
                        "0":17.0,
                        "1":null,
                        "2":null
                    },
                    "III":{
                        "0":16.0,
                        "1":null,
                        "2":null
                    },
                    "IV":{
                        "0":14.0,
                        "1":null,
                        "2":null
                    },
                    "V":{
                        "0":7.0,
                        "1":null,
                        "2":null
                    },
                    "VI":{
                        "0":4.0,
                        "1":null,
                        "2":null
                    }
                },
                "Set 2":{
                    "I":{
                        "0":"19",
                        "1":"11",
                        "2":"7:8"
                    },
                    "II":{
                        "0":17.0,
                        "1":null,
                        "2":null
                    },
                    "III":{
                        "0":16.0,
                        "1":null,
                        "2":null
                    },
                    "IV":{
                        "0":14.0,
                        "1":null,
                        "2":null
                    },
                    "V":{
                        "0":7.0,
                        "1":null,
                        "2":null
                    },
                    "VI":{
                        "0":4.0,
                        "1":null,
                        "2":null
                    }
                },
                "Set 3":{
                    "I":{
                        "0":"19",
                        "1":"11",
                        "2":"6:10",
                        "3":null
                    },
                    "II":{
                        "0":7.0,
                        "1":null,
                        "2":null,
                        "3":null
                    },
                    "III":{
                        "0":"4",
                        "1":"9",
                        "2":"3:6",
                        "3":"6:9"
                    },
                    "IV":{
                        "0":14.0,
                        "1":null,
                        "2":null,
                        "3":null
                    },
                    "V":{
                        "0":17.0,
                        "1":null,
                        "2":null,
                        "3":null
                    },
                    "VI":{
                        "0":16.0,
                        "1":null,
                        "2":null,
                        "3":null
                    }
                },
                "Set 4":{
                    "I":{
                        "0":"11",
                        "1":"19",
                        "2":"19:18"
                    },
                    "II":{
                        "0":7.0,
                        "1":null,
                        "2":null
                    },
                    "III":{
                        "0":4.0,
                        "1":null,
                        "2":null
                    },
                    "IV":{
                        "0":14.0,
                        "1":null,
                        "2":null
                    },
                    "V":{
                        "0":17.0,
                        "1":null,
                        "2":null
                    },
                    "VI":{
                        "0":16.0,
                        "1":null,
                        "2":null
                    }
                },
                "Set 5":0
            },
            "Substitutions 2":{
                "Set 1":{
                    "I":{
                        "0":3
                    },
                    "II":{
                        "0":12
                    },
                    "III":{
                        "0":11
                    },
                    "IV":{
                        "0":7
                    },
                    "V":{
                        "0":9
                    },
                    "VI":{
                        "0":4
                    }
                },
                "Set 2":{
                    "I":{
                        "0":7.0,
                        "1":null,
                        "2":null
                    },
                    "II":{
                        "0":9.0,
                        "1":null,
                        "2":null
                    },
                    "III":{
                        "0":4.0,
                        "1":null,
                        "2":null
                    },
                    "IV":{
                        "0":"3",
                        "1":"18",
                        "2":"23:16"
                    },
                    "V":{
                        "0":12.0,
                        "1":null,
                        "2":null
                    },
                    "VI":{
                        "0":11.0,
                        "1":null,
                        "2":null
                    }
                },
                "Set 3":{
                    "I":{
                        "0":7.0,
                        "1":null,
                        "2":null
                    },
                    "II":{
                        "0":9.0,
                        "1":null,
                        "2":null
                    },
                    "III":{
                        "0":4.0,
                        "1":null,
                        "2":null
                    },
                    "IV":{
                        "0":"3",
                        "1":"18",
                        "2":"20:20"
                    },
                    "V":{
                        "0":12.0,
                        "1":null,
                        "2":null
                    },
                    "VI":{
                        "0":11.0,
                        "1":null,
                        "2":null
                    }
                },
                "Set 4":{
                    "I":{
                        "0":7.0,
                        "1":null,
                        "2":null
                    },
                    "II":{
                        "0":9.0,
                        "1":null,
                        "2":null
                    },
                    "III":{
                        "0":4.0,
                        "1":null,
                        "2":null
                    },
                    "IV":{
                        "0":"3",
                        "1":"18",
                        "2":"13:14"
                    },
                    "V":{
                        "0":"12",
                        "1":"2",
                        "2":"15:16"
                    },
                    "VI":{
                        "0":11.0,
                        "1":null,
                        "2":null
                    }
                },
                "Set 5":0
            },
            "Serves 1":{
                "Set 1":{
                    "I":{
                        "0":null,
                        "1":10.0,
                        "2":19.0
                    },
                    "II":{
                        "0":"1",
                        "1":11,
                        "2":20
                    },
                    "III":{
                        "0":"2",
                        "1":14,
                        "2":21
                    },
                    "IV":{
                        "0":"3",
                        "1":15,
                        "2":24
                    },
                    "V":{
                        "0":"6",
                        "1":17,
                        "2":26
                    },
                    "VI":{
                        "0":"7",
                        "1":18.0,
                        "2":null
                    }
                },
                "Set 2":{
                    "I":{
                        "0":"0",
                        "1":9,
                        "2":16
                    },
                    "II":{
                        "0":"1",
                        "1":10,
                        "2":18
                    },
                    "III":{
                        "0":"3",
                        "1":11.0,
                        "2":null
                    },
                    "IV":{
                        "0":"5",
                        "1":12.0,
                        "2":null
                    },
                    "V":{
                        "0":"7",
                        "1":13.0,
                        "2":null
                    },
                    "VI":{
                        "0":"8",
                        "1":15.0,
                        "2":null
                    }
                },
                "Set 3":{
                    "I":{
                        "0":null,
                        "1":11.0,
                        "2":21.0
                    },
                    "II":{
                        "0":"2",
                        "1":12,
                        "2":23
                    },
                    "III":{
                        "0":"3",
                        "1":13,
                        "2":24
                    },
                    "IV":{
                        "0":"4",
                        "1":15,
                        "2":27
                    },
                    "V":{
                        "0":"5",
                        "1":16.0,
                        "2":null
                    },
                    "VI":{
                        "0":"6",
                        "1":17.0,
                        "2":null
                    }
                },
                "Set 4":{
                    "I":{
                        "0":"0",
                        "1":7,
                        "2":25
                    },
                    "II":{
                        "0":"2",
                        "1":14.0,
                        "2":null
                    },
                    "III":{
                        "0":"3",
                        "1":18.0,
                        "2":null
                    },
                    "IV":{
                        "0":"4",
                        "1":19.0,
                        "2":null
                    },
                    "V":{
                        "0":"5",
                        "1":20.0,
                        "2":null
                    },
                    "VI":{
                        "0":"6",
                        "1":21.0,
                        "2":null
                    }
                },
                "Set 5":0
            },
            "Serves 2":{
                "Set 1":{
                    "I":{
                        "0":"2",
                        "1":13,
                        "2":21
                    },
                    "II":{
                        "0":"5",
                        "1":15,
                        "2":22
                    },
                    "III":{
                        "0":"7",
                        "1":16,
                        "2":23
                    },
                    "IV":{
                        "0":"8",
                        "1":18,
                        "2":24
                    },
                    "V":{
                        "0":"10",
                        "1":19.0,
                        "2":null
                    },
                    "VI":{
                        "0":"11",
                        "1":20.0,
                        "2":null
                    }
                },
                "Set 2":{
                    "I":{
                        "0":null,
                        "1":10.0,
                        "2":21.0
                    },
                    "II":{
                        "0":"1",
                        "1":11,
                        "2":23
                    },
                    "III":{
                        "0":"2",
                        "1":16,
                        "2":25
                    },
                    "IV":{
                        "0":"4",
                        "1":17.0,
                        "2":null
                    },
                    "V":{
                        "0":"5",
                        "1":18.0,
                        "2":null
                    },
                    "VI":{
                        "0":"9",
                        "1":20.0,
                        "2":null
                    }
                },
                "Set 3":{
                    "I":{
                        "0":"4",
                        "1":12,
                        "2":21
                    },
                    "II":{
                        "0":"6",
                        "1":13,
                        "2":23
                    },
                    "III":{
                        "0":"7",
                        "1":15,
                        "2":25
                    },
                    "IV":{
                        "0":"8",
                        "1":16.0,
                        "2":null
                    },
                    "V":{
                        "0":"9",
                        "1":17.0,
                        "2":null
                    },
                    "VI":{
                        "0":"11",
                        "1":20.0,
                        "2":null
                    }
                },
                "Set 4":{
                    "I":{
                        "0":null,
                        "1":11.0,
                        "2":20.0
                    },
                    "II":{
                        "0":"2",
                        "1":13.0,
                        "2":null
                    },
                    "III":{
                        "0":"3",
                        "1":15.0,
                        "2":null
                    },
                    "IV":{
                        "0":"5",
                        "1":17.0,
                        "2":null
                    },
                    "V":{
                        "0":"6",
                        "1":18.0,
                        "2":null
                    },
                    "VI":{
                        "0":"10",
                        "1":19.0,
                        "2":null
                    }
                },
                "Set 5":0
            },
            "Timeouts 1":{
                "Set 1":{
                    "T":{
                        "0":"15:18",
                        "1":"24:24"
                    }
                },
                "Set 2":{
                    "T":{
                        "0":"10:13"
                    }
                },
                "Set 3":{
                    "T":{
                        "0":"6:11",
                        "1":"17:19"
                    }
                },
                "Set 4":{
                    "T":{
                        "0":"5:10",
                        "1":"7:13"
                    }
                },
                "Set 5":0
            },
            "Timeouts 2":{
                "Set 1":{
                    "T":{
                        "0":"23:23"
                    }
                },
                "Set 2":{
                    "T":{
                        "0":"18:13",
                        "1":"23:18"
                    }
                },
                "Set 3":{
                    "T":{
                        "0":"11:10",
                        "1":"20:20"
                    }
                },
                "Set 4":{
                    "T":{
                        "0":"13:10",
                        "1":"13:13"
                    }
                },
                "Set 5":0
            }
        },
        "Teams":{
            "Name":{
                "Team 1":"HARNES VOLLEY-BALL",
                "Team 2":"AVIGNON VOLLEY BALL"
            },
            "Players":{
                "Team 1":{
                    "N\u00b0":{
                        "0":1,
                        "1":2,
                        "2":3,
                        "3":4,
                        "4":5,
                        "5":6,
                        "6":7,
                        "7":8,
                        "8":9,
                        "9":11,
                        "10":12,
                        "11":18
                    },
                    "Nom Pr\u00e9nom":{
                        "0":"NOWACZYK ARTHUR",
                        "1":"SKUP PATRYK",
                        "2":"GERMAIN BENJAMIN",
                        "3":"KOFANE BOYOMO JOSEPH-HERVE",
                        "4":"CLEMENT ALEXANDRE",
                        "5":"RULKIN NOAH",
                        "6":"VOLEANSCHII MIHAI",
                        "7":"SEGRE OLIVIER",
                        "8":"MEYER GEOFFREY",
                        "9":"PEPIN LENAIC",
                        "10":"QUEVA SAMUEL",
                        "11":"DILLIES MAXIME"
                    },
                    "Licence":{
                        "0":1883603,
                        "1":2350967,
                        "2":1525809,
                        "3":2330948,
                        "4":1620627,
                        "5":1894915,
                        "6":2335127,
                        "7":1453239,
                        "8":1463674,
                        "9":1759055,
                        "10":1941119,
                        "11":1380275
                    }
                },
                "Team 2":{
                    "N\u00b0":{
                        "0":4,
                        "1":6,
                        "2":7,
                        "3":9,
                        "4":10,
                        "5":11,
                        "6":14,
                        "7":16,
                        "8":17,
                        "9":19
                    },
                    "Nom Pr\u00e9nom":{
                        "0":"TALIA MAONI",
                        "1":"PIRE MATHIAS",
                        "2":"MARTINEZ RICARDO",
                        "3":"SEGALIN ADRIEN",
                        "4":"BOULEAU PIERRE",
                        "5":"EL MAKNASY ANIS",
                        "6":"VANDOOREN VIANNEY",
                        "7":"RAUX CHARLY",
                        "8":"BOJOVIC MLADEN",
                        "9":"STANISIC BRANE"
                    },
                    "Licence":{
                        "0":1805239,
                        "1":1829273,
                        "2":1454586,
                        "3":1835285,
                        "4":1915300,
                        "5":2047108,
                        "6":1994145,
                        "7":1638521,
                        "8":2147201,
                        "9":2303737
                    }
                }
            },
            "Liberos":{
                "Team 1":{
                    "N\u00b0":{
                        "0":5,
                        "1":6
                    },
                    "Nom Pr\u00e9nom":{
                        "0":"CLEMENT ALEXANDRE",
                        "1":"RULKIN NOAH"
                    },
                    "Licence":{
                        "0":1620627,
                        "1":1894915
                    }
                },
                "Team 2":{
                    "N\u00b0":{
                        "0":6,
                        "1":10
                    },
                    "Nom Pr\u00e9nom":{
                        "0":"PIRE MATHIAS",
                        "1":"BOULEAU PIERRE"
                    },
                    "Licence":{
                        "0":1829273,
                        "1":1915300
                    }
                }
            },
            "Officials":{
                "Team 1":{
                    "N\u00b0":{
                        "0":"EA",
                        "1":"EB",
                        "2":"EB",
                        "3":"SO"
                    },
                    "Nom Pr\u00e9nom":{
                        "0":"OHIER CHARLES-EMMANUEL",
                        "1":"BOUANDA LOIC",
                        "2":"QUERIN GAEL",
                        "3":"STANIEK GUILLAUME"
                    },
                    "Licence":{
                        "0":1119235,
                        "1":1422632,
                        "2":2408567,
                        "3":2413137
                    }
                },
                "Team 2":{
                    "N\u00b0":{
                        "0":"EA"
                    },
                    "Nom Pr\u00e9nom":{
                        "0":"AMET JOSE"
                    },
                    "Licence":{
                        "0":962512
                    }
                }
            }
        },
        "Results":{
            "winner":"AVIGNON VOLLEY BALL",
            "score":"3\/1"
        },
        "Referees":{
            "NOM Pr\u00e9nom":{
                "1er":"CHANTEUR VALERIE",
                "2\u00e8me":"DANGLEANT LILYA",
                "Marqueur":"STENCEL JEAN-MARC",
                "Marq.Ass":".",
                "R.Salle":"PARVILLE ROGER"
            },
            "Ligue":{
                "1er":"LIG_IF",
                "2\u00e8me":"LIG_HDF",
                "Marqueur":null,
                "Marq.Ass":null,
                "R.Salle":"LIG_HDF"
            },
            "Licence":{
                "1er":1068790.0,
                "2\u00e8me":1400392.0,
                "Marqueur":1582419.0,
                "Marq.Ass":null,
                "R.Salle":97477.0
            }
        },
        "Penalties":{

        }
    }
}