{
    "Match":{
        "Title":{
            "div_code":"EMA ",
            "div_name":"ELITE MASCULINE",
            "div_pool":"POULE A",
            "match_number":"EMA009",
            "match_day":"03",
            "city":"ARLES",
            "gym":"FOURNIER",
            "category":"SENIOR | MASCULIN",
            "ligue":"Comp\u00e9titions Nationales SENIORS",
            "date":"2019-10-26 20:00:00",
            "team_1":"VOLLEY-BALL ARLESIEN",
            "team_2":"LOISIRS INTER SPORT ST PIERRE"
        },
        "Sets":{
            "Teams":{
                "Set 1":{
                    "Name":{
                        "Team 1":"VOLLEY-BALL ARLESIEN",
                        "Team 2":"LOISIRS INTER SPORT ST"
                    },
                    "Starting":{
                        "Team 1":"Reception",
                        "Team 2":"Service"
                    }
                },
                "Set 2":{
                    "Name":{
                        "Team 1":"VOLLEY-BALL ARLESIEN",
                        "Team 2":"LOISIRS INTER SPORT ST"
                    },
                    "Starting":{
                        "Team 1":"Service",
                        "Team 2":"Reception"
                    }
                },
                "Set 3":{
                    "Name":{
                        "Team 1":"VOLLEY-BALL ARLESIEN",
                        "Team 2":"LOISIRS INTER SPORT ST"
                    },
                    "Starting":{
                        "Team 1":"Reception",
                        "Team 2":"Service"
                    }
                },
                "Set 4":{
                    "Name":{
                        "Team 1":"VOLLEY-BALL ARLESIEN",
                        "Team 2":"LOISIRS INTER SPORT ST"
                    },
                    "Starting":{
                        "Team 1":"Service",
                        "Team 2":"Reception"
                    }
                },
                "Set 5":0
            },
            "Time":{
                "Set 1":{
                    "Time":{
                        "Start":"2019-10-26 20:01:00",
                        "End":"2019-10-26 20:32:00"
                    }
                },
                "Set 2":{
                    "Time":{
                        "Start":"2019-10-26 20:36:00",
                        "End":"2019-10-26 21:04:00"
                    }
                },
                "Set 3":{
                    "Time":{
                        "Start":"2019-10-26 21:15:00",
                        "End":"2019-10-26 21:39:00"
                    }
                },
                "Set 4":{
                    "Time":{
                        "Start":"2019-10-26 21:42:00",
                        "End":"2019-10-26 22:06:00"
                    }
                },
                "Set 5":0
            },
            "Substitutions 1":{
                "Set 1":{
                    "I":{
                        "0":"12",
                        "1":"1",
                        "2":"20:21",
                        "3":"22:22"
                    },
                    "II":{
                        "0":"18",
                        "1":"8",
                        "2":"14:17",
                        "3":null
                    },
                    "III":{
                        "0":"7",
                        "1":"17",
                        "2":"18:20",
                        "3":"19:21"
                    },
                    "IV":{
                        "0":5.0,
                        "1":null,
                        "2":null,
                        "3":null
                    },
                    "V":{
                        "0":3.0,
                        "1":null,
                        "2":null,
                        "3":null
                    },
                    "VI":{
                        "0":2.0,
                        "1":null,
                        "2":null,
                        "3":null
                    }
                },
                "Set 2":{
                    "I":{
                        "0":12.0,
                        "1":null,
                        "2":null
                    },
                    "II":{
                        "0":8.0,
                        "1":null,
                        "2":null
                    },
                    "III":{
                        "0":7.0,
                        "1":null,
                        "2":null
                    },
                    "IV":{
                        "0":"5",
                        "1":"9",
                        "2":"17:13"
                    },
                    "V":{
                        "0":3.0,
                        "1":null,
                        "2":null
                    },
                    "VI":{
                        "0":2.0,
                        "1":null,
                        "2":null
                    }
                },
                "Set 3":{
                    "I":{
                        "0":"12",
                        "1":"1",
                        "2":"6:15"
                    },
                    "II":{
                        "0":8.0,
                        "1":null,
                        "2":null
                    },
                    "III":{
                        "0":7.0,
                        "1":null,
                        "2":null
                    },
                    "IV":{
                        "0":"5",
                        "1":"9",
                        "2":"4:9"
                    },
                    "V":{
                        "0":3.0,
                        "1":null,
                        "2":null
                    },
                    "VI":{
                        "0":2.0,
                        "1":null,
                        "2":null
                    }
                },
                "Set 4":{
                    "I":{
                        "0":"12",
                        "1":"1",
                        "2":"2:6",
                        "3":"13:18"
                    },
                    "II":{
                        "0":18.0,
                        "1":null,
                        "2":null,
                        "3":null
                    },
                    "III":{
                        "0":7.0,
                        "1":null,
                        "2":null,
                        "3":null
                    },
                    "IV":{
                        "0":9.0,
                        "1":null,
                        "2":null,
                        "3":null
                    },
                    "V":{
                        "0":3.0,
                        "1":null,
                        "2":null,
                        "3":null
                    },
                    "VI":{
                        "0":2.0,
                        "1":null,
                        "2":null,
                        "3":null
                    }
                },
                "Set 5":0
            },
            "Substitutions 2":{
                "Set 1":{
                    "I":{
                        "0":9
                    },
                    "II":{
                        "0":7
                    },
                    "III":{
                        "0":8
                    },
                    "IV":{
                        "0":10
                    },
                    "V":{
                        "0":6
                    },
                    "VI":{
                        "0":13
                    }
                },
                "Set 2":{
                    "I":{
                        "0":13
                    },
                    "II":{
                        "0":9
                    },
                    "III":{
                        "0":7
                    },
                    "IV":{
                        "0":8
                    },
                    "V":{
                        "0":10
                    },
                    "VI":{
                        "0":6
                    }
                },
                "Set 3":{
                    "I":{
                        "0":9
                    },
                    "II":{
                        "0":7
                    },
                    "III":{
                        "0":8
                    },
                    "IV":{
                        "0":10
                    },
                    "V":{
                        "0":6
                    },
                    "VI":{
                        "0":13
                    }
                },
                "Set 4":{
                    "I":{
                        "0":13
                    },
                    "II":{
                        "0":9
                    },
                    "III":{
                        "0":7
                    },
                    "IV":{
                        "0":8
                    },
                    "V":{
                        "0":10
                    },
                    "VI":{
                        "0":6
                    }
                },
                "Set 5":0
            },
            "Serves 1":{
                "Set 1":{
                    "I":{
                        "0":null,
                        "1":7.0,
                        "2":14.0
                    },
                    "II":{
                        "0":"1",
                        "1":8,
                        "2":17
                    },
                    "III":{
                        "0":"2",
                        "1":9,
                        "2":19
                    },
                    "IV":{
                        "0":"3",
                        "1":10,
                        "2":22
                    },
                    "V":{
                        "0":"5",
                        "1":12,
                        "2":23
                    },
                    "VI":{
                        "0":"6",
                        "1":13,
                        "2":24
                    }
                },
                "Set 2":{
                    "I":{
                        "0":"0",
                        "1":12,
                        "2":20
                    },
                    "II":{
                        "0":"3",
                        "1":13,
                        "2":25
                    },
                    "III":{
                        "0":"6",
                        "1":15.0,
                        "2":null
                    },
                    "IV":{
                        "0":"7",
                        "1":17.0,
                        "2":null
                    },
                    "V":{
                        "0":"8",
                        "1":18.0,
                        "2":null
                    },
                    "VI":{
                        "0":"11",
                        "1":19.0,
                        "2":null
                    }
                },
                "Set 3":{
                    "I":{
                        "0":null,
                        "1":9.0
                    },
                    "II":{
                        "0":"1",
                        "1":11
                    },
                    "III":{
                        "0":"2",
                        "1":12
                    },
                    "IV":{
                        "0":"4",
                        "1":14
                    },
                    "V":{
                        "0":"5",
                        "1":15
                    },
                    "VI":{
                        "0":"6",
                        "1":16
                    }
                },
                "Set 4":{
                    "I":{
                        "0":"0",
                        "1":8,
                        "2":16
                    },
                    "II":{
                        "0":"2",
                        "1":9.0,
                        "2":null
                    },
                    "III":{
                        "0":"4",
                        "1":12.0,
                        "2":null
                    },
                    "IV":{
                        "0":"5",
                        "1":13.0,
                        "2":null
                    },
                    "V":{
                        "0":"6",
                        "1":14.0,
                        "2":null
                    },
                    "VI":{
                        "0":"7",
                        "1":15.0,
                        "2":null
                    }
                },
                "Set 5":0
            },
            "Serves 2":{
                "Set 1":{
                    "I":{
                        "0":"2",
                        "1":8,
                        "2":19
                    },
                    "II":{
                        "0":"3",
                        "1":11,
                        "2":20
                    },
                    "III":{
                        "0":"4",
                        "1":12,
                        "2":21
                    },
                    "IV":{
                        "0":"5",
                        "1":13,
                        "2":23
                    },
                    "V":{
                        "0":"6",
                        "1":15,
                        "2":24
                    },
                    "VI":{
                        "0":"7",
                        "1":17,
                        "2":26
                    }
                },
                "Set 2":{
                    "I":{
                        "0":null,
                        "1":8.0,
                        "2":16.0
                    },
                    "II":{
                        "0":"1",
                        "1":9,
                        "2":18
                    },
                    "III":{
                        "0":"2",
                        "1":11.0,
                        "2":null
                    },
                    "IV":{
                        "0":"3",
                        "1":12.0,
                        "2":null
                    },
                    "V":{
                        "0":"4",
                        "1":14.0,
                        "2":null
                    },
                    "VI":{
                        "0":"7",
                        "1":15.0,
                        "2":null
                    }
                },
                "Set 3":{
                    "I":{
                        "0":"1",
                        "1":17
                    },
                    "II":{
                        "0":"6",
                        "1":18
                    },
                    "III":{
                        "0":"7",
                        "1":19
                    },
                    "IV":{
                        "0":"10",
                        "1":22
                    },
                    "V":{
                        "0":"11",
                        "1":23
                    },
                    "VI":{
                        "0":"15",
                        "1":25
                    }
                },
                "Set 4":{
                    "I":{
                        "0":null,
                        "1":11.0,
                        "2":20.0
                    },
                    "II":{
                        "0":"2",
                        "1":14,
                        "2":25
                    },
                    "III":{
                        "0":"6",
                        "1":15.0,
                        "2":null
                    },
                    "IV":{
                        "0":"7",
                        "1":16.0,
                        "2":null
                    },
                    "V":{
                        "0":"8",
                        "1":18.0,
                        "2":null
                    },
                    "VI":{
                        "0":"10",
                        "1":19.0,
                        "2":null
                    }
                },
                "Set 5":0
            },
            "Timeouts 1":{
                "Set 1":{
                    "T":{
                        "0":"22:22"
                    }
                },
                "Set 2":{
                    "T":{
                        "0":"20:18"
                    }
                },
                "Set 3":{
                    "T":{
                        "0":"1:5",
                        "1":"6:14"
                    }
                },
                "Set 4":{
                    "T":{
                        "0":"8:13",
                        "1":"16:22"
                    }
                },
                "Set 5":0
            },
            "Timeouts 2":{
                "Set 1":{
                    "T":{
                        "0":"21:21"
                    }
                },
                "Set 2":{
                    "T":{
                        "0":"2:5",
                        "1":"18:22"
                    }
                },
                "Set 3":{
                    "T":{

                    }
                },
                "Set 4":{
                    "T":{

                    }
                },
                "Set 5":0
            }
        },
        "Teams":{
            "Name":{
                "Team 1":"VOLLEY-BALL ARLESIEN",
                "Team 2":"LOISIRS INTER SPORT ST PIERRE"
            },
            "Players":{
                "Team 1":{
                    "N\u00b0":{
                        "0":1,
                        "1":2,
                        "2":3,
                        "3":4,
                        "4":5,
                        "5":7,
                        "6":8,
                        "7":9,
                        "8":12,
                        "9":16,
                        "10":17,
                        "11":18
                    },
                    "Nom Pr\u00e9nom":{
                        "0":"KARI ADEKE GEORGES",
                        "1":"FAUURA THIERRY",
                        "2":"GUITTET CYRIL",
                        "3":"URIOS NICOLAS",
                        "4":"MALIVAO PETELO",
                        "5":"LEFEVRE SYLVAIN",
                        "6":"NYABEYE JEAN JUNIOR",
                        "7":"BERTHAUT YOHANN",
                        "8":"TENO ANGELO",
                        "9":"DELCAMP MICKAEL",
                        "10":"URNAUT TILEN",
                        "11":"MAILLARD JOHANN"
                    },
                    "Licence":{
                        "0":2018025,
                        "1":1859659,
                        "2":1536768,
                        "3":1747353,
                        "4":1859951,
                        "5":1450549,
                        "6":1995224,
                        "7":1582114,
                        "8":1392193,
                        "9":1401524,
                        "10":1918353,
                        "11":1474231
                    }
                },
                "Team 2":{
                    "N\u00b0":{
                        "0":3,
                        "1":5,
                        "2":6,
                        "3":7,
                        "4":8,
                        "5":9,
                        "6":10,
                        "7":13
                    },
                    "Nom Pr\u00e9nom":{
                        "0":"RADIC DALIBOR",
                        "1":"LEFEBVRE FLORIAN",
                        "2":"LAPIERRE MATEO",
                        "3":"VULICEVIC VEDRAN",
                        "4":"VALDIMARSSON HAFSTEINN",
                        "5":"SCERBAKOV NIKOLA",
                        "6":"TEAVAE DONOVAN",
                        "7":"BRUTIER MAXIME"
                    },
                    "Licence":{
                        "0":1675950,
                        "1":1180475,
                        "2":2091802,
                        "3":1715220,
                        "4":2301645,
                        "5":1868264,
                        "6":2089820,
                        "7":1652843
                    }
                }
            },
            "Liberos":{
                "Team 1":{
                    "N\u00b0":{
                        "0":4,
                        "1":16
                    },
                    "Nom Pr\u00e9nom":{
                        "0":"URIOS NICOLAS",
                        "1":"DELCAMP MICKAEL"
                    },
                    "Licence":{
                        "0":1747353,
                        "1":1401524
                    }
                },
                "Team 2":{
                    "N\u00b0":{
                        "0":5
                    },
                    "Nom Pr\u00e9nom":{
                        "0":"LEFEBVRE FLORIAN"
                    },
                    "Licence":{
                        "0":1180475
                    }
                }
            },
            "Officials":{
                "Team 1":{
                    "N\u00b0":{
                        "0":"EA",
                        "1":"EB"
                    },
                    "Nom Pr\u00e9nom":{
                        "0":"URNAUT MATJAZ",
                        "1":"TENO ANGELO"
                    },
                    "Licence":{
                        "0":1828346,
                        "1":1392193
                    }
                },
                "Team 2":{
                    "N\u00b0":{
                        "0":"EA"
                    },
                    "Nom Pr\u00e9nom":{
                        "0":"LEGRAND OLIVIER"
                    },
                    "Licence":{
                        "0":981629
                    }
                }
            }
        },
        "Results":{
            "winner":"LOISIRS INTER SPORT ST",
            "score":"3\/1"
        },
        "Referees":{
            "NOM Pr\u00e9nom":{
                "1er":"SAADOUNE ABDELHAK",
                "2\u00e8me":"MARSAL JULIEN",
                "Marqueur":"AGUSSOL FANNY",
                "Marq.Ass":".",
                "nan":null
            },
            "Ligue":{
                "1er":"LIG_OCC",
                "2\u00e8me":"LIG_OCC",
                "Marqueur":"LIG_PAC",
                "Marq.Ass":null,
                "nan":"Juges"
            },
            "Licence":{
                "1er":954515.0,
                "2\u00e8me":1513159.0,
                "Marqueur":2412095.0,
                "Marq.Ass":null,
                "nan":null
            }
        },
        "Penalties":{

        }
    }
}