{
    "Match":{
        "Title":{
            "div_code":"EMA ",
            "div_name":"ELITE MASCULINE",
            "div_pool":"POULE A",
            "match_number":"EMA039",
            "match_day":"10",
            "city":"CHARENTON LE PONT",
            "gym":"COMPL SPORTIF NELSON PAILLOU",
            "category":"SENIOR | MASCULIN",
            "ligue":"Comp\u00e9titions Nationales SENIORS",
            "date":"2020-01-11 20:00:00",
            "team_1":"CNM CHARENTON",
            "team_2":"HARNES VOLLEY-BALL"
        },
        "Sets":{
            "Teams":{
                "Set 1":{
                    "Name":{
                        "Team 1":"CNM CHARENTON",
                        "Team 2":"HARNES VOLLEY-BALL"
                    },
                    "Starting":{
                        "Team 1":"Service",
                        "Team 2":"Reception"
                    }
                },
                "Set 2":{
                    "Name":{
                        "Team 1":"CNM CHARENTON",
                        "Team 2":"HARNES VOLLEY-BALL"
                    },
                    "Starting":{
                        "Team 1":"Reception",
                        "Team 2":"Service"
                    }
                },
                "Set 3":{
                    "Name":{
                        "Team 1":"CNM CHARENTON",
                        "Team 2":"HARNES VOLLEY-BALL"
                    },
                    "Starting":{
                        "Team 1":"Service",
                        "Team 2":"Reception"
                    }
                },
                "Set 4":{
                    "Name":{
                        "Team 1":"CNM CHARENTON",
                        "Team 2":"HARNES VOLLEY-BALL"
                    },
                    "Starting":{
                        "Team 1":"Reception",
                        "Team 2":"Service"
                    }
                },
                "Set 5":{
                    "Name":{
                        "Team 1":"HARNES VOLLEY-BALL",
                        "Team 2":"CNM CHARENTON"
                    },
                    "Starting":{
                        "Team 1":"Service",
                        "Team 2":"Reception"
                    }
                }
            },
            "Time":{
                "Set 1":{
                    "Time":{
                        "Start":"2020-01-11 19:56:00",
                        "End":"2020-01-11 20:24:00"
                    }
                },
                "Set 2":{
                    "Time":{
                        "Start":"2020-01-11 20:27:00",
                        "End":"2020-01-11 20:49:00"
                    }
                },
                "Set 3":{
                    "Time":{
                        "Start":"2020-01-11 20:52:00",
                        "End":"2020-01-11 21:23:00"
                    }
                },
                "Set 4":{
                    "Time":{
                        "Start":"2020-01-11 21:26:00",
                        "End":"2020-01-11 21:47:00"
                    }
                },
                "Set 5":{
                    "Time":{
                        "Start":"2020-01-11 21:50:00",
                        "End":"2020-01-11 22:03:00"
                    }
                }
            },
            "Substitutions 1":{
                "Set 1":{
                    "I":{
                        "0":2.0,
                        "1":null,
                        "2":null,
                        "3":null
                    },
                    "II":{
                        "0":9.0,
                        "1":null,
                        "2":null,
                        "3":null
                    },
                    "III":{
                        "0":"12",
                        "1":"1",
                        "2":"16:14",
                        "3":"17:15"
                    },
                    "IV":{
                        "0":17.0,
                        "1":null,
                        "2":null,
                        "3":null
                    },
                    "V":{
                        "0":3.0,
                        "1":null,
                        "2":null,
                        "3":null
                    },
                    "VI":{
                        "0":4.0,
                        "1":null,
                        "2":null,
                        "3":null
                    }
                },
                "Set 2":{
                    "I":{
                        "0":4
                    },
                    "II":{
                        "0":2
                    },
                    "III":{
                        "0":9
                    },
                    "IV":{
                        "0":12
                    },
                    "V":{
                        "0":17
                    },
                    "VI":{
                        "0":3
                    }
                },
                "Set 3":{
                    "I":{
                        "0":2
                    },
                    "II":{
                        "0":9
                    },
                    "III":{
                        "0":12
                    },
                    "IV":{
                        "0":17
                    },
                    "V":{
                        "0":3
                    },
                    "VI":{
                        "0":4
                    }
                },
                "Set 4":{
                    "I":{
                        "0":4
                    },
                    "II":{
                        "0":2
                    },
                    "III":{
                        "0":9
                    },
                    "IV":{
                        "0":12
                    },
                    "V":{
                        "0":17
                    },
                    "VI":{
                        "0":3
                    }
                },
                "Set 5":{
                    "I":{
                        "0":"8",
                        "1":"3",
                        "2":"12:7",
                        "3":null
                    },
                    "II":{
                        "0":7.0,
                        "1":null,
                        "2":null,
                        "3":null
                    },
                    "III":{
                        "0":9.0,
                        "1":null,
                        "2":null,
                        "3":null
                    },
                    "IV":{
                        "0":11.0,
                        "1":null,
                        "2":null,
                        "3":null
                    },
                    "V":{
                        "0":18.0,
                        "1":null,
                        "2":null,
                        "3":null
                    },
                    "VI":{
                        "0":"12",
                        "1":"5",
                        "2":"11:7",
                        "3":"14:9"
                    }
                }
            },
            "Substitutions 2":{
                "Set 1":{
                    "I":{
                        "0":"12",
                        "1":"18",
                        "2":"19:21",
                        "3":"23:24"
                    },
                    "II":{
                        "0":9.0,
                        "1":null,
                        "2":null,
                        "3":null
                    },
                    "III":{
                        "0":11.0,
                        "1":null,
                        "2":null,
                        "3":null
                    },
                    "IV":{
                        "0":"3",
                        "1":"7",
                        "2":"19:20",
                        "3":"23:24"
                    },
                    "V":{
                        "0":2.0,
                        "1":null,
                        "2":null,
                        "3":null
                    },
                    "VI":{
                        "0":8.0,
                        "1":null,
                        "2":null,
                        "3":null
                    }
                },
                "Set 2":{
                    "I":{
                        "0":"8",
                        "1":"3",
                        "2":"21:14"
                    },
                    "II":{
                        "0":12.0,
                        "1":null,
                        "2":null
                    },
                    "III":{
                        "0":9.0,
                        "1":null,
                        "2":null
                    },
                    "IV":{
                        "0":11.0,
                        "1":null,
                        "2":null
                    },
                    "V":{
                        "0":18.0,
                        "1":null,
                        "2":null
                    },
                    "VI":{
                        "0":"2",
                        "1":"5",
                        "2":"20:14"
                    }
                },
                "Set 3":{
                    "I":{
                        "0":11.0,
                        "1":null,
                        "2":null
                    },
                    "II":{
                        "0":"18",
                        "1":"3",
                        "2":"12:17"
                    },
                    "III":{
                        "0":"2",
                        "1":"5",
                        "2":"21:24"
                    },
                    "IV":{
                        "0":8.0,
                        "1":null,
                        "2":null
                    },
                    "V":{
                        "0":"12",
                        "1":"7",
                        "2":"4:10"
                    },
                    "VI":{
                        "0":9.0,
                        "1":null,
                        "2":null
                    }
                },
                "Set 4":{
                    "I":{
                        "0":8
                    },
                    "II":{
                        "0":7
                    },
                    "III":{
                        "0":9
                    },
                    "IV":{
                        "0":11
                    },
                    "V":{
                        "0":18
                    },
                    "VI":{
                        "0":12
                    }
                },
                "Set 5":{
                    "I":{
                        "0":4.0,
                        "1":null,
                        "2":null
                    },
                    "II":{
                        "0":2.0,
                        "1":null,
                        "2":null
                    },
                    "III":{
                        "0":9.0,
                        "1":null,
                        "2":null
                    },
                    "IV":{
                        "0":"12",
                        "1":"1",
                        "2":"10:14"
                    },
                    "V":{
                        "0":17.0,
                        "1":null,
                        "2":null
                    },
                    "VI":{
                        "0":3.0,
                        "1":null,
                        "2":null
                    }
                }
            },
            "Serves 1":{
                "Set 1":{
                    "I":{
                        "0":"1",
                        "1":14,
                        "2":21
                    },
                    "II":{
                        "0":"4",
                        "1":15,
                        "2":22
                    },
                    "III":{
                        "0":"6",
                        "1":17,
                        "2":24
                    },
                    "IV":{
                        "0":"7",
                        "1":18,
                        "2":25
                    },
                    "V":{
                        "0":"9",
                        "1":19.0,
                        "2":null
                    },
                    "VI":{
                        "0":"12",
                        "1":20.0,
                        "2":null
                    }
                },
                "Set 2":{
                    "I":{
                        "0":null,
                        "1":7.0,
                        "2":14.0
                    },
                    "II":{
                        "0":"1",
                        "1":8,
                        "2":15
                    },
                    "III":{
                        "0":"2",
                        "1":9.0,
                        "2":null
                    },
                    "IV":{
                        "0":"3",
                        "1":11.0,
                        "2":null
                    },
                    "V":{
                        "0":"5",
                        "1":12.0,
                        "2":null
                    },
                    "VI":{
                        "0":"6",
                        "1":13.0,
                        "2":null
                    }
                },
                "Set 3":{
                    "I":{
                        "0":"0",
                        "1":13,
                        "2":22
                    },
                    "II":{
                        "0":"5",
                        "1":14,
                        "2":23
                    },
                    "III":{
                        "0":"7",
                        "1":17,
                        "2":24
                    },
                    "IV":{
                        "0":"10",
                        "1":18,
                        "2":25
                    },
                    "V":{
                        "0":"11",
                        "1":19.0,
                        "2":null
                    },
                    "VI":{
                        "0":"12",
                        "1":20.0,
                        "2":null
                    }
                },
                "Set 4":{
                    "I":{
                        "0":null,
                        "1":7.0
                    },
                    "II":{
                        "0":"2",
                        "1":8
                    },
                    "III":{
                        "0":"3",
                        "1":9
                    },
                    "IV":{
                        "0":"4",
                        "1":10
                    },
                    "V":{
                        "0":"5",
                        "1":11
                    },
                    "VI":{
                        "0":"6",
                        "1":13
                    }
                },
                "Set 5":{
                    "I":{
                        "0":"0",
                        "1":12
                    },
                    "II":{
                        "0":"3",
                        "1":13
                    },
                    "III":{
                        "0":"5",
                        "1":14
                    },
                    "IV":{
                        "0":"9",
                        "1":15
                    },
                    "V":{
                        "0":"10",
                        "1":null
                    },
                    "VI":{
                        "0":"11",
                        "1":null
                    }
                }
            },
            "Serves 2":{
                "Set 1":{
                    "I":{
                        "0":null,
                        "1":12.0,
                        "2":19.0
                    },
                    "II":{
                        "0":"1",
                        "1":13,
                        "2":21
                    },
                    "III":{
                        "0":"5",
                        "1":14,
                        "2":22
                    },
                    "IV":{
                        "0":"6",
                        "1":15,
                        "2":23
                    },
                    "V":{
                        "0":"8",
                        "1":16.0,
                        "2":null
                    },
                    "VI":{
                        "0":"10",
                        "1":18.0,
                        "2":null
                    }
                },
                "Set 2":{
                    "I":{
                        "0":"0",
                        "1":10,
                        "2":24
                    },
                    "II":{
                        "0":"1",
                        "1":13,
                        "2":25
                    },
                    "III":{
                        "0":"2",
                        "1":14.0,
                        "2":null
                    },
                    "IV":{
                        "0":"3",
                        "1":15.0,
                        "2":null
                    },
                    "V":{
                        "0":"6",
                        "1":19.0,
                        "2":null
                    },
                    "VI":{
                        "0":"8",
                        "1":20.0,
                        "2":null
                    }
                },
                "Set 3":{
                    "I":{
                        "0":null,
                        "1":8.0,
                        "2":18.0
                    },
                    "II":{
                        "0":"1",
                        "1":9,
                        "2":20
                    },
                    "III":{
                        "0":"3",
                        "1":11,
                        "2":21
                    },
                    "IV":{
                        "0":"4",
                        "1":12,
                        "2":22
                    },
                    "V":{
                        "0":"5",
                        "1":16.0,
                        "2":null
                    },
                    "VI":{
                        "0":"6",
                        "1":17.0,
                        "2":null
                    }
                },
                "Set 4":{
                    "I":{
                        "0":"1",
                        "1":14
                    },
                    "II":{
                        "0":"4",
                        "1":15
                    },
                    "III":{
                        "0":"5",
                        "1":17
                    },
                    "IV":{
                        "0":"7",
                        "1":19
                    },
                    "V":{
                        "0":"12",
                        "1":23
                    },
                    "VI":{
                        "0":"13",
                        "1":25
                    }
                },
                "Set 5":{
                    "I":{
                        "0":null,
                        "1":7.0
                    },
                    "II":{
                        "0":"2",
                        "1":8
                    },
                    "III":{
                        "0":"3",
                        "1":9
                    },
                    "IV":{
                        "0":"4",
                        "1":10
                    },
                    "V":{
                        "0":"5",
                        "1":null
                    },
                    "VI":{
                        "0":"6",
                        "1":null
                    }
                }
            },
            "Timeouts 1":{
                "Set 1":{
                    "T":{

                    }
                },
                "Set 2":{
                    "T":{
                        "0":"8:13",
                        "1":"12:18"
                    }
                },
                "Set 3":{
                    "T":{
                        "0":"18:16"
                    }
                },
                "Set 4":{
                    "T":{
                        "0":"5:11",
                        "1":"11:21"
                    }
                },
                "Set 5":{
                    "T":{

                    }
                }
            },
            "Timeouts 2":{
                "Set 1":{
                    "T":{
                        "0":"14:17",
                        "1":"22:24"
                    }
                },
                "Set 2":{
                    "T":{

                    }
                },
                "Set 3":{
                    "T":{
                        "0":"1:4",
                        "1":"18:22"
                    }
                },
                "Set 4":{
                    "T":{

                    }
                },
                "Set 5":{
                    "T":{
                        "0":"4:7"
                    }
                }
            }
        },
        "Teams":{
            "Name":{
                "Team 1":"CNM CHARENTON",
                "Team 2":"HARNES VOLLEY-BALL"
            },
            "Players":{
                "Team 1":{
                    "N\u00b0":{
                        "0":1,
                        "1":2,
                        "2":3,
                        "3":4,
                        "4":9,
                        "5":11,
                        "6":12,
                        "7":13,
                        "8":14,
                        "9":17,
                        "10":19
                    },
                    "Nom Pr\u00e9nom":{
                        "0":"KA CLEMENT",
                        "1":"BIANCHI HUGO",
                        "2":"FRANGOLACCI SEBASTIEN",
                        "3":"DIEUDJI-TCHAMDJOU CEDRIC",
                        "4":"BLANC BORIS",
                        "5":"JEAN-JOACHIM-EURASIE PIERRI",
                        "6":"SUVE MARCELINO",
                        "7":"ZERROUKI THEO",
                        "8":"BLANDIN JULES",
                        "9":"CANTAMESSI GAETAN",
                        "10":"ZAICHI CHAHINE"
                    },
                    "Licence":{
                        "0":2040841,
                        "1":1618433,
                        "2":899872,
                        "3":1767593,
                        "4":1890454,
                        "5":2033994,
                        "6":1977907,
                        "7":1990732,
                        "8":1832143,
                        "9":1174103,
                        "10":2357594
                    }
                },
                "Team 2":{
                    "N\u00b0":{
                        "0":1,
                        "1":2,
                        "2":3,
                        "3":5,
                        "4":6,
                        "5":7,
                        "6":8,
                        "7":9,
                        "8":11,
                        "9":12,
                        "10":16,
                        "11":18
                    },
                    "Nom Pr\u00e9nom":{
                        "0":"NOWACZYK ARTHUR",
                        "1":"SKUP PATRYK",
                        "2":"GERMAIN BENJAMIN",
                        "3":"CLEMENT ALEXANDRE",
                        "4":"RULKIN NOAH",
                        "5":"VOLEANSCHII MIHAI",
                        "6":"SEGRE OLIVIER",
                        "7":"MEYER GEOFFREY",
                        "8":"PEPIN LENAIC",
                        "9":"QUEVA SAMUEL",
                        "10":"CHINA YANISS",
                        "11":"DILLIES MAXIME"
                    },
                    "Licence":{
                        "0":1883603,
                        "1":2350967,
                        "2":1525809,
                        "3":1620627,
                        "4":1894915,
                        "5":2335127,
                        "6":1453239,
                        "7":1463674,
                        "8":1759055,
                        "9":1941119,
                        "10":1386205,
                        "11":1380275
                    }
                }
            },
            "Liberos":{
                "Team 1":{
                    "N\u00b0":{
                        "0":11,
                        "1":14
                    },
                    "Nom Pr\u00e9nom":{
                        "0":"JEAN-JOACHIM-EURASIE PIERRI",
                        "1":"BLANDIN JULES"
                    },
                    "Licence":{
                        "0":2033994,
                        "1":1832143
                    }
                },
                "Team 2":{
                    "N\u00b0":{
                        "0":6,
                        "1":16
                    },
                    "Nom Pr\u00e9nom":{
                        "0":"RULKIN NOAH",
                        "1":"CHINA YANISS"
                    },
                    "Licence":{
                        "0":1894915,
                        "1":1386205
                    }
                }
            },
            "Officials":{
                "Team 1":{
                    "N\u00b0":{
                        "0":"EA"
                    },
                    "Nom Pr\u00e9nom":{
                        "0":"ZIANI XAVIER"
                    },
                    "Licence":{
                        "0":1225141
                    }
                },
                "Team 2":{
                    "N\u00b0":{
                        "0":"EA",
                        "1":"EB"
                    },
                    "Nom Pr\u00e9nom":{
                        "0":"OHIER CHARLES-EMMANUEL",
                        "1":"BOUANDA LOIC"
                    },
                    "Licence":{
                        "0":1119235,
                        "1":1422632
                    }
                }
            }
        },
        "Results":{
            "winner":"HARNES VOLLEY-BALL",
            "score":"3\/2"
        },
        "Referees":{
            "NOM Pr\u00e9nom":{
                "1er":"GRIMONET LAURENCE",
                "2\u00e8me":"HO FELIX",
                "Marqueur":"PETROVIC IVAN",
                "Marq.Ass":". VIZET PATRICK",
                "R.Salle":"BEUCHET PHILIPPE"
            },
            "Ligue":{
                "1er":"LIG_AQ",
                "2\u00e8me":"LIG_IF",
                "Marqueur":"LIG_IF",
                "Marq.Ass":"LIG_IF",
                "R.Salle":"LIG_IF"
            },
            "Licence":{
                "1er":1440442,
                "2\u00e8me":1543747,
                "Marqueur":2150441,
                "Marq.Ass":973847,
                "R.Salle":16436
            }
        },
        "Penalties":{

        }
    }
}