{
    "Match":{
        "Title":{
            "div_code":"EMA ",
            "div_name":"ELITE MASCULINE",
            "div_pool":"POULE A",
            "match_number":"EMA052",
            "match_day":"13",
            "city":"MONTPELLIER",
            "gym":"HALLE J SHAW",
            "category":"SENIOR | MASCULIN",
            "ligue":"Comp\u00e9titions Nationales SENIORS",
            "date":"2020-02-01 16:00:00",
            "team_1":"CENTRE NATIONAL DE VOLLEY-BALL MASCULIN",
            "team_2":"CNM CHARENTON"
        },
        "Sets":{
            "Teams":{
                "Set 1":{
                    "Name":{
                        "Team 1":"CNM CHARENTON",
                        "Team 2":"CENTRE NATIONAL DE VOL"
                    },
                    "Starting":{
                        "Team 1":"Reception",
                        "Team 2":"Service"
                    }
                },
                "Set 2":{
                    "Name":{
                        "Team 1":"CNM CHARENTON",
                        "Team 2":"CENTRE NATIONAL DE VOL"
                    },
                    "Starting":{
                        "Team 1":"Service",
                        "Team 2":"Reception"
                    }
                },
                "Set 3":{
                    "Name":{
                        "Team 1":"CNM CHARENTON",
                        "Team 2":"CENTRE NATIONAL DE VOL"
                    },
                    "Starting":{
                        "Team 1":"Reception",
                        "Team 2":"Service"
                    }
                },
                "Set 4":{
                    "Name":{
                        "Team 1":"CNM CHARENTON",
                        "Team 2":"CENTRE NATIONAL DE VOL"
                    },
                    "Starting":{
                        "Team 1":"Service",
                        "Team 2":"Reception"
                    }
                },
                "Set 5":0
            },
            "Time":{
                "Set 1":{
                    "Time":{
                        "Start":"2020-02-01 16:00:00",
                        "End":"2020-02-01 16:25:00"
                    }
                },
                "Set 2":{
                    "Time":{
                        "Start":"2020-02-01 16:28:00",
                        "End":"2020-02-01 16:56:00"
                    }
                },
                "Set 3":{
                    "Time":{
                        "Start":"2020-02-01 16:59:00",
                        "End":"2020-02-01 17:30:00"
                    }
                },
                "Set 4":{
                    "Time":{
                        "Start":"2020-02-01 17:33:00",
                        "End":"2020-02-01 17:59:00"
                    }
                },
                "Set 5":0
            },
            "Substitutions 1":{
                "Set 1":{
                    "I":{
                        "0":4.0,
                        "1":null,
                        "2":null
                    },
                    "II":{
                        "0":2.0,
                        "1":null,
                        "2":null
                    },
                    "III":{
                        "0":9.0,
                        "1":null,
                        "2":null
                    },
                    "IV":{
                        "0":19.0,
                        "1":null,
                        "2":null
                    },
                    "V":{
                        "0":"13",
                        "1":"1",
                        "2":"20:15"
                    },
                    "VI":{
                        "0":3.0,
                        "1":null,
                        "2":null
                    }
                },
                "Set 2":{
                    "I":{
                        "0":2
                    },
                    "II":{
                        "0":9
                    },
                    "III":{
                        "0":19
                    },
                    "IV":{
                        "0":1
                    },
                    "V":{
                        "0":3
                    },
                    "VI":{
                        "0":4
                    }
                },
                "Set 3":{
                    "I":{
                        "0":4
                    },
                    "II":{
                        "0":2
                    },
                    "III":{
                        "0":9
                    },
                    "IV":{
                        "0":19
                    },
                    "V":{
                        "0":1
                    },
                    "VI":{
                        "0":3
                    }
                },
                "Set 4":{
                    "I":{
                        "0":2
                    },
                    "II":{
                        "0":9
                    },
                    "III":{
                        "0":19
                    },
                    "IV":{
                        "0":1
                    },
                    "V":{
                        "0":3
                    },
                    "VI":{
                        "0":4
                    }
                },
                "Set 5":0
            },
            "Substitutions 2":{
                "Set 1":{
                    "I":{
                        "0":16.0,
                        "1":null,
                        "2":null
                    },
                    "II":{
                        "0":"9",
                        "1":"13",
                        "2":"9:18"
                    },
                    "III":{
                        "0":15.0,
                        "1":null,
                        "2":null
                    },
                    "IV":{
                        "0":"4",
                        "1":"14",
                        "2":"2:11"
                    },
                    "V":{
                        "0":6.0,
                        "1":null,
                        "2":null
                    },
                    "VI":{
                        "0":10.0,
                        "1":null,
                        "2":null
                    }
                },
                "Set 2":{
                    "I":{
                        "0":"10",
                        "1":"11",
                        "2":"5:8",
                        "3":null
                    },
                    "II":{
                        "0":16.0,
                        "1":null,
                        "2":null,
                        "3":null
                    },
                    "III":{
                        "0":"13",
                        "1":"9",
                        "2":"5:10",
                        "3":null
                    },
                    "IV":{
                        "0":"15",
                        "1":"3",
                        "2":"12:14",
                        "3":"12:15"
                    },
                    "V":{
                        "0":"14",
                        "1":"4",
                        "2":"6:11",
                        "3":null
                    },
                    "VI":{
                        "0":6.0,
                        "1":null,
                        "2":null,
                        "3":null
                    }
                },
                "Set 3":{
                    "I":{
                        "0":16.0,
                        "1":null,
                        "2":null,
                        "3":null
                    },
                    "II":{
                        "0":9.0,
                        "1":null,
                        "2":null,
                        "3":null
                    },
                    "III":{
                        "0":"15",
                        "1":"3",
                        "2":"22:23",
                        "3":"22:24"
                    },
                    "IV":{
                        "0":"4",
                        "1":"14",
                        "2":"13:12",
                        "3":null
                    },
                    "V":{
                        "0":6.0,
                        "1":null,
                        "2":null,
                        "3":null
                    },
                    "VI":{
                        "0":11.0,
                        "1":null,
                        "2":null,
                        "3":null
                    }
                },
                "Set 4":{
                    "I":{
                        "0":11
                    },
                    "II":{
                        "0":16
                    },
                    "III":{
                        "0":9
                    },
                    "IV":{
                        "0":15
                    },
                    "V":{
                        "0":14
                    },
                    "VI":{
                        "0":6
                    }
                },
                "Set 5":0
            },
            "Serves 1":{
                "Set 1":{
                    "I":{
                        "0":null,
                        "1":19.0
                    },
                    "II":{
                        "0":"8",
                        "1":20
                    },
                    "III":{
                        "0":"9",
                        "1":22
                    },
                    "IV":{
                        "0":"11",
                        "1":24
                    },
                    "V":{
                        "0":"13",
                        "1":25
                    },
                    "VI":{
                        "0":"15",
                        "1":null
                    }
                },
                "Set 2":{
                    "I":{
                        "0":"0",
                        "1":12,
                        "2":20
                    },
                    "II":{
                        "0":"1",
                        "1":13,
                        "2":21
                    },
                    "III":{
                        "0":"2",
                        "1":14,
                        "2":22
                    },
                    "IV":{
                        "0":"4",
                        "1":15.0,
                        "2":null
                    },
                    "V":{
                        "0":"10",
                        "1":18.0,
                        "2":null
                    },
                    "VI":{
                        "0":"11",
                        "1":19.0,
                        "2":null
                    }
                },
                "Set 3":{
                    "I":{
                        "0":null,
                        "1":12.0,
                        "2":20.0
                    },
                    "II":{
                        "0":"3",
                        "1":14,
                        "2":21
                    },
                    "III":{
                        "0":"4",
                        "1":15,
                        "2":23
                    },
                    "IV":{
                        "0":"5",
                        "1":16,
                        "2":24
                    },
                    "V":{
                        "0":"9",
                        "1":17.0,
                        "2":null
                    },
                    "VI":{
                        "0":"10",
                        "1":18.0,
                        "2":null
                    }
                },
                "Set 4":{
                    "I":{
                        "0":"0",
                        "1":10,
                        "2":16
                    },
                    "II":{
                        "0":"1",
                        "1":11,
                        "2":20
                    },
                    "III":{
                        "0":"2",
                        "1":12.0,
                        "2":null
                    },
                    "IV":{
                        "0":"3",
                        "1":13.0,
                        "2":null
                    },
                    "V":{
                        "0":"7",
                        "1":14.0,
                        "2":null
                    },
                    "VI":{
                        "0":"8",
                        "1":15.0,
                        "2":null
                    }
                },
                "Set 5":0
            },
            "Serves 2":{
                "Set 1":{
                    "I":{
                        "0":"0",
                        "1":12
                    },
                    "II":{
                        "0":"1",
                        "1":16
                    },
                    "III":{
                        "0":"2",
                        "1":17
                    },
                    "IV":{
                        "0":"4",
                        "1":19
                    },
                    "V":{
                        "0":"6",
                        "1":null
                    },
                    "VI":{
                        "0":"9",
                        "1":null
                    }
                },
                "Set 2":{
                    "I":{
                        "0":null,
                        "1":8.0,
                        "2":19.0
                    },
                    "II":{
                        "0":"1",
                        "1":9,
                        "2":22
                    },
                    "III":{
                        "0":"3",
                        "1":11,
                        "2":24
                    },
                    "IV":{
                        "0":"4",
                        "1":12,
                        "2":25
                    },
                    "V":{
                        "0":"5",
                        "1":16.0,
                        "2":null
                    },
                    "VI":{
                        "0":"6",
                        "1":17.0,
                        "2":null
                    }
                },
                "Set 3":{
                    "I":{
                        "0":"1",
                        "1":14,
                        "2":20
                    },
                    "II":{
                        "0":"2",
                        "1":15,
                        "2":21
                    },
                    "III":{
                        "0":"5",
                        "1":16,
                        "2":22
                    },
                    "IV":{
                        "0":"7",
                        "1":17,
                        "2":26
                    },
                    "V":{
                        "0":"10",
                        "1":18.0,
                        "2":null
                    },
                    "VI":{
                        "0":"13",
                        "1":19.0,
                        "2":null
                    }
                },
                "Set 4":{
                    "I":{
                        "0":null,
                        "1":12.0,
                        "2":22.0
                    },
                    "II":{
                        "0":"1",
                        "1":14,
                        "2":23
                    },
                    "III":{
                        "0":"4",
                        "1":15,
                        "2":25
                    },
                    "IV":{
                        "0":"8",
                        "1":16.0,
                        "2":null
                    },
                    "V":{
                        "0":"9",
                        "1":17.0,
                        "2":null
                    },
                    "VI":{
                        "0":"11",
                        "1":18.0,
                        "2":null
                    }
                },
                "Set 5":0
            },
            "Timeouts 1":{
                "Set 1":{
                    "T":{
                        "0":"20:15"
                    }
                },
                "Set 2":{
                    "T":{
                        "0":"15:15",
                        "1":"20:21"
                    }
                },
                "Set 3":{
                    "T":{
                        "0":"24:23",
                        "1":"24:24"
                    }
                },
                "Set 4":{
                    "T":{
                        "0":"2:7",
                        "1":"15:21"
                    }
                },
                "Set 5":0
            },
            "Timeouts 2":{
                "Set 1":{
                    "T":{
                        "0":"0:5",
                        "1":"16:22"
                    }
                },
                "Set 2":{
                    "T":{
                        "0":"16:18"
                    }
                },
                "Set 3":{
                    "T":{
                        "0":"19:20",
                        "1":"21:23"
                    }
                },
                "Set 4":{
                    "T":{
                        "0":"9:7",
                        "1":"23:19"
                    }
                },
                "Set 5":0
            }
        },
        "Teams":{
            "Name":{
                "Team 1":"CENTRE NATIONAL DE VOLLEY-BALL",
                "Team 2":"CNM CHARENTON"
            },
            "Players":{
                "Team 1":{
                    "N\u00b0":{
                        "0":1,
                        "1":3,
                        "2":4,
                        "3":6,
                        "4":9,
                        "5":10,
                        "6":11,
                        "7":13,
                        "8":14,
                        "9":15,
                        "10":16,
                        "11":20
                    },
                    "Nom Pr\u00e9nom":{
                        "0":"AYE CALVIN",
                        "1":"CHABOISSANT ANATOLE",
                        "2":"LAVIGNE TOM",
                        "3":"DJORDJEVIC MARTIN",
                        "4":"HENNO HILIR",
                        "5":"PAUMELLE MARIUS",
                        "6":"ROEHRIG SIMON",
                        "7":"LAUMON MAXIME",
                        "8":"CANOVAS NATHAN",
                        "9":"TARAMINI AUDRIC",
                        "10":"HELFER THOMAS",
                        "11":"VOL MATHIEU"
                    },
                    "Licence":{
                        "0":2247677,
                        "1":1704567,
                        "2":1850048,
                        "3":1822535,
                        "4":2195833,
                        "5":2197231,
                        "6":1882760,
                        "7":1784127,
                        "8":1810082,
                        "9":1814227,
                        "10":1796008,
                        "11":2001436
                    }
                },
                "Team 2":{
                    "N\u00b0":{
                        "0":1,
                        "1":2,
                        "2":3,
                        "3":4,
                        "4":9,
                        "5":13,
                        "6":19
                    },
                    "Nom Pr\u00e9nom":{
                        "0":"KA CLEMENT",
                        "1":"BIANCHI HUGO",
                        "2":"FRANGOLACCI SEBASTIEN",
                        "3":"DIEUDJI TCHAMDJOU CEDRIC",
                        "4":"BLANC BORIS",
                        "5":"ZERROUKI THEO",
                        "6":"ZAICHI CHAHINE"
                    },
                    "Licence":{
                        "0":2040841,
                        "1":1618433,
                        "2":899872,
                        "3":1767593,
                        "4":1890454,
                        "5":1990732,
                        "6":2357594
                    }
                }
            },
            "Liberos":{
                "Team 1":{
                    "N\u00b0":{
                        "0":20
                    },
                    "Nom Pr\u00e9nom":{
                        "0":"VOL MATHIEU"
                    },
                    "Licence":{
                        "0":2001436
                    }
                },
                "Team 2":{
                    "N\u00b0":{

                    },
                    "Nom Pr\u00e9nom":{

                    },
                    "Licence":{

                    }
                }
            },
            "Officials":{
                "Team 1":{
                    "N\u00b0":{
                        "0":"EA",
                        "1":"EB"
                    },
                    "Nom Pr\u00e9nom":{
                        "0":"TRILLON JOCELYN",
                        "1":"LE MARREC LOIC"
                    },
                    "Licence":{
                        "0":813741,
                        "1":1229762
                    }
                },
                "Team 2":{
                    "N\u00b0":{
                        "0":"EA"
                    },
                    "Nom Pr\u00e9nom":{
                        "0":"ZIANI XAVIER"
                    },
                    "Licence":{
                        "0":1225141
                    }
                }
            }
        },
        "Results":{
            "winner":"CENTRE NATIONAL DE VOL",
            "score":"3\/1"
        },
        "Referees":{
            "NOM Pr\u00e9nom":{
                "1er":"KHELLAF FREDERIC",
                "2\u00e8me":"STAN CLAUDIU",
                "Marqueur":"BOILLON GUY",
                "Marq.Ass":".",
                "R.Salle":"CAZABON HUBERT"
            },
            "Ligue":{
                "1er":"LIG_PAC",
                "2\u00e8me":"LIG_OCC",
                "Marqueur":"LIG_OCC",
                "Marq.Ass":null,
                "R.Salle":"LIG_AQ"
            },
            "Licence":{
                "1er":1081616.0,
                "2\u00e8me":1794439.0,
                "Marqueur":36673.0,
                "Marq.Ass":null,
                "R.Salle":1816259.0
            }
        },
        "Penalties":{

        }
    }
}