{
    "Match":{
        "Title":{
            "div_code":"EMA ",
            "div_name":"ELITE MASCULINE",
            "div_pool":"POULE A",
            "match_number":"EMA006",
            "match_day":"02",
            "city":"CHARENTON LE PONT",
            "gym":"COMPL SPORTIF NELSON PAILLOU",
            "category":"SENIOR | MASCULIN",
            "ligue":"Comp\u00e9titions Nationales SENIORS",
            "date":"2019-10-12 20:00:00",
            "team_1":"CNM CHARENTON",
            "team_2":"RENNES ETUDIANTS CLUB 2 CFC"
        },
        "Sets":{
            "Teams":{
                "Set 1":{
                    "Name":{
                        "Team 1":"CNM CHARENTON",
                        "Team 2":"RENNES ETUDIANTS CLUB"
                    },
                    "Starting":{
                        "Team 1":"Reception",
                        "Team 2":"Service"
                    }
                },
                "Set 2":{
                    "Name":{
                        "Team 1":"CNM CHARENTON",
                        "Team 2":"RENNES ETUDIANTS CLUB"
                    },
                    "Starting":{
                        "Team 1":"Service",
                        "Team 2":"Reception"
                    }
                },
                "Set 3":{
                    "Name":{
                        "Team 1":"CNM CHARENTON",
                        "Team 2":"RENNES ETUDIANTS CLUB"
                    },
                    "Starting":{
                        "Team 1":"Reception",
                        "Team 2":"Service"
                    }
                },
                "Set 4":{
                    "Name":{
                        "Team 1":"CNM CHARENTON",
                        "Team 2":"RENNES ETUDIANTS CLUB"
                    },
                    "Starting":{
                        "Team 1":"Service",
                        "Team 2":"Reception"
                    }
                },
                "Set 5":0
            },
            "Time":{
                "Set 1":{
                    "Time":{
                        "Start":"2019-10-12 19:59:00",
                        "End":"2019-10-12 20:24:00"
                    }
                },
                "Set 2":{
                    "Time":{
                        "Start":"2019-10-12 20:28:00",
                        "End":"2019-10-12 20:53:00"
                    }
                },
                "Set 3":{
                    "Time":{
                        "Start":"2019-10-12 20:56:00",
                        "End":"2019-10-12 21:23:00"
                    }
                },
                "Set 4":{
                    "Time":{
                        "Start":"2019-10-12 21:26:00",
                        "End":"2019-10-12 21:52:00"
                    }
                },
                "Set 5":0
            },
            "Substitutions 1":{
                "Set 1":{
                    "I":{
                        "0":4
                    },
                    "II":{
                        "0":2
                    },
                    "III":{
                        "0":9
                    },
                    "IV":{
                        "0":12
                    },
                    "V":{
                        "0":11
                    },
                    "VI":{
                        "0":3
                    }
                },
                "Set 2":{
                    "I":{
                        "0":2.0,
                        "1":null,
                        "2":null,
                        "3":null
                    },
                    "II":{
                        "0":9.0,
                        "1":null,
                        "2":null,
                        "3":null
                    },
                    "III":{
                        "0":"12",
                        "1":"13",
                        "2":"23:22",
                        "3":"23:23"
                    },
                    "IV":{
                        "0":11.0,
                        "1":null,
                        "2":null,
                        "3":null
                    },
                    "V":{
                        "0":3.0,
                        "1":null,
                        "2":null,
                        "3":null
                    },
                    "VI":{
                        "0":4.0,
                        "1":null,
                        "2":null,
                        "3":null
                    }
                },
                "Set 3":{
                    "I":{
                        "0":9.0,
                        "1":null,
                        "2":null
                    },
                    "II":{
                        "0":"12",
                        "1":"13",
                        "2":"1:2"
                    },
                    "III":{
                        "0":11.0,
                        "1":null,
                        "2":null
                    },
                    "IV":{
                        "0":3.0,
                        "1":null,
                        "2":null
                    },
                    "V":{
                        "0":4.0,
                        "1":null,
                        "2":null
                    },
                    "VI":{
                        "0":2.0,
                        "1":null,
                        "2":null
                    }
                },
                "Set 4":{
                    "I":{
                        "0":2
                    },
                    "II":{
                        "0":9
                    },
                    "III":{
                        "0":13
                    },
                    "IV":{
                        "0":11
                    },
                    "V":{
                        "0":3
                    },
                    "VI":{
                        "0":4
                    }
                },
                "Set 5":0
            },
            "Substitutions 2":{
                "Set 1":{
                    "I":{
                        "0":2.0,
                        "1":null,
                        "2":null
                    },
                    "II":{
                        "0":9.0,
                        "1":null,
                        "2":null
                    },
                    "III":{
                        "0":"8",
                        "1":"3",
                        "2":"18:24"
                    },
                    "IV":{
                        "0":10.0,
                        "1":null,
                        "2":null
                    },
                    "V":{
                        "0":6.0,
                        "1":null,
                        "2":null
                    },
                    "VI":{
                        "0":5.0,
                        "1":null,
                        "2":null
                    }
                },
                "Set 2":{
                    "I":{
                        "0":10.0,
                        "1":null,
                        "2":null
                    },
                    "II":{
                        "0":9.0,
                        "1":null,
                        "2":null
                    },
                    "III":{
                        "0":"8",
                        "1":"3",
                        "2":"22:23"
                    },
                    "IV":{
                        "0":2.0,
                        "1":null,
                        "2":null
                    },
                    "V":{
                        "0":6.0,
                        "1":null,
                        "2":null
                    },
                    "VI":{
                        "0":5.0,
                        "1":null,
                        "2":null
                    }
                },
                "Set 3":{
                    "I":{
                        "0":10.0,
                        "1":null,
                        "2":null,
                        "3":null
                    },
                    "II":{
                        "0":9.0,
                        "1":null,
                        "2":null,
                        "3":null
                    },
                    "III":{
                        "0":"8",
                        "1":"3",
                        "2":"18:17",
                        "3":"22:20"
                    },
                    "IV":{
                        "0":2.0,
                        "1":null,
                        "2":null,
                        "3":null
                    },
                    "V":{
                        "0":6.0,
                        "1":null,
                        "2":null,
                        "3":null
                    },
                    "VI":{
                        "0":5.0,
                        "1":null,
                        "2":null,
                        "3":null
                    }
                },
                "Set 4":{
                    "I":{
                        "0":10.0,
                        "1":null,
                        "2":null,
                        "3":null
                    },
                    "II":{
                        "0":9.0,
                        "1":null,
                        "2":null,
                        "3":null
                    },
                    "III":{
                        "0":"8",
                        "1":"3",
                        "2":"3:4",
                        "3":"6:9"
                    },
                    "IV":{
                        "0":2.0,
                        "1":null,
                        "2":null,
                        "3":null
                    },
                    "V":{
                        "0":6.0,
                        "1":null,
                        "2":null,
                        "3":null
                    },
                    "VI":{
                        "0":5.0,
                        "1":null,
                        "2":null,
                        "3":null
                    }
                },
                "Set 5":0
            },
            "Serves 1":{
                "Set 1":{
                    "I":{
                        "0":null,
                        "1":7.0,
                        "2":20.0
                    },
                    "II":{
                        "0":"1",
                        "1":11,
                        "2":21
                    },
                    "III":{
                        "0":"3",
                        "1":12,
                        "2":23
                    },
                    "IV":{
                        "0":"4",
                        "1":14,
                        "2":24
                    },
                    "V":{
                        "0":"5",
                        "1":15,
                        "2":25
                    },
                    "VI":{
                        "0":"6",
                        "1":18.0,
                        "2":null
                    }
                },
                "Set 2":{
                    "I":{
                        "0":"0",
                        "1":8,
                        "2":21
                    },
                    "II":{
                        "0":"1",
                        "1":12,
                        "2":22
                    },
                    "III":{
                        "0":"2",
                        "1":13,
                        "2":23
                    },
                    "IV":{
                        "0":"5",
                        "1":14,
                        "2":25
                    },
                    "V":{
                        "0":"6",
                        "1":16.0,
                        "2":null
                    },
                    "VI":{
                        "0":"7",
                        "1":19.0,
                        "2":null
                    }
                },
                "Set 3":{
                    "I":{
                        "0":null,
                        "1":10.0,
                        "2":21.0
                    },
                    "II":{
                        "0":"3",
                        "1":12,
                        "2":23
                    },
                    "III":{
                        "0":"5",
                        "1":16.0,
                        "2":null
                    },
                    "IV":{
                        "0":"6",
                        "1":18.0,
                        "2":null
                    },
                    "V":{
                        "0":"8",
                        "1":19.0,
                        "2":null
                    },
                    "VI":{
                        "0":"9",
                        "1":20.0,
                        "2":null
                    }
                },
                "Set 4":{
                    "I":{
                        "0":"0",
                        "1":13,
                        "2":21
                    },
                    "II":{
                        "0":"3",
                        "1":14,
                        "2":24
                    },
                    "III":{
                        "0":"5",
                        "1":15,
                        "2":25
                    },
                    "IV":{
                        "0":"8",
                        "1":16.0,
                        "2":null
                    },
                    "V":{
                        "0":"9",
                        "1":17.0,
                        "2":null
                    },
                    "VI":{
                        "0":"11",
                        "1":20.0,
                        "2":null
                    }
                },
                "Set 5":0
            },
            "Serves 2":{
                "Set 1":{
                    "I":{
                        "0":"0",
                        "1":6,
                        "2":14
                    },
                    "II":{
                        "0":"1",
                        "1":9,
                        "2":17
                    },
                    "III":{
                        "0":"2",
                        "1":10,
                        "2":18
                    },
                    "IV":{
                        "0":"3",
                        "1":11,
                        "2":19
                    },
                    "V":{
                        "0":"4",
                        "1":12.0,
                        "2":null
                    },
                    "VI":{
                        "0":"5",
                        "1":13.0,
                        "2":null
                    }
                },
                "Set 2":{
                    "I":{
                        "0":null,
                        "1":11.0,
                        "2":20.0
                    },
                    "II":{
                        "0":"1",
                        "1":14,
                        "2":21
                    },
                    "III":{
                        "0":"3",
                        "1":15,
                        "2":22
                    },
                    "IV":{
                        "0":"4",
                        "1":16,
                        "2":23
                    },
                    "V":{
                        "0":"5",
                        "1":17.0,
                        "2":null
                    },
                    "VI":{
                        "0":"10",
                        "1":19.0,
                        "2":null
                    }
                },
                "Set 3":{
                    "I":{
                        "0":"2",
                        "1":14,
                        "2":24
                    },
                    "II":{
                        "0":"3",
                        "1":17,
                        "2":25
                    },
                    "III":{
                        "0":"7",
                        "1":18.0,
                        "2":null
                    },
                    "IV":{
                        "0":"8",
                        "1":19.0,
                        "2":null
                    },
                    "V":{
                        "0":"9",
                        "1":21.0,
                        "2":null
                    },
                    "VI":{
                        "0":"12",
                        "1":22.0,
                        "2":null
                    }
                },
                "Set 4":{
                    "I":{
                        "0":null,
                        "1":7.0,
                        "2":17.0
                    },
                    "II":{
                        "0":"2",
                        "1":8,
                        "2":18
                    },
                    "III":{
                        "0":"3",
                        "1":10,
                        "2":20
                    },
                    "IV":{
                        "0":"4",
                        "1":11.0,
                        "2":null
                    },
                    "V":{
                        "0":"5",
                        "1":12.0,
                        "2":null
                    },
                    "VI":{
                        "0":"6",
                        "1":14.0,
                        "2":null
                    }
                },
                "Set 5":0
            },
            "Timeouts 1":{
                "Set 1":{
                    "T":{
                        "0":"21:17"
                    }
                },
                "Set 2":{
                    "T":{
                        "0":"8:14"
                    }
                },
                "Set 3":{
                    "T":{
                        "0":"5:7",
                        "1":"19:21"
                    }
                },
                "Set 4":{
                    "T":{

                    }
                },
                "Set 5":0
            },
            "Timeouts 2":{
                "Set 1":{
                    "T":{
                        "0":"6:11",
                        "1":"13:20"
                    }
                },
                "Set 2":{
                    "T":{
                        "0":"14:12",
                        "1":"20:21"
                    }
                },
                "Set 3":{
                    "T":{
                        "0":"22:21",
                        "1":"24:23"
                    }
                },
                "Set 4":{
                    "T":{
                        "0":"7:13",
                        "1":"14:19"
                    }
                },
                "Set 5":0
            }
        },
        "Teams":{
            "Name":{
                "Team 1":"CNM CHARENTON",
                "Team 2":"RENNES ETUDIANTS CLUB 2 CFC"
            },
            "Players":{
                "Team 1":{
                    "N\u00b0":{
                        "0":1,
                        "1":2,
                        "2":3,
                        "3":4,
                        "4":5,
                        "5":9,
                        "6":11,
                        "7":12,
                        "8":13,
                        "9":19
                    },
                    "Nom Pr\u00e9nom":{
                        "0":"KA CLEMENT",
                        "1":"BIANCHI HUGO",
                        "2":"FRANGOLACCI SEBASTIEN",
                        "3":"DIEUDJI-TCHAMDJOU CEDRIC",
                        "4":"BLANDIN JULES",
                        "5":"BLANC BORIS",
                        "6":"CANTAMESSI GAETAN",
                        "7":"SUVE MARCELINO",
                        "8":"ZERROUKI THEO",
                        "9":"ZAICHI CHAHINE"
                    },
                    "Licence":{
                        "0":2040841,
                        "1":1618433,
                        "2":899872,
                        "3":1767593,
                        "4":1832143,
                        "5":1890454,
                        "6":1174103,
                        "7":1977907,
                        "8":1990732,
                        "9":2357594
                    }
                },
                "Team 2":{
                    "N\u00b0":{
                        "0":2,
                        "1":3,
                        "2":5,
                        "3":6,
                        "4":8,
                        "5":9,
                        "6":10,
                        "7":12,
                        "8":17
                    },
                    "Nom Pr\u00e9nom":{
                        "0":"BUNEL THOMAS",
                        "1":"HALLE MATTEO",
                        "2":"NEVOT TANGUY",
                        "3":"TOLEDO PIERRE",
                        "4":"IOTEFA BAPTISTE",
                        "5":"BITEAU NATHAN",
                        "6":"JAFFRELOT COME",
                        "7":"GABALI MATCHELLO",
                        "8":"LE GARS PAUL"
                    },
                    "Licence":{
                        "0":1901104,
                        "1":1860231,
                        "2":1732166,
                        "3":1893776,
                        "4":2307132,
                        "5":1872365,
                        "6":1799977,
                        "7":2094349,
                        "8":1775925
                    }
                }
            },
            "Liberos":{
                "Team 1":{
                    "N\u00b0":{
                        "0":5
                    },
                    "Nom Pr\u00e9nom":{
                        "0":"BLANDIN JULES"
                    },
                    "Licence":{
                        "0":1832143
                    }
                },
                "Team 2":{
                    "N\u00b0":{
                        "0":17
                    },
                    "Nom Pr\u00e9nom":{
                        "0":"LE GARS PAUL"
                    },
                    "Licence":{
                        "0":1775925
                    }
                }
            },
            "Officials":{
                "Team 1":{
                    "N\u00b0":{
                        "0":"EA"
                    },
                    "Nom Pr\u00e9nom":{
                        "0":"ZIANI XAVIER"
                    },
                    "Licence":{
                        "0":1225141
                    }
                },
                "Team 2":{
                    "N\u00b0":{
                        "0":"EA"
                    },
                    "Nom Pr\u00e9nom":{
                        "0":"BOUVET OLIVIER"
                    },
                    "Licence":{
                        "0":1593112
                    }
                }
            }
        },
        "Results":{
            "winner":"CNM CHARENTON",
            "score":"3\/1"
        },
        "Referees":{
            "NOM Pr\u00e9nom":{
                "1er":"HABOUL ATIF",
                "2\u00e8me":"PAGA GILLES",
                "Marqueur":"MAS ANTOINE",
                "Marq.Ass":".",
                "nan":null
            },
            "Ligue":{
                "1er":"LIG_HDF",
                "2\u00e8me":"LIG_HDF",
                "Marqueur":"LIG_IF",
                "Marq.Ass":null,
                "nan":"Juges"
            },
            "Licence":{
                "1er":1567059.0,
                "2\u00e8me":1056992.0,
                "Marqueur":1826352.0,
                "Marq.Ass":null,
                "nan":null
            }
        },
        "Penalties":{

        }
    }
}