{
    "Match":{
        "Title":{
            "div_code":"EMA ",
            "div_name":"ELITE MASCULINE",
            "div_pool":"POULE A",
            "match_number":"EMA002",
            "match_day":"01",
            "city":"HARNES",
            "gym":"SALLE REGIONALE MARECHAL",
            "category":"SENIOR | MASCULIN",
            "ligue":"Comp\u00e9titions Nationales SENIORS",
            "date":"2019-10-05 20:00:00",
            "team_1":"HARNES VOLLEY-BALL",
            "team_2":"LOISIRS INTER SPORT ST PIERRE"
        },
        "Sets":{
            "Teams":{
                "Set 1":{
                    "Name":{
                        "Team 1":"LOISIRS INTER SPORT ST",
                        "Team 2":"HARNES VOLLEY-BALL"
                    },
                    "Starting":{
                        "Team 1":"Service",
                        "Team 2":"Reception"
                    }
                },
                "Set 2":{
                    "Name":{
                        "Team 1":"LOISIRS INTER SPORT ST",
                        "Team 2":"HARNES VOLLEY-BALL"
                    },
                    "Starting":{
                        "Team 1":"Reception",
                        "Team 2":"Service"
                    }
                },
                "Set 3":{
                    "Name":{
                        "Team 1":"LOISIRS INTER SPORT ST",
                        "Team 2":"HARNES VOLLEY-BALL"
                    },
                    "Starting":{
                        "Team 1":"Service",
                        "Team 2":"Reception"
                    }
                },
                "Set 4":0,
                "Set 5":0
            },
            "Time":{
                "Set 1":{
                    "Time":{
                        "Start":"2019-10-05 20:00:00",
                        "End":"2019-10-05 20:26:00"
                    }
                },
                "Set 2":{
                    "Time":{
                        "Start":"2019-10-05 20:29:00",
                        "End":"2019-10-05 21:04:00"
                    }
                },
                "Set 3":{
                    "Time":{
                        "Start":"2019-10-05 21:14:00",
                        "End":"2019-10-05 21:42:00"
                    }
                },
                "Set 4":0,
                "Set 5":0
            },
            "Substitutions 1":{
                "Set 1":{
                    "I":{
                        "0":9
                    },
                    "II":{
                        "0":7
                    },
                    "III":{
                        "0":8
                    },
                    "IV":{
                        "0":10
                    },
                    "V":{
                        "0":6
                    },
                    "VI":{
                        "0":13
                    }
                },
                "Set 2":{
                    "I":{
                        "0":"13",
                        "1":"3",
                        "2":"25:25",
                        "3":"25:26"
                    },
                    "II":{
                        "0":9.0,
                        "1":null,
                        "2":null,
                        "3":null
                    },
                    "III":{
                        "0":7.0,
                        "1":null,
                        "2":null,
                        "3":null
                    },
                    "IV":{
                        "0":8.0,
                        "1":null,
                        "2":null,
                        "3":null
                    },
                    "V":{
                        "0":10.0,
                        "1":null,
                        "2":null,
                        "3":null
                    },
                    "VI":{
                        "0":6.0,
                        "1":null,
                        "2":null,
                        "3":null
                    }
                },
                "Set 3":{
                    "I":{
                        "0":9
                    },
                    "II":{
                        "0":7
                    },
                    "III":{
                        "0":8
                    },
                    "IV":{
                        "0":10
                    },
                    "V":{
                        "0":6
                    },
                    "VI":{
                        "0":13
                    }
                },
                "Set 4":0,
                "Set 5":0
            },
            "Substitutions 2":{
                "Set 1":{
                    "I":{
                        "0":9.0,
                        "1":null,
                        "2":null,
                        "3":null
                    },
                    "II":{
                        "0":4.0,
                        "1":null,
                        "2":null,
                        "3":null
                    },
                    "III":{
                        "0":18.0,
                        "1":null,
                        "2":null,
                        "3":null
                    },
                    "IV":{
                        "0":"2",
                        "1":"5",
                        "2":"13:18",
                        "3":"19:22"
                    },
                    "V":{
                        "0":11.0,
                        "1":null,
                        "2":null,
                        "3":null
                    },
                    "VI":{
                        "0":7.0,
                        "1":null,
                        "2":null,
                        "3":null
                    }
                },
                "Set 2":{
                    "I":{
                        "0":18.0,
                        "1":null,
                        "2":null,
                        "3":null
                    },
                    "II":{
                        "0":"2",
                        "1":"12",
                        "2":"17:18",
                        "3":null
                    },
                    "III":{
                        "0":11.0,
                        "1":null,
                        "2":null,
                        "3":null
                    },
                    "IV":{
                        "0":"7",
                        "1":"3",
                        "2":"20:21",
                        "3":"20:22"
                    },
                    "V":{
                        "0":9.0,
                        "1":null,
                        "2":null,
                        "3":null
                    },
                    "VI":{
                        "0":"4",
                        "1":"8",
                        "2":"22:23",
                        "3":null
                    }
                },
                "Set 3":{
                    "I":{
                        "0":8.0,
                        "1":null,
                        "2":null
                    },
                    "II":{
                        "0":"18",
                        "1":"3",
                        "2":"6:9"
                    },
                    "III":{
                        "0":12.0,
                        "1":null,
                        "2":null
                    },
                    "IV":{
                        "0":11.0,
                        "1":null,
                        "2":null
                    },
                    "V":{
                        "0":7.0,
                        "1":null,
                        "2":null
                    },
                    "VI":{
                        "0":"9",
                        "1":"2",
                        "2":"9:15"
                    }
                },
                "Set 4":0,
                "Set 5":0
            },
            "Serves 1":{
                "Set 1":{
                    "I":{
                        "0":"0",
                        "1":9,
                        "2":25
                    },
                    "II":{
                        "0":"1",
                        "1":12.0,
                        "2":null
                    },
                    "III":{
                        "0":"3",
                        "1":14.0,
                        "2":null
                    },
                    "IV":{
                        "0":"4",
                        "1":19.0,
                        "2":null
                    },
                    "V":{
                        "0":"5",
                        "1":20.0,
                        "2":null
                    },
                    "VI":{
                        "0":"8",
                        "1":22.0,
                        "2":null
                    }
                },
                "Set 2":{
                    "I":{
                        "0":null,
                        "1":9.0,
                        "2":17.0,
                        "3":25.0
                    },
                    "II":{
                        "0":"2",
                        "1":11,
                        "2":18,
                        "3":28
                    },
                    "III":{
                        "0":"4",
                        "1":12.0,
                        "2":20.0,
                        "3":null
                    },
                    "IV":{
                        "0":"5",
                        "1":13.0,
                        "2":21.0,
                        "3":null
                    },
                    "V":{
                        "0":"6",
                        "1":14.0,
                        "2":23.0,
                        "3":null
                    },
                    "VI":{
                        "0":"7",
                        "1":15.0,
                        "2":24.0,
                        "3":null
                    }
                },
                "Set 3":{
                    "I":{
                        "0":"2",
                        "1":10,
                        "2":22
                    },
                    "II":{
                        "0":"3",
                        "1":13,
                        "2":23
                    },
                    "III":{
                        "0":"5",
                        "1":16,
                        "2":24
                    },
                    "IV":{
                        "0":"6",
                        "1":18,
                        "2":25
                    },
                    "V":{
                        "0":"7",
                        "1":19.0,
                        "2":null
                    },
                    "VI":{
                        "0":"9",
                        "1":21.0,
                        "2":null
                    }
                },
                "Set 4":0,
                "Set 5":0
            },
            "Serves 2":{
                "Set 1":{
                    "I":{
                        "0":null,
                        "1":9.0,
                        "2":19.0
                    },
                    "II":{
                        "0":"2",
                        "1":10.0,
                        "2":null
                    },
                    "III":{
                        "0":"4",
                        "1":12.0,
                        "2":null
                    },
                    "IV":{
                        "0":"6",
                        "1":13.0,
                        "2":null
                    },
                    "V":{
                        "0":"7",
                        "1":16.0,
                        "2":null
                    },
                    "VI":{
                        "0":"8",
                        "1":18.0,
                        "2":null
                    }
                },
                "Set 2":{
                    "I":{
                        "0":"3",
                        "1":9,
                        "2":17,
                        "3":26
                    },
                    "II":{
                        "0":"4",
                        "1":10.0,
                        "2":18.0,
                        "3":null
                    },
                    "III":{
                        "0":"5",
                        "1":11.0,
                        "2":19.0,
                        "3":null
                    },
                    "IV":{
                        "0":"6",
                        "1":14.0,
                        "2":20.0,
                        "3":null
                    },
                    "V":{
                        "0":"7",
                        "1":15.0,
                        "2":24.0,
                        "3":null
                    },
                    "VI":{
                        "0":"8",
                        "1":16.0,
                        "2":25.0,
                        "3":null
                    }
                },
                "Set 3":{
                    "I":{
                        "0":null,
                        "1":7.0,
                        "2":14.0
                    },
                    "II":{
                        "0":"1",
                        "1":8,
                        "2":15
                    },
                    "III":{
                        "0":"2",
                        "1":9,
                        "2":17
                    },
                    "IV":{
                        "0":"3",
                        "1":10,
                        "2":18
                    },
                    "V":{
                        "0":"5",
                        "1":11.0,
                        "2":null
                    },
                    "VI":{
                        "0":"6",
                        "1":13.0,
                        "2":null
                    }
                },
                "Set 4":0,
                "Set 5":0
            },
            "Timeouts 1":{
                "Set 1":{
                    "T":{

                    }
                },
                "Set 2":{
                    "T":{
                        "0":"0:3",
                        "1":"23:23"
                    }
                },
                "Set 3":{
                    "T":{

                    }
                },
                "Set 4":0,
                "Set 5":0
            },
            "Timeouts 2":{
                "Set 1":{
                    "T":{
                        "0":"13:18",
                        "1":"18:22"
                    }
                },
                "Set 2":{
                    "T":{
                        "0":"18:20",
                        "1":"20:23"
                    }
                },
                "Set 3":{
                    "T":{
                        "0":"8:12"
                    }
                },
                "Set 4":0,
                "Set 5":0
            }
        },
        "Teams":{
            "Name":{
                "Team 1":"HARNES VOLLEY-BALL",
                "Team 2":"LOISIRS INTER SPORT ST PIERRE"
            },
            "Players":{
                "Team 1":{
                    "N\u00b0":{
                        "0":1,
                        "1":2,
                        "2":3,
                        "3":4,
                        "4":5,
                        "5":7,
                        "6":8,
                        "7":9,
                        "8":11,
                        "9":12,
                        "10":16,
                        "11":18
                    },
                    "Nom Pr\u00e9nom":{
                        "0":"NOWACZYK ARTHUR",
                        "1":"SKUP PATRYK",
                        "2":"GERMAIN BENJAMIN",
                        "3":"KOFANE BOYOMO JOSEPH HERVE",
                        "4":"CLEMENT ALEXANDRE",
                        "5":"VOLEANSCHII MIHAI",
                        "6":"SEGRE OLIVIER",
                        "7":"MEYER GEOFFREY",
                        "8":"PEPIN LENAIC",
                        "9":"QUEVA SAMUEL",
                        "10":"CHINA YANISS",
                        "11":"DILLIES MAXIME"
                    },
                    "Licence":{
                        "0":1883603,
                        "1":2350967,
                        "2":1525809,
                        "3":2330948,
                        "4":1620627,
                        "5":2335127,
                        "6":1453239,
                        "7":1463674,
                        "8":1759055,
                        "9":1941119,
                        "10":1386205,
                        "11":1380275
                    }
                },
                "Team 2":{
                    "N\u00b0":{
                        "0":3,
                        "1":6,
                        "2":7,
                        "3":8,
                        "4":9,
                        "5":10,
                        "6":11,
                        "7":13
                    },
                    "Nom Pr\u00e9nom":{
                        "0":"RADIC DALIBOR",
                        "1":"LAPIERRE MATEO",
                        "2":"VULICEVIC VEDRAN",
                        "3":"VALDIMARSSON HAFSTEINN",
                        "4":"SCERBAKOV NIKOLA",
                        "5":"TEAVAE DONOVAN",
                        "6":"VANMACKELBERG JULIEN",
                        "7":"BRUTIER MAXIME"
                    },
                    "Licence":{
                        "0":1675950,
                        "1":2091802,
                        "2":1715220,
                        "3":2301645,
                        "4":1868264,
                        "5":2089820,
                        "6":1380843,
                        "7":1652843
                    }
                }
            },
            "Liberos":{
                "Team 1":{
                    "N\u00b0":{
                        "0":16
                    },
                    "Nom Pr\u00e9nom":{
                        "0":"CHINA YANISS"
                    },
                    "Licence":{
                        "0":1386205
                    }
                },
                "Team 2":{
                    "N\u00b0":{
                        "0":11
                    },
                    "Nom Pr\u00e9nom":{
                        "0":"VANMACKELBERG JULIEN"
                    },
                    "Licence":{
                        "0":1380843
                    }
                }
            },
            "Officials":{
                "Team 1":{
                    "N\u00b0":{
                        "0":"EA",
                        "1":"EB",
                        "2":"SO"
                    },
                    "Nom Pr\u00e9nom":{
                        "0":"OHIER CHARLES EMMANUEL",
                        "1":"QUERIN GAEL",
                        "2":"STANIEK GUILLAUME"
                    },
                    "Licence":{
                        "0":1119235,
                        "1":2408567,
                        "2":0
                    }
                },
                "Team 2":{
                    "N\u00b0":{
                        "0":"EA"
                    },
                    "Nom Pr\u00e9nom":{
                        "0":"LEGRAND OLIVIER"
                    },
                    "Licence":{
                        "0":981629
                    }
                }
            }
        },
        "Results":{
            "winner":"LOISIRS INTER SPORT ST",
            "score":"3\/0"
        },
        "Referees":{
            "NOM Pr\u00e9nom":{
                "1er":"KONARKOWSKI DIDIER",
                "2\u00e8me":"MELAIA EDUARDO",
                "Marqueur":"STENCEL JEAN-MARC",
                "Marq.Ass":".",
                "nan":null
            },
            "Ligue":{
                "1er":"LIG_HDF",
                "2\u00e8me":"LIG_HDF",
                "Marqueur":null,
                "Marq.Ass":null,
                "nan":"Juges"
            },
            "Licence":{
                "1er":721183.0,
                "2\u00e8me":1221401.0,
                "Marqueur":1582419.0,
                "Marq.Ass":null,
                "nan":null
            }
        },
        "Penalties":{

        }
    }
}