{
    "Match":{
        "Title":{
            "div_code":"EMA ",
            "div_name":"ELITE MASCULINE",
            "div_pool":"POULE A",
            "match_number":"EMA014",
            "match_day":"04",
            "city":"CAUDRY",
            "gym":"PALAIS DES SPORTS",
            "category":"SENIOR | MASCULIN",
            "ligue":"Comp\u00e9titions Nationales SENIORS",
            "date":"2019-11-02 20:00:00",
            "team_1":"AL CAUDRY VOLLEY-BALL",
            "team_2":"HARNES VOLLEY-BALL"
        },
        "Sets":{
            "Teams":{
                "Set 1":{
                    "Name":{
                        "Team 1":"HARNES VOLLEY-BALL",
                        "Team 2":"AL CAUDRY VOLLEY-BALL"
                    },
                    "Starting":{
                        "Team 1":"Reception",
                        "Team 2":"Service"
                    }
                },
                "Set 2":{
                    "Name":{
                        "Team 1":"HARNES VOLLEY-BALL",
                        "Team 2":"AL CAUDRY VOLLEY-BALL"
                    },
                    "Starting":{
                        "Team 1":"Service",
                        "Team 2":"Reception"
                    }
                },
                "Set 3":{
                    "Name":{
                        "Team 1":"HARNES VOLLEY-BALL",
                        "Team 2":"AL CAUDRY VOLLEY-BALL"
                    },
                    "Starting":{
                        "Team 1":"Reception",
                        "Team 2":"Service"
                    }
                },
                "Set 4":{
                    "Name":{
                        "Team 1":"HARNES VOLLEY-BALL",
                        "Team 2":"AL CAUDRY VOLLEY-BALL"
                    },
                    "Starting":{
                        "Team 1":"Service",
                        "Team 2":"Reception"
                    }
                },
                "Set 5":0
            },
            "Time":{
                "Set 1":{
                    "Time":{
                        "Start":"2019-11-02 20:00:00",
                        "End":"2019-11-02 20:33:00"
                    }
                },
                "Set 2":{
                    "Time":{
                        "Start":"2019-11-02 20:36:00",
                        "End":"2019-11-02 21:02:00"
                    }
                },
                "Set 3":{
                    "Time":{
                        "Start":"2019-11-02 21:06:00",
                        "End":"2019-11-02 21:37:00"
                    }
                },
                "Set 4":{
                    "Time":{
                        "Start":"2019-11-02 21:40:00",
                        "End":"2019-11-02 22:04:00"
                    }
                },
                "Set 5":0
            },
            "Substitutions 1":{
                "Set 1":{
                    "I":{
                        "0":"9",
                        "1":"2",
                        "2":"22:20",
                        "3":"22:21"
                    },
                    "II":{
                        "0":4.0,
                        "1":null,
                        "2":null,
                        "3":null
                    },
                    "III":{
                        "0":18.0,
                        "1":null,
                        "2":null,
                        "3":null
                    },
                    "IV":{
                        "0":12.0,
                        "1":null,
                        "2":null,
                        "3":null
                    },
                    "V":{
                        "0":"11",
                        "1":"3",
                        "2":"23:21",
                        "3":"26:26"
                    },
                    "VI":{
                        "0":7.0,
                        "1":null,
                        "2":null,
                        "3":null
                    }
                },
                "Set 2":{
                    "I":{
                        "0":9.0,
                        "1":null,
                        "2":null
                    },
                    "II":{
                        "0":4.0,
                        "1":null,
                        "2":null
                    },
                    "III":{
                        "0":18.0,
                        "1":null,
                        "2":null
                    },
                    "IV":{
                        "0":12.0,
                        "1":null,
                        "2":null
                    },
                    "V":{
                        "0":11.0,
                        "1":null,
                        "2":null
                    },
                    "VI":{
                        "0":"7",
                        "1":"2",
                        "2":"19:24"
                    }
                },
                "Set 3":{
                    "I":{
                        "0":"9",
                        "1":"2",
                        "2":"21:23",
                        "3":"21:24"
                    },
                    "II":{
                        "0":4.0,
                        "1":null,
                        "2":null,
                        "3":null
                    },
                    "III":{
                        "0":18.0,
                        "1":null,
                        "2":null,
                        "3":null
                    },
                    "IV":{
                        "0":12.0,
                        "1":null,
                        "2":null,
                        "3":null
                    },
                    "V":{
                        "0":"11",
                        "1":"3",
                        "2":"22:24",
                        "3":null
                    },
                    "VI":{
                        "0":7.0,
                        "1":null,
                        "2":null,
                        "3":null
                    }
                },
                "Set 4":{
                    "I":{
                        "0":9.0,
                        "1":null,
                        "2":null
                    },
                    "II":{
                        "0":4.0,
                        "1":null,
                        "2":null
                    },
                    "III":{
                        "0":"18",
                        "1":"3",
                        "2":"8:13"
                    },
                    "IV":{
                        "0":"12",
                        "1":"2",
                        "2":"8:12"
                    },
                    "V":{
                        "0":11.0,
                        "1":null,
                        "2":null
                    },
                    "VI":{
                        "0":"7",
                        "1":"1",
                        "2":"9:15"
                    }
                },
                "Set 5":0
            },
            "Substitutions 2":{
                "Set 1":{
                    "I":{
                        "0":9
                    },
                    "II":{
                        "0":4
                    },
                    "III":{
                        "0":5
                    },
                    "IV":{
                        "0":15
                    },
                    "V":{
                        "0":7
                    },
                    "VI":{
                        "0":11
                    }
                },
                "Set 2":{
                    "I":{
                        "0":11
                    },
                    "II":{
                        "0":9
                    },
                    "III":{
                        "0":4
                    },
                    "IV":{
                        "0":5
                    },
                    "V":{
                        "0":15
                    },
                    "VI":{
                        "0":7
                    }
                },
                "Set 3":{
                    "I":{
                        "0":9
                    },
                    "II":{
                        "0":4
                    },
                    "III":{
                        "0":5
                    },
                    "IV":{
                        "0":15
                    },
                    "V":{
                        "0":7
                    },
                    "VI":{
                        "0":11
                    }
                },
                "Set 4":{
                    "I":{
                        "0":11
                    },
                    "II":{
                        "0":9
                    },
                    "III":{
                        "0":4
                    },
                    "IV":{
                        "0":5
                    },
                    "V":{
                        "0":15
                    },
                    "VI":{
                        "0":7
                    }
                },
                "Set 5":0
            },
            "Serves 1":{
                "Set 1":{
                    "I":{
                        "0":null,
                        "1":7.0,
                        "2":15.0,
                        "3":25.0
                    },
                    "II":{
                        "0":"1",
                        "1":8,
                        "2":16,
                        "3":26
                    },
                    "III":{
                        "0":"2",
                        "1":9,
                        "2":18,
                        "3":29
                    },
                    "IV":{
                        "0":"4",
                        "1":11.0,
                        "2":22.0,
                        "3":null
                    },
                    "V":{
                        "0":"5",
                        "1":13.0,
                        "2":23.0,
                        "3":null
                    },
                    "VI":{
                        "0":"6",
                        "1":14.0,
                        "2":24.0,
                        "3":null
                    }
                },
                "Set 2":{
                    "I":{
                        "0":"2",
                        "1":10,
                        "2":17
                    },
                    "II":{
                        "0":"3",
                        "1":11,
                        "2":18
                    },
                    "III":{
                        "0":"4",
                        "1":12,
                        "2":19
                    },
                    "IV":{
                        "0":"5",
                        "1":13.0,
                        "2":null
                    },
                    "V":{
                        "0":"8",
                        "1":14.0,
                        "2":null
                    },
                    "VI":{
                        "0":"9",
                        "1":15.0,
                        "2":null
                    }
                },
                "Set 3":{
                    "I":{
                        "0":null,
                        "1":8.0,
                        "2":17.0
                    },
                    "II":{
                        "0":"1",
                        "1":9,
                        "2":19
                    },
                    "III":{
                        "0":"2",
                        "1":10,
                        "2":20
                    },
                    "IV":{
                        "0":"3",
                        "1":11,
                        "2":21
                    },
                    "V":{
                        "0":"6",
                        "1":12,
                        "2":23
                    },
                    "VI":{
                        "0":"7",
                        "1":16.0,
                        "2":null
                    }
                },
                "Set 4":{
                    "I":{
                        "0":"0",
                        "1":6,
                        "2":12
                    },
                    "II":{
                        "0":"1",
                        "1":7,
                        "2":13
                    },
                    "III":{
                        "0":"2",
                        "1":8,
                        "2":14
                    },
                    "IV":{
                        "0":"3",
                        "1":9,
                        "2":15
                    },
                    "V":{
                        "0":"4",
                        "1":10,
                        "2":19
                    },
                    "VI":{
                        "0":"5",
                        "1":11.0,
                        "2":null
                    }
                },
                "Set 5":0
            },
            "Serves 2":{
                "Set 1":{
                    "I":{
                        "0":"0",
                        "1":8,
                        "2":18,
                        "3":26
                    },
                    "II":{
                        "0":"1",
                        "1":12,
                        "2":19,
                        "3":27
                    },
                    "III":{
                        "0":"2",
                        "1":13.0,
                        "2":20.0,
                        "3":null
                    },
                    "IV":{
                        "0":"3",
                        "1":14.0,
                        "2":21.0,
                        "3":null
                    },
                    "V":{
                        "0":"4",
                        "1":15.0,
                        "2":23.0,
                        "3":null
                    },
                    "VI":{
                        "0":"7",
                        "1":16.0,
                        "2":25.0,
                        "3":null
                    }
                },
                "Set 2":{
                    "I":{
                        "0":null,
                        "1":10.0,
                        "2":19.0
                    },
                    "II":{
                        "0":"3",
                        "1":11,
                        "2":21
                    },
                    "III":{
                        "0":"6",
                        "1":14,
                        "2":22
                    },
                    "IV":{
                        "0":"7",
                        "1":15,
                        "2":25
                    },
                    "V":{
                        "0":"8",
                        "1":17.0,
                        "2":null
                    },
                    "VI":{
                        "0":"9",
                        "1":18.0,
                        "2":null
                    }
                },
                "Set 3":{
                    "I":{
                        "0":"0",
                        "1":8,
                        "2":19
                    },
                    "II":{
                        "0":"1",
                        "1":10,
                        "2":20
                    },
                    "III":{
                        "0":"3",
                        "1":11,
                        "2":23
                    },
                    "IV":{
                        "0":"4",
                        "1":13,
                        "2":24
                    },
                    "V":{
                        "0":"5",
                        "1":14,
                        "2":25
                    },
                    "VI":{
                        "0":"6",
                        "1":16.0,
                        "2":null
                    }
                },
                "Set 4":{
                    "I":{
                        "0":null,
                        "1":8.0,
                        "2":17.0
                    },
                    "II":{
                        "0":"2",
                        "1":10,
                        "2":19
                    },
                    "III":{
                        "0":"3",
                        "1":11,
                        "2":21
                    },
                    "IV":{
                        "0":"4",
                        "1":13,
                        "2":22
                    },
                    "V":{
                        "0":"5",
                        "1":15,
                        "2":24
                    },
                    "VI":{
                        "0":"7",
                        "1":16,
                        "2":25
                    }
                },
                "Set 5":0
            },
            "Timeouts 1":{
                "Set 1":{
                    "T":{
                        "0":"8:11",
                        "1":"23:23"
                    }
                },
                "Set 2":{
                    "T":{
                        "0":"17:21",
                        "1":"18:22"
                    }
                },
                "Set 3":{
                    "T":{
                        "0":"17:19",
                        "1":"20:22"
                    }
                },
                "Set 4":{
                    "T":{
                        "0":"8:13"
                    }
                },
                "Set 5":0
            },
            "Timeouts 2":{
                "Set 1":{
                    "T":{
                        "0":"13:11",
                        "1":"20:21"
                    }
                },
                "Set 2":{
                    "T":{
                        "0":"18:15"
                    }
                },
                "Set 3":{
                    "T":{
                        "0":"23:21",
                        "1":"24:23"
                    }
                },
                "Set 4":{
                    "T":{
                        "0":"24:18"
                    }
                },
                "Set 5":0
            }
        },
        "Teams":{
            "Name":{
                "Team 1":"AL CAUDRY VOLLEY-BALL",
                "Team 2":"HARNES VOLLEY-BALL"
            },
            "Players":{
                "Team 1":{
                    "N\u00b0":{
                        "0":2,
                        "1":4,
                        "2":5,
                        "3":7,
                        "4":8,
                        "5":9,
                        "6":11,
                        "7":13,
                        "8":15
                    },
                    "Nom Pr\u00e9nom":{
                        "0":"HENNO BENJAMIN",
                        "1":"POULEY JULIEN",
                        "2":"TCHELIBOU KAMGANG DOMINIQUE",
                        "3":"EUGENE DAVID",
                        "4":"MELY MAXENCE",
                        "5":"GAUTHIER MAXIME",
                        "6":"FREITAS CRISTIAN MATEUS LOP",
                        "7":"LEGRAND YACINE",
                        "8":"ALPHONSE LOIC"
                    },
                    "Licence":{
                        "0":1789299,
                        "1":1453155,
                        "2":2299947,
                        "3":1622163,
                        "4":1864733,
                        "5":1491727,
                        "6":2406741,
                        "7":1755646,
                        "8":1683439
                    }
                },
                "Team 2":{
                    "N\u00b0":{
                        "0":1,
                        "1":2,
                        "2":3,
                        "3":4,
                        "4":5,
                        "5":7,
                        "6":8,
                        "7":9,
                        "8":11,
                        "9":12,
                        "10":16,
                        "11":18
                    },
                    "Nom Pr\u00e9nom":{
                        "0":"NOWACZYK ARTHUR",
                        "1":"SKUP PATRYK",
                        "2":"GERMAIN BENJAMIN",
                        "3":"KOFANE BOYOMO JOSEPH HERVE",
                        "4":"CLEMENT ALEXANDRE",
                        "5":"VOLEANSCHII MIHAI",
                        "6":"SEGRE OLIVIER",
                        "7":"MEYER GEOFFREY",
                        "8":"PEPIN LENAIC",
                        "9":"QUEVA SAMUEL",
                        "10":"CHINA YANISS",
                        "11":"DILLIES MAXIME"
                    },
                    "Licence":{
                        "0":1883603,
                        "1":2350967,
                        "2":1525809,
                        "3":2330948,
                        "4":1620627,
                        "5":2335127,
                        "6":1453239,
                        "7":1463674,
                        "8":1759055,
                        "9":1941119,
                        "10":1386205,
                        "11":1380275
                    }
                }
            },
            "Liberos":{
                "Team 1":{
                    "N\u00b0":{
                        "0":13
                    },
                    "Nom Pr\u00e9nom":{
                        "0":"LEGRAND YACINE"
                    },
                    "Licence":{
                        "0":1755646
                    }
                },
                "Team 2":{
                    "N\u00b0":{
                        "0":5,
                        "1":16
                    },
                    "Nom Pr\u00e9nom":{
                        "0":"CLEMENT ALEXANDRE",
                        "1":"CHINA YANISS"
                    },
                    "Licence":{
                        "0":1620627,
                        "1":1386205
                    }
                }
            },
            "Officials":{
                "Team 1":{
                    "N\u00b0":{
                        "0":"EA"
                    },
                    "Nom Pr\u00e9nom":{
                        "0":"MOISE JOCELYN"
                    },
                    "Licence":{
                        "0":950272
                    }
                },
                "Team 2":{
                    "N\u00b0":{
                        "0":"EA",
                        "1":"EB"
                    },
                    "Nom Pr\u00e9nom":{
                        "0":"OHIER CHARLES EMMANUEL",
                        "1":"BOUANDA LOIC"
                    },
                    "Licence":{
                        "0":1119235,
                        "1":1422632
                    }
                }
            }
        },
        "Results":{
            "winner":"AL CAUDRY VOLLEY-BALL",
            "score":"3\/1"
        },
        "Referees":{
            "NOM Pr\u00e9nom":{
                "1er":"DA SILVA VICTOR",
                "2\u00e8me":"PAGA GILLES",
                "Marqueur":"HIDOT MAXIME",
                "Marq.Ass":".",
                "R.Salle":"COLLIN ADRIEN"
            },
            "Ligue":{
                "1er":"LIG_HDF",
                "2\u00e8me":"LIG_HDF",
                "Marqueur":"LIG_HDF",
                "Marq.Ass":null,
                "R.Salle":"LIG_HDF"
            },
            "Licence":{
                "1er":948046.0,
                "2\u00e8me":1056992.0,
                "Marqueur":2317505.0,
                "Marq.Ass":null,
                "R.Salle":1437972.0
            }
        },
        "Penalties":{

        }
    }
}