{
    "Match":{
        "Title":{
            "div_code":"EMA ",
            "div_name":"ELITE MASCULINE",
            "div_pool":"POULE A",
            "match_number":"EMA016",
            "match_day":"04",
            "city":"MONTPELLIER",
            "gym":"HALLE J SHAW",
            "category":"SENIOR | MASCULIN",
            "ligue":"Comp\u00e9titions Nationales SENIORS",
            "date":"2019-11-02 17:00:00",
            "team_1":"CENTRE NATIONAL DE VOLLEY-BALL MASCULIN",
            "team_2":"LOISIRS INTER SPORT ST PIERRE"
        },
        "Sets":{
            "Teams":{
                "Set 1":{
                    "Name":{
                        "Team 1":"LOISIRS INTER SPORT ST",
                        "Team 2":"CENTRE NATIONAL DE VOL"
                    },
                    "Starting":{
                        "Team 1":"Service",
                        "Team 2":"Reception"
                    }
                },
                "Set 2":{
                    "Name":{
                        "Team 1":"LOISIRS INTER SPORT ST",
                        "Team 2":"CENTRE NATIONAL DE VOL"
                    },
                    "Starting":{
                        "Team 1":"Reception",
                        "Team 2":"Service"
                    }
                },
                "Set 3":{
                    "Name":{
                        "Team 1":"LOISIRS INTER SPORT ST",
                        "Team 2":"CENTRE NATIONAL DE VOL"
                    },
                    "Starting":{
                        "Team 1":"Service",
                        "Team 2":"Reception"
                    }
                },
                "Set 4":0,
                "Set 5":0
            },
            "Time":{
                "Set 1":{
                    "Time":{
                        "Start":"2019-11-02 16:58:00",
                        "End":"2019-11-02 17:27:00"
                    }
                },
                "Set 2":{
                    "Time":{
                        "Start":"2019-11-02 17:30:00",
                        "End":"2019-11-02 17:55:00"
                    }
                },
                "Set 3":{
                    "Time":{
                        "Start":"2019-11-02 17:59:00",
                        "End":"2019-11-02 18:28:00"
                    }
                },
                "Set 4":0,
                "Set 5":0
            },
            "Substitutions 1":{
                "Set 1":{
                    "I":{
                        "0":9
                    },
                    "II":{
                        "0":3
                    },
                    "III":{
                        "0":8
                    },
                    "IV":{
                        "0":10
                    },
                    "V":{
                        "0":6
                    },
                    "VI":{
                        "0":13
                    }
                },
                "Set 2":{
                    "I":{
                        "0":13.0,
                        "1":null,
                        "2":null
                    },
                    "II":{
                        "0":9.0,
                        "1":null,
                        "2":null
                    },
                    "III":{
                        "0":"3",
                        "1":"12",
                        "2":"13:20"
                    },
                    "IV":{
                        "0":8.0,
                        "1":null,
                        "2":null
                    },
                    "V":{
                        "0":10.0,
                        "1":null,
                        "2":null
                    },
                    "VI":{
                        "0":6.0,
                        "1":null,
                        "2":null
                    }
                },
                "Set 3":{
                    "I":{
                        "0":9
                    },
                    "II":{
                        "0":3
                    },
                    "III":{
                        "0":8
                    },
                    "IV":{
                        "0":10
                    },
                    "V":{
                        "0":6
                    },
                    "VI":{
                        "0":13
                    }
                },
                "Set 4":0,
                "Set 5":0
            },
            "Substitutions 2":{
                "Set 1":{
                    "I":{
                        "0":"7",
                        "1":"14",
                        "2":"23:21",
                        "3":"24:22"
                    },
                    "II":{
                        "0":2.0,
                        "1":null,
                        "2":null,
                        "3":null
                    },
                    "III":{
                        "0":"9",
                        "1":"13",
                        "2":"14:14",
                        "3":null
                    },
                    "IV":{
                        "0":"10",
                        "1":"3",
                        "2":"20:16",
                        "3":"20:17"
                    },
                    "V":{
                        "0":4.0,
                        "1":null,
                        "2":null,
                        "3":null
                    },
                    "VI":{
                        "0":6.0,
                        "1":null,
                        "2":null,
                        "3":null
                    }
                },
                "Set 2":{
                    "I":{
                        "0":2
                    },
                    "II":{
                        "0":13
                    },
                    "III":{
                        "0":10
                    },
                    "IV":{
                        "0":4
                    },
                    "V":{
                        "0":6
                    },
                    "VI":{
                        "0":7
                    }
                },
                "Set 3":{
                    "I":{
                        "0":7.0,
                        "1":null,
                        "2":null,
                        "3":null
                    },
                    "II":{
                        "0":"2",
                        "1":"3",
                        "2":"13:16",
                        "3":null
                    },
                    "III":{
                        "0":"13",
                        "1":"9",
                        "2":"13:15",
                        "3":null
                    },
                    "IV":{
                        "0":10.0,
                        "1":null,
                        "2":null,
                        "3":null
                    },
                    "V":{
                        "0":4.0,
                        "1":null,
                        "2":null,
                        "3":null
                    },
                    "VI":{
                        "0":"6",
                        "1":"1",
                        "2":"13:13",
                        "3":"21:21"
                    }
                },
                "Set 4":0,
                "Set 5":0
            },
            "Serves 1":{
                "Set 1":{
                    "I":{
                        "0":"1",
                        "1":10,
                        "2":22
                    },
                    "II":{
                        "0":"3",
                        "1":15.0,
                        "2":null
                    },
                    "III":{
                        "0":"5",
                        "1":16.0,
                        "2":null
                    },
                    "IV":{
                        "0":"7",
                        "1":18.0,
                        "2":null
                    },
                    "V":{
                        "0":"8",
                        "1":20.0,
                        "2":null
                    },
                    "VI":{
                        "0":"9",
                        "1":21.0,
                        "2":null
                    }
                },
                "Set 2":{
                    "I":{
                        "0":null,
                        "1":9.0,
                        "2":16.0
                    },
                    "II":{
                        "0":"3",
                        "1":10,
                        "2":18
                    },
                    "III":{
                        "0":"4",
                        "1":11,
                        "2":19
                    },
                    "IV":{
                        "0":"5",
                        "1":12.0,
                        "2":null
                    },
                    "V":{
                        "0":"7",
                        "1":13.0,
                        "2":null
                    },
                    "VI":{
                        "0":"8",
                        "1":15.0,
                        "2":null
                    }
                },
                "Set 3":{
                    "I":{
                        "0":"1",
                        "1":7,
                        "2":21
                    },
                    "II":{
                        "0":"1.1",
                        "1":8,
                        "2":23
                    },
                    "III":{
                        "0":"3",
                        "1":9.0,
                        "2":null
                    },
                    "IV":{
                        "0":"4",
                        "1":16.0,
                        "2":null
                    },
                    "V":{
                        "0":"5",
                        "1":17.0,
                        "2":null
                    },
                    "VI":{
                        "0":"6",
                        "1":18.0,
                        "2":null
                    }
                },
                "Set 4":0,
                "Set 5":0
            },
            "Serves 2":{
                "Set 1":{
                    "I":{
                        "0":null,
                        "1":13.0,
                        "2":24.0
                    },
                    "II":{
                        "0":"2",
                        "1":14,
                        "2":25
                    },
                    "III":{
                        "0":"4",
                        "1":19.0,
                        "2":null
                    },
                    "IV":{
                        "0":"7",
                        "1":20.0,
                        "2":null
                    },
                    "V":{
                        "0":"9",
                        "1":21.0,
                        "2":null
                    },
                    "VI":{
                        "0":"11",
                        "1":22.0,
                        "2":null
                    }
                },
                "Set 2":{
                    "I":{
                        "0":"0",
                        "1":11,
                        "2":23
                    },
                    "II":{
                        "0":"1",
                        "1":12,
                        "2":24
                    },
                    "III":{
                        "0":"2",
                        "1":13,
                        "2":25
                    },
                    "IV":{
                        "0":"3",
                        "1":17.0,
                        "2":null
                    },
                    "V":{
                        "0":"6",
                        "1":20.0,
                        "2":null
                    },
                    "VI":{
                        "0":"8",
                        "1":22.0,
                        "2":null
                    }
                },
                "Set 3":{
                    "I":{
                        "0":null,
                        "1":9.0,
                        "2":21.0
                    },
                    "II":{
                        "0":"2",
                        "1":10,
                        "2":22
                    },
                    "III":{
                        "0":"4",
                        "1":11,
                        "2":25
                    },
                    "IV":{
                        "0":"5",
                        "1":13.0,
                        "2":null
                    },
                    "V":{
                        "0":"6",
                        "1":14.0,
                        "2":null
                    },
                    "VI":{
                        "0":"8",
                        "1":15.0,
                        "2":null
                    }
                },
                "Set 4":0,
                "Set 5":0
            },
            "Timeouts 1":{
                "Set 1":{
                    "T":{
                        "0":"8:11",
                        "1":"15:18"
                    }
                },
                "Set 2":{
                    "T":{
                        "0":"9:11",
                        "1":"13:19"
                    }
                },
                "Set 3":{
                    "T":{
                        "0":"1:4",
                        "1":"18:19"
                    }
                },
                "Set 4":0,
                "Set 5":0
            },
            "Timeouts 2":{
                "Set 1":{
                    "T":{
                        "0":"14:15",
                        "1":"20:18"
                    }
                },
                "Set 2":{
                    "T":{
                        "0":"23:18"
                    }
                },
                "Set 3":{
                    "T":{
                        "0":"13:14",
                        "1":"21:21"
                    }
                },
                "Set 4":0,
                "Set 5":0
            }
        },
        "Teams":{
            "Name":{
                "Team 1":"CENTRE NATIONAL DE VOLLEY-BALL",
                "Team 2":"LOISIRS INTER SPORT ST PIERRE"
            },
            "Players":{
                "Team 1":{
                    "N\u00b0":{
                        "0":1,
                        "1":2,
                        "2":3,
                        "3":4,
                        "4":5,
                        "5":6,
                        "6":7,
                        "7":9,
                        "8":10,
                        "9":13,
                        "10":14,
                        "11":20
                    },
                    "Nom Pr\u00e9nom":{
                        "0":"AYE CALVIN",
                        "1":"MOTTA PAES KELLIAN",
                        "2":"CHABOISSANT ANATOLE",
                        "3":"LAVIGNE TOM",
                        "4":"DURAND THEO",
                        "5":"DJORDJEVIC MARTIN",
                        "6":"PAUMELLE MARIUS",
                        "7":"HENNO HILIR",
                        "8":"LOUIS-MARIE WILLIAM",
                        "9":"SOCIE VICTOR",
                        "10":"CANOVAS NATHAN",
                        "11":"VOL MATHIEU"
                    },
                    "Licence":{
                        "0":2247677,
                        "1":1895909,
                        "2":1704567,
                        "3":1850048,
                        "4":1817936,
                        "5":1822535,
                        "6":2197231,
                        "7":2195833,
                        "8":2055853,
                        "9":1893502,
                        "10":1810082,
                        "11":2001436
                    }
                },
                "Team 2":{
                    "N\u00b0":{
                        "0":3,
                        "1":5,
                        "2":6,
                        "3":8,
                        "4":9,
                        "5":10,
                        "6":12,
                        "7":13
                    },
                    "Nom Pr\u00e9nom":{
                        "0":"RADIC DALIBOR",
                        "1":"LEFEBVRE FLORIAN",
                        "2":"LAPIERRE MATEO",
                        "3":"VALDIMARSSON HAFSTEINN",
                        "4":"SCERBAKOV NIKOLA",
                        "5":"TEAVAE DONOVAN",
                        "6":"CROMBEZ ANTONIN",
                        "7":"BRUTIER MAXIME"
                    },
                    "Licence":{
                        "0":1675950,
                        "1":1180475,
                        "2":2091802,
                        "3":2301645,
                        "4":1868264,
                        "5":2089820,
                        "6":1949396,
                        "7":1652843
                    }
                }
            },
            "Liberos":{
                "Team 1":{
                    "N\u00b0":{
                        "0":5,
                        "1":20
                    },
                    "Nom Pr\u00e9nom":{
                        "0":"DURAND THEO",
                        "1":"VOL MATHIEU"
                    },
                    "Licence":{
                        "0":1817936,
                        "1":2001436
                    }
                },
                "Team 2":{
                    "N\u00b0":{
                        "0":5
                    },
                    "Nom Pr\u00e9nom":{
                        "0":"LEFEBVRE FLORIAN"
                    },
                    "Licence":{
                        "0":1180475
                    }
                }
            },
            "Officials":{
                "Team 1":{
                    "N\u00b0":{
                        "0":"EA",
                        "1":"EB"
                    },
                    "Nom Pr\u00e9nom":{
                        "0":"TRILLON JOCELYN",
                        "1":"CAZABON HUBERT"
                    },
                    "Licence":{
                        "0":813741,
                        "1":1816259
                    }
                },
                "Team 2":{
                    "N\u00b0":{
                        "0":"EA"
                    },
                    "Nom Pr\u00e9nom":{
                        "0":"LEGRAND OLIVIER"
                    },
                    "Licence":{
                        "0":981629
                    }
                }
            }
        },
        "Results":{
            "winner":"CENTRE NATIONAL DE VOL",
            "score":"3\/0"
        },
        "Referees":{
            "NOM Pr\u00e9nom":{
                "1er":"CLUZEL ADRIEN",
                "2\u00e8me":"KHELLAF FREDERIC",
                "Marqueur":"BOILLON GUY",
                "Marq.Ass":".",
                "R.Salle":"FRANCASTEL MARC"
            },
            "Ligue":{
                "1er":"LIG_ARA",
                "2\u00e8me":"LIG_PAC",
                "Marqueur":"LIG_OCC",
                "Marq.Ass":null,
                "R.Salle":"LIG_FF"
            },
            "Licence":{
                "1er":1705564.0,
                "2\u00e8me":1081616.0,
                "Marqueur":36673.0,
                "Marq.Ass":null,
                "R.Salle":58701.0
            }
        },
        "Penalties":{

        }
    }
}