{
    "Match":{
        "Title":{
            "div_code":"EMA ",
            "div_name":"ELITE MASCULINE",
            "div_pool":"POULE A",
            "match_number":"EMA019",
            "match_day":"05",
            "city":"AVIGNON",
            "gym":"CHAMPFLEURY",
            "category":"SENIOR | MASCULIN",
            "ligue":"Comp\u00e9titions Nationales SENIORS",
            "date":"2019-11-09 20:00:00",
            "team_1":"AVIGNON VOLLEY BALL",
            "team_2":"AL CAUDRY VOLLEY-BALL"
        },
        "Sets":{
            "Teams":{
                "Set 1":{
                    "Name":{
                        "Team 1":"AVIGNON VOLLEY BALL",
                        "Team 2":"AL CAUDRY VOLLEY-BALL"
                    },
                    "Starting":{
                        "Team 1":"Service",
                        "Team 2":"Reception"
                    }
                },
                "Set 2":{
                    "Name":{
                        "Team 1":"AVIGNON VOLLEY BALL",
                        "Team 2":"AL CAUDRY VOLLEY-BALL"
                    },
                    "Starting":{
                        "Team 1":"Reception",
                        "Team 2":"Service"
                    }
                },
                "Set 3":{
                    "Name":{
                        "Team 1":"AVIGNON VOLLEY BALL",
                        "Team 2":"AL CAUDRY VOLLEY-BALL"
                    },
                    "Starting":{
                        "Team 1":"Service",
                        "Team 2":"Reception"
                    }
                },
                "Set 4":0,
                "Set 5":0
            },
            "Time":{
                "Set 1":{
                    "Time":{
                        "Start":"2019-11-09 19:58:00",
                        "End":"2019-11-09 20:22:00"
                    }
                },
                "Set 2":{
                    "Time":{
                        "Start":"2019-11-09 20:25:00",
                        "End":"2019-11-09 20:48:00"
                    }
                },
                "Set 3":{
                    "Time":{
                        "Start":"2019-11-09 20:57:00",
                        "End":"2019-11-09 21:20:00"
                    }
                },
                "Set 4":0,
                "Set 5":0
            },
            "Substitutions 1":{
                "Set 1":{
                    "I":{
                        "0":14
                    },
                    "II":{
                        "0":17
                    },
                    "III":{
                        "0":16
                    },
                    "IV":{
                        "0":19
                    },
                    "V":{
                        "0":7
                    },
                    "VI":{
                        "0":4
                    }
                },
                "Set 2":{
                    "I":{
                        "0":19
                    },
                    "II":{
                        "0":17
                    },
                    "III":{
                        "0":16
                    },
                    "IV":{
                        "0":14
                    },
                    "V":{
                        "0":7
                    },
                    "VI":{
                        "0":4
                    }
                },
                "Set 3":{
                    "I":{
                        "0":19
                    },
                    "II":{
                        "0":17
                    },
                    "III":{
                        "0":16
                    },
                    "IV":{
                        "0":14
                    },
                    "V":{
                        "0":7
                    },
                    "VI":{
                        "0":4
                    }
                },
                "Set 4":0,
                "Set 5":0
            },
            "Substitutions 2":{
                "Set 1":{
                    "I":{
                        "0":"11",
                        "1":"2",
                        "2":"15:19"
                    },
                    "II":{
                        "0":9.0,
                        "1":null,
                        "2":null
                    },
                    "III":{
                        "0":4.0,
                        "1":null,
                        "2":null
                    },
                    "IV":{
                        "0":5.0,
                        "1":null,
                        "2":null
                    },
                    "V":{
                        "0":15.0,
                        "1":null,
                        "2":null
                    },
                    "VI":{
                        "0":7.0,
                        "1":null,
                        "2":null
                    }
                },
                "Set 2":{
                    "I":{
                        "0":9.0,
                        "1":null,
                        "2":null
                    },
                    "II":{
                        "0":"4",
                        "1":"2",
                        "2":"7:16"
                    },
                    "III":{
                        "0":5.0,
                        "1":null,
                        "2":null
                    },
                    "IV":{
                        "0":15.0,
                        "1":null,
                        "2":null
                    },
                    "V":{
                        "0":7.0,
                        "1":null,
                        "2":null
                    },
                    "VI":{
                        "0":11.0,
                        "1":null,
                        "2":null
                    }
                },
                "Set 3":{
                    "I":{
                        "0":11
                    },
                    "II":{
                        "0":9
                    },
                    "III":{
                        "0":4
                    },
                    "IV":{
                        "0":5
                    },
                    "V":{
                        "0":15
                    },
                    "VI":{
                        "0":7
                    }
                },
                "Set 4":0,
                "Set 5":0
            },
            "Serves 1":{
                "Set 1":{
                    "I":{
                        "0":"0",
                        "1":13,
                        "2":20
                    },
                    "II":{
                        "0":"2",
                        "1":14,
                        "2":23
                    },
                    "III":{
                        "0":"5",
                        "1":15,
                        "2":25
                    },
                    "IV":{
                        "0":"8",
                        "1":16.0,
                        "2":null
                    },
                    "V":{
                        "0":"10",
                        "1":18.0,
                        "2":null
                    },
                    "VI":{
                        "0":"12",
                        "1":19.0,
                        "2":null
                    }
                },
                "Set 2":{
                    "I":{
                        "0":null,
                        "1":16.0,
                        "2":23.0
                    },
                    "II":{
                        "0":"2",
                        "1":18,
                        "2":25
                    },
                    "III":{
                        "0":"4",
                        "1":19.0,
                        "2":null
                    },
                    "IV":{
                        "0":"8",
                        "1":20.0,
                        "2":null
                    },
                    "V":{
                        "0":"9",
                        "1":21.0,
                        "2":null
                    },
                    "VI":{
                        "0":"10",
                        "1":22.0,
                        "2":null
                    }
                },
                "Set 3":{
                    "I":{
                        "0":"0",
                        "1":10,
                        "2":24
                    },
                    "II":{
                        "0":"1",
                        "1":11,
                        "2":25
                    },
                    "III":{
                        "0":"2",
                        "1":18.0,
                        "2":null
                    },
                    "IV":{
                        "0":"3",
                        "1":19.0,
                        "2":null
                    },
                    "V":{
                        "0":"4",
                        "1":20.0,
                        "2":null
                    },
                    "VI":{
                        "0":"7",
                        "1":23.0,
                        "2":null
                    }
                },
                "Set 4":0,
                "Set 5":0
            },
            "Serves 2":{
                "Set 1":{
                    "I":{
                        "0":null,
                        "1":6.0,
                        "2":15.0
                    },
                    "II":{
                        "0":"1",
                        "1":8,
                        "2":17
                    },
                    "III":{
                        "0":"2",
                        "1":11,
                        "2":18
                    },
                    "IV":{
                        "0":"3",
                        "1":12.0,
                        "2":null
                    },
                    "V":{
                        "0":"4",
                        "1":13.0,
                        "2":null
                    },
                    "VI":{
                        "0":"5",
                        "1":14.0,
                        "2":null
                    }
                },
                "Set 2":{
                    "I":{
                        "0":"1",
                        "1":9,
                        "2":16
                    },
                    "II":{
                        "0":"2",
                        "1":10.0,
                        "2":null
                    },
                    "III":{
                        "0":"3",
                        "1":11.0,
                        "2":null
                    },
                    "IV":{
                        "0":"4",
                        "1":12.0,
                        "2":null
                    },
                    "V":{
                        "0":"6",
                        "1":13.0,
                        "2":null
                    },
                    "VI":{
                        "0":"7",
                        "1":15.0,
                        "2":null
                    }
                },
                "Set 3":{
                    "I":{
                        "0":null,
                        "1":7.0,
                        "2":14.0
                    },
                    "II":{
                        "0":"2",
                        "1":8,
                        "2":16
                    },
                    "III":{
                        "0":"3",
                        "1":9.0,
                        "2":null
                    },
                    "IV":{
                        "0":"4",
                        "1":11.0,
                        "2":null
                    },
                    "V":{
                        "0":"5",
                        "1":12.0,
                        "2":null
                    },
                    "VI":{
                        "0":"6",
                        "1":13.0,
                        "2":null
                    }
                },
                "Set 4":0,
                "Set 5":0
            },
            "Timeouts 1":{
                "Set 1":{
                    "T":{

                    }
                },
                "Set 2":{
                    "T":{

                    }
                },
                "Set 3":{
                    "T":{

                    }
                },
                "Set 4":0,
                "Set 5":0
            },
            "Timeouts 2":{
                "Set 1":{
                    "T":{
                        "0":"13:18",
                        "1":"17:23"
                    }
                },
                "Set 2":{
                    "T":{
                        "0":"7:14"
                    }
                },
                "Set 3":{
                    "T":{
                        "0":"9:14",
                        "1":"13:23"
                    }
                },
                "Set 4":0,
                "Set 5":0
            }
        },
        "Teams":{
            "Name":{
                "Team 1":"AVIGNON VOLLEY BALL",
                "Team 2":"AL CAUDRY VOLLEY-BALL"
            },
            "Players":{
                "Team 1":{
                    "N\u00b0":{
                        "0":4,
                        "1":5,
                        "2":6,
                        "3":7,
                        "4":9,
                        "5":10,
                        "6":11,
                        "7":14,
                        "8":16,
                        "9":17,
                        "10":19
                    },
                    "Nom Pr\u00e9nom":{
                        "0":"TALIA MAONI",
                        "1":"PURPAN ARNAUD",
                        "2":"PIRE MATHIAS",
                        "3":"MARTINEZ RICARDO",
                        "4":"SEGALIN ADRIEN",
                        "5":"BOULEAU PIERRE",
                        "6":"EL MAKNASY ANIS",
                        "7":"VANDOOREN VIANNEY",
                        "8":"RAUX CHARLY",
                        "9":"BOJOVIC MLADEN",
                        "10":"STANISIC BRANE"
                    },
                    "Licence":{
                        "0":1805239,
                        "1":1837616,
                        "2":1829273,
                        "3":1454586,
                        "4":1835285,
                        "5":1915300,
                        "6":2047108,
                        "7":1994145,
                        "8":1638521,
                        "9":2147201,
                        "10":2303737
                    }
                },
                "Team 2":{
                    "N\u00b0":{
                        "0":2,
                        "1":4,
                        "2":5,
                        "3":7,
                        "4":9,
                        "5":11,
                        "6":13,
                        "7":15
                    },
                    "Nom Pr\u00e9nom":{
                        "0":"HENNO BENJAMIN",
                        "1":"POULEY JULIEN",
                        "2":"TCHELIBOU KAMGANG DOMINIQUE",
                        "3":"EUGENE DAVID",
                        "4":"GAUTHIER MAXIME",
                        "5":"FREITAS CRISTIAN MATEUS LOP",
                        "6":"LEGRAND YACINE",
                        "7":"ALPHONSE LOIC"
                    },
                    "Licence":{
                        "0":1789299,
                        "1":1453155,
                        "2":2299947,
                        "3":1622163,
                        "4":1491727,
                        "5":2406741,
                        "6":1755646,
                        "7":1683439
                    }
                }
            },
            "Liberos":{
                "Team 1":{
                    "N\u00b0":{
                        "0":6,
                        "1":10
                    },
                    "Nom Pr\u00e9nom":{
                        "0":"PIRE MATHIAS",
                        "1":"BOULEAU PIERRE"
                    },
                    "Licence":{
                        "0":1829273,
                        "1":1915300
                    }
                },
                "Team 2":{
                    "N\u00b0":{
                        "0":13
                    },
                    "Nom Pr\u00e9nom":{
                        "0":"LEGRAND YACINE"
                    },
                    "Licence":{
                        "0":1755646
                    }
                }
            },
            "Officials":{
                "Team 1":{
                    "N\u00b0":{
                        "0":"EA",
                        "1":"SO"
                    },
                    "Nom Pr\u00e9nom":{
                        "0":"AMET JOSE",
                        "1":"BUIS SEBASTIEN"
                    },
                    "Licence":{
                        "0":962512,
                        "1":1631581
                    }
                },
                "Team 2":{
                    "N\u00b0":{
                        "0":"EA"
                    },
                    "Nom Pr\u00e9nom":{
                        "0":"MOISE JOCELYN"
                    },
                    "Licence":{
                        "0":950272
                    }
                }
            }
        },
        "Results":{
            "winner":"AVIGNON VOLLEY BALL",
            "score":"3\/0"
        },
        "Referees":{
            "NOM Pr\u00e9nom":{
                "1er":"JEANNE RODRIGUE",
                "2\u00e8me":"KHELLAF FREDERIC",
                "Marqueur":"EKWA NGANGNANG WILLY-ANDREY",
                "Marq.Ass":".",
                "R.Salle":"MINSSEN THIERRY"
            },
            "Ligue":{
                "1er":"LIG_OCC",
                "2\u00e8me":"LIG_PAC",
                "Marqueur":"LIG_PAC",
                "Marq.Ass":null,
                "R.Salle":"LIG_PAC"
            },
            "Licence":{
                "1er":1497103.0,
                "2\u00e8me":1081616.0,
                "Marqueur":2357366.0,
                "Marq.Ass":null,
                "R.Salle":24208.0
            }
        },
        "Penalties":{

        }
    }
}