{
    "Match":{
        "Title":{
            "div_code":"EMA ",
            "div_name":"ELITE MASCULINE",
            "div_pool":"POULE A",
            "match_number":"EMA023",
            "match_day":"06",
            "city":"CAUDRY",
            "gym":"PALAIS DES SPORTS",
            "category":"SENIOR | MASCULIN",
            "ligue":"Comp\u00e9titions Nationales SENIORS",
            "date":"2019-11-23 20:00:00",
            "team_1":"AL CAUDRY VOLLEY-BALL",
            "team_2":"LOISIRS INTER SPORT ST PIERRE"
        },
        "Sets":{
            "Teams":{
                "Set 1":{
                    "Name":{
                        "Team 1":"LOISIRS INTER SPORT ST",
                        "Team 2":"AL CAUDRY VOLLEY-BALL"
                    },
                    "Starting":{
                        "Team 1":"Service",
                        "Team 2":"Reception"
                    }
                },
                "Set 2":{
                    "Name":{
                        "Team 1":"LOISIRS INTER SPORT ST",
                        "Team 2":"AL CAUDRY VOLLEY-BALL"
                    },
                    "Starting":{
                        "Team 1":"Reception",
                        "Team 2":"Service"
                    }
                },
                "Set 3":{
                    "Name":{
                        "Team 1":"LOISIRS INTER SPORT ST",
                        "Team 2":"AL CAUDRY VOLLEY-BALL"
                    },
                    "Starting":{
                        "Team 1":"Service",
                        "Team 2":"Reception"
                    }
                },
                "Set 4":{
                    "Name":{
                        "Team 1":"LOISIRS INTER SPORT ST",
                        "Team 2":"AL CAUDRY VOLLEY-BALL"
                    },
                    "Starting":{
                        "Team 1":"Reception",
                        "Team 2":"Service"
                    }
                },
                "Set 5":{
                    "Name":{
                        "Team 1":"AL CAUDRY VOLLEY-BA",
                        "Team 2":"LOISIRS INTER SPORT"
                    },
                    "Starting":{
                        "Team 1":"Reception",
                        "Team 2":"Service"
                    }
                }
            },
            "Time":{
                "Set 1":{
                    "Time":{
                        "Start":"2019-11-23 20:00:00",
                        "End":"2019-11-23 20:25:00"
                    }
                },
                "Set 2":{
                    "Time":{
                        "Start":"2019-11-23 20:28:00",
                        "End":"2019-11-23 21:03:00"
                    }
                },
                "Set 3":{
                    "Time":{
                        "Start":"2019-11-23 21:06:00",
                        "End":"2019-11-23 21:35:00"
                    }
                },
                "Set 4":{
                    "Time":{
                        "Start":"2019-11-23 21:38:00",
                        "End":"2019-11-23 22:04:00"
                    }
                },
                "Set 5":{
                    "Time":{
                        "Start":"2019-11-23 22:07:00",
                        "End":"2019-11-23 22:26:00"
                    }
                }
            },
            "Substitutions 1":{
                "Set 1":{
                    "I":{
                        "0":9
                    },
                    "II":{
                        "0":7
                    },
                    "III":{
                        "0":8
                    },
                    "IV":{
                        "0":10
                    },
                    "V":{
                        "0":6
                    },
                    "VI":{
                        "0":13
                    }
                },
                "Set 2":{
                    "I":{
                        "0":13
                    },
                    "II":{
                        "0":9
                    },
                    "III":{
                        "0":7
                    },
                    "IV":{
                        "0":8
                    },
                    "V":{
                        "0":10
                    },
                    "VI":{
                        "0":6
                    }
                },
                "Set 3":{
                    "I":{
                        "0":9
                    },
                    "II":{
                        "0":7
                    },
                    "III":{
                        "0":8
                    },
                    "IV":{
                        "0":10
                    },
                    "V":{
                        "0":6
                    },
                    "VI":{
                        "0":13
                    }
                },
                "Set 4":{
                    "I":{
                        "0":13.0,
                        "1":null,
                        "2":null
                    },
                    "II":{
                        "0":9.0,
                        "1":null,
                        "2":null
                    },
                    "III":{
                        "0":"7",
                        "1":"3",
                        "2":"12:20"
                    },
                    "IV":{
                        "0":8.0,
                        "1":null,
                        "2":null
                    },
                    "V":{
                        "0":10.0,
                        "1":null,
                        "2":null
                    },
                    "VI":{
                        "0":6.0,
                        "1":null,
                        "2":null
                    }
                },
                "Set 5":{
                    "I":{
                        "0":11
                    },
                    "II":{
                        "0":9
                    },
                    "III":{
                        "0":4
                    },
                    "IV":{
                        "0":5
                    },
                    "V":{
                        "0":15
                    },
                    "VI":{
                        "0":7
                    }
                }
            },
            "Substitutions 2":{
                "Set 1":{
                    "I":{
                        "0":11
                    },
                    "II":{
                        "0":9
                    },
                    "III":{
                        "0":4
                    },
                    "IV":{
                        "0":5
                    },
                    "V":{
                        "0":15
                    },
                    "VI":{
                        "0":7
                    }
                },
                "Set 2":{
                    "I":{
                        "0":9
                    },
                    "II":{
                        "0":4
                    },
                    "III":{
                        "0":5
                    },
                    "IV":{
                        "0":15
                    },
                    "V":{
                        "0":7
                    },
                    "VI":{
                        "0":11
                    }
                },
                "Set 3":{
                    "I":{
                        "0":11
                    },
                    "II":{
                        "0":9
                    },
                    "III":{
                        "0":4
                    },
                    "IV":{
                        "0":5
                    },
                    "V":{
                        "0":15
                    },
                    "VI":{
                        "0":7
                    }
                },
                "Set 4":{
                    "I":{
                        "0":"9",
                        "1":"2",
                        "2":"22:15",
                        "3":"22:16"
                    },
                    "II":{
                        "0":4.0,
                        "1":null,
                        "2":null,
                        "3":null
                    },
                    "III":{
                        "0":5.0,
                        "1":null,
                        "2":null,
                        "3":null
                    },
                    "IV":{
                        "0":15.0,
                        "1":null,
                        "2":null,
                        "3":null
                    },
                    "V":{
                        "0":7.0,
                        "1":null,
                        "2":null,
                        "3":null
                    },
                    "VI":{
                        "0":11.0,
                        "1":null,
                        "2":null,
                        "3":null
                    }
                },
                "Set 5":{
                    "I":{
                        "0":9
                    },
                    "II":{
                        "0":7
                    },
                    "III":{
                        "0":8
                    },
                    "IV":{
                        "0":10
                    },
                    "V":{
                        "0":6
                    },
                    "VI":{
                        "0":13
                    }
                }
            },
            "Serves 1":{
                "Set 1":{
                    "I":{
                        "0":"0",
                        "1":9,
                        "2":20
                    },
                    "II":{
                        "0":"1",
                        "1":12,
                        "2":25
                    },
                    "III":{
                        "0":"2",
                        "1":14.0,
                        "2":null
                    },
                    "IV":{
                        "0":"4",
                        "1":15.0,
                        "2":null
                    },
                    "V":{
                        "0":"6",
                        "1":16.0,
                        "2":null
                    },
                    "VI":{
                        "0":"7",
                        "1":19.0,
                        "2":null
                    }
                },
                "Set 2":{
                    "I":{
                        "0":null,
                        "1":10.0,
                        "2":17.0,
                        "3":26.0
                    },
                    "II":{
                        "0":"1",
                        "1":11.0,
                        "2":18.0,
                        "3":null
                    },
                    "III":{
                        "0":"2",
                        "1":13.0,
                        "2":19.0,
                        "3":null
                    },
                    "IV":{
                        "0":"3",
                        "1":14.0,
                        "2":21.0,
                        "3":null
                    },
                    "V":{
                        "0":"5",
                        "1":15.0,
                        "2":23.0,
                        "3":null
                    },
                    "VI":{
                        "0":"9",
                        "1":16.0,
                        "2":24.0,
                        "3":null
                    }
                },
                "Set 3":{
                    "I":{
                        "0":"1",
                        "1":12,
                        "2":23
                    },
                    "II":{
                        "0":"2",
                        "1":14,
                        "2":25
                    },
                    "III":{
                        "0":"4",
                        "1":16.0,
                        "2":null
                    },
                    "IV":{
                        "0":"5",
                        "1":17.0,
                        "2":null
                    },
                    "V":{
                        "0":"7",
                        "1":18.0,
                        "2":null
                    },
                    "VI":{
                        "0":"8",
                        "1":21.0,
                        "2":null
                    }
                },
                "Set 4":{
                    "I":{
                        "0":null,
                        "1":10.0,
                        "2":17.0
                    },
                    "II":{
                        "0":"2",
                        "1":11.0,
                        "2":null
                    },
                    "III":{
                        "0":"3",
                        "1":12.0,
                        "2":null
                    },
                    "IV":{
                        "0":"6",
                        "1":14.0,
                        "2":null
                    },
                    "V":{
                        "0":"7",
                        "1":15.0,
                        "2":null
                    },
                    "VI":{
                        "0":"9",
                        "1":16.0,
                        "2":null
                    }
                },
                "Set 5":{
                    "I":{
                        "0":null,
                        "1":7.0
                    },
                    "II":{
                        "0":"1",
                        "1":10
                    },
                    "III":{
                        "0":"2",
                        "1":12
                    },
                    "IV":{
                        "0":"3",
                        "1":13
                    },
                    "V":{
                        "0":"4",
                        "1":15
                    },
                    "VI":{
                        "0":"5",
                        "1":null
                    }
                }
            },
            "Serves 2":{
                "Set 1":{
                    "I":{
                        "0":null,
                        "1":7.0,
                        "2":16.0
                    },
                    "II":{
                        "0":"1",
                        "1":9,
                        "2":18
                    },
                    "III":{
                        "0":"3",
                        "1":10.0,
                        "2":null
                    },
                    "IV":{
                        "0":"4",
                        "1":12.0,
                        "2":null
                    },
                    "V":{
                        "0":"5",
                        "1":14.0,
                        "2":null
                    },
                    "VI":{
                        "0":"6",
                        "1":15.0,
                        "2":null
                    }
                },
                "Set 2":{
                    "I":{
                        "0":"0",
                        "1":10,
                        "2":19,
                        "3":28
                    },
                    "II":{
                        "0":"2",
                        "1":11.0,
                        "2":20.0,
                        "3":null
                    },
                    "III":{
                        "0":"4",
                        "1":12.0,
                        "2":21.0,
                        "3":null
                    },
                    "IV":{
                        "0":"6",
                        "1":14.0,
                        "2":22.0,
                        "3":null
                    },
                    "V":{
                        "0":"7",
                        "1":15.0,
                        "2":24.0,
                        "3":null
                    },
                    "VI":{
                        "0":"9",
                        "1":18.0,
                        "2":25.0,
                        "3":null
                    }
                },
                "Set 3":{
                    "I":{
                        "0":null,
                        "1":9.0,
                        "2":19.0
                    },
                    "II":{
                        "0":"2",
                        "1":11,
                        "2":21
                    },
                    "III":{
                        "0":"3",
                        "1":13.0,
                        "2":null
                    },
                    "IV":{
                        "0":"4",
                        "1":15.0,
                        "2":null
                    },
                    "V":{
                        "0":"5",
                        "1":16.0,
                        "2":null
                    },
                    "VI":{
                        "0":"6",
                        "1":17.0,
                        "2":null
                    }
                },
                "Set 4":{
                    "I":{
                        "0":"0",
                        "1":16,
                        "2":25
                    },
                    "II":{
                        "0":"3",
                        "1":18.0,
                        "2":null
                    },
                    "III":{
                        "0":"9",
                        "1":20.0,
                        "2":null
                    },
                    "IV":{
                        "0":"11",
                        "1":21.0,
                        "2":null
                    },
                    "V":{
                        "0":"12",
                        "1":22.0,
                        "2":null
                    },
                    "VI":{
                        "0":"13",
                        "1":23.0,
                        "2":null
                    }
                },
                "Set 5":{
                    "I":{
                        "0":"0",
                        "1":9
                    },
                    "II":{
                        "0":"1",
                        "1":10
                    },
                    "III":{
                        "0":"2",
                        "1":11
                    },
                    "IV":{
                        "0":"3",
                        "1":12
                    },
                    "V":{
                        "0":"7",
                        "1":null
                    },
                    "VI":{
                        "0":"8",
                        "1":null
                    }
                }
            },
            "Timeouts 1":{
                "Set 1":{
                    "T":{

                    }
                },
                "Set 2":{
                    "T":{
                        "0":"16:18",
                        "1":"26:27"
                    }
                },
                "Set 3":{
                    "T":{
                        "0":"23:21"
                    }
                },
                "Set 4":{
                    "T":{
                        "0":"3:6"
                    }
                },
                "Set 5":{
                    "T":{
                        "0":"13:12"
                    }
                }
            },
            "Timeouts 2":{
                "Set 1":{
                    "T":{
                        "0":"9:12",
                        "1":"15:19"
                    }
                },
                "Set 2":{
                    "T":{
                        "0":"21:21",
                        "1":"25:26"
                    }
                },
                "Set 3":{
                    "T":{
                        "0":"9:12",
                        "1":"17:21"
                    }
                },
                "Set 4":{
                    "T":{

                    }
                },
                "Set 5":{
                    "T":{
                        "0":"9:9",
                        "1":"10:12"
                    }
                }
            }
        },
        "Teams":{
            "Name":{
                "Team 1":"AL CAUDRY VOLLEY-BALL",
                "Team 2":"LOISIRS INTER SPORT ST PIERRE"
            },
            "Players":{
                "Team 1":{
                    "N\u00b0":{
                        "0":2,
                        "1":4,
                        "2":5,
                        "3":7,
                        "4":9,
                        "5":11,
                        "6":13,
                        "7":15
                    },
                    "Nom Pr\u00e9nom":{
                        "0":"HENNO BENJAMIN",
                        "1":"POULEY JULIEN",
                        "2":"TCHELIBOU KAMGANG DOMINIQUE",
                        "3":"EUGENE DAVID",
                        "4":"GAUTHIER MAXIME",
                        "5":"FREITAS CRISTIAN MATEUS LOP",
                        "6":"LEGRAND YACINE",
                        "7":"ALPHONSE LOIC"
                    },
                    "Licence":{
                        "0":1789299,
                        "1":1453155,
                        "2":2299947,
                        "3":1622163,
                        "4":1491727,
                        "5":2406741,
                        "6":1755646,
                        "7":1683439
                    }
                },
                "Team 2":{
                    "N\u00b0":{
                        "0":3,
                        "1":5,
                        "2":6,
                        "3":7,
                        "4":8,
                        "5":9,
                        "6":10,
                        "7":11,
                        "8":13
                    },
                    "Nom Pr\u00e9nom":{
                        "0":"RADIC DALIBOR",
                        "1":"LEFEBVRE FLORIAN",
                        "2":"LAPIERRE MATEO",
                        "3":"VULICEVIC VEDRAN",
                        "4":"VALDIMARSSON HAFSTEINN",
                        "5":"SCERBAKOV NIKOLA",
                        "6":"TEAVAE DONOVAN",
                        "7":"LAVIE BAPTISTE",
                        "8":"BRUTIER MAXIME"
                    },
                    "Licence":{
                        "0":1675950,
                        "1":1180475,
                        "2":2091802,
                        "3":1715220,
                        "4":2301645,
                        "5":1868264,
                        "6":2089820,
                        "7":1548758,
                        "8":1652843
                    }
                }
            },
            "Liberos":{
                "Team 1":{
                    "N\u00b0":{
                        "0":13
                    },
                    "Nom Pr\u00e9nom":{
                        "0":"LEGRAND YACINE"
                    },
                    "Licence":{
                        "0":1755646
                    }
                },
                "Team 2":{
                    "N\u00b0":{
                        "0":5,
                        "1":11
                    },
                    "Nom Pr\u00e9nom":{
                        "0":"LEFEBVRE FLORIAN",
                        "1":"LAVIE BAPTISTE"
                    },
                    "Licence":{
                        "0":1180475,
                        "1":1548758
                    }
                }
            },
            "Officials":{
                "Team 1":{
                    "N\u00b0":{
                        "0":"EA"
                    },
                    "Nom Pr\u00e9nom":{
                        "0":"MOISE JOCELYN"
                    },
                    "Licence":{
                        "0":950272
                    }
                },
                "Team 2":{
                    "N\u00b0":{
                        "0":"EA"
                    },
                    "Nom Pr\u00e9nom":{
                        "0":"LEGRAND OLIVIER"
                    },
                    "Licence":{
                        "0":981629
                    }
                }
            }
        },
        "Results":{
            "winner":"AL CAUDRY VOLLEY-BALL",
            "score":"3\/2"
        },
        "Referees":{
            "NOM Pr\u00e9nom":{
                "1er":"MARTUCCIELLO MICHEL",
                "2\u00e8me":"STANCZYKIEWICZ LIONEL",
                "Marqueur":"BAUDOUX THOMAS",
                "Marq.Ass":".",
                "R.Salle":"COLLIN MARC"
            },
            "Ligue":{
                "1er":"LIG_IF",
                "2\u00e8me":"LIG_GES",
                "Marqueur":"LIG_HDF",
                "Marq.Ass":null,
                "R.Salle":"LIG_HDF"
            },
            "Licence":{
                "1er":1953349.0,
                "2\u00e8me":1181761.0,
                "Marqueur":1859657.0,
                "Marq.Ass":null,
                "R.Salle":52191.0
            }
        },
        "Penalties":{

        }
    }
}