{
    "Match":{
        "Title":{
            "div_code":"EMA ",
            "div_name":"ELITE MASCULINE",
            "div_pool":"POULE A",
            "match_number":"EMA047",
            "match_day":"12",
            "city":"CAUDRY",
            "gym":"PALAIS DES SPORTS",
            "category":"SENIOR | MASCULIN",
            "ligue":"Comp\u00e9titions Nationales SENIORS",
            "date":"2020-01-25 20:00:00",
            "team_1":"AL CAUDRY VOLLEY-BALL",
            "team_2":"AVIGNON VOLLEY BALL"
        },
        "Sets":{
            "Teams":{
                "Set 1":{
                    "Name":{
                        "Team 1":"AVIGNON VOLLEY BALL",
                        "Team 2":"AL CAUDRY VOLLEY-BALL"
                    },
                    "Starting":{
                        "Team 1":"Reception",
                        "Team 2":"Service"
                    }
                },
                "Set 2":{
                    "Name":{
                        "Team 1":"AVIGNON VOLLEY BALL",
                        "Team 2":"AL CAUDRY VOLLEY-BALL"
                    },
                    "Starting":{
                        "Team 1":"Service",
                        "Team 2":"Reception"
                    }
                },
                "Set 3":{
                    "Name":{
                        "Team 1":"AVIGNON VOLLEY BALL",
                        "Team 2":"AL CAUDRY VOLLEY-BALL"
                    },
                    "Starting":{
                        "Team 1":"Reception",
                        "Team 2":"Service"
                    }
                },
                "Set 4":{
                    "Name":{
                        "Team 1":"AVIGNON VOLLEY BALL",
                        "Team 2":"AL CAUDRY VOLLEY-BALL"
                    },
                    "Starting":{
                        "Team 1":"Service",
                        "Team 2":"Reception"
                    }
                },
                "Set 5":{
                    "Name":{
                        "Team 1":"AL CAUDRY VOLLEY-BA",
                        "Team 2":"AVIGNON VOLLEY BALL"
                    },
                    "Starting":{
                        "Team 1":"Reception",
                        "Team 2":"Service"
                    }
                }
            },
            "Time":{
                "Set 1":{
                    "Time":{
                        "Start":"2020-01-25 20:00:00",
                        "End":"2020-01-25 20:28:00"
                    }
                },
                "Set 2":{
                    "Time":{
                        "Start":"2020-01-25 20:32:00",
                        "End":"2020-01-25 21:00:00"
                    }
                },
                "Set 3":{
                    "Time":{
                        "Start":"2020-01-25 21:04:00",
                        "End":"2020-01-25 21:29:00"
                    }
                },
                "Set 4":{
                    "Time":{
                        "Start":"2020-01-25 21:32:00",
                        "End":"2020-01-25 21:58:00"
                    }
                },
                "Set 5":{
                    "Time":{
                        "Start":"2020-01-25 22:01:00",
                        "End":"2020-01-25 22:18:00"
                    }
                }
            },
            "Substitutions 1":{
                "Set 1":{
                    "I":{
                        "0":14.0,
                        "1":null,
                        "2":null,
                        "3":null
                    },
                    "II":{
                        "0":"7",
                        "1":"19",
                        "2":"21:23",
                        "3":"21:24"
                    },
                    "III":{
                        "0":4.0,
                        "1":null,
                        "2":null,
                        "3":null
                    },
                    "IV":{
                        "0":11.0,
                        "1":null,
                        "2":null,
                        "3":null
                    },
                    "V":{
                        "0":17.0,
                        "1":null,
                        "2":null,
                        "3":null
                    },
                    "VI":{
                        "0":16.0,
                        "1":null,
                        "2":null,
                        "3":null
                    }
                },
                "Set 2":{
                    "I":{
                        "0":17.0,
                        "1":null,
                        "2":null,
                        "3":null
                    },
                    "II":{
                        "0":16.0,
                        "1":null,
                        "2":null,
                        "3":null
                    },
                    "III":{
                        "0":14.0,
                        "1":null,
                        "2":null,
                        "3":null
                    },
                    "IV":{
                        "0":"7",
                        "1":"11",
                        "2":"19:18",
                        "3":"19:19"
                    },
                    "V":{
                        "0":4.0,
                        "1":null,
                        "2":null,
                        "3":null
                    },
                    "VI":{
                        "0":19.0,
                        "1":null,
                        "2":null,
                        "3":null
                    }
                },
                "Set 3":{
                    "I":{
                        "0":"19",
                        "1":"11",
                        "2":"7:11"
                    },
                    "II":{
                        "0":17.0,
                        "1":null,
                        "2":null
                    },
                    "III":{
                        "0":16.0,
                        "1":null,
                        "2":null
                    },
                    "IV":{
                        "0":14.0,
                        "1":null,
                        "2":null
                    },
                    "V":{
                        "0":7.0,
                        "1":null,
                        "2":null
                    },
                    "VI":{
                        "0":4.0,
                        "1":null,
                        "2":null
                    }
                },
                "Set 4":{
                    "I":{
                        "0":17
                    },
                    "II":{
                        "0":16
                    },
                    "III":{
                        "0":14
                    },
                    "IV":{
                        "0":7
                    },
                    "V":{
                        "0":4
                    },
                    "VI":{
                        "0":11
                    }
                },
                "Set 5":{
                    "I":{
                        "0":11.0,
                        "1":null,
                        "2":null,
                        "3":null
                    },
                    "II":{
                        "0":"9",
                        "1":"2",
                        "2":"12:13",
                        "3":"12:14"
                    },
                    "III":{
                        "0":4.0,
                        "1":null,
                        "2":null,
                        "3":null
                    },
                    "IV":{
                        "0":5.0,
                        "1":null,
                        "2":null,
                        "3":null
                    },
                    "V":{
                        "0":15.0,
                        "1":null,
                        "2":null,
                        "3":null
                    },
                    "VI":{
                        "0":7.0,
                        "1":null,
                        "2":null,
                        "3":null
                    }
                }
            },
            "Substitutions 2":{
                "Set 1":{
                    "I":{
                        "0":"9",
                        "1":"2",
                        "2":"22:20",
                        "3":"23:21"
                    },
                    "II":{
                        "0":4.0,
                        "1":null,
                        "2":null,
                        "3":null
                    },
                    "III":{
                        "0":5.0,
                        "1":null,
                        "2":null,
                        "3":null
                    },
                    "IV":{
                        "0":15.0,
                        "1":null,
                        "2":null,
                        "3":null
                    },
                    "V":{
                        "0":7.0,
                        "1":null,
                        "2":null,
                        "3":null
                    },
                    "VI":{
                        "0":11.0,
                        "1":null,
                        "2":null,
                        "3":null
                    }
                },
                "Set 2":{
                    "I":{
                        "0":11.0,
                        "1":null,
                        "2":null,
                        "3":null
                    },
                    "II":{
                        "0":"9",
                        "1":"2",
                        "2":"22:23",
                        "3":"22:24"
                    },
                    "III":{
                        "0":4.0,
                        "1":null,
                        "2":null,
                        "3":null
                    },
                    "IV":{
                        "0":5.0,
                        "1":null,
                        "2":null,
                        "3":null
                    },
                    "V":{
                        "0":15.0,
                        "1":null,
                        "2":null,
                        "3":null
                    },
                    "VI":{
                        "0":7.0,
                        "1":null,
                        "2":null,
                        "3":null
                    }
                },
                "Set 3":{
                    "I":{
                        "0":"9",
                        "1":"2",
                        "2":"24:18",
                        "3":"24:19"
                    },
                    "II":{
                        "0":4.0,
                        "1":null,
                        "2":null,
                        "3":null
                    },
                    "III":{
                        "0":5.0,
                        "1":null,
                        "2":null,
                        "3":null
                    },
                    "IV":{
                        "0":15.0,
                        "1":null,
                        "2":null,
                        "3":null
                    },
                    "V":{
                        "0":7.0,
                        "1":null,
                        "2":null,
                        "3":null
                    },
                    "VI":{
                        "0":11.0,
                        "1":null,
                        "2":null,
                        "3":null
                    }
                },
                "Set 4":{
                    "I":{
                        "0":11.0,
                        "1":null,
                        "2":null
                    },
                    "II":{
                        "0":9.0,
                        "1":null,
                        "2":null
                    },
                    "III":{
                        "0":4.0,
                        "1":null,
                        "2":null
                    },
                    "IV":{
                        "0":5.0,
                        "1":null,
                        "2":null
                    },
                    "V":{
                        "0":15.0,
                        "1":null,
                        "2":null
                    },
                    "VI":{
                        "0":"7",
                        "1":"2",
                        "2":"16:21"
                    }
                },
                "Set 5":{
                    "I":{
                        "0":11.0,
                        "1":null,
                        "2":null,
                        "3":null
                    },
                    "II":{
                        "0":17.0,
                        "1":null,
                        "2":null,
                        "3":null
                    },
                    "III":{
                        "0":16.0,
                        "1":null,
                        "2":null,
                        "3":null
                    },
                    "IV":{
                        "0":14.0,
                        "1":null,
                        "2":null,
                        "3":null
                    },
                    "V":{
                        "0":"7",
                        "1":"19",
                        "2":"10:9",
                        "3":"11:10"
                    },
                    "VI":{
                        "0":4.0,
                        "1":null,
                        "2":null,
                        "3":null
                    }
                }
            },
            "Serves 1":{
                "Set 1":{
                    "I":{
                        "0":null,
                        "1":9.0,
                        "2":15.0
                    },
                    "II":{
                        "0":"1",
                        "1":10,
                        "2":16
                    },
                    "III":{
                        "0":"2",
                        "1":11,
                        "2":18
                    },
                    "IV":{
                        "0":"4",
                        "1":12,
                        "2":19
                    },
                    "V":{
                        "0":"5",
                        "1":13,
                        "2":20
                    },
                    "VI":{
                        "0":"7",
                        "1":14,
                        "2":21
                    }
                },
                "Set 2":{
                    "I":{
                        "0":"1",
                        "1":7,
                        "2":18
                    },
                    "II":{
                        "0":"2",
                        "1":8,
                        "2":19
                    },
                    "III":{
                        "0":"3",
                        "1":14,
                        "2":22
                    },
                    "IV":{
                        "0":"4",
                        "1":15,
                        "2":23
                    },
                    "V":{
                        "0":"5",
                        "1":16,
                        "2":24
                    },
                    "VI":{
                        "0":"6",
                        "1":17,
                        "2":25
                    }
                },
                "Set 3":{
                    "I":{
                        "0":null,
                        "1":7.0,
                        "2":14.0
                    },
                    "II":{
                        "0":"1",
                        "1":8,
                        "2":15
                    },
                    "III":{
                        "0":"3",
                        "1":9,
                        "2":17
                    },
                    "IV":{
                        "0":"4",
                        "1":10,
                        "2":18
                    },
                    "V":{
                        "0":"5",
                        "1":11,
                        "2":19
                    },
                    "VI":{
                        "0":"6",
                        "1":13.0,
                        "2":null
                    }
                },
                "Set 4":{
                    "I":{
                        "0":"0",
                        "1":14,
                        "2":22
                    },
                    "II":{
                        "0":"2",
                        "1":15,
                        "2":23
                    },
                    "III":{
                        "0":"3",
                        "1":16,
                        "2":24
                    },
                    "IV":{
                        "0":"5",
                        "1":17,
                        "2":25
                    },
                    "V":{
                        "0":"9",
                        "1":19.0,
                        "2":null
                    },
                    "VI":{
                        "0":"10",
                        "1":21.0,
                        "2":null
                    }
                },
                "Set 5":{
                    "I":{
                        "0":null,
                        "1":8.0
                    },
                    "II":{
                        "0":"1",
                        "1":9
                    },
                    "III":{
                        "0":"2",
                        "1":10
                    },
                    "IV":{
                        "0":"4",
                        "1":11
                    },
                    "V":{
                        "0":"5",
                        "1":12
                    },
                    "VI":{
                        "0":"7",
                        "1":14
                    }
                }
            },
            "Serves 2":{
                "Set 1":{
                    "I":{
                        "0":"1",
                        "1":10,
                        "2":17
                    },
                    "II":{
                        "0":"3",
                        "1":11,
                        "2":19
                    },
                    "III":{
                        "0":"5",
                        "1":12,
                        "2":20
                    },
                    "IV":{
                        "0":"6",
                        "1":13,
                        "2":21
                    },
                    "V":{
                        "0":"8",
                        "1":14,
                        "2":23
                    },
                    "VI":{
                        "0":"9",
                        "1":15,
                        "2":25
                    }
                },
                "Set 2":{
                    "I":{
                        "0":null,
                        "1":7.0,
                        "2":17.0
                    },
                    "II":{
                        "0":"1",
                        "1":8,
                        "2":18
                    },
                    "III":{
                        "0":"2",
                        "1":9,
                        "2":19
                    },
                    "IV":{
                        "0":"3",
                        "1":11,
                        "2":21
                    },
                    "V":{
                        "0":"5",
                        "1":15,
                        "2":22
                    },
                    "VI":{
                        "0":"6",
                        "1":16,
                        "2":23
                    }
                },
                "Set 3":{
                    "I":{
                        "0":"0",
                        "1":13,
                        "2":19
                    },
                    "II":{
                        "0":"2",
                        "1":14,
                        "2":20
                    },
                    "III":{
                        "0":"4",
                        "1":15,
                        "2":22
                    },
                    "IV":{
                        "0":"5",
                        "1":16,
                        "2":24
                    },
                    "V":{
                        "0":"7",
                        "1":17,
                        "2":25
                    },
                    "VI":{
                        "0":"11",
                        "1":18.0,
                        "2":null
                    }
                },
                "Set 4":{
                    "I":{
                        "0":null,
                        "1":9.0,
                        "2":16.0
                    },
                    "II":{
                        "0":"1",
                        "1":10,
                        "2":18
                    },
                    "III":{
                        "0":"2",
                        "1":11,
                        "2":19
                    },
                    "IV":{
                        "0":"3",
                        "1":12,
                        "2":21
                    },
                    "V":{
                        "0":"4",
                        "1":14.0,
                        "2":null
                    },
                    "VI":{
                        "0":"5",
                        "1":15.0,
                        "2":null
                    }
                },
                "Set 5":{
                    "I":{
                        "0":"2",
                        "1":8
                    },
                    "II":{
                        "0":"3",
                        "1":11
                    },
                    "III":{
                        "0":"4",
                        "1":12
                    },
                    "IV":{
                        "0":"5",
                        "1":13
                    },
                    "V":{
                        "0":"6",
                        "1":14
                    },
                    "VI":{
                        "0":"7",
                        "1":16
                    }
                }
            },
            "Timeouts 1":{
                "Set 1":{
                    "T":{
                        "0":"16:19",
                        "1":"20:23"
                    }
                },
                "Set 2":{
                    "T":{
                        "0":"15:13",
                        "1":"22:21"
                    }
                },
                "Set 3":{
                    "T":{
                        "0":"6:10",
                        "1":"7:13"
                    }
                },
                "Set 4":{
                    "T":{
                        "0":"10:9"
                    }
                },
                "Set 5":{
                    "T":{
                        "0":"9:11"
                    }
                }
            },
            "Timeouts 2":{
                "Set 1":{
                    "T":{
                        "0":"19:17"
                    }
                },
                "Set 2":{
                    "T":{
                        "0":"9:12",
                        "1":"19:22"
                    }
                },
                "Set 3":{
                    "T":{
                        "0":"17:13"
                    }
                },
                "Set 4":{
                    "T":{
                        "0":"9:14"
                    }
                },
                "Set 5":{
                    "T":{

                    }
                }
            }
        },
        "Teams":{
            "Name":{
                "Team 1":"AL CAUDRY VOLLEY-BALL",
                "Team 2":"AVIGNON VOLLEY BALL"
            },
            "Players":{
                "Team 1":{
                    "N\u00b0":{
                        "0":2,
                        "1":4,
                        "2":5,
                        "3":7,
                        "4":9,
                        "5":11,
                        "6":14,
                        "7":15
                    },
                    "Nom Pr\u00e9nom":{
                        "0":"HENNO BENJAMIN",
                        "1":"POULEY JULIEN",
                        "2":"TCHELIBOU KAMGANG DOMINIQUE",
                        "3":"EUGENE DAVID",
                        "4":"GAUTHIER MAXIME",
                        "5":"FREITAS CRISTIAN-MATEUS-LOP",
                        "6":"LEGRAND YACINE",
                        "7":"ALPHONSE LOIC"
                    },
                    "Licence":{
                        "0":1789299,
                        "1":1453155,
                        "2":2299947,
                        "3":1622163,
                        "4":1491727,
                        "5":2406741,
                        "6":1755646,
                        "7":1683439
                    }
                },
                "Team 2":{
                    "N\u00b0":{
                        "0":4,
                        "1":6,
                        "2":7,
                        "3":9,
                        "4":10,
                        "5":11,
                        "6":14,
                        "7":16,
                        "8":17,
                        "9":19
                    },
                    "Nom Pr\u00e9nom":{
                        "0":"TALIA MAONI",
                        "1":"PIRE MATHIAS",
                        "2":"MARTINEZ RICARDO",
                        "3":"SEGALIN ADRIEN",
                        "4":"BOULEAU PIERRE",
                        "5":"EL MAKNASY ANIS",
                        "6":"VANDOOREN VIANNEY",
                        "7":"RAUX CHARLY",
                        "8":"BOJOVIC MLADEN",
                        "9":"STANISIC BRANE"
                    },
                    "Licence":{
                        "0":1805239,
                        "1":1829273,
                        "2":1454586,
                        "3":1835285,
                        "4":1915300,
                        "5":2047108,
                        "6":1994145,
                        "7":1638521,
                        "8":2147201,
                        "9":2303737
                    }
                }
            },
            "Liberos":{
                "Team 1":{
                    "N\u00b0":{
                        "0":14
                    },
                    "Nom Pr\u00e9nom":{
                        "0":"LEGRAND YACINE"
                    },
                    "Licence":{
                        "0":1755646
                    }
                },
                "Team 2":{
                    "N\u00b0":{
                        "0":6,
                        "1":10
                    },
                    "Nom Pr\u00e9nom":{
                        "0":"PIRE MATHIAS",
                        "1":"BOULEAU PIERRE"
                    },
                    "Licence":{
                        "0":1829273,
                        "1":1915300
                    }
                }
            },
            "Officials":{
                "Team 1":{
                    "N\u00b0":{
                        "0":"EA"
                    },
                    "Nom Pr\u00e9nom":{
                        "0":"MOISE JOCELYN"
                    },
                    "Licence":{
                        "0":950272
                    }
                },
                "Team 2":{
                    "N\u00b0":{
                        "0":"EA"
                    },
                    "Nom Pr\u00e9nom":{
                        "0":"AMET JOSE"
                    },
                    "Licence":{
                        "0":962512
                    }
                }
            }
        },
        "Results":{
            "winner":"AVIGNON VOLLEY BALL",
            "score":"3\/2"
        },
        "Referees":{
            "NOM Pr\u00e9nom":{
                "1er":"RAGOT JULIETTE",
                "2\u00e8me":"VAN BRUSSEL CHRISTOPHE",
                "Marqueur":"BAUDOUX THOMAS",
                "Marq.Ass":".",
                "R.Salle":"COLLIN BRUNA"
            },
            "Ligue":{
                "1er":"LIG_IF",
                "2\u00e8me":"LIG_HDF",
                "Marqueur":"LIG_HDF",
                "Marq.Ass":null,
                "R.Salle":"LIG_HDF"
            },
            "Licence":{
                "1er":1797510.0,
                "2\u00e8me":1946703.0,
                "Marqueur":1859657.0,
                "Marq.Ass":null,
                "R.Salle":1859442.0
            }
        },
        "Penalties":{

        }
    }
}