{
    "Match":{
        "Title":{
            "div_code":"EMA ",
            "div_name":"ELITE MASCULINE",
            "div_pool":"POULE A",
            "match_number":"EMA044",
            "match_day":"11",
            "city":"CALAIS",
            "gym":"SALLE QUINET",
            "category":"SENIOR | MASCULIN",
            "ligue":"Comp\u00e9titions Nationales SENIORS",
            "date":"2020-01-19 11:00:00",
            "team_1":"LOISIRS INTER SPORT ST PIERRE",
            "team_2":"CENTRE NATIONAL DE VOLLEY-BALL MASCULIN"
        },
        "Sets":{
            "Teams":{
                "Set 1":{
                    "Name":{
                        "Team 1":"CENTRE NATIONAL DE VOL",
                        "Team 2":"LOISIRS INTER SPORT ST"
                    },
                    "Starting":{
                        "Team 1":"Service",
                        "Team 2":"Reception"
                    }
                },
                "Set 2":{
                    "Name":{
                        "Team 1":"CENTRE NATIONAL DE VOL",
                        "Team 2":"LOISIRS INTER SPORT ST"
                    },
                    "Starting":{
                        "Team 1":"Reception",
                        "Team 2":"Service"
                    }
                },
                "Set 3":{
                    "Name":{
                        "Team 1":"CENTRE NATIONAL DE VOL",
                        "Team 2":"LOISIRS INTER SPORT ST"
                    },
                    "Starting":{
                        "Team 1":"Service",
                        "Team 2":"Reception"
                    }
                },
                "Set 4":{
                    "Name":{
                        "Team 1":"CENTRE NATIONAL DE VOL",
                        "Team 2":"LOISIRS INTER SPORT ST"
                    },
                    "Starting":{
                        "Team 1":"Reception",
                        "Team 2":"Service"
                    }
                },
                "Set 5":{
                    "Name":{
                        "Team 1":"LOISIRS INTER SPORT",
                        "Team 2":"CENTRE NATIONAL DE"
                    },
                    "Starting":{
                        "Team 1":"Service",
                        "Team 2":"Reception"
                    }
                }
            },
            "Time":{
                "Set 1":{
                    "Time":{
                        "Start":"2020-01-19 11:00:00",
                        "End":"2020-01-19 11:25:00"
                    }
                },
                "Set 2":{
                    "Time":{
                        "Start":"2020-01-19 11:28:00",
                        "End":"2020-01-19 11:57:00"
                    }
                },
                "Set 3":{
                    "Time":{
                        "Start":"2020-01-19 12:00:00",
                        "End":"2020-01-19 12:32:00"
                    }
                },
                "Set 4":{
                    "Time":{
                        "Start":"2020-01-19 12:35:00",
                        "End":"2020-01-19 13:05:00"
                    }
                },
                "Set 5":{
                    "Time":{
                        "Start":"2020-01-19 13:08:00",
                        "End":"2020-01-19 13:23:00"
                    }
                }
            },
            "Substitutions 1":{
                "Set 1":{
                    "I":{
                        "0":16.0,
                        "1":null,
                        "2":null,
                        "3":null
                    },
                    "II":{
                        "0":9.0,
                        "1":null,
                        "2":null,
                        "3":null
                    },
                    "III":{
                        "0":15.0,
                        "1":null,
                        "2":null,
                        "3":null
                    },
                    "IV":{
                        "0":4.0,
                        "1":null,
                        "2":null,
                        "3":null
                    },
                    "V":{
                        "0":6.0,
                        "1":null,
                        "2":null,
                        "3":null
                    },
                    "VI":{
                        "0":"10",
                        "1":"13",
                        "2":"21:14",
                        "3":"23:15"
                    }
                },
                "Set 2":{
                    "I":{
                        "0":"10",
                        "1":"3",
                        "2":"14:17",
                        "3":"16:18"
                    },
                    "II":{
                        "0":16.0,
                        "1":null,
                        "2":null,
                        "3":null
                    },
                    "III":{
                        "0":9.0,
                        "1":null,
                        "2":null,
                        "3":null
                    },
                    "IV":{
                        "0":15.0,
                        "1":null,
                        "2":null,
                        "3":null
                    },
                    "V":{
                        "0":4.0,
                        "1":null,
                        "2":null,
                        "3":null
                    },
                    "VI":{
                        "0":"6",
                        "1":"13",
                        "2":"10:15",
                        "3":null
                    }
                },
                "Set 3":{
                    "I":{
                        "0":16.0,
                        "1":null,
                        "2":null,
                        "3":null
                    },
                    "II":{
                        "0":9.0,
                        "1":null,
                        "2":null,
                        "3":null
                    },
                    "III":{
                        "0":15.0,
                        "1":null,
                        "2":null,
                        "3":null
                    },
                    "IV":{
                        "0":"4",
                        "1":"14",
                        "2":"22:22",
                        "3":null
                    },
                    "V":{
                        "0":"13",
                        "1":"6",
                        "2":"15:13",
                        "3":"20:19"
                    },
                    "VI":{
                        "0":"10",
                        "1":"3",
                        "2":"22:20",
                        "3":"22:21"
                    }
                },
                "Set 4":{
                    "I":{
                        "0":"10",
                        "1":"3",
                        "2":"18:22",
                        "3":"18:23"
                    },
                    "II":{
                        "0":16.0,
                        "1":null,
                        "2":null,
                        "3":null
                    },
                    "III":{
                        "0":"9",
                        "1":"1",
                        "2":"14:20",
                        "3":"20:24"
                    },
                    "IV":{
                        "0":15.0,
                        "1":null,
                        "2":null,
                        "3":null
                    },
                    "V":{
                        "0":4.0,
                        "1":null,
                        "2":null,
                        "3":null
                    },
                    "VI":{
                        "0":13.0,
                        "1":null,
                        "2":null,
                        "3":null
                    }
                },
                "Set 5":{
                    "I":{
                        "0":9
                    },
                    "II":{
                        "0":7
                    },
                    "III":{
                        "0":8
                    },
                    "IV":{
                        "0":10
                    },
                    "V":{
                        "0":6
                    },
                    "VI":{
                        "0":13
                    }
                }
            },
            "Substitutions 2":{
                "Set 1":{
                    "I":{
                        "0":13
                    },
                    "II":{
                        "0":9
                    },
                    "III":{
                        "0":7
                    },
                    "IV":{
                        "0":8
                    },
                    "V":{
                        "0":10
                    },
                    "VI":{
                        "0":6
                    }
                },
                "Set 2":{
                    "I":{
                        "0":9.0,
                        "1":null,
                        "2":null
                    },
                    "II":{
                        "0":7.0,
                        "1":null,
                        "2":null
                    },
                    "III":{
                        "0":8.0,
                        "1":null,
                        "2":null
                    },
                    "IV":{
                        "0":10.0,
                        "1":null,
                        "2":null
                    },
                    "V":{
                        "0":6.0,
                        "1":null,
                        "2":null
                    },
                    "VI":{
                        "0":"13",
                        "1":"4",
                        "2":"25:24"
                    }
                },
                "Set 3":{
                    "I":{
                        "0":"13",
                        "1":"4",
                        "2":"21:22",
                        "3":"22:23"
                    },
                    "II":{
                        "0":9.0,
                        "1":null,
                        "2":null,
                        "3":null
                    },
                    "III":{
                        "0":7.0,
                        "1":null,
                        "2":null,
                        "3":null
                    },
                    "IV":{
                        "0":8.0,
                        "1":null,
                        "2":null,
                        "3":null
                    },
                    "V":{
                        "0":10.0,
                        "1":null,
                        "2":null,
                        "3":null
                    },
                    "VI":{
                        "0":6.0,
                        "1":null,
                        "2":null,
                        "3":null
                    }
                },
                "Set 4":{
                    "I":{
                        "0":9.0,
                        "1":null,
                        "2":null,
                        "3":null
                    },
                    "II":{
                        "0":7.0,
                        "1":null,
                        "2":null,
                        "3":null
                    },
                    "III":{
                        "0":8.0,
                        "1":null,
                        "2":null,
                        "3":null
                    },
                    "IV":{
                        "0":10.0,
                        "1":null,
                        "2":null,
                        "3":null
                    },
                    "V":{
                        "0":6.0,
                        "1":null,
                        "2":null,
                        "3":null
                    },
                    "VI":{
                        "0":"13",
                        "1":"4",
                        "2":"22:17",
                        "3":"22:18"
                    }
                },
                "Set 5":{
                    "I":{
                        "0":"10",
                        "1":"3",
                        "2":"12:9",
                        "3":"14:10"
                    },
                    "II":{
                        "0":16.0,
                        "1":null,
                        "2":null,
                        "3":null
                    },
                    "III":{
                        "0":9.0,
                        "1":null,
                        "2":null,
                        "3":null
                    },
                    "IV":{
                        "0":15.0,
                        "1":null,
                        "2":null,
                        "3":null
                    },
                    "V":{
                        "0":4.0,
                        "1":null,
                        "2":null,
                        "3":null
                    },
                    "VI":{
                        "0":13.0,
                        "1":null,
                        "2":null,
                        "3":null
                    }
                }
            },
            "Serves 1":{
                "Set 1":{
                    "I":{
                        "0":"0",
                        "1":13,
                        "2":25
                    },
                    "II":{
                        "0":"1",
                        "1":16.0,
                        "2":null
                    },
                    "III":{
                        "0":"2",
                        "1":17.0,
                        "2":null
                    },
                    "IV":{
                        "0":"4",
                        "1":18.0,
                        "2":null
                    },
                    "V":{
                        "0":"7",
                        "1":20.0,
                        "2":null
                    },
                    "VI":{
                        "0":"10",
                        "1":23.0,
                        "2":null
                    }
                },
                "Set 2":{
                    "I":{
                        "0":null,
                        "1":7.0,
                        "2":16.0
                    },
                    "II":{
                        "0":"1",
                        "1":8,
                        "2":18
                    },
                    "III":{
                        "0":"2",
                        "1":9,
                        "2":20
                    },
                    "IV":{
                        "0":"3",
                        "1":10,
                        "2":21
                    },
                    "V":{
                        "0":"5",
                        "1":11,
                        "2":22
                    },
                    "VI":{
                        "0":"6",
                        "1":13,
                        "2":24
                    }
                },
                "Set 3":{
                    "I":{
                        "0":"1",
                        "1":14,
                        "2":23
                    },
                    "II":{
                        "0":"2",
                        "1":16,
                        "2":24
                    },
                    "III":{
                        "0":"7",
                        "1":17,
                        "2":26
                    },
                    "IV":{
                        "0":"9",
                        "1":19.0,
                        "2":null
                    },
                    "V":{
                        "0":"11",
                        "1":21.0,
                        "2":null
                    },
                    "VI":{
                        "0":"12",
                        "1":22.0,
                        "2":null
                    }
                },
                "Set 4":{
                    "I":{
                        "0":null,
                        "1":11.0,
                        "2":18.0
                    },
                    "II":{
                        "0":"1",
                        "1":12,
                        "2":20
                    },
                    "III":{
                        "0":"2",
                        "1":13,
                        "2":21
                    },
                    "IV":{
                        "0":"4",
                        "1":14.0,
                        "2":null
                    },
                    "V":{
                        "0":"7",
                        "1":15.0,
                        "2":null
                    },
                    "VI":{
                        "0":"8",
                        "1":17.0,
                        "2":null
                    }
                },
                "Set 5":{
                    "I":{
                        "0":"0",
                        "1":11
                    },
                    "II":{
                        "0":"1",
                        "1":null
                    },
                    "III":{
                        "0":"5",
                        "1":null
                    },
                    "IV":{
                        "0":"7",
                        "1":null
                    },
                    "V":{
                        "0":"8",
                        "1":null
                    },
                    "VI":{
                        "0":"9",
                        "1":null
                    }
                }
            },
            "Serves 2":{
                "Set 1":{
                    "I":{
                        "0":null,
                        "1":9.0,
                        "2":15.0
                    },
                    "II":{
                        "0":"1",
                        "1":10.0,
                        "2":null
                    },
                    "III":{
                        "0":"2",
                        "1":11.0,
                        "2":null
                    },
                    "IV":{
                        "0":"3",
                        "1":12.0,
                        "2":null
                    },
                    "V":{
                        "0":"6",
                        "1":13.0,
                        "2":null
                    },
                    "VI":{
                        "0":"8",
                        "1":14.0,
                        "2":null
                    }
                },
                "Set 2":{
                    "I":{
                        "0":"0",
                        "1":10,
                        "2":18
                    },
                    "II":{
                        "0":"1",
                        "1":12,
                        "2":20
                    },
                    "III":{
                        "0":"2",
                        "1":13,
                        "2":21
                    },
                    "IV":{
                        "0":"4",
                        "1":15,
                        "2":23
                    },
                    "V":{
                        "0":"6",
                        "1":16,
                        "2":24
                    },
                    "VI":{
                        "0":"7",
                        "1":17,
                        "2":26
                    }
                },
                "Set 3":{
                    "I":{
                        "0":null,
                        "1":11.0,
                        "2":22.0
                    },
                    "II":{
                        "0":"2",
                        "1":13,
                        "2":23
                    },
                    "III":{
                        "0":"3",
                        "1":16,
                        "2":24
                    },
                    "IV":{
                        "0":"4",
                        "1":18.0,
                        "2":null
                    },
                    "V":{
                        "0":"7",
                        "1":19.0,
                        "2":null
                    },
                    "VI":{
                        "0":"10",
                        "1":20.0,
                        "2":null
                    }
                },
                "Set 4":{
                    "I":{
                        "0":"0",
                        "1":13,
                        "2":23
                    },
                    "II":{
                        "0":"1",
                        "1":14,
                        "2":24
                    },
                    "III":{
                        "0":"5",
                        "1":16,
                        "2":25
                    },
                    "IV":{
                        "0":"8",
                        "1":20.0,
                        "2":null
                    },
                    "V":{
                        "0":"10",
                        "1":21.0,
                        "2":null
                    },
                    "VI":{
                        "0":"12",
                        "1":22.0,
                        "2":null
                    }
                },
                "Set 5":{
                    "I":{
                        "0":null,
                        "1":14.0
                    },
                    "II":{
                        "0":"3",
                        "1":15
                    },
                    "III":{
                        "0":"4",
                        "1":null
                    },
                    "IV":{
                        "0":"5",
                        "1":null
                    },
                    "V":{
                        "0":"10",
                        "1":null
                    },
                    "VI":{
                        "0":"11",
                        "1":null
                    }
                }
            },
            "Timeouts 1":{
                "Set 1":{
                    "T":{

                    }
                },
                "Set 2":{
                    "T":{
                        "0":"8:12",
                        "1":"21:22"
                    }
                },
                "Set 3":{
                    "T":{
                        "0":"16:16",
                        "1":"24:24"
                    }
                },
                "Set 4":{
                    "T":{
                        "0":"8:12",
                        "1":"14:19"
                    }
                },
                "Set 5":{
                    "T":{
                        "0":"7:10"
                    }
                }
            },
            "Timeouts 2":{
                "Set 1":{
                    "T":{
                        "0":"9:12",
                        "1":"13:20"
                    }
                },
                "Set 2":{
                    "T":{
                        "0":"17:15",
                        "1":"24:23"
                    }
                },
                "Set 3":{
                    "T":{
                        "0":"3:7",
                        "1":"19:21"
                    }
                },
                "Set 4":{
                    "T":{
                        "0":"23:20"
                    }
                },
                "Set 5":{
                    "T":{
                        "0":"5:7",
                        "1":"14:11"
                    }
                }
            }
        },
        "Teams":{
            "Name":{
                "Team 1":"LOISIRS INTER SPORT ST PIERRE",
                "Team 2":"CENTRE NATIONAL DE VOLLEY-BALL"
            },
            "Players":{
                "Team 1":{
                    "N\u00b0":{
                        "0":3,
                        "1":4,
                        "2":5,
                        "3":6,
                        "4":7,
                        "5":8,
                        "6":9,
                        "7":10,
                        "8":11,
                        "9":12,
                        "10":13
                    },
                    "Nom Pr\u00e9nom":{
                        "0":"RADIC DALIBOR",
                        "1":"LAVIE BAPTISTE",
                        "2":"LEFEBVRE FLORIAN",
                        "3":"LAPIERRE MATEO",
                        "4":"VULICEVIC VEDRAN",
                        "5":"VALDIMARSSON HAFSTEINN",
                        "6":"SCERBAKOV NIKOLA",
                        "7":"TEAVAE DONOVAN",
                        "8":"VANMACKELBERG JULIEN",
                        "9":"CROMBEZ ANTONIN",
                        "10":"BRUTIER MAXIME"
                    },
                    "Licence":{
                        "0":1675950,
                        "1":1548758,
                        "2":1180475,
                        "3":2091802,
                        "4":1715220,
                        "5":2301645,
                        "6":1868264,
                        "7":2089820,
                        "8":1380843,
                        "9":1949396,
                        "10":1652843
                    }
                },
                "Team 2":{
                    "N\u00b0":{
                        "0":1,
                        "1":3,
                        "2":4,
                        "3":6,
                        "4":9,
                        "5":10,
                        "6":13,
                        "7":14,
                        "8":15,
                        "9":16,
                        "10":20
                    },
                    "Nom Pr\u00e9nom":{
                        "0":"AYE CALVIN",
                        "1":"CHABOISSANT ANATOLE",
                        "2":"LAVIGNE TOM",
                        "3":"DJORDJEVIC MARTIN",
                        "4":"HENNO HILIR",
                        "5":"PAUMELLE MARIUS",
                        "6":"SOCIE VICTOR",
                        "7":"CANOVAS NATHAN",
                        "8":"TARAMINI AUDRIC",
                        "9":"HELFER THOMAS",
                        "10":"VOL MATHIEU"
                    },
                    "Licence":{
                        "0":2247677,
                        "1":1704567,
                        "2":1850048,
                        "3":1822535,
                        "4":2195833,
                        "5":2197231,
                        "6":1893502,
                        "7":1810082,
                        "8":1814227,
                        "9":1796008,
                        "10":2001436
                    }
                }
            },
            "Liberos":{
                "Team 1":{
                    "N\u00b0":{
                        "0":5,
                        "1":11
                    },
                    "Nom Pr\u00e9nom":{
                        "0":"LEFEBVRE FLORIAN",
                        "1":"VANMACKELBERG JULIEN"
                    },
                    "Licence":{
                        "0":1180475,
                        "1":1380843
                    }
                },
                "Team 2":{
                    "N\u00b0":{
                        "0":20
                    },
                    "Nom Pr\u00e9nom":{
                        "0":"VOL MATHIEU"
                    },
                    "Licence":{
                        "0":2001436
                    }
                }
            },
            "Officials":{
                "Team 1":{
                    "N\u00b0":{
                        "0":"EA"
                    },
                    "Nom Pr\u00e9nom":{
                        "0":"LEGRAND OLIVIER"
                    },
                    "Licence":{
                        "0":981629
                    }
                },
                "Team 2":{
                    "N\u00b0":{
                        "0":"EA",
                        "1":"EB"
                    },
                    "Nom Pr\u00e9nom":{
                        "0":"FRANCASTEL MARC",
                        "1":"CAZABON HUBERT"
                    },
                    "Licence":{
                        "0":58701,
                        "1":1816259
                    }
                }
            }
        },
        "Results":{
            "winner":"CENTRE NATIONAL DE VOL",
            "score":"3\/2"
        },
        "Referees":{
            "NOM Pr\u00e9nom":{
                "1er":"ZIANE NOUR-EDDINE",
                "2\u00e8me":"ESCUDIE MICHAEL",
                "Marqueur":"VASSEUR DIDIER",
                "Marq.Ass":".",
                "R.Salle":"HENNEQUIN MICHEL"
            },
            "Ligue":{
                "1er":"LIG_IF",
                "2\u00e8me":"LIG_IF",
                "Marqueur":"LIG_HDF",
                "Marq.Ass":null,
                "R.Salle":"LIG_HDF"
            },
            "Licence":{
                "1er":1066407.0,
                "2\u00e8me":1772245.0,
                "Marqueur":1828225.0,
                "Marq.Ass":null,
                "R.Salle":1890330.0
            }
        },
        "Penalties":{

        }
    }
}