{
    "Match":{
        "Title":{
            "div_code":"EMA ",
            "div_name":"ELITE MASCULINE",
            "div_pool":"POULE A",
            "match_number":"EMA028",
            "match_day":"07",
            "city":"AVIGNON",
            "gym":"CHAMPFLEURY",
            "category":"SENIOR | MASCULIN",
            "ligue":"Comp\u00e9titions Nationales SENIORS",
            "date":"2019-11-30 20:00:00",
            "team_1":"AVIGNON VOLLEY BALL",
            "team_2":"HARNES VOLLEY-BALL"
        },
        "Sets":{
            "Teams":{
                "Set 1":{
                    "Name":{
                        "Team 1":"AVIGNON VOLLEY BALL",
                        "Team 2":"HARNES VOLLEY-BALL"
                    },
                    "Starting":{
                        "Team 1":"Service",
                        "Team 2":"Reception"
                    }
                },
                "Set 2":{
                    "Name":{
                        "Team 1":"AVIGNON VOLLEY BALL",
                        "Team 2":"HARNES VOLLEY-BALL"
                    },
                    "Starting":{
                        "Team 1":"Reception",
                        "Team 2":"Service"
                    }
                },
                "Set 3":{
                    "Name":{
                        "Team 1":"AVIGNON VOLLEY BALL",
                        "Team 2":"HARNES VOLLEY-BALL"
                    },
                    "Starting":{
                        "Team 1":"Service",
                        "Team 2":"Reception"
                    }
                },
                "Set 4":0,
                "Set 5":0
            },
            "Time":{
                "Set 1":{
                    "Time":{
                        "Start":"2019-11-30 20:00:00",
                        "End":"2019-11-30 20:27:00"
                    }
                },
                "Set 2":{
                    "Time":{
                        "Start":"2019-11-30 20:30:00",
                        "End":"2019-11-30 20:59:00"
                    }
                },
                "Set 3":{
                    "Time":{
                        "Start":"2019-11-30 21:09:00",
                        "End":"2019-11-30 21:35:00"
                    }
                },
                "Set 4":0,
                "Set 5":0
            },
            "Substitutions 1":{
                "Set 1":{
                    "I":{
                        "0":19
                    },
                    "II":{
                        "0":17
                    },
                    "III":{
                        "0":16
                    },
                    "IV":{
                        "0":14
                    },
                    "V":{
                        "0":7
                    },
                    "VI":{
                        "0":4
                    }
                },
                "Set 2":{
                    "I":{
                        "0":14.0,
                        "1":null,
                        "2":null
                    },
                    "II":{
                        "0":7.0,
                        "1":null,
                        "2":null
                    },
                    "III":{
                        "0":4.0,
                        "1":null,
                        "2":null
                    },
                    "IV":{
                        "0":"19",
                        "1":"11",
                        "2":"22:21"
                    },
                    "V":{
                        "0":17.0,
                        "1":null,
                        "2":null
                    },
                    "VI":{
                        "0":"16",
                        "1":"5",
                        "2":"24:23"
                    }
                },
                "Set 3":{
                    "I":{
                        "0":7.0,
                        "1":null,
                        "2":null
                    },
                    "II":{
                        "0":4.0,
                        "1":null,
                        "2":null
                    },
                    "III":{
                        "0":19.0,
                        "1":null,
                        "2":null
                    },
                    "IV":{
                        "0":17.0,
                        "1":null,
                        "2":null
                    },
                    "V":{
                        "0":"16",
                        "1":"9",
                        "2":"19:13"
                    },
                    "VI":{
                        "0":14.0,
                        "1":null,
                        "2":null
                    }
                },
                "Set 4":0,
                "Set 5":0
            },
            "Substitutions 2":{
                "Set 1":{
                    "I":{
                        "0":11
                    },
                    "II":{
                        "0":12
                    },
                    "III":{
                        "0":9
                    },
                    "IV":{
                        "0":4
                    },
                    "V":{
                        "0":18
                    },
                    "VI":{
                        "0":2
                    }
                },
                "Set 2":{
                    "I":{
                        "0":18.0,
                        "1":null,
                        "2":null
                    },
                    "II":{
                        "0":2.0,
                        "1":null,
                        "2":null
                    },
                    "III":{
                        "0":"11",
                        "1":"5",
                        "2":"20:21"
                    },
                    "IV":{
                        "0":12.0,
                        "1":null,
                        "2":null
                    },
                    "V":{
                        "0":9.0,
                        "1":null,
                        "2":null
                    },
                    "VI":{
                        "0":4.0,
                        "1":null,
                        "2":null
                    }
                },
                "Set 3":{
                    "I":{
                        "0":4.0,
                        "1":null,
                        "2":null,
                        "3":null
                    },
                    "II":{
                        "0":"18",
                        "1":"3",
                        "2":"9:15",
                        "3":null
                    },
                    "III":{
                        "0":"2",
                        "1":"5",
                        "2":"1:9",
                        "3":"7:12"
                    },
                    "IV":{
                        "0":11.0,
                        "1":null,
                        "2":null,
                        "3":null
                    },
                    "V":{
                        "0":12.0,
                        "1":null,
                        "2":null,
                        "3":null
                    },
                    "VI":{
                        "0":9.0,
                        "1":null,
                        "2":null,
                        "3":null
                    }
                },
                "Set 4":0,
                "Set 5":0
            },
            "Serves 1":{
                "Set 1":{
                    "I":{
                        "0":"2",
                        "1":11,
                        "2":20
                    },
                    "II":{
                        "0":"5",
                        "1":12,
                        "2":22
                    },
                    "III":{
                        "0":"6",
                        "1":13,
                        "2":23
                    },
                    "IV":{
                        "0":"7",
                        "1":17,
                        "2":24
                    },
                    "V":{
                        "0":"8",
                        "1":18,
                        "2":25
                    },
                    "VI":{
                        "0":"10",
                        "1":19.0,
                        "2":null
                    }
                },
                "Set 2":{
                    "I":{
                        "0":null,
                        "1":10.0,
                        "2":18.0
                    },
                    "II":{
                        "0":"1",
                        "1":11,
                        "2":20
                    },
                    "III":{
                        "0":"2",
                        "1":12,
                        "2":21
                    },
                    "IV":{
                        "0":"4",
                        "1":14,
                        "2":22
                    },
                    "V":{
                        "0":"7",
                        "1":16,
                        "2":23
                    },
                    "VI":{
                        "0":"8",
                        "1":17,
                        "2":25
                    }
                },
                "Set 3":{
                    "I":{
                        "0":"4",
                        "1":15,
                        "2":22
                    },
                    "II":{
                        "0":"9",
                        "1":16,
                        "2":24
                    },
                    "III":{
                        "0":"10",
                        "1":17,
                        "2":25
                    },
                    "IV":{
                        "0":"11",
                        "1":18.0,
                        "2":null
                    },
                    "V":{
                        "0":"12",
                        "1":20.0,
                        "2":null
                    },
                    "VI":{
                        "0":"13",
                        "1":21.0,
                        "2":null
                    }
                },
                "Set 4":0,
                "Set 5":0
            },
            "Serves 2":{
                "Set 1":{
                    "I":{
                        "0":null,
                        "1":6.0,
                        "2":16.0
                    },
                    "II":{
                        "0":"1",
                        "1":7,
                        "2":17
                    },
                    "III":{
                        "0":"2",
                        "1":8,
                        "2":18
                    },
                    "IV":{
                        "0":"3",
                        "1":12,
                        "2":20
                    },
                    "V":{
                        "0":"4",
                        "1":13,
                        "2":21
                    },
                    "VI":{
                        "0":"5",
                        "1":14.0,
                        "2":null
                    }
                },
                "Set 2":{
                    "I":{
                        "0":"0",
                        "1":8,
                        "2":16
                    },
                    "II":{
                        "0":"1",
                        "1":9,
                        "2":19
                    },
                    "III":{
                        "0":"2",
                        "1":10,
                        "2":21
                    },
                    "IV":{
                        "0":"4",
                        "1":11,
                        "2":22
                    },
                    "V":{
                        "0":"5",
                        "1":12,
                        "2":23
                    },
                    "VI":{
                        "0":"6",
                        "1":14.0,
                        "2":null
                    }
                },
                "Set 3":{
                    "I":{
                        "0":null,
                        "1":9.0,
                        "2":15.0
                    },
                    "II":{
                        "0":"1",
                        "1":10,
                        "2":18
                    },
                    "III":{
                        "0":"2",
                        "1":11,
                        "2":19
                    },
                    "IV":{
                        "0":"4",
                        "1":12.0,
                        "2":null
                    },
                    "V":{
                        "0":"6",
                        "1":13.0,
                        "2":null
                    },
                    "VI":{
                        "0":"8",
                        "1":14.0,
                        "2":null
                    }
                },
                "Set 4":0,
                "Set 5":0
            },
            "Timeouts 1":{
                "Set 1":{
                    "T":{
                        "0":"13:12",
                        "1":"23:20"
                    }
                },
                "Set 2":{
                    "T":{
                        "0":"20:18",
                        "1":"21:21"
                    }
                },
                "Set 3":{
                    "T":{
                        "0":"22:18"
                    }
                },
                "Set 4":0,
                "Set 5":0
            },
            "Timeouts 2":{
                "Set 1":{
                    "T":{
                        "0":"17:22"
                    }
                },
                "Set 2":{
                    "T":{
                        "0":"4:7",
                        "1":"22:23"
                    }
                },
                "Set 3":{
                    "T":{
                        "0":"0:4"
                    }
                },
                "Set 4":0,
                "Set 5":0
            }
        },
        "Teams":{
            "Name":{
                "Team 1":"AVIGNON VOLLEY BALL",
                "Team 2":"HARNES VOLLEY-BALL"
            },
            "Players":{
                "Team 1":{
                    "N\u00b0":{
                        "0":4,
                        "1":5,
                        "2":6,
                        "3":7,
                        "4":9,
                        "5":10,
                        "6":11,
                        "7":14,
                        "8":16,
                        "9":17,
                        "10":19
                    },
                    "Nom Pr\u00e9nom":{
                        "0":"TALIA MAONI",
                        "1":"PURPAN ARNAUD",
                        "2":"PIRE MATHIAS",
                        "3":"MARTINEZ RICARDO",
                        "4":"SEGALIN ADRIEN",
                        "5":"BOULEAU PIERRE",
                        "6":"EL MAKNASY ANIS",
                        "7":"VANDOOREN VIANNEY",
                        "8":"RAUX CHARLY",
                        "9":"BOJOVIC MLADEN",
                        "10":"STANISIC BRANE"
                    },
                    "Licence":{
                        "0":1805239,
                        "1":1837616,
                        "2":1829273,
                        "3":1454586,
                        "4":1835285,
                        "5":1915300,
                        "6":2047108,
                        "7":1994145,
                        "8":1638521,
                        "9":2147201,
                        "10":2303737
                    }
                },
                "Team 2":{
                    "N\u00b0":{
                        "0":1,
                        "1":2,
                        "2":3,
                        "3":4,
                        "4":5,
                        "5":6,
                        "6":8,
                        "7":9,
                        "8":11,
                        "9":12,
                        "10":18
                    },
                    "Nom Pr\u00e9nom":{
                        "0":"CHINA YANISS",
                        "1":"SKUP PATRYK",
                        "2":"GERMAIN BENJAMIN",
                        "3":"KOFANE BOYOMO JOSEPH HERVE",
                        "4":"CLEMENT ALEXANDRE",
                        "5":"RULKIN NOAH",
                        "6":"SEGRE OLIVIER",
                        "7":"MEYER GEOFFREY",
                        "8":"PEPIN LENAIC",
                        "9":"QUEVA SAMUEL",
                        "10":"DILLIES MAXIME"
                    },
                    "Licence":{
                        "0":1386205,
                        "1":2350967,
                        "2":1525809,
                        "3":2330948,
                        "4":1620627,
                        "5":1894915,
                        "6":1453239,
                        "7":1463674,
                        "8":1759055,
                        "9":1941119,
                        "10":1380275
                    }
                }
            },
            "Liberos":{
                "Team 1":{
                    "N\u00b0":{
                        "0":6,
                        "1":10
                    },
                    "Nom Pr\u00e9nom":{
                        "0":"PIRE MATHIAS",
                        "1":"BOULEAU PIERRE"
                    },
                    "Licence":{
                        "0":1829273,
                        "1":1915300
                    }
                },
                "Team 2":{
                    "N\u00b0":{
                        "0":1,
                        "1":6
                    },
                    "Nom Pr\u00e9nom":{
                        "0":"CHINA YANISS",
                        "1":"RULKIN NOAH"
                    },
                    "Licence":{
                        "0":1386205,
                        "1":1894915
                    }
                }
            },
            "Officials":{
                "Team 1":{
                    "N\u00b0":{
                        "0":"EA",
                        "1":"SO"
                    },
                    "Nom Pr\u00e9nom":{
                        "0":"AMET JOSE",
                        "1":"VEDEL LAURENT"
                    },
                    "Licence":{
                        "0":962512,
                        "1":1631580
                    }
                },
                "Team 2":{
                    "N\u00b0":{
                        "0":"EA",
                        "1":"EB"
                    },
                    "Nom Pr\u00e9nom":{
                        "0":"OHIER CHARLES EMMANUEL",
                        "1":"BOUANDA LOIC"
                    },
                    "Licence":{
                        "0":1119235,
                        "1":1422632
                    }
                }
            }
        },
        "Results":{
            "winner":"AVIGNON VOLLEY BALL",
            "score":"3\/0"
        },
        "Referees":{
            "NOM Pr\u00e9nom":{
                "1er":"AOUN NASSIM",
                "2\u00e8me":"STAN CLAUDIU",
                "Marqueur":"EKWA NGANGNANG WILLY-ANDREY",
                "Marq.Ass":".",
                "nan":null
            },
            "Ligue":{
                "1er":"LIG_BFC",
                "2\u00e8me":"LIG_OCC",
                "Marqueur":"LIG_PAC",
                "Marq.Ass":null,
                "nan":"Juges"
            },
            "Licence":{
                "1er":2054702.0,
                "2\u00e8me":1794439.0,
                "Marqueur":2357366.0,
                "Marq.Ass":null,
                "nan":null
            }
        },
        "Penalties":{

        }
    }
}