{
    "Match":{
        "Title":{
            "div_code":"3FA ",
            "div_name":"NATIONALE 3 FEMININE POULE A",
            "div_pool":"",
            "match_number":"3FA064",
            "match_day":"11",
            "city":"LE CANNET",
            "gym":"GYMNASE MAILLAN",
            "category":"SENIOR | FEMININE",
            "ligue":"Comp\u00e9titions Nationales SENIORS",
            "date":"2020-01-26 16:00:00",
            "team_1":"VOLERO LE CANNET COTE D'AZUR 3",
            "team_2":"ASLJCROIX ARGENT MONTPELLIER"
        },
        "Sets":{
            "Teams":{
                "Set 1":{
                    "Name":{
                        "Team 1":"VOLERO LE CANNET COTE",
                        "Team 2":"ASLJCROIX ARGENT MONTP"
                    },
                    "Starting":{
                        "Team 1":"Service",
                        "Team 2":"Reception"
                    }
                },
                "Set 2":{
                    "Name":{
                        "Team 1":"VOLERO LE CANNET COTE",
                        "Team 2":"ASLJCROIX ARGENT MONTP"
                    },
                    "Starting":{
                        "Team 1":"Reception",
                        "Team 2":"Service"
                    }
                },
                "Set 3":{
                    "Name":{
                        "Team 1":"VOLERO LE CANNET COTE",
                        "Team 2":"ASLJCROIX ARGENT MONTP"
                    },
                    "Starting":{
                        "Team 1":"Service",
                        "Team 2":"Reception"
                    }
                },
                "Set 4":{
                    "Name":{
                        "Team 1":"VOLERO LE CANNET COTE",
                        "Team 2":"ASLJCROIX ARGENT MONTP"
                    },
                    "Starting":{
                        "Team 1":"Reception",
                        "Team 2":"Service"
                    }
                },
                "Set 5":{
                    "Name":{
                        "Team 1":"ASLJCROIX ARGENT MO ",
                        "Team 2":"VOLERO LE CANNET CO"
                    },
                    "Starting":{
                        "Team 1":"Reception",
                        "Team 2":"Service"
                    }
                }
            },
            "Time":{
                "Set 1":{
                    "Time":{
                        "Start":"2020-01-26 15:58:00",
                        "End":"2020-01-26 16:22:00"
                    }
                },
                "Set 2":{
                    "Time":{
                        "Start":"2020-01-26 16:24:00",
                        "End":"2020-01-26 16:55:00"
                    }
                },
                "Set 3":{
                    "Time":{
                        "Start":"2020-01-26 16:58:00",
                        "End":"2020-01-26 17:26:00"
                    }
                },
                "Set 4":{
                    "Time":{
                        "Start":"2020-01-26 17:29:00",
                        "End":"2020-01-26 17:57:00"
                    }
                },
                "Set 5":{
                    "Time":{
                        "Start":"2020-01-26 17:59:00",
                        "End":"2020-01-26 18:14:00"
                    }
                }
            },
            "Substitutions 1":{
                "Set 1":{
                    "I":{
                        "0":6.0,
                        "1":null,
                        "2":null
                    },
                    "II":{
                        "0":"3",
                        "1":"1",
                        "2":"12:21"
                    },
                    "III":{
                        "0":8.0,
                        "1":null,
                        "2":null
                    },
                    "IV":{
                        "0":10.0,
                        "1":null,
                        "2":null
                    },
                    "V":{
                        "0":"12",
                        "1":"7",
                        "2":"9:19"
                    },
                    "VI":{
                        "0":9.0,
                        "1":null,
                        "2":null
                    }
                },
                "Set 2":{
                    "I":{
                        "0":9
                    },
                    "II":{
                        "0":6
                    },
                    "III":{
                        "0":3
                    },
                    "IV":{
                        "0":8
                    },
                    "V":{
                        "0":10
                    },
                    "VI":{
                        "0":12
                    }
                },
                "Set 3":{
                    "I":{
                        "0":6.0,
                        "1":null,
                        "2":null,
                        "3":null
                    },
                    "II":{
                        "0":"3",
                        "1":"1",
                        "2":"12:19",
                        "3":"15:22"
                    },
                    "III":{
                        "0":8.0,
                        "1":null,
                        "2":null,
                        "3":null
                    },
                    "IV":{
                        "0":10.0,
                        "1":null,
                        "2":null,
                        "3":null
                    },
                    "V":{
                        "0":"12",
                        "1":"7",
                        "2":"6:9",
                        "3":"9:16"
                    },
                    "VI":{
                        "0":9.0,
                        "1":null,
                        "2":null,
                        "3":null
                    }
                },
                "Set 4":{
                    "I":{
                        "0":9.0,
                        "1":null,
                        "2":null
                    },
                    "II":{
                        "0":6.0,
                        "1":null,
                        "2":null
                    },
                    "III":{
                        "0":3.0,
                        "1":null,
                        "2":null
                    },
                    "IV":{
                        "0":8.0,
                        "1":null,
                        "2":null
                    },
                    "V":{
                        "0":10.0,
                        "1":null,
                        "2":null
                    },
                    "VI":{
                        "0":"12",
                        "1":"7",
                        "2":"20:14"
                    }
                },
                "Set 5":{
                    "I":{
                        "0":3.0,
                        "1":null,
                        "2":null,
                        "3":null
                    },
                    "II":{
                        "0":8.0,
                        "1":null,
                        "2":null,
                        "3":null
                    },
                    "III":{
                        "0":"6",
                        "1":"16",
                        "2":"3:7",
                        "3":"7:14"
                    },
                    "IV":{
                        "0":14.0,
                        "1":null,
                        "2":null,
                        "3":null
                    },
                    "V":{
                        "0":"4",
                        "1":"10",
                        "2":"4:7",
                        "3":"8:14"
                    },
                    "VI":{
                        "0":9.0,
                        "1":null,
                        "2":null,
                        "3":null
                    }
                }
            },
            "Substitutions 2":{
                "Set 1":{
                    "I":{
                        "0":3
                    },
                    "II":{
                        "0":8
                    },
                    "III":{
                        "0":6
                    },
                    "IV":{
                        "0":14
                    },
                    "V":{
                        "0":4
                    },
                    "VI":{
                        "0":9
                    }
                },
                "Set 2":{
                    "I":{
                        "0":"8",
                        "1":"5",
                        "2":"12:15",
                        "3":"18:23"
                    },
                    "II":{
                        "0":6.0,
                        "1":null,
                        "2":null,
                        "3":null
                    },
                    "III":{
                        "0":14.0,
                        "1":null,
                        "2":null,
                        "3":null
                    },
                    "IV":{
                        "0":"4",
                        "1":"10",
                        "2":"23:24",
                        "3":null
                    },
                    "V":{
                        "0":"9",
                        "1":"16",
                        "2":"5:8",
                        "3":"18:23"
                    },
                    "VI":{
                        "0":3.0,
                        "1":null,
                        "2":null,
                        "3":null
                    }
                },
                "Set 3":{
                    "I":{
                        "0":3
                    },
                    "II":{
                        "0":8
                    },
                    "III":{
                        "0":6
                    },
                    "IV":{
                        "0":14
                    },
                    "V":{
                        "0":4
                    },
                    "VI":{
                        "0":9
                    }
                },
                "Set 4":{
                    "I":{
                        "0":"8",
                        "1":"5",
                        "2":"9:11",
                        "3":"9:17"
                    },
                    "II":{
                        "0":6.0,
                        "1":null,
                        "2":null,
                        "3":null
                    },
                    "III":{
                        "0":14.0,
                        "1":null,
                        "2":null,
                        "3":null
                    },
                    "IV":{
                        "0":"4",
                        "1":"7",
                        "2":"13:18",
                        "3":"16:22"
                    },
                    "V":{
                        "0":"9",
                        "1":"16",
                        "2":"9:11",
                        "3":"13:20"
                    },
                    "VI":{
                        "0":3.0,
                        "1":null,
                        "2":null,
                        "3":null
                    }
                },
                "Set 5":{
                    "I":{
                        "0":9
                    },
                    "II":{
                        "0":6
                    },
                    "III":{
                        "0":3
                    },
                    "IV":{
                        "0":8
                    },
                    "V":{
                        "0":10
                    },
                    "VI":{
                        "0":12
                    }
                }
            },
            "Serves 1":{
                "Set 1":{
                    "I":{
                        "0":"0",
                        "1":9
                    },
                    "II":{
                        "0":"3",
                        "1":12
                    },
                    "III":{
                        "0":"4",
                        "1":13
                    },
                    "IV":{
                        "0":"5",
                        "1":14
                    },
                    "V":{
                        "0":"6",
                        "1":17
                    },
                    "VI":{
                        "0":"8",
                        "1":null
                    }
                },
                "Set 2":{
                    "I":{
                        "0":null,
                        "1":10.0,
                        "2":19.0
                    },
                    "II":{
                        "0":"2",
                        "1":11,
                        "2":20
                    },
                    "III":{
                        "0":"6",
                        "1":12,
                        "2":23
                    },
                    "IV":{
                        "0":"7",
                        "1":14,
                        "2":24
                    },
                    "V":{
                        "0":"8",
                        "1":15,
                        "2":25
                    },
                    "VI":{
                        "0":"9",
                        "1":17.0,
                        "2":null
                    }
                },
                "Set 3":{
                    "I":{
                        "0":"1",
                        "1":11
                    },
                    "II":{
                        "0":"3",
                        "1":12
                    },
                    "III":{
                        "0":"5",
                        "1":13
                    },
                    "IV":{
                        "0":"6",
                        "1":14
                    },
                    "V":{
                        "0":"8",
                        "1":16
                    },
                    "VI":{
                        "0":"9",
                        "1":null
                    }
                },
                "Set 4":{
                    "I":{
                        "0":null,
                        "1":17.0,
                        "2":24.0
                    },
                    "II":{
                        "0":"1",
                        "1":18,
                        "2":25
                    },
                    "III":{
                        "0":"2",
                        "1":20.0,
                        "2":null
                    },
                    "IV":{
                        "0":"3",
                        "1":21.0,
                        "2":null
                    },
                    "V":{
                        "0":"6",
                        "1":22.0,
                        "2":null
                    },
                    "VI":{
                        "0":"7",
                        "1":23.0,
                        "2":null
                    }
                },
                "Set 5":{
                    "I":{
                        "0":null,
                        "1":7.0
                    },
                    "II":{
                        "0":"1",
                        "1":8
                    },
                    "III":{
                        "0":"2",
                        "1":null
                    },
                    "IV":{
                        "0":"3",
                        "1":null
                    },
                    "V":{
                        "0":"4",
                        "1":null
                    },
                    "VI":{
                        "0":"5",
                        "1":null
                    }
                }
            },
            "Serves 2":{
                "Set 1":{
                    "I":{
                        "0":null,
                        "1":13.0
                    },
                    "II":{
                        "0":"3",
                        "1":20
                    },
                    "III":{
                        "0":"5",
                        "1":21
                    },
                    "IV":{
                        "0":"7",
                        "1":22
                    },
                    "V":{
                        "0":"8",
                        "1":23
                    },
                    "VI":{
                        "0":"9",
                        "1":25
                    }
                },
                "Set 2":{
                    "I":{
                        "0":"0",
                        "1":9,
                        "2":16
                    },
                    "II":{
                        "0":"1",
                        "1":10,
                        "2":18
                    },
                    "III":{
                        "0":"3",
                        "1":11,
                        "2":22
                    },
                    "IV":{
                        "0":"4",
                        "1":12,
                        "2":23
                    },
                    "V":{
                        "0":"5",
                        "1":13.0,
                        "2":null
                    },
                    "VI":{
                        "0":"6",
                        "1":15.0,
                        "2":null
                    }
                },
                "Set 3":{
                    "I":{
                        "0":null,
                        "1":16.0
                    },
                    "II":{
                        "0":"2",
                        "1":17
                    },
                    "III":{
                        "0":"3",
                        "1":20
                    },
                    "IV":{
                        "0":"6",
                        "1":21
                    },
                    "V":{
                        "0":"10",
                        "1":22
                    },
                    "VI":{
                        "0":"14",
                        "1":25
                    }
                },
                "Set 4":{
                    "I":{
                        "0":"2",
                        "1":12,
                        "2":20
                    },
                    "II":{
                        "0":"3",
                        "1":13.0,
                        "2":null
                    },
                    "III":{
                        "0":"6",
                        "1":15.0,
                        "2":null
                    },
                    "IV":{
                        "0":"7",
                        "1":16.0,
                        "2":null
                    },
                    "V":{
                        "0":"8",
                        "1":18.0,
                        "2":null
                    },
                    "VI":{
                        "0":"9",
                        "1":19.0,
                        "2":null
                    }
                },
                "Set 5":{
                    "I":{
                        "0":"0",
                        "1":14
                    },
                    "II":{
                        "0":"1",
                        "1":15
                    },
                    "III":{
                        "0":"2",
                        "1":null
                    },
                    "IV":{
                        "0":"7",
                        "1":null
                    },
                    "V":{
                        "0":"10",
                        "1":null
                    },
                    "VI":{
                        "0":"11",
                        "1":null
                    }
                }
            },
            "Timeouts 1":{
                "Set 1":{
                    "T":{
                        "0":"8:11",
                        "1":"9:18"
                    }
                },
                "Set 2":{
                    "T":{
                        "0":"23:21",
                        "1":"24:23"
                    }
                },
                "Set 3":{
                    "T":{
                        "0":"6:10",
                        "1":"8:14"
                    }
                },
                "Set 4":{
                    "T":{
                        "0":"2:6"
                    }
                },
                "Set 5":{
                    "T":{
                        "0":"3:6",
                        "1":"4:10"
                    }
                }
            },
            "Timeouts 2":{
                "Set 1":{
                    "T":{

                    }
                },
                "Set 2":{
                    "T":{
                        "0":"18:22"
                    }
                },
                "Set 3":{
                    "T":{

                    }
                },
                "Set 4":{
                    "T":{
                        "0":"9:13",
                        "1":"18:23"
                    }
                },
                "Set 5":{
                    "T":{

                    }
                }
            }
        },
        "Teams":{
            "Name":{
                "Team 1":"VOLERO LE CANNET COTE D'AZUR 3",
                "Team 2":"ASLJCROIX ARGENT MONTPELLIER"
            },
            "Players":{
                "Team 1":{
                    "N\u00b0":{
                        "0":1,
                        "1":2,
                        "2":3,
                        "3":4,
                        "4":5,
                        "5":6,
                        "6":7,
                        "7":8,
                        "8":9,
                        "9":10,
                        "10":12
                    },
                    "Nom Pr\u00e9nom":{
                        "0":"NOBLET ANNA",
                        "1":"GALLIGO JADE",
                        "2":"MORILLON MANON",
                        "3":"DIRION ALEXIA",
                        "4":"TESTU ILONA",
                        "5":"BRUN EVA",
                        "6":"BAFFICO JULIETTE",
                        "7":"MARACHE JULIETTE",
                        "8":"MARIN SANDYA",
                        "9":"BRUN OLIVIA",
                        "10":"MAINGRET JUSTINE"
                    },
                    "Licence":{
                        "0":1972585,
                        "1":1830638,
                        "2":1946224,
                        "3":1949352,
                        "4":1963354,
                        "5":2138757,
                        "6":2001949,
                        "7":2022851,
                        "8":1690265,
                        "9":2091867,
                        "10":2093311
                    }
                },
                "Team 2":{
                    "N\u00b0":{
                        "0":3,
                        "1":4,
                        "2":5,
                        "3":6,
                        "4":7,
                        "5":8,
                        "6":9,
                        "7":10,
                        "8":12,
                        "9":14,
                        "10":16,
                        "11":18
                    },
                    "Nom Pr\u00e9nom":{
                        "0":"DECAT LAURA",
                        "1":"AUDINOT ANOUCK",
                        "2":"DALI YOUCEF MANEL",
                        "3":"ROUVIERE NINON",
                        "4":"BORDIN NATHALIE",
                        "5":"TARTAR DORIANE",
                        "6":"DESPLANCHES CLAIRE",
                        "7":"SAINT SAUVEUR MARIE-ALICE",
                        "8":"DUBOIS DE MONT-MARIN ALIX",
                        "9":"AUDINOT CAMILLE",
                        "10":"AUDOUY MORGANE",
                        "11":"COULONDOU LEA"
                    },
                    "Licence":{
                        "0":1738865,
                        "1":1541996,
                        "2":2413268,
                        "3":1595751,
                        "4":1827435,
                        "5":1683014,
                        "6":1999003,
                        "7":1594293,
                        "8":2243361,
                        "9":1415273,
                        "10":1517960,
                        "11":1672737
                    }
                }
            },
            "Liberos":{
                "Team 1":{
                    "N\u00b0":{
                        "0":4
                    },
                    "Nom Pr\u00e9nom":{
                        "0":"DIRION ALEXIA"
                    },
                    "Licence":{
                        "0":1949352
                    }
                },
                "Team 2":{
                    "N\u00b0":{
                        "0":12,
                        "1":18
                    },
                    "Nom Pr\u00e9nom":{
                        "0":"DUBOIS DE MONT-MARIN ALIX",
                        "1":"COULONDOU LEA"
                    },
                    "Licence":{
                        "0":2243361,
                        "1":1672737
                    }
                }
            },
            "Officials":{
                "Team 1":{
                    "N\u00b0":{
                        "0":"EA"
                    },
                    "Nom Pr\u00e9nom":{
                        "0":"CATZARAS REGIS"
                    },
                    "Licence":{
                        "0":1855039
                    }
                },
                "Team 2":{
                    "N\u00b0":{
                        "0":"EA",
                        "1":"EB"
                    },
                    "Nom Pr\u00e9nom":{
                        "0":"ICKOWICZ JORDAN",
                        "1":"GAUCHERAND VINCENT"
                    },
                    "Licence":{
                        "0":1861814,
                        "1":1685053
                    }
                }
            }
        },
        "Results":{
            "winner":"VOLERO LE CANNET COTE",
            "score":"3\/2"
        },
        "Referees":{
            "NOM Pr\u00e9nom":{
                "1er":"MALAGOLI CHARLENE",
                "2\u00e8me":"MEUNIER JEREMIE",
                "Marqueur":"SODDU ALYSON",
                "Marq.Ass":".",
                "R.Salle":"BRUN CHRISTOPHE"
            },
            "Ligue":{
                "1er":"LIG_PAC",
                "2\u00e8me":"LIG_ARA",
                "Marqueur":"LIG_PAC",
                "Marq.Ass":null,
                "R.Salle":null
            },
            "Licence":{
                "1er":1368054.0,
                "2\u00e8me":1525082.0,
                "Marqueur":1859432.0,
                "Marq.Ass":null,
                "R.Salle":2361942.0
            }
        },
        "Penalties":{

        }
    }
}