{
    "Match":{
        "Title":{
            "div_code":"3FA ",
            "div_name":"NATIONALE 3 FEMININE POULE A",
            "div_pool":"",
            "match_number":"3FA017",
            "match_day":"03",
            "city":"MONTPELLIER",
            "gym":"GYMNASE ALAIN COLAS",
            "category":"SENIOR | FEMININE",
            "ligue":"Comp\u00e9titions Nationales SENIORS",
            "date":"2019-10-26 21:00:00",
            "team_1":"ASLJCROIX ARGENT MONTPELLIER",
            "team_2":"LATTES ASPTT MONTPELLIER V.A.C"
        },
        "Sets":{
            "Teams":{
                "Set 1":{
                    "Name":{
                        "Team 1":"ASLJCROIX ARGENT MONTP",
                        "Team 2":"LATTES ASPTT MONTPELLI"
                    },
                    "Starting":{
                        "Team 1":"Reception",
                        "Team 2":"Service"
                    }
                },
                "Set 2":{
                    "Name":{
                        "Team 1":"ASLJCROIX ARGENT MONTP",
                        "Team 2":"LATTES ASPTT MONTPELLI"
                    },
                    "Starting":{
                        "Team 1":"Service",
                        "Team 2":"Reception"
                    }
                },
                "Set 3":{
                    "Name":{
                        "Team 1":"ASLJCROIX ARGENT MONTP",
                        "Team 2":"LATTES ASPTT MONTPELLI"
                    },
                    "Starting":{
                        "Team 1":"Reception",
                        "Team 2":"Service"
                    }
                },
                "Set 4":0,
                "Set 5":0
            },
            "Time":{
                "Set 1":{
                    "Time":{
                        "Start":"2019-10-26 20:58:00",
                        "End":"2019-10-26 21:28:00"
                    }
                },
                "Set 2":{
                    "Time":{
                        "Start":"2019-10-26 21:32:00",
                        "End":"2019-10-26 21:56:00"
                    }
                },
                "Set 3":{
                    "Time":{
                        "Start":"2019-10-26 22:01:00",
                        "End":"2019-10-26 22:27:00"
                    }
                },
                "Set 4":0,
                "Set 5":0
            },
            "Substitutions 1":{
                "Set 1":{
                    "I":{
                        "0":3.0,
                        "1":null,
                        "2":null
                    },
                    "II":{
                        "0":8.0,
                        "1":null,
                        "2":null
                    },
                    "III":{
                        "0":9.0,
                        "1":null,
                        "2":null
                    },
                    "IV":{
                        "0":14.0,
                        "1":null,
                        "2":null
                    },
                    "V":{
                        "0":4.0,
                        "1":null,
                        "2":null
                    },
                    "VI":{
                        "0":"5",
                        "1":"2",
                        "2":"19:19"
                    }
                },
                "Set 2":{
                    "I":{
                        "0":8.0,
                        "1":null,
                        "2":null
                    },
                    "II":{
                        "0":9.0,
                        "1":null,
                        "2":null
                    },
                    "III":{
                        "0":"14",
                        "1":"10",
                        "2":"21:12"
                    },
                    "IV":{
                        "0":4.0,
                        "1":null,
                        "2":null
                    },
                    "V":{
                        "0":2.0,
                        "1":null,
                        "2":null
                    },
                    "VI":{
                        "0":3.0,
                        "1":null,
                        "2":null
                    }
                },
                "Set 3":{
                    "I":{
                        "0":3.0,
                        "1":null,
                        "2":null
                    },
                    "II":{
                        "0":8.0,
                        "1":null,
                        "2":null
                    },
                    "III":{
                        "0":9.0,
                        "1":null,
                        "2":null
                    },
                    "IV":{
                        "0":10.0,
                        "1":null,
                        "2":null
                    },
                    "V":{
                        "0":"4",
                        "1":"7",
                        "2":"18:14"
                    },
                    "VI":{
                        "0":2.0,
                        "1":null,
                        "2":null
                    }
                },
                "Set 4":0,
                "Set 5":0
            },
            "Substitutions 2":{
                "Set 1":{
                    "I":{
                        "0":8
                    },
                    "II":{
                        "0":1
                    },
                    "III":{
                        "0":3
                    },
                    "IV":{
                        "0":5
                    },
                    "V":{
                        "0":17
                    },
                    "VI":{
                        "0":19
                    }
                },
                "Set 2":{
                    "I":{
                        "0":8
                    },
                    "II":{
                        "0":1
                    },
                    "III":{
                        "0":3
                    },
                    "IV":{
                        "0":5
                    },
                    "V":{
                        "0":17
                    },
                    "VI":{
                        "0":19
                    }
                },
                "Set 3":{
                    "I":{
                        "0":8
                    },
                    "II":{
                        "0":1
                    },
                    "III":{
                        "0":3
                    },
                    "IV":{
                        "0":5
                    },
                    "V":{
                        "0":17
                    },
                    "VI":{
                        "0":19
                    }
                },
                "Set 4":0,
                "Set 5":0
            },
            "Serves 1":{
                "Set 1":{
                    "I":{
                        "0":null,
                        "1":11.0,
                        "2":25.0
                    },
                    "II":{
                        "0":"2",
                        "1":13.0,
                        "2":null
                    },
                    "III":{
                        "0":"3",
                        "1":14.0,
                        "2":null
                    },
                    "IV":{
                        "0":"4",
                        "1":15.0,
                        "2":null
                    },
                    "V":{
                        "0":"5",
                        "1":16.0,
                        "2":null
                    },
                    "VI":{
                        "0":"6",
                        "1":19.0,
                        "2":null
                    }
                },
                "Set 2":{
                    "I":{
                        "0":"0",
                        "1":16
                    },
                    "II":{
                        "0":"4",
                        "1":21
                    },
                    "III":{
                        "0":"5",
                        "1":25
                    },
                    "IV":{
                        "0":"7",
                        "1":null
                    },
                    "V":{
                        "0":"8",
                        "1":null
                    },
                    "VI":{
                        "0":"13",
                        "1":null
                    }
                },
                "Set 3":{
                    "I":{
                        "0":null,
                        "1":11.0
                    },
                    "II":{
                        "0":"1",
                        "1":17
                    },
                    "III":{
                        "0":"2",
                        "1":18
                    },
                    "IV":{
                        "0":"6",
                        "1":21
                    },
                    "V":{
                        "0":"7",
                        "1":24
                    },
                    "VI":{
                        "0":"10",
                        "1":25
                    }
                },
                "Set 4":0,
                "Set 5":0
            },
            "Serves 2":{
                "Set 1":{
                    "I":{
                        "0":"0",
                        "1":13
                    },
                    "II":{
                        "0":"2",
                        "1":15
                    },
                    "III":{
                        "0":"7",
                        "1":16
                    },
                    "IV":{
                        "0":"9",
                        "1":17
                    },
                    "V":{
                        "0":"10",
                        "1":18
                    },
                    "VI":{
                        "0":"11",
                        "1":20
                    }
                },
                "Set 2":{
                    "I":{
                        "0":null,
                        "1":9.0
                    },
                    "II":{
                        "0":"2",
                        "1":11
                    },
                    "III":{
                        "0":"4",
                        "1":12
                    },
                    "IV":{
                        "0":"5",
                        "1":null
                    },
                    "V":{
                        "0":"7",
                        "1":null
                    },
                    "VI":{
                        "0":"8",
                        "1":null
                    }
                },
                "Set 3":{
                    "I":{
                        "0":"0",
                        "1":9
                    },
                    "II":{
                        "0":"2",
                        "1":10
                    },
                    "III":{
                        "0":"4",
                        "1":14
                    },
                    "IV":{
                        "0":"6",
                        "1":15
                    },
                    "V":{
                        "0":"7",
                        "1":16
                    },
                    "VI":{
                        "0":"8",
                        "1":null
                    }
                },
                "Set 4":0,
                "Set 5":0
            },
            "Timeouts 1":{
                "Set 1":{
                    "T":{
                        "0":"19:20"
                    }
                },
                "Set 2":{
                    "T":{

                    }
                },
                "Set 3":{
                    "T":{
                        "0":"18:13"
                    }
                },
                "Set 4":0,
                "Set 5":0
            },
            "Timeouts 2":{
                "Set 1":{
                    "T":{
                        "0":"18:19",
                        "1":"20:21"
                    }
                },
                "Set 2":{
                    "T":{
                        "0":"8:13"
                    }
                },
                "Set 3":{
                    "T":{
                        "0":"9:15",
                        "1":"15:24"
                    }
                },
                "Set 4":0,
                "Set 5":0
            }
        },
        "Teams":{
            "Name":{
                "Team 1":"ASLJCROIX ARGENT MONTPELLIER",
                "Team 2":"LATTES ASPTT MONTPELLIER V.A.C"
            },
            "Players":{
                "Team 1":{
                    "N\u00b0":{
                        "0":2,
                        "1":3,
                        "2":4,
                        "3":5,
                        "4":7,
                        "5":8,
                        "6":9,
                        "7":10,
                        "8":14,
                        "9":18
                    },
                    "Nom Pr\u00e9nom":{
                        "0":"FRADKIN LAURINE",
                        "1":"DECAT LAURA",
                        "2":"AUDINOT ANOUCK",
                        "3":"DALI YOUCEF MANEL",
                        "4":"BORDIN NATHALIE",
                        "5":"TARTAR DORIANE",
                        "6":"DESPLANCHES CLAIRE",
                        "7":"SAINT-SAUVEUR MARIE-ALICE",
                        "8":"AUDINOT CAMILLE",
                        "9":"COULONDOU LEA"
                    },
                    "Licence":{
                        "0":1519276,
                        "1":1738865,
                        "2":1541996,
                        "3":2413268,
                        "4":1827435,
                        "5":1683014,
                        "6":1999003,
                        "7":1594293,
                        "8":1415273,
                        "9":1672737
                    }
                },
                "Team 2":{
                    "N\u00b0":{
                        "0":1,
                        "1":3,
                        "2":5,
                        "3":8,
                        "4":12,
                        "5":13,
                        "6":17,
                        "7":19
                    },
                    "Nom Pr\u00e9nom":{
                        "0":"DESGRANGES JEANNE",
                        "1":"SALEM MAELYS",
                        "2":"DARIDON OCTAVINE",
                        "3":"ROBERT MELODY",
                        "4":"BONNIER ANAE",
                        "5":"MARTINEZ FLORA",
                        "6":"TANGATY YASMINA",
                        "7":"ZAKRAOUI RAPHAELLE"
                    },
                    "Licence":{
                        "0":1991666,
                        "1":1778324,
                        "2":2200467,
                        "3":1762877,
                        "4":2140898,
                        "5":1970745,
                        "6":1947214,
                        "7":2245246
                    }
                }
            },
            "Liberos":{
                "Team 1":{
                    "N\u00b0":{
                        "0":18
                    },
                    "Nom Pr\u00e9nom":{
                        "0":"COULONDOU LEA"
                    },
                    "Licence":{
                        "0":1672737
                    }
                },
                "Team 2":{
                    "N\u00b0":{
                        "0":12
                    },
                    "Nom Pr\u00e9nom":{
                        "0":"BONNIER ANAE"
                    },
                    "Licence":{
                        "0":2140898
                    }
                }
            },
            "Officials":{
                "Team 1":{
                    "N\u00b0":{
                        "0":"EA",
                        "1":"EB"
                    },
                    "Nom Pr\u00e9nom":{
                        "0":"ICKOWICZ JORDAN",
                        "1":"GAUCHERAND VINCENT"
                    },
                    "Licence":{
                        "0":1861814,
                        "1":1685053
                    }
                },
                "Team 2":{
                    "N\u00b0":{
                        "0":"EA",
                        "1":"SO"
                    },
                    "Nom Pr\u00e9nom":{
                        "0":"BRU GAUTIER",
                        "1":"SALVAN PHILIPPE"
                    },
                    "Licence":{
                        "0":2037324,
                        "1":206854
                    }
                }
            }
        },
        "Results":{
            "winner":"ASLJCROIX ARGENT MONTP",
            "score":"3\/0"
        },
        "Referees":{
            "NOM Pr\u00e9nom":{
                "1er":"COHEN LEVANA",
                "2\u00e8me":"BOCCARD CEDRIC",
                "Marqueur":"YU MING CHUAN MICHEL",
                "Marq.Ass":".",
                "nan":null
            },
            "Ligue":{
                "1er":"LIG_OCC",
                "2\u00e8me":"LIG_OCC",
                "Marqueur":"LIG_OCC",
                "Marq.Ass":null,
                "nan":"Juges"
            },
            "Licence":{
                "1er":1860963.0,
                "2\u00e8me":1550195.0,
                "Marqueur":2270467.0,
                "Marq.Ass":null,
                "nan":null
            }
        },
        "Penalties":{

        }
    }
}