{
    "Match":{
        "Title":{
            "div_code":"3FA ",
            "div_name":"NATIONALE 3 FEMININE POULE A",
            "div_pool":"",
            "match_number":"3FA084",
            "match_day":"14",
            "city":"MARSEILLE",
            "gym":"ROSE FUVEAU",
            "category":"SENIOR | FEMININE",
            "ligue":"Comp\u00e9titions Nationales SENIORS",
            "date":"2020-02-23 15:00:00",
            "team_1":"STADE MARSEILLAIS U.C",
            "team_2":"OLYMPIQUES ANTIBES JUAN PINS"
        },
        "Sets":{
            "Teams":{
                "Set 1":{
                    "Name":{
                        "Team 1":"STADE MARSEILLAIS U.C",
                        "Team 2":"OLYMPIQUES ANTIBES JUA"
                    },
                    "Starting":{
                        "Team 1":"Reception",
                        "Team 2":"Service"
                    }
                },
                "Set 2":{
                    "Name":{
                        "Team 1":"STADE MARSEILLAIS U.C",
                        "Team 2":"OLYMPIQUES ANTIBES JUA"
                    },
                    "Starting":{
                        "Team 1":"Service",
                        "Team 2":"Reception"
                    }
                },
                "Set 3":{
                    "Name":{
                        "Team 1":"STADE MARSEILLAIS U.C",
                        "Team 2":"OLYMPIQUES ANTIBES JUA"
                    },
                    "Starting":{
                        "Team 1":"Reception",
                        "Team 2":"Service"
                    }
                },
                "Set 4":0,
                "Set 5":0
            },
            "Time":{
                "Set 1":{
                    "Time":{
                        "Start":"2020-02-23 15:00:00",
                        "End":"2020-02-23 15:33:00"
                    }
                },
                "Set 2":{
                    "Time":{
                        "Start":"2020-02-23 15:36:00",
                        "End":"2020-02-23 16:00:00"
                    }
                },
                "Set 3":{
                    "Time":{
                        "Start":"2020-02-23 16:03:00",
                        "End":"2020-02-23 16:31:00"
                    }
                },
                "Set 4":0,
                "Set 5":0
            },
            "Substitutions 1":{
                "Set 1":{
                    "I":{
                        "0":7.0,
                        "1":null,
                        "2":null,
                        "3":null
                    },
                    "II":{
                        "0":"2",
                        "1":"19",
                        "2":"23:20",
                        "3":"23:22"
                    },
                    "III":{
                        "0":6.0,
                        "1":null,
                        "2":null,
                        "3":null
                    },
                    "IV":{
                        "0":3.0,
                        "1":null,
                        "2":null,
                        "3":null
                    },
                    "V":{
                        "0":"4",
                        "1":"15",
                        "2":"23:21",
                        "3":"23:22"
                    },
                    "VI":{
                        "0":13.0,
                        "1":null,
                        "2":null,
                        "3":null
                    }
                },
                "Set 2":{
                    "I":{
                        "0":2
                    },
                    "II":{
                        "0":6
                    },
                    "III":{
                        "0":3
                    },
                    "IV":{
                        "0":4
                    },
                    "V":{
                        "0":13
                    },
                    "VI":{
                        "0":7
                    }
                },
                "Set 3":{
                    "I":{
                        "0":7.0,
                        "1":null,
                        "2":null,
                        "3":null
                    },
                    "II":{
                        "0":"2",
                        "1":"15",
                        "2":"7:8",
                        "3":"16:14"
                    },
                    "III":{
                        "0":"6",
                        "1":"19",
                        "2":"11:11",
                        "3":null
                    },
                    "IV":{
                        "0":3.0,
                        "1":null,
                        "2":null,
                        "3":null
                    },
                    "V":{
                        "0":4.0,
                        "1":null,
                        "2":null,
                        "3":null
                    },
                    "VI":{
                        "0":13.0,
                        "1":null,
                        "2":null,
                        "3":null
                    }
                },
                "Set 4":0,
                "Set 5":0
            },
            "Substitutions 2":{
                "Set 1":{
                    "I":{
                        "0":1.0,
                        "1":null,
                        "2":null
                    },
                    "II":{
                        "0":3.0,
                        "1":null,
                        "2":null
                    },
                    "III":{
                        "0":18.0,
                        "1":null,
                        "2":null
                    },
                    "IV":{
                        "0":2.0,
                        "1":null,
                        "2":null
                    },
                    "V":{
                        "0":"11",
                        "1":"7",
                        "2":"21:23"
                    },
                    "VI":{
                        "0":4.0,
                        "1":null,
                        "2":null
                    }
                },
                "Set 2":{
                    "I":{
                        "0":4.0,
                        "1":null,
                        "2":null
                    },
                    "II":{
                        "0":"1",
                        "1":"5",
                        "2":"5:13"
                    },
                    "III":{
                        "0":3.0,
                        "1":null,
                        "2":null
                    },
                    "IV":{
                        "0":18.0,
                        "1":null,
                        "2":null
                    },
                    "V":{
                        "0":2.0,
                        "1":null,
                        "2":null
                    },
                    "VI":{
                        "0":"11",
                        "1":"14",
                        "2":"3:12"
                    }
                },
                "Set 3":{
                    "I":{
                        "0":3.0,
                        "1":null,
                        "2":null
                    },
                    "II":{
                        "0":18.0,
                        "1":null,
                        "2":null
                    },
                    "III":{
                        "0":2.0,
                        "1":null,
                        "2":null
                    },
                    "IV":{
                        "0":14.0,
                        "1":null,
                        "2":null
                    },
                    "V":{
                        "0":4.0,
                        "1":null,
                        "2":null
                    },
                    "VI":{
                        "0":"5",
                        "1":"1",
                        "2":"16:20"
                    }
                },
                "Set 4":0,
                "Set 5":0
            },
            "Serves 1":{
                "Set 1":{
                    "I":{
                        "0":null,
                        "1":10.0,
                        "2":18.0,
                        "3":26.0
                    },
                    "II":{
                        "0":"1",
                        "1":11.0,
                        "2":20.0,
                        "3":null
                    },
                    "III":{
                        "0":"3",
                        "1":13.0,
                        "2":21.0,
                        "3":null
                    },
                    "IV":{
                        "0":"4",
                        "1":14.0,
                        "2":22.0,
                        "3":null
                    },
                    "V":{
                        "0":"7",
                        "1":15.0,
                        "2":23.0,
                        "3":null
                    },
                    "VI":{
                        "0":"9",
                        "1":17.0,
                        "2":24.0,
                        "3":null
                    }
                },
                "Set 2":{
                    "I":{
                        "0":"0",
                        "1":18
                    },
                    "II":{
                        "0":"2",
                        "1":19
                    },
                    "III":{
                        "0":"12",
                        "1":25
                    },
                    "IV":{
                        "0":"13",
                        "1":null
                    },
                    "V":{
                        "0":"14",
                        "1":null
                    },
                    "VI":{
                        "0":"16",
                        "1":null
                    }
                },
                "Set 3":{
                    "I":{
                        "0":null,
                        "1":9.0,
                        "2":23.0
                    },
                    "II":{
                        "0":"2",
                        "1":10,
                        "2":24
                    },
                    "III":{
                        "0":"3",
                        "1":13,
                        "2":25
                    },
                    "IV":{
                        "0":"5",
                        "1":15.0,
                        "2":null
                    },
                    "V":{
                        "0":"7",
                        "1":18.0,
                        "2":null
                    },
                    "VI":{
                        "0":"8",
                        "1":19.0,
                        "2":null
                    }
                },
                "Set 4":0,
                "Set 5":0
            },
            "Serves 2":{
                "Set 1":{
                    "I":{
                        "0":"0",
                        "1":8,
                        "2":16
                    },
                    "II":{
                        "0":"1",
                        "1":9,
                        "2":18
                    },
                    "III":{
                        "0":"2",
                        "1":10,
                        "2":19
                    },
                    "IV":{
                        "0":"4",
                        "1":11,
                        "2":20
                    },
                    "V":{
                        "0":"5",
                        "1":13,
                        "2":22
                    },
                    "VI":{
                        "0":"7",
                        "1":15,
                        "2":24
                    }
                },
                "Set 2":{
                    "I":{
                        "0":null,
                        "1":7.0
                    },
                    "II":{
                        "0":"1",
                        "1":8
                    },
                    "III":{
                        "0":"3",
                        "1":12
                    },
                    "IV":{
                        "0":"4",
                        "1":null
                    },
                    "V":{
                        "0":"5",
                        "1":null
                    },
                    "VI":{
                        "0":"6",
                        "1":null
                    }
                },
                "Set 3":{
                    "I":{
                        "0":"0",
                        "1":10,
                        "2":17
                    },
                    "II":{
                        "0":"1",
                        "1":11,
                        "2":18
                    },
                    "III":{
                        "0":"3",
                        "1":12.0,
                        "2":null
                    },
                    "IV":{
                        "0":"7",
                        "1":14.0,
                        "2":null
                    },
                    "V":{
                        "0":"8",
                        "1":15.0,
                        "2":null
                    },
                    "VI":{
                        "0":"9",
                        "1":16.0,
                        "2":null
                    }
                },
                "Set 4":0,
                "Set 5":0
            },
            "Timeouts 1":{
                "Set 1":{
                    "T":{
                        "0":"20:17",
                        "1":"24:23"
                    }
                },
                "Set 2":{
                    "T":{
                        "0":"19:10"
                    }
                },
                "Set 3":{
                    "T":{

                    }
                },
                "Set 4":0,
                "Set 5":0
            },
            "Timeouts 2":{
                "Set 1":{
                    "T":{
                        "0":"9:13",
                        "1":"16:20"
                    }
                },
                "Set 2":{
                    "T":{
                        "0":"3:11",
                        "1":"12:21"
                    }
                },
                "Set 3":{
                    "T":{
                        "0":"12:15",
                        "1":"16:21"
                    }
                },
                "Set 4":0,
                "Set 5":0
            }
        },
        "Teams":{
            "Name":{
                "Team 1":"STADE MARSEILLAIS U.C",
                "Team 2":"OLYMPIQUES ANTIBES JUAN PINS"
            },
            "Players":{
                "Team 1":{
                    "N\u00b0":{
                        "0":1,
                        "1":2,
                        "2":3,
                        "3":4,
                        "4":6,
                        "5":7,
                        "6":9,
                        "7":13,
                        "8":15,
                        "9":19
                    },
                    "Nom Pr\u00e9nom":{
                        "0":"COTERON AMANDINE",
                        "1":"BERNARDINI ALICE",
                        "2":"CHATAGNON ANAIS",
                        "3":"BEN-JADDI INES",
                        "4":"PIRAULT LESADE ZOE",
                        "5":"CAZELLES MANON",
                        "6":"CUGY RAPHAELLE",
                        "7":"VIVIEN KASSANDRA",
                        "8":"TAMISIER LENA",
                        "9":"BEN-JADDI SABRINA"
                    },
                    "Licence":{
                        "0":1818482,
                        "1":1419080,
                        "2":1633838,
                        "3":1898589,
                        "4":2092800,
                        "5":1947516,
                        "6":2303974,
                        "7":1794874,
                        "8":2193536,
                        "9":1520682
                    }
                },
                "Team 2":{
                    "N\u00b0":{
                        "0":1,
                        "1":2,
                        "2":3,
                        "3":4,
                        "4":5,
                        "5":7,
                        "6":11,
                        "7":14,
                        "8":15,
                        "9":18
                    },
                    "Nom Pr\u00e9nom":{
                        "0":"LAMBERT MARGOT",
                        "1":"MULARD MARL\u00c8NE",
                        "2":"BOUGEATRE SOPHIE",
                        "3":"CREANCE OLIVIA",
                        "4":"CHARPENTIER CARLA",
                        "5":"COLLU BARBARA",
                        "6":"DEBARRE ESTELLE",
                        "7":"DERRIEN NADEGE",
                        "8":"VIAZZI MERENGONE ELODIE",
                        "9":"LANDAIS KAREN"
                    },
                    "Licence":{
                        "0":2096882,
                        "1":1941007,
                        "2":1690261,
                        "3":1681628,
                        "4":1856755,
                        "5":1570910,
                        "6":1871652,
                        "7":1593607,
                        "8":1990357,
                        "9":1785533
                    }
                }
            },
            "Liberos":{
                "Team 1":{
                    "N\u00b0":{
                        "0":1
                    },
                    "Nom Pr\u00e9nom":{
                        "0":"COTERON AMANDINE"
                    },
                    "Licence":{
                        "0":1818482
                    }
                },
                "Team 2":{
                    "N\u00b0":{
                        "0":15
                    },
                    "Nom Pr\u00e9nom":{
                        "0":"VIAZZI MERENGONE ELODIE"
                    },
                    "Licence":{
                        "0":1990357
                    }
                }
            },
            "Officials":{
                "Team 1":{
                    "N\u00b0":{
                        "0":"EA"
                    },
                    "Nom Pr\u00e9nom":{
                        "0":"MOUKOKO IV DAVID"
                    },
                    "Licence":{
                        "0":1041927
                    }
                },
                "Team 2":{
                    "N\u00b0":{
                        "0":"EA",
                        "1":"EB"
                    },
                    "Nom Pr\u00e9nom":{
                        "0":"DRAN NICOLAS",
                        "1":"CHABROLIN GREGORY"
                    },
                    "Licence":{
                        "0":1233690,
                        "1":1770231
                    }
                }
            }
        },
        "Results":{
            "winner":"STADE MARSEILLAIS U.C",
            "score":"3\/0"
        },
        "Referees":{
            "NOM Pr\u00e9nom":{
                "1er":"HASNAOUI FAYCAL",
                "2\u00e8me":"CHOINARD MICKAEL",
                "Marqueur":"SOUCHE NOEMIE",
                "Marq.Ass":".",
                "R.Salle":"MOUKOKO IV CLAIRE"
            },
            "Ligue":{
                "1er":"LIG_PAC",
                "2\u00e8me":"LIG_PAC",
                "Marqueur":"LIG_PAC",
                "Marq.Ass":null,
                "R.Salle":null
            },
            "Licence":{
                "1er":1524069.0,
                "2\u00e8me":1458903.0,
                "Marqueur":2043711.0,
                "Marq.Ass":null,
                "R.Salle":1876237.0
            }
        },
        "Penalties":{

        }
    }
}