{
    "Match":{
        "Title":{
            "div_code":"3FA ",
            "div_name":"NATIONALE 3 FEMININE POULE A",
            "div_pool":"",
            "match_number":"3FA054",
            "match_day":"09",
            "city":"VIDAUBAN",
            "gym":"GYMNASE DU COLLEGE PE VICTOR",
            "category":"SENIOR | FEMININE",
            "ligue":"Comp\u00e9titions Nationales SENIORS",
            "date":"2020-01-12 15:00:00",
            "team_1":"VIDAUBAN VOLLEY-BALL",
            "team_2":"SAINTE-MAXIME COGOLIN VOLLEY"
        },
        "Sets":{
            "Teams":{
                "Set 1":{
                    "Name":{
                        "Team 1":"VIDAUBAN VOLLEY-BALL",
                        "Team 2":"SAINTE-MAXIME COGOLIN"
                    },
                    "Starting":{
                        "Team 1":"Service",
                        "Team 2":"Reception"
                    }
                },
                "Set 2":{
                    "Name":{
                        "Team 1":"VIDAUBAN VOLLEY-BALL",
                        "Team 2":"SAINTE-MAXIME COGOLIN"
                    },
                    "Starting":{
                        "Team 1":"Reception",
                        "Team 2":"Service"
                    }
                },
                "Set 3":{
                    "Name":{
                        "Team 1":"VIDAUBAN VOLLEY-BALL",
                        "Team 2":"SAINTE-MAXIME COGOLIN"
                    },
                    "Starting":{
                        "Team 1":"Service",
                        "Team 2":"Reception"
                    }
                },
                "Set 4":{
                    "Name":{
                        "Team 1":"VIDAUBAN VOLLEY-BALL",
                        "Team 2":"SAINTE-MAXIME COGOLIN"
                    },
                    "Starting":{
                        "Team 1":"Reception",
                        "Team 2":"Service"
                    }
                },
                "Set 5":0
            },
            "Time":{
                "Set 1":{
                    "Time":{
                        "Start":"2020-01-12 14:58:00",
                        "End":"2020-01-12 15:24:00"
                    }
                },
                "Set 2":{
                    "Time":{
                        "Start":"2020-01-12 15:28:00",
                        "End":"2020-01-12 15:53:00"
                    }
                },
                "Set 3":{
                    "Time":{
                        "Start":"2020-01-12 15:56:00",
                        "End":"2020-01-12 16:26:00"
                    }
                },
                "Set 4":{
                    "Time":{
                        "Start":"2020-01-12 16:29:00",
                        "End":"2020-01-12 16:58:00"
                    }
                },
                "Set 5":0
            },
            "Substitutions 1":{
                "Set 1":{
                    "I":{
                        "0":1.0,
                        "1":null,
                        "2":null
                    },
                    "II":{
                        "0":"11",
                        "1":"6",
                        "2":"11:19"
                    },
                    "III":{
                        "0":9.0,
                        "1":null,
                        "2":null
                    },
                    "IV":{
                        "0":5.0,
                        "1":null,
                        "2":null
                    },
                    "V":{
                        "0":13.0,
                        "1":null,
                        "2":null
                    },
                    "VI":{
                        "0":"20",
                        "1":"3",
                        "2":"14:20"
                    }
                },
                "Set 2":{
                    "I":{
                        "0":3.0,
                        "1":null,
                        "2":null
                    },
                    "II":{
                        "0":20.0,
                        "1":null,
                        "2":null
                    },
                    "III":{
                        "0":"1",
                        "1":"11",
                        "2":"24:18"
                    },
                    "IV":{
                        "0":"6",
                        "1":"7",
                        "2":"21:17"
                    },
                    "V":{
                        "0":"9",
                        "1":"13",
                        "2":"22:17"
                    },
                    "VI":{
                        "0":5.0,
                        "1":null,
                        "2":null
                    }
                },
                "Set 3":{
                    "I":{
                        "0":3.0,
                        "1":null,
                        "2":null,
                        "3":null
                    },
                    "II":{
                        "0":20.0,
                        "1":null,
                        "2":null,
                        "3":null
                    },
                    "III":{
                        "0":1.0,
                        "1":null,
                        "2":null,
                        "3":null
                    },
                    "IV":{
                        "0":"6",
                        "1":"7",
                        "2":"18:17",
                        "3":"21:21"
                    },
                    "V":{
                        "0":9.0,
                        "1":null,
                        "2":null,
                        "3":null
                    },
                    "VI":{
                        "0":5.0,
                        "1":null,
                        "2":null,
                        "3":null
                    }
                },
                "Set 4":{
                    "I":{
                        "0":3.0,
                        "1":null,
                        "2":null,
                        "3":null
                    },
                    "II":{
                        "0":20.0,
                        "1":null,
                        "2":null,
                        "3":null
                    },
                    "III":{
                        "0":"1",
                        "1":"11",
                        "2":"18:15",
                        "3":"20:17"
                    },
                    "IV":{
                        "0":"6",
                        "1":"7",
                        "2":"14:14",
                        "3":"19:16"
                    },
                    "V":{
                        "0":9.0,
                        "1":null,
                        "2":null,
                        "3":null
                    },
                    "VI":{
                        "0":5.0,
                        "1":null,
                        "2":null,
                        "3":null
                    }
                },
                "Set 5":0
            },
            "Substitutions 2":{
                "Set 1":{
                    "I":{
                        "0":"5",
                        "1":"3",
                        "2":"13:6"
                    },
                    "II":{
                        "0":10.0,
                        "1":null,
                        "2":null
                    },
                    "III":{
                        "0":2.0,
                        "1":null,
                        "2":null
                    },
                    "IV":{
                        "0":"8",
                        "1":"4",
                        "2":"16:9"
                    },
                    "V":{
                        "0":1.0,
                        "1":null,
                        "2":null
                    },
                    "VI":{
                        "0":12.0,
                        "1":null,
                        "2":null
                    }
                },
                "Set 2":{
                    "I":{
                        "0":10.0,
                        "1":null,
                        "2":null,
                        "3":null
                    },
                    "II":{
                        "0":2.0,
                        "1":null,
                        "2":null,
                        "3":null
                    },
                    "III":{
                        "0":"8",
                        "1":"4",
                        "2":"16:20",
                        "3":null
                    },
                    "IV":{
                        "0":"1",
                        "1":"9",
                        "2":"15:20",
                        "3":null
                    },
                    "V":{
                        "0":12.0,
                        "1":null,
                        "2":null,
                        "3":null
                    },
                    "VI":{
                        "0":"5",
                        "1":"3",
                        "2":"8:11",
                        "3":"17:21"
                    }
                },
                "Set 3":{
                    "I":{
                        "0":"5",
                        "1":"3",
                        "2":"21:20",
                        "3":"21:21"
                    },
                    "II":{
                        "0":10.0,
                        "1":null,
                        "2":null,
                        "3":null
                    },
                    "III":{
                        "0":2.0,
                        "1":null,
                        "2":null,
                        "3":null
                    },
                    "IV":{
                        "0":"8",
                        "1":"4",
                        "2":"15:16",
                        "3":"21:23"
                    },
                    "V":{
                        "0":9.0,
                        "1":null,
                        "2":null,
                        "3":null
                    },
                    "VI":{
                        "0":"12",
                        "1":"1",
                        "2":"16:18",
                        "3":null
                    }
                },
                "Set 4":{
                    "I":{
                        "0":10.0,
                        "1":null,
                        "2":null,
                        "3":null
                    },
                    "II":{
                        "0":2.0,
                        "1":null,
                        "2":null,
                        "3":null
                    },
                    "III":{
                        "0":"8",
                        "1":"9",
                        "2":"13:12",
                        "3":null
                    },
                    "IV":{
                        "0":1.0,
                        "1":null,
                        "2":null,
                        "3":null
                    },
                    "V":{
                        "0":12.0,
                        "1":null,
                        "2":null,
                        "3":null
                    },
                    "VI":{
                        "0":"5",
                        "1":"4",
                        "2":"16:18",
                        "3":"20:24"
                    }
                },
                "Set 5":0
            },
            "Serves 1":{
                "Set 1":{
                    "I":{
                        "0":"0",
                        "1":7
                    },
                    "II":{
                        "0":"1",
                        "1":8
                    },
                    "III":{
                        "0":"2",
                        "1":9
                    },
                    "IV":{
                        "0":"3",
                        "1":10
                    },
                    "V":{
                        "0":"4",
                        "1":11
                    },
                    "VI":{
                        "0":"6",
                        "1":14
                    }
                },
                "Set 2":{
                    "I":{
                        "0":null,
                        "1":13.0
                    },
                    "II":{
                        "0":"1",
                        "1":15
                    },
                    "III":{
                        "0":"2",
                        "1":20
                    },
                    "IV":{
                        "0":"7",
                        "1":21
                    },
                    "V":{
                        "0":"8",
                        "1":22
                    },
                    "VI":{
                        "0":"11",
                        "1":25
                    }
                },
                "Set 3":{
                    "I":{
                        "0":"1",
                        "1":10,
                        "2":25
                    },
                    "II":{
                        "0":"2",
                        "1":13.0,
                        "2":null
                    },
                    "III":{
                        "0":"3",
                        "1":16.0,
                        "2":null
                    },
                    "IV":{
                        "0":"4",
                        "1":18.0,
                        "2":null
                    },
                    "V":{
                        "0":"5",
                        "1":19.0,
                        "2":null
                    },
                    "VI":{
                        "0":"6",
                        "1":20.0,
                        "2":null
                    }
                },
                "Set 4":{
                    "I":{
                        "0":null,
                        "1":8.0,
                        "2":20.0
                    },
                    "II":{
                        "0":"2",
                        "1":10,
                        "2":21
                    },
                    "III":{
                        "0":"4",
                        "1":12,
                        "2":24
                    },
                    "IV":{
                        "0":"5",
                        "1":14,
                        "2":25
                    },
                    "V":{
                        "0":"6",
                        "1":17.0,
                        "2":null
                    },
                    "VI":{
                        "0":"7",
                        "1":18.0,
                        "2":null
                    }
                },
                "Set 5":0
            },
            "Serves 2":{
                "Set 1":{
                    "I":{
                        "0":null,
                        "1":13.0,
                        "2":25.0
                    },
                    "II":{
                        "0":"2",
                        "1":14.0,
                        "2":null
                    },
                    "III":{
                        "0":"6",
                        "1":15.0,
                        "2":null
                    },
                    "IV":{
                        "0":"7",
                        "1":18.0,
                        "2":null
                    },
                    "V":{
                        "0":"10",
                        "1":19.0,
                        "2":null
                    },
                    "VI":{
                        "0":"12",
                        "1":20.0,
                        "2":null
                    }
                },
                "Set 2":{
                    "I":{
                        "0":"1",
                        "1":14
                    },
                    "II":{
                        "0":"3",
                        "1":15
                    },
                    "III":{
                        "0":"4",
                        "1":16
                    },
                    "IV":{
                        "0":"6",
                        "1":17
                    },
                    "V":{
                        "0":"8",
                        "1":18
                    },
                    "VI":{
                        "0":"13",
                        "1":null
                    }
                },
                "Set 3":{
                    "I":{
                        "0":null,
                        "1":9.0,
                        "2":21.0
                    },
                    "II":{
                        "0":"1",
                        "1":11.0,
                        "2":null
                    },
                    "III":{
                        "0":"5",
                        "1":14.0,
                        "2":null
                    },
                    "IV":{
                        "0":"6",
                        "1":16.0,
                        "2":null
                    },
                    "V":{
                        "0":"7",
                        "1":17.0,
                        "2":null
                    },
                    "VI":{
                        "0":"8",
                        "1":20.0,
                        "2":null
                    }
                },
                "Set 4":{
                    "I":{
                        "0":"1",
                        "1":9,
                        "2":18
                    },
                    "II":{
                        "0":"2",
                        "1":12,
                        "2":19
                    },
                    "III":{
                        "0":"3",
                        "1":13,
                        "2":21
                    },
                    "IV":{
                        "0":"5",
                        "1":14.0,
                        "2":null
                    },
                    "V":{
                        "0":"7",
                        "1":15.0,
                        "2":null
                    },
                    "VI":{
                        "0":"8",
                        "1":16.0,
                        "2":null
                    }
                },
                "Set 5":0
            },
            "Timeouts 1":{
                "Set 1":{
                    "T":{
                        "0":"1:5",
                        "1":"9:17"
                    }
                },
                "Set 2":{
                    "T":{
                        "0":"11:12"
                    }
                },
                "Set 3":{
                    "T":{
                        "0":"2:5",
                        "1":"19:20"
                    }
                },
                "Set 4":{
                    "T":{
                        "0":"10:12"
                    }
                },
                "Set 5":0
            },
            "Timeouts 2":{
                "Set 1":{
                    "T":{
                        "0":"20:14"
                    }
                },
                "Set 2":{
                    "T":{
                        "0":"4:7",
                        "1":"15:18"
                    }
                },
                "Set 3":{
                    "T":{
                        "0":"21:23",
                        "1":"21:24"
                    }
                },
                "Set 4":{
                    "T":{
                        "0":"16:19",
                        "1":"19:23"
                    }
                },
                "Set 5":0
            }
        },
        "Teams":{
            "Name":{
                "Team 1":"VIDAUBAN VOLLEY-BALL",
                "Team 2":"SAINTE-MAXIME COGOLIN VOLLEY"
            },
            "Players":{
                "Team 1":{
                    "N\u00b0":{
                        "0":1,
                        "1":2,
                        "2":3,
                        "3":4,
                        "4":5,
                        "5":6,
                        "6":7,
                        "7":8,
                        "8":9,
                        "9":11,
                        "10":13,
                        "11":20
                    },
                    "Nom Pr\u00e9nom":{
                        "0":"CONTE CAROLE",
                        "1":"PICARD VANESSA",
                        "2":"DEBRAY EMMA",
                        "3":"SEILLIER MARION",
                        "4":"DUMONT CLEMENTINE",
                        "5":"ROUSSET ELSA",
                        "6":"HUGUET JULIETTE",
                        "7":"DEBRAY SANDRINE",
                        "8":"FERRERO MANON",
                        "9":"FERRERO ALICIA",
                        "10":"CONTE AMANDINE",
                        "11":"DENIS FLORIANE"
                    },
                    "Licence":{
                        "0":1367899,
                        "1":1957203,
                        "2":1964953,
                        "3":2089860,
                        "4":1895166,
                        "5":1558155,
                        "6":1439213,
                        "7":1593280,
                        "8":1877053,
                        "9":1877055,
                        "10":1367900,
                        "11":1902933
                    }
                },
                "Team 2":{
                    "N\u00b0":{
                        "0":1,
                        "1":2,
                        "2":3,
                        "3":4,
                        "4":5,
                        "5":8,
                        "6":9,
                        "7":10,
                        "8":12,
                        "9":13,
                        "10":16
                    },
                    "Nom Pr\u00e9nom":{
                        "0":"DUFOUR MAELIA",
                        "1":"ESPOSITO OLIVIA",
                        "2":"TROCA BABETH",
                        "3":"BOURGAGROU EMELINE",
                        "4":"IPPINDO INGRID",
                        "5":"MELKIOR CINDY",
                        "6":"DENIS CLOTILDE",
                        "7":"CLERE CYRIELLE",
                        "8":"EL HELOU DEMY",
                        "9":"GUESNIER CORALIE",
                        "10":"SANDANOM LANA"
                    },
                    "Licence":{
                        "0":1883678,
                        "1":1897024,
                        "2":2316569,
                        "3":2149477,
                        "4":1202401,
                        "5":1727635,
                        "6":1771255,
                        "7":1367987,
                        "8":2039746,
                        "9":1899092,
                        "10":2048939
                    }
                }
            },
            "Liberos":{
                "Team 1":{
                    "N\u00b0":{
                        "0":8
                    },
                    "Nom Pr\u00e9nom":{
                        "0":"DEBRAY SANDRINE"
                    },
                    "Licence":{
                        "0":1593280
                    }
                },
                "Team 2":{
                    "N\u00b0":{
                        "0":13
                    },
                    "Nom Pr\u00e9nom":{
                        "0":"GUESNIER CORALIE"
                    },
                    "Licence":{
                        "0":1899092
                    }
                }
            },
            "Officials":{
                "Team 1":{
                    "N\u00b0":{
                        "0":"EA",
                        "1":"EB"
                    },
                    "Nom Pr\u00e9nom":{
                        "0":"ULIVIERI CHRISTOPHE",
                        "1":"NEVEU FLORIAN"
                    },
                    "Licence":{
                        "0":1368043,
                        "1":1459184
                    }
                },
                "Team 2":{
                    "N\u00b0":{
                        "0":"EA",
                        "1":"EB"
                    },
                    "Nom Pr\u00e9nom":{
                        "0":"NAYE AUBRY",
                        "1":"ESPOSITO CHRISTOPHE"
                    },
                    "Licence":{
                        "0":1643216,
                        "1":1941164
                    }
                }
            }
        },
        "Results":{
            "winner":"VIDAUBAN VOLLEY-BALL",
            "score":"3\/1"
        },
        "Referees":{
            "NOM Pr\u00e9nom":{
                "1er":"PIRIOU THIERRY",
                "2\u00e8me":"RYCKELYNCK CHRISTOPHE",
                "Marqueur":"BOUET CAMILLE",
                "Marq.Ass":".",
                "R.Salle":"POLLET BERTRAND"
            },
            "Ligue":{
                "1er":"LIG_PAC",
                "2\u00e8me":"LIG_PAC",
                "Marqueur":"LIG_PAC",
                "Marq.Ass":null,
                "R.Salle":"LIG_PAC"
            },
            "Licence":{
                "1er":756692.0,
                "2\u00e8me":1011733.0,
                "Marqueur":2143977.0,
                "Marq.Ass":null,
                "R.Salle":1939717.0
            }
        },
        "Penalties":{

        }
    }
}