{
    "Match":{
        "Title":{
            "div_code":"3FA ",
            "div_name":"NATIONALE 3 FEMININE POULE A",
            "div_pool":"",
            "match_number":"3FA059",
            "match_day":"10",
            "city":"MARSEILLE",
            "gym":"ROSE FUVEAU",
            "category":"SENIOR | FEMININE",
            "ligue":"Comp\u00e9titions Nationales SENIORS",
            "date":"2020-01-19 15:00:00",
            "team_1":"STADE MARSEILLAIS U.C",
            "team_2":"VOLLEY-BALL ARLESIEN"
        },
        "Sets":{
            "Teams":{
                "Set 1":{
                    "Name":{
                        "Team 1":"STADE MARSEILLAIS U.C",
                        "Team 2":"VOLLEY-BALL ARLESIEN"
                    },
                    "Starting":{
                        "Team 1":"Reception",
                        "Team 2":"Service"
                    }
                },
                "Set 2":{
                    "Name":{
                        "Team 1":"STADE MARSEILLAIS U.C",
                        "Team 2":"VOLLEY-BALL ARLESIEN"
                    },
                    "Starting":{
                        "Team 1":"Service",
                        "Team 2":"Reception"
                    }
                },
                "Set 3":{
                    "Name":{
                        "Team 1":"STADE MARSEILLAIS U.C",
                        "Team 2":"VOLLEY-BALL ARLESIEN"
                    },
                    "Starting":{
                        "Team 1":"Reception",
                        "Team 2":"Service"
                    }
                },
                "Set 4":0,
                "Set 5":0
            },
            "Time":{
                "Set 1":{
                    "Time":{
                        "Start":"2020-01-19 15:00:00",
                        "End":"2020-01-19 15:22:00"
                    }
                },
                "Set 2":{
                    "Time":{
                        "Start":"2020-01-19 15:25:00",
                        "End":"2020-01-19 15:53:00"
                    }
                },
                "Set 3":{
                    "Time":{
                        "Start":"2020-01-19 15:56:00",
                        "End":"2020-01-19 16:20:00"
                    }
                },
                "Set 4":0,
                "Set 5":0
            },
            "Substitutions 1":{
                "Set 1":{
                    "I":{
                        "0":2
                    },
                    "II":{
                        "0":12
                    },
                    "III":{
                        "0":3
                    },
                    "IV":{
                        "0":4
                    },
                    "V":{
                        "0":5
                    },
                    "VI":{
                        "0":7
                    }
                },
                "Set 2":{
                    "I":{
                        "0":2.0,
                        "1":null,
                        "2":null,
                        "3":null
                    },
                    "II":{
                        "0":12.0,
                        "1":null,
                        "2":null,
                        "3":null
                    },
                    "III":{
                        "0":3.0,
                        "1":null,
                        "2":null,
                        "3":null
                    },
                    "IV":{
                        "0":4.0,
                        "1":null,
                        "2":null,
                        "3":null
                    },
                    "V":{
                        "0":5.0,
                        "1":null,
                        "2":null,
                        "3":null
                    },
                    "VI":{
                        "0":"7",
                        "1":"10",
                        "2":"20:19",
                        "3":"22:21"
                    }
                },
                "Set 3":{
                    "I":{
                        "0":2.0,
                        "1":null,
                        "2":null
                    },
                    "II":{
                        "0":12.0,
                        "1":null,
                        "2":null
                    },
                    "III":{
                        "0":3.0,
                        "1":null,
                        "2":null
                    },
                    "IV":{
                        "0":4.0,
                        "1":null,
                        "2":null
                    },
                    "V":{
                        "0":"5",
                        "1":"9",
                        "2":"5:5"
                    },
                    "VI":{
                        "0":7.0,
                        "1":null,
                        "2":null
                    }
                },
                "Set 4":0,
                "Set 5":0
            },
            "Substitutions 2":{
                "Set 1":{
                    "I":{
                        "0":7
                    },
                    "II":{
                        "0":9
                    },
                    "III":{
                        "0":2
                    },
                    "IV":{
                        "0":14
                    },
                    "V":{
                        "0":1
                    },
                    "VI":{
                        "0":11
                    }
                },
                "Set 2":{
                    "I":{
                        "0":1
                    },
                    "II":{
                        "0":11
                    },
                    "III":{
                        "0":7
                    },
                    "IV":{
                        "0":9
                    },
                    "V":{
                        "0":2
                    },
                    "VI":{
                        "0":14
                    }
                },
                "Set 3":{
                    "I":{
                        "0":1
                    },
                    "II":{
                        "0":11
                    },
                    "III":{
                        "0":7
                    },
                    "IV":{
                        "0":9
                    },
                    "V":{
                        "0":2
                    },
                    "VI":{
                        "0":14
                    }
                },
                "Set 4":0,
                "Set 5":0
            },
            "Serves 1":{
                "Set 1":{
                    "I":{
                        "0":null,
                        "1":15.0
                    },
                    "II":{
                        "0":"3",
                        "1":20
                    },
                    "III":{
                        "0":"5",
                        "1":22
                    },
                    "IV":{
                        "0":"6",
                        "1":24
                    },
                    "V":{
                        "0":"8",
                        "1":25
                    },
                    "VI":{
                        "0":"11",
                        "1":null
                    }
                },
                "Set 2":{
                    "I":{
                        "0":"1",
                        "1":16,
                        "2":25
                    },
                    "II":{
                        "0":"3",
                        "1":19.0,
                        "2":null
                    },
                    "III":{
                        "0":"10",
                        "1":20.0,
                        "2":null
                    },
                    "IV":{
                        "0":"11",
                        "1":21.0,
                        "2":null
                    },
                    "V":{
                        "0":"13",
                        "1":22.0,
                        "2":null
                    },
                    "VI":{
                        "0":"14",
                        "1":24.0,
                        "2":null
                    }
                },
                "Set 3":{
                    "I":{
                        "0":null,
                        "1":14.0
                    },
                    "II":{
                        "0":"1",
                        "1":15
                    },
                    "III":{
                        "0":"2",
                        "1":21
                    },
                    "IV":{
                        "0":"4",
                        "1":22
                    },
                    "V":{
                        "0":"5",
                        "1":24
                    },
                    "VI":{
                        "0":"11",
                        "1":25
                    }
                },
                "Set 4":0,
                "Set 5":0
            },
            "Serves 2":{
                "Set 1":{
                    "I":{
                        "0":"2",
                        "1":10
                    },
                    "II":{
                        "0":"4",
                        "1":11
                    },
                    "III":{
                        "0":"5",
                        "1":13
                    },
                    "IV":{
                        "0":"6",
                        "1":14
                    },
                    "V":{
                        "0":"7",
                        "1":null
                    },
                    "VI":{
                        "0":"9",
                        "1":null
                    }
                },
                "Set 2":{
                    "I":{
                        "0":null,
                        "1":14.0,
                        "2":23.0
                    },
                    "II":{
                        "0":"2",
                        "1":15.0,
                        "2":null
                    },
                    "III":{
                        "0":"3",
                        "1":18.0,
                        "2":null
                    },
                    "IV":{
                        "0":"5",
                        "1":19.0,
                        "2":null
                    },
                    "V":{
                        "0":"6",
                        "1":20.0,
                        "2":null
                    },
                    "VI":{
                        "0":"13",
                        "1":21.0,
                        "2":null
                    }
                },
                "Set 3":{
                    "I":{
                        "0":"0",
                        "1":10
                    },
                    "II":{
                        "0":"1",
                        "1":11
                    },
                    "III":{
                        "0":"3",
                        "1":14
                    },
                    "IV":{
                        "0":"5",
                        "1":17
                    },
                    "V":{
                        "0":"6",
                        "1":21
                    },
                    "VI":{
                        "0":"9",
                        "1":null
                    }
                },
                "Set 4":0,
                "Set 5":0
            },
            "Timeouts 1":{
                "Set 1":{
                    "T":{
                        "0":"22:13"
                    }
                },
                "Set 2":{
                    "T":{
                        "0":"13:11"
                    }
                },
                "Set 3":{
                    "T":{
                        "0":"21:14",
                        "1":"24:20"
                    }
                },
                "Set 4":0,
                "Set 5":0
            },
            "Timeouts 2":{
                "Set 1":{
                    "T":{
                        "0":"10:18"
                    }
                },
                "Set 2":{
                    "T":{
                        "0":"15:19",
                        "1":"20:22"
                    }
                },
                "Set 3":{
                    "T":{

                    }
                },
                "Set 4":0,
                "Set 5":0
            }
        },
        "Teams":{
            "Name":{
                "Team 1":"STADE MARSEILLAIS U.C",
                "Team 2":"VOLLEY-BALL ARLESIEN"
            },
            "Players":{
                "Team 1":{
                    "N\u00b0":{
                        "0":2,
                        "1":3,
                        "2":4,
                        "3":5,
                        "4":7,
                        "5":9,
                        "6":10,
                        "7":12,
                        "8":13,
                        "9":15,
                        "10":18
                    },
                    "Nom Pr\u00e9nom":{
                        "0":"BERNARDINI ALICE",
                        "1":"CHATAGNON ANAIS",
                        "2":"BEN-JADDI INES",
                        "3":"COTERON AMANDINE",
                        "4":"CAZELLES MANON",
                        "5":"CUGY RAPHAELLE",
                        "6":"WAYA AURORE",
                        "7":"DANIEL CANELLE",
                        "8":"VIVIEN KASSANDRA",
                        "9":"TAMISIER LENA",
                        "10":"PIRAULT LESADE ZOE"
                    },
                    "Licence":{
                        "0":1419080,
                        "1":1633838,
                        "2":1898589,
                        "3":1818482,
                        "4":1947516,
                        "5":2303974,
                        "6":1624127,
                        "7":1887235,
                        "8":1794874,
                        "9":2193536,
                        "10":2092800
                    }
                },
                "Team 2":{
                    "N\u00b0":{
                        "0":1,
                        "1":2,
                        "2":3,
                        "3":7,
                        "4":9,
                        "5":10,
                        "6":11,
                        "7":14,
                        "8":20
                    },
                    "Nom Pr\u00e9nom":{
                        "0":"LEFEVRE ADELINE",
                        "1":"MAAZOUZ DOUNIA",
                        "2":"AMAR NINA",
                        "3":"BAZIAN EMILIE",
                        "4":"FATEM NAWEL",
                        "5":"SIMONETTI SANDY",
                        "6":"MAAZOUZ JENNA",
                        "7":"FATEM DALILA",
                        "8":"GEORGES CORALIE"
                    },
                    "Licence":{
                        "0":1725782,
                        "1":1839031,
                        "2":2251342,
                        "3":1547914,
                        "4":1683895,
                        "5":1419348,
                        "6":1837408,
                        "7":1533582,
                        "8":1536273
                    }
                }
            },
            "Liberos":{
                "Team 1":{
                    "N\u00b0":{
                        "0":18
                    },
                    "Nom Pr\u00e9nom":{
                        "0":"PIRAULT LESADE ZOE"
                    },
                    "Licence":{
                        "0":2092800
                    }
                },
                "Team 2":{
                    "N\u00b0":{
                        "0":10
                    },
                    "Nom Pr\u00e9nom":{
                        "0":"SIMONETTI SANDY"
                    },
                    "Licence":{
                        "0":1419348
                    }
                }
            },
            "Officials":{
                "Team 1":{
                    "N\u00b0":{
                        "0":"EA"
                    },
                    "Nom Pr\u00e9nom":{
                        "0":"MOUKOKO IV DAVID"
                    },
                    "Licence":{
                        "0":1041927
                    }
                },
                "Team 2":{
                    "N\u00b0":{
                        "0":"EA"
                    },
                    "Nom Pr\u00e9nom":{
                        "0":"BERTHAUT YOHANN"
                    },
                    "Licence":{
                        "0":1582114
                    }
                }
            }
        },
        "Results":{
            "winner":"STADE MARSEILLAIS U.C",
            "score":"3\/0"
        },
        "Referees":{
            "NOM Pr\u00e9nom":{
                "1er":"HADID MARIE-CHRISTINE",
                "2\u00e8me":"BOULBES MANON",
                "Marqueur":"CAIN PIERRE",
                "Marq.Ass":".",
                "R.Salle":"MOUKOKO IV CLAIRE"
            },
            "Ligue":{
                "1er":"LIG_PAC",
                "2\u00e8me":"LIG_PAC",
                "Marqueur":"LIG_PAC",
                "Marq.Ass":null,
                "R.Salle":null
            },
            "Licence":{
                "1er":1102370.0,
                "2\u00e8me":1997058.0,
                "Marqueur":2010896.0,
                "Marq.Ass":null,
                "R.Salle":1876237.0
            }
        },
        "Penalties":{

        }
    }
}