{
    "Match":{
        "Title":{
            "div_code":"3FA ",
            "div_name":"NATIONALE 3 FEMININE POULE A",
            "div_pool":"",
            "match_number":"3FA088",
            "match_day":"15",
            "city":"VIDAUBAN",
            "gym":"GYMNASE DU COLLEGE PE VICTOR",
            "category":"SENIOR | FEMININE",
            "ligue":"Comp\u00e9titions Nationales SENIORS",
            "date":"2020-03-01 15:00:00",
            "team_1":"VIDAUBAN VOLLEY-BALL",
            "team_2":"LE CRES VOLLEY-BALL"
        },
        "Sets":{
            "Teams":{
                "Set 1":{
                    "Name":{
                        "Team 1":"LE CRES VOLLEY-BALL",
                        "Team 2":"VIDAUBAN VOLLEY-BALL"
                    },
                    "Starting":{
                        "Team 1":"Reception",
                        "Team 2":"Service"
                    }
                },
                "Set 2":{
                    "Name":{
                        "Team 1":"LE CRES VOLLEY-BALL",
                        "Team 2":"VIDAUBAN VOLLEY-BALL"
                    },
                    "Starting":{
                        "Team 1":"Service",
                        "Team 2":"Reception"
                    }
                },
                "Set 3":{
                    "Name":{
                        "Team 1":"LE CRES VOLLEY-BALL",
                        "Team 2":"VIDAUBAN VOLLEY-BALL"
                    },
                    "Starting":{
                        "Team 1":"Reception",
                        "Team 2":"Service"
                    }
                },
                "Set 4":{
                    "Name":{
                        "Team 1":"LE CRES VOLLEY-BALL",
                        "Team 2":"VIDAUBAN VOLLEY-BALL"
                    },
                    "Starting":{
                        "Team 1":"Service",
                        "Team 2":"Reception"
                    }
                },
                "Set 5":{
                    "Name":{
                        "Team 1":"VIDAUBAN VOLLEY-BAL",
                        "Team 2":"LE CRES VOLLEY-BALL"
                    },
                    "Starting":{
                        "Team 1":"Reception",
                        "Team 2":"Service"
                    }
                }
            },
            "Time":{
                "Set 1":{
                    "Time":{
                        "Start":"2020-03-01 15:00:00",
                        "End":"2020-03-01 15:26:00"
                    }
                },
                "Set 2":{
                    "Time":{
                        "Start":"2020-03-01 15:29:00",
                        "End":"2020-03-01 16:00:00"
                    }
                },
                "Set 3":{
                    "Time":{
                        "Start":"2020-03-01 16:03:00",
                        "End":"2020-03-01 16:33:00"
                    }
                },
                "Set 4":{
                    "Time":{
                        "Start":"2020-03-01 16:37:00",
                        "End":"2020-03-01 17:07:00"
                    }
                },
                "Set 5":{
                    "Time":{
                        "Start":"2020-03-01 17:10:00",
                        "End":"2020-03-01 17:26:00"
                    }
                }
            },
            "Substitutions 1":{
                "Set 1":{
                    "I":{
                        "0":7.0,
                        "1":null,
                        "2":null
                    },
                    "II":{
                        "0":6.0,
                        "1":null,
                        "2":null
                    },
                    "III":{
                        "0":3.0,
                        "1":null,
                        "2":null
                    },
                    "IV":{
                        "0":1.0,
                        "1":null,
                        "2":null
                    },
                    "V":{
                        "0":9.0,
                        "1":null,
                        "2":null
                    },
                    "VI":{
                        "0":"2",
                        "1":"8",
                        "2":"15:23"
                    }
                },
                "Set 2":{
                    "I":{
                        "0":7
                    },
                    "II":{
                        "0":9
                    },
                    "III":{
                        "0":3
                    },
                    "IV":{
                        "0":1
                    },
                    "V":{
                        "0":17
                    },
                    "VI":{
                        "0":8
                    }
                },
                "Set 3":{
                    "I":{
                        "0":7.0,
                        "1":null,
                        "2":null
                    },
                    "II":{
                        "0":9.0,
                        "1":null,
                        "2":null
                    },
                    "III":{
                        "0":3.0,
                        "1":null,
                        "2":null
                    },
                    "IV":{
                        "0":1.0,
                        "1":null,
                        "2":null
                    },
                    "V":{
                        "0":17.0,
                        "1":null,
                        "2":null
                    },
                    "VI":{
                        "0":"8",
                        "1":"2",
                        "2":"17:17"
                    }
                },
                "Set 4":{
                    "I":{
                        "0":7.0,
                        "1":null,
                        "2":null
                    },
                    "II":{
                        "0":9.0,
                        "1":null,
                        "2":null
                    },
                    "III":{
                        "0":3.0,
                        "1":null,
                        "2":null
                    },
                    "IV":{
                        "0":1.0,
                        "1":null,
                        "2":null
                    },
                    "V":{
                        "0":"17",
                        "1":"6",
                        "2":"16:20"
                    },
                    "VI":{
                        "0":"8",
                        "1":"2",
                        "2":"8:15"
                    }
                },
                "Set 5":{
                    "I":{
                        "0":6.0,
                        "1":null,
                        "2":null
                    },
                    "II":{
                        "0":9.0,
                        "1":null,
                        "2":null
                    },
                    "III":{
                        "0":1.0,
                        "1":null,
                        "2":null
                    },
                    "IV":{
                        "0":5.0,
                        "1":null,
                        "2":null
                    },
                    "V":{
                        "0":20.0,
                        "1":null,
                        "2":null
                    },
                    "VI":{
                        "0":"13",
                        "1":"3",
                        "2":"15:14"
                    }
                }
            },
            "Substitutions 2":{
                "Set 1":{
                    "I":{
                        "0":6.0,
                        "1":null,
                        "2":null,
                        "3":null
                    },
                    "II":{
                        "0":"9",
                        "1":"2",
                        "2":"23:15",
                        "3":null
                    },
                    "III":{
                        "0":1.0,
                        "1":null,
                        "2":null,
                        "3":null
                    },
                    "IV":{
                        "0":5.0,
                        "1":null,
                        "2":null,
                        "3":null
                    },
                    "V":{
                        "0":"20",
                        "1":"11",
                        "2":"24:15",
                        "3":null
                    },
                    "VI":{
                        "0":"13",
                        "1":"3",
                        "2":"20:14",
                        "3":"21:15"
                    }
                },
                "Set 2":{
                    "I":{
                        "0":"13",
                        "1":"3",
                        "2":"23:22",
                        "3":"23:23"
                    },
                    "II":{
                        "0":"6",
                        "1":"11",
                        "2":"19:17",
                        "3":"23:22"
                    },
                    "III":{
                        "0":9.0,
                        "1":null,
                        "2":null,
                        "3":null
                    },
                    "IV":{
                        "0":1.0,
                        "1":null,
                        "2":null,
                        "3":null
                    },
                    "V":{
                        "0":5.0,
                        "1":null,
                        "2":null,
                        "3":null
                    },
                    "VI":{
                        "0":20.0,
                        "1":null,
                        "2":null,
                        "3":null
                    }
                },
                "Set 3":{
                    "I":{
                        "0":6.0,
                        "1":null,
                        "2":null,
                        "3":null
                    },
                    "II":{
                        "0":"9",
                        "1":"2",
                        "2":"19:18",
                        "3":"22:23"
                    },
                    "III":{
                        "0":1.0,
                        "1":null,
                        "2":null,
                        "3":null
                    },
                    "IV":{
                        "0":5.0,
                        "1":null,
                        "2":null,
                        "3":null
                    },
                    "V":{
                        "0":20.0,
                        "1":null,
                        "2":null,
                        "3":null
                    },
                    "VI":{
                        "0":"13",
                        "1":"3",
                        "2":"15:17",
                        "3":"19:21"
                    }
                },
                "Set 4":{
                    "I":{
                        "0":6.0,
                        "1":null,
                        "2":null,
                        "3":null
                    },
                    "II":{
                        "0":"9",
                        "1":"2",
                        "2":"20:15",
                        "3":null
                    },
                    "III":{
                        "0":1.0,
                        "1":null,
                        "2":null,
                        "3":null
                    },
                    "IV":{
                        "0":5.0,
                        "1":null,
                        "2":null,
                        "3":null
                    },
                    "V":{
                        "0":20.0,
                        "1":null,
                        "2":null,
                        "3":null
                    },
                    "VI":{
                        "0":"13",
                        "1":"3",
                        "2":"19:12",
                        "3":"20:17"
                    }
                },
                "Set 5":{
                    "I":{
                        "0":7
                    },
                    "II":{
                        "0":9
                    },
                    "III":{
                        "0":3
                    },
                    "IV":{
                        "0":1
                    },
                    "V":{
                        "0":17
                    },
                    "VI":{
                        "0":2
                    }
                }
            },
            "Serves 1":{
                "Set 1":{
                    "I":{
                        "0":null,
                        "1":9.0
                    },
                    "II":{
                        "0":"2",
                        "1":10
                    },
                    "III":{
                        "0":"3",
                        "1":12
                    },
                    "IV":{
                        "0":"4",
                        "1":14
                    },
                    "V":{
                        "0":"5",
                        "1":15
                    },
                    "VI":{
                        "0":"6",
                        "1":16
                    }
                },
                "Set 2":{
                    "I":{
                        "0":"0",
                        "1":6,
                        "2":17
                    },
                    "II":{
                        "0":"1",
                        "1":7,
                        "2":18
                    },
                    "III":{
                        "0":"2",
                        "1":9,
                        "2":21
                    },
                    "IV":{
                        "0":"3",
                        "1":11,
                        "2":22
                    },
                    "V":{
                        "0":"4",
                        "1":13,
                        "2":25
                    },
                    "VI":{
                        "0":"5",
                        "1":15.0,
                        "2":null
                    }
                },
                "Set 3":{
                    "I":{
                        "0":null,
                        "1":12.0,
                        "2":22.0
                    },
                    "II":{
                        "0":"2",
                        "1":13,
                        "2":23
                    },
                    "III":{
                        "0":"3",
                        "1":16,
                        "2":25
                    },
                    "IV":{
                        "0":"7",
                        "1":17.0,
                        "2":null
                    },
                    "V":{
                        "0":"9",
                        "1":18.0,
                        "2":null
                    },
                    "VI":{
                        "0":"10",
                        "1":21.0,
                        "2":null
                    }
                },
                "Set 4":{
                    "I":{
                        "0":"1",
                        "1":8
                    },
                    "II":{
                        "0":"2",
                        "1":11
                    },
                    "III":{
                        "0":"3",
                        "1":12
                    },
                    "IV":{
                        "0":"4",
                        "1":15
                    },
                    "V":{
                        "0":"5",
                        "1":18
                    },
                    "VI":{
                        "0":"6",
                        "1":null
                    }
                },
                "Set 5":{
                    "I":{
                        "0":null,
                        "1":9.0
                    },
                    "II":{
                        "0":"1",
                        "1":13
                    },
                    "III":{
                        "0":"3",
                        "1":14
                    },
                    "IV":{
                        "0":"5",
                        "1":16
                    },
                    "V":{
                        "0":"7",
                        "1":null
                    },
                    "VI":{
                        "0":"8",
                        "1":null
                    }
                }
            },
            "Serves 2":{
                "Set 1":{
                    "I":{
                        "0":"1",
                        "1":16
                    },
                    "II":{
                        "0":"3",
                        "1":18
                    },
                    "III":{
                        "0":"6",
                        "1":19
                    },
                    "IV":{
                        "0":"7",
                        "1":21
                    },
                    "V":{
                        "0":"10",
                        "1":24
                    },
                    "VI":{
                        "0":"15",
                        "1":25
                    }
                },
                "Set 2":{
                    "I":{
                        "0":null,
                        "1":10.0,
                        "2":18.0
                    },
                    "II":{
                        "0":"1",
                        "1":12,
                        "2":19
                    },
                    "III":{
                        "0":"2",
                        "1":13,
                        "2":20
                    },
                    "IV":{
                        "0":"3",
                        "1":14,
                        "2":22
                    },
                    "V":{
                        "0":"5",
                        "1":15,
                        "2":23
                    },
                    "VI":{
                        "0":"7",
                        "1":17.0,
                        "2":null
                    }
                },
                "Set 3":{
                    "I":{
                        "0":"1",
                        "1":11,
                        "2":21
                    },
                    "II":{
                        "0":"2",
                        "1":12,
                        "2":22
                    },
                    "III":{
                        "0":"3",
                        "1":14.0,
                        "2":null
                    },
                    "IV":{
                        "0":"6",
                        "1":18.0,
                        "2":null
                    },
                    "V":{
                        "0":"8",
                        "1":19.0,
                        "2":null
                    },
                    "VI":{
                        "0":"10",
                        "1":20.0,
                        "2":null
                    }
                },
                "Set 4":{
                    "I":{
                        "0":null,
                        "1":14.0
                    },
                    "II":{
                        "0":"1",
                        "1":15
                    },
                    "III":{
                        "0":"3",
                        "1":18
                    },
                    "IV":{
                        "0":"6",
                        "1":19
                    },
                    "V":{
                        "0":"8",
                        "1":20
                    },
                    "VI":{
                        "0":"13",
                        "1":25
                    }
                },
                "Set 5":{
                    "I":{
                        "0":"1",
                        "1":11
                    },
                    "II":{
                        "0":"2",
                        "1":12
                    },
                    "III":{
                        "0":"3",
                        "1":14
                    },
                    "IV":{
                        "0":"6",
                        "1":null
                    },
                    "V":{
                        "0":"8",
                        "1":null
                    },
                    "VI":{
                        "0":"9",
                        "1":null
                    }
                }
            },
            "Timeouts 1":{
                "Set 1":{
                    "T":{
                        "0":"5:10",
                        "1":"14:20"
                    }
                },
                "Set 2":{
                    "T":{
                        "0":"6:12",
                        "1":"21:22"
                    }
                },
                "Set 3":{
                    "T":{
                        "0":"17:15",
                        "1":"17:18"
                    }
                },
                "Set 4":{
                    "T":{
                        "0":"5:11",
                        "1":"6:14"
                    }
                },
                "Set 5":{
                    "T":{

                    }
                }
            },
            "Timeouts 2":{
                "Set 1":{
                    "T":{
                        "0":"15:9"
                    }
                },
                "Set 2":{
                    "T":{
                        "0":"13:9",
                        "1":"20:20"
                    }
                },
                "Set 3":{
                    "T":{

                    }
                },
                "Set 4":{
                    "T":{
                        "0":"19:15"
                    }
                },
                "Set 5":{
                    "T":{
                        "0":"3:4",
                        "1":"11:12"
                    }
                }
            }
        },
        "Teams":{
            "Name":{
                "Team 1":"VIDAUBAN VOLLEY-BALL",
                "Team 2":"LE CRES VOLLEY-BALL"
            },
            "Players":{
                "Team 1":{
                    "N\u00b0":{
                        "0":1,
                        "1":2,
                        "2":3,
                        "3":5,
                        "4":6,
                        "5":8,
                        "6":9,
                        "7":11,
                        "8":13,
                        "9":20
                    },
                    "Nom Pr\u00e9nom":{
                        "0":"CONTE CAROLE",
                        "1":"PICARD VANESSA",
                        "2":"DEBRAY EMMA",
                        "3":"DUMONT CLEMENTINE",
                        "4":"ROUSSET ELSA",
                        "5":"DEBRAY SANDRINE",
                        "6":"FERRERO MANON",
                        "7":"FERRERO ALICIA",
                        "8":"CONTE AMANDINE",
                        "9":"DENIS FLORIANE"
                    },
                    "Licence":{
                        "0":1367899,
                        "1":1957203,
                        "2":1964953,
                        "3":1895166,
                        "4":1558155,
                        "5":1593280,
                        "6":1877053,
                        "7":1877055,
                        "8":1367900,
                        "9":1902933
                    }
                },
                "Team 2":{
                    "N\u00b0":{
                        "0":1,
                        "1":2,
                        "2":3,
                        "3":5,
                        "4":6,
                        "5":7,
                        "6":8,
                        "7":9,
                        "8":14,
                        "9":17
                    },
                    "Nom Pr\u00e9nom":{
                        "0":"BERTRAND CLEMENTINE",
                        "1":"HELLEC LEA",
                        "2":"WEIRI KELLY",
                        "3":"TARDIEU MARION",
                        "4":"CENTELLES CLAIRE",
                        "5":"CAPO ALEXIA",
                        "6":"CORDOBA ROMANE",
                        "7":"HOTTIN LUCIE",
                        "8":"ADJOUHGNIOPE LILIANE",
                        "9":"GUIRAO GAELLE"
                    },
                    "Licence":{
                        "0":1661278,
                        "1":1843627,
                        "2":1848431,
                        "3":1696168,
                        "4":1742690,
                        "5":1761806,
                        "6":1766033,
                        "7":1840380,
                        "8":2266610,
                        "9":1615201
                    }
                }
            },
            "Liberos":{
                "Team 1":{
                    "N\u00b0":{
                        "0":8
                    },
                    "Nom Pr\u00e9nom":{
                        "0":"DEBRAY SANDRINE"
                    },
                    "Licence":{
                        "0":1593280
                    }
                },
                "Team 2":{
                    "N\u00b0":{
                        "0":5
                    },
                    "Nom Pr\u00e9nom":{
                        "0":"TARDIEU MARION"
                    },
                    "Licence":{
                        "0":1696168
                    }
                }
            },
            "Officials":{
                "Team 1":{
                    "N\u00b0":{
                        "0":"EA"
                    },
                    "Nom Pr\u00e9nom":{
                        "0":"ULIVIERI CHRISTOPHE"
                    },
                    "Licence":{
                        "0":1368043
                    }
                },
                "Team 2":{
                    "N\u00b0":{
                        "0":"EA"
                    },
                    "Nom Pr\u00e9nom":{
                        "0":"TAOUPOULOU KEVIN"
                    },
                    "Licence":{
                        "0":1709950
                    }
                }
            }
        },
        "Results":{
            "winner":"VIDAUBAN VOLLEY-BALL",
            "score":"3\/2"
        },
        "Referees":{
            "NOM Pr\u00e9nom":{
                "1er":"LIMACHER LIONEL",
                "2\u00e8me":"WAGUET ROMANE",
                "Marqueur":"BOUET CAMILLE",
                "Marq.Ass":".",
                "R.Salle":"MIELNIK THOMAS"
            },
            "Ligue":{
                "1er":"LIG_PAC",
                "2\u00e8me":"LIG_PAC",
                "Marqueur":"LIG_PAC",
                "Marq.Ass":null,
                "R.Salle":"LIG_PAC"
            },
            "Licence":{
                "1er":1657109.0,
                "2\u00e8me":1882642.0,
                "Marqueur":2143977.0,
                "Marq.Ass":null,
                "R.Salle":1961698.0
            }
        },
        "Penalties":{

        }
    }
}