{
    "Match":{
        "Title":{
            "div_code":"3FA ",
            "div_name":"NATIONALE 3 FEMININE POULE A",
            "div_pool":"",
            "match_number":"3FA034",
            "match_day":"06",
            "city":"LATTES",
            "gym":"SAFER",
            "category":"SENIOR | FEMININE",
            "ligue":"Comp\u00e9titions Nationales SENIORS",
            "date":"2019-11-24 14:00:00",
            "team_1":"LATTES ASPTT MONTPELLIER V.A.C",
            "team_2":"AUBAGNE CARNOUX VOLLEY-BALL"
        },
        "Sets":{
            "Teams":{
                "Set 1":{
                    "Name":{
                        "Team 1":"LATTES ASPTT MONTPELLI",
                        "Team 2":"AUBAGNE CARNOUX VOLLEY"
                    },
                    "Starting":{
                        "Team 1":"Service",
                        "Team 2":"Reception"
                    }
                },
                "Set 2":{
                    "Name":{
                        "Team 1":"LATTES ASPTT MONTPELLI",
                        "Team 2":"AUBAGNE CARNOUX VOLLEY"
                    },
                    "Starting":{
                        "Team 1":"Reception",
                        "Team 2":"Service"
                    }
                },
                "Set 3":{
                    "Name":{
                        "Team 1":"LATTES ASPTT MONTPELLI",
                        "Team 2":"AUBAGNE CARNOUX VOLLEY"
                    },
                    "Starting":{
                        "Team 1":"Service",
                        "Team 2":"Reception"
                    }
                },
                "Set 4":0,
                "Set 5":0
            },
            "Time":{
                "Set 1":{
                    "Time":{
                        "Start":"2019-11-24 13:59:00",
                        "End":"2019-11-24 14:26:00"
                    }
                },
                "Set 2":{
                    "Time":{
                        "Start":"2019-11-24 14:29:00",
                        "End":"2019-11-24 14:55:00"
                    }
                },
                "Set 3":{
                    "Time":{
                        "Start":"2019-11-24 14:57:00",
                        "End":"2019-11-24 15:25:00"
                    }
                },
                "Set 4":0,
                "Set 5":0
            },
            "Substitutions 1":{
                "Set 1":{
                    "I":{
                        "0":8
                    },
                    "II":{
                        "0":7
                    },
                    "III":{
                        "0":3
                    },
                    "IV":{
                        "0":5
                    },
                    "V":{
                        "0":1
                    },
                    "VI":{
                        "0":17
                    }
                },
                "Set 2":{
                    "I":{
                        "0":8.0,
                        "1":null,
                        "2":null
                    },
                    "II":{
                        "0":7.0,
                        "1":null,
                        "2":null
                    },
                    "III":{
                        "0":3.0,
                        "1":null,
                        "2":null
                    },
                    "IV":{
                        "0":5.0,
                        "1":null,
                        "2":null
                    },
                    "V":{
                        "0":1.0,
                        "1":null,
                        "2":null
                    },
                    "VI":{
                        "0":"17",
                        "1":"19",
                        "2":"19:14"
                    }
                },
                "Set 3":{
                    "I":{
                        "0":8
                    },
                    "II":{
                        "0":7
                    },
                    "III":{
                        "0":3
                    },
                    "IV":{
                        "0":5
                    },
                    "V":{
                        "0":1
                    },
                    "VI":{
                        "0":17
                    }
                },
                "Set 4":0,
                "Set 5":0
            },
            "Substitutions 2":{
                "Set 1":{
                    "I":{
                        "0":2
                    },
                    "II":{
                        "0":3
                    },
                    "III":{
                        "0":9
                    },
                    "IV":{
                        "0":13
                    },
                    "V":{
                        "0":4
                    },
                    "VI":{
                        "0":19
                    }
                },
                "Set 2":{
                    "I":{
                        "0":2
                    },
                    "II":{
                        "0":3
                    },
                    "III":{
                        "0":9
                    },
                    "IV":{
                        "0":13
                    },
                    "V":{
                        "0":4
                    },
                    "VI":{
                        "0":19
                    }
                },
                "Set 3":{
                    "I":{
                        "0":2
                    },
                    "II":{
                        "0":3
                    },
                    "III":{
                        "0":9
                    },
                    "IV":{
                        "0":4
                    },
                    "V":{
                        "0":13
                    },
                    "VI":{
                        "0":19
                    }
                },
                "Set 4":0,
                "Set 5":0
            },
            "Serves 1":{
                "Set 1":{
                    "I":{
                        "0":"4",
                        "1":14,
                        "2":25
                    },
                    "II":{
                        "0":"6",
                        "1":15.0,
                        "2":null
                    },
                    "III":{
                        "0":"8",
                        "1":17.0,
                        "2":null
                    },
                    "IV":{
                        "0":"9",
                        "1":18.0,
                        "2":null
                    },
                    "V":{
                        "0":"10",
                        "1":19.0,
                        "2":null
                    },
                    "VI":{
                        "0":"12",
                        "1":22.0,
                        "2":null
                    }
                },
                "Set 2":{
                    "I":{
                        "0":null,
                        "1":16.0
                    },
                    "II":{
                        "0":"1",
                        "1":18
                    },
                    "III":{
                        "0":"2",
                        "1":22
                    },
                    "IV":{
                        "0":"3",
                        "1":23
                    },
                    "V":{
                        "0":"10",
                        "1":24
                    },
                    "VI":{
                        "0":"14",
                        "1":25
                    }
                },
                "Set 3":{
                    "I":{
                        "0":"5",
                        "1":16
                    },
                    "II":{
                        "0":"6",
                        "1":20
                    },
                    "III":{
                        "0":"9",
                        "1":23
                    },
                    "IV":{
                        "0":"11",
                        "1":24
                    },
                    "V":{
                        "0":"12",
                        "1":25
                    },
                    "VI":{
                        "0":"14",
                        "1":null
                    }
                },
                "Set 4":0,
                "Set 5":0
            },
            "Serves 2":{
                "Set 1":{
                    "I":{
                        "0":null,
                        "1":8.0,
                        "2":19.0
                    },
                    "II":{
                        "0":"1",
                        "1":9.0,
                        "2":null
                    },
                    "III":{
                        "0":"2",
                        "1":11.0,
                        "2":null
                    },
                    "IV":{
                        "0":"4",
                        "1":13.0,
                        "2":null
                    },
                    "V":{
                        "0":"6",
                        "1":15.0,
                        "2":null
                    },
                    "VI":{
                        "0":"7",
                        "1":17.0,
                        "2":null
                    }
                },
                "Set 2":{
                    "I":{
                        "0":"1",
                        "1":11
                    },
                    "II":{
                        "0":"2",
                        "1":14
                    },
                    "III":{
                        "0":"4",
                        "1":15
                    },
                    "IV":{
                        "0":"5",
                        "1":16
                    },
                    "V":{
                        "0":"8",
                        "1":17
                    },
                    "VI":{
                        "0":"10",
                        "1":null
                    }
                },
                "Set 3":{
                    "I":{
                        "0":null,
                        "1":14.0
                    },
                    "II":{
                        "0":"4",
                        "1":15
                    },
                    "III":{
                        "0":"5",
                        "1":16
                    },
                    "IV":{
                        "0":"6",
                        "1":17
                    },
                    "V":{
                        "0":"8",
                        "1":19
                    },
                    "VI":{
                        "0":"11",
                        "1":null
                    }
                },
                "Set 4":0,
                "Set 5":0
            },
            "Timeouts 1":{
                "Set 1":{
                    "T":{

                    }
                },
                "Set 2":{
                    "T":{
                        "0":"18:14"
                    }
                },
                "Set 3":{
                    "T":{

                    }
                },
                "Set 4":0,
                "Set 5":0
            },
            "Timeouts 2":{
                "Set 1":{
                    "T":{
                        "0":"1:6",
                        "1":"17:21"
                    }
                },
                "Set 2":{
                    "T":{

                    }
                },
                "Set 3":{
                    "T":{
                        "0":"11:14"
                    }
                },
                "Set 4":0,
                "Set 5":0
            }
        },
        "Teams":{
            "Name":{
                "Team 1":"LATTES ASPTT MONTPELLIER V.A.C",
                "Team 2":"AUBAGNE CARNOUX VOLLEY-BALL"
            },
            "Players":{
                "Team 1":{
                    "N\u00b0":{
                        "0":1,
                        "1":3,
                        "2":5,
                        "3":7,
                        "4":8,
                        "5":12,
                        "6":17,
                        "7":19
                    },
                    "Nom Pr\u00e9nom":{
                        "0":"DESGRANGES JEANNE",
                        "1":"SALEM MAELYS",
                        "2":"DARIDON OCTAVINE",
                        "3":"SANCHEZ ANNA",
                        "4":"ROBERT MELODY",
                        "5":"BONNIER ANAE",
                        "6":"TANGATY YASMINA",
                        "7":"ZAKRAOUI RAPHA\u00cbLLE"
                    },
                    "Licence":{
                        "0":1991666,
                        "1":1778324,
                        "2":2200467,
                        "3":1864659,
                        "4":1762877,
                        "5":2140898,
                        "6":1947214,
                        "7":2245246
                    }
                },
                "Team 2":{
                    "N\u00b0":{
                        "0":1,
                        "1":2,
                        "2":3,
                        "3":4,
                        "4":9,
                        "5":13,
                        "6":19
                    },
                    "Nom Pr\u00e9nom":{
                        "0":"ROUVRAIS ESTELLE",
                        "1":"VALLADOLID RIVAS MARIA ARMI",
                        "2":"MARQUET MARION",
                        "3":"LE TALLEC SOLENE",
                        "4":"TSAN AMBRE",
                        "5":"DUPETIT ESTELLE",
                        "6":"MORINI MARIANNE"
                    },
                    "Licence":{
                        "0":1799538,
                        "1":2410318,
                        "2":1757834,
                        "3":1859380,
                        "4":1960703,
                        "5":1715007,
                        "6":1757852
                    }
                }
            },
            "Liberos":{
                "Team 1":{
                    "N\u00b0":{
                        "0":12
                    },
                    "Nom Pr\u00e9nom":{
                        "0":"BONNIER ANAE"
                    },
                    "Licence":{
                        "0":2140898
                    }
                },
                "Team 2":{
                    "N\u00b0":{

                    },
                    "Nom Pr\u00e9nom":{

                    },
                    "Licence":{

                    }
                }
            },
            "Officials":{
                "Team 1":{
                    "N\u00b0":{
                        "0":"EA",
                        "1":"EB"
                    },
                    "Nom Pr\u00e9nom":{
                        "0":"SALVAN PHILIPPE",
                        "1":"BRU GAUTIER"
                    },
                    "Licence":{
                        "0":206854,
                        "1":2037324
                    }
                },
                "Team 2":{
                    "N\u00b0":{
                        "0":"EA",
                        "1":"EB"
                    },
                    "Nom Pr\u00e9nom":{
                        "0":"BASTOUL SOPHIE",
                        "1":"DEHANT FLORENCE"
                    },
                    "Licence":{
                        "0":1488051,
                        "1":1360690
                    }
                }
            }
        },
        "Results":{
            "winner":"LATTES ASPTT MONTPELLI",
            "score":"3\/0"
        },
        "Referees":{
            "NOM Pr\u00e9nom":{
                "1er":"BOCCARD CEDRIC",
                "2\u00e8me":"COHEN LEVANA",
                "Marqueur":"BRIOUDES JACQUES",
                "Marq.Ass":". DARRICAU THIERRY",
                "R.Salle":"RABY CHRISTELLE"
            },
            "Ligue":{
                "1er":"LIG_OCC",
                "2\u00e8me":"LIG_OCC",
                "Marqueur":"LIG_OCC",
                "Marq.Ass":"LIG_OCC",
                "R.Salle":"LIG_OCC"
            },
            "Licence":{
                "1er":1550195,
                "2\u00e8me":1860963,
                "Marqueur":1608400,
                "Marq.Ass":1698177,
                "R.Salle":1179524
            }
        },
        "Penalties":{

        }
    }
}