{
    "Match":{
        "Title":{
            "div_code":"3FA ",
            "div_name":"NATIONALE 3 FEMININE POULE A",
            "div_pool":"",
            "match_number":"3FA076",
            "match_day":"13",
            "city":"SAINTE MAXIME",
            "gym":"LES BOSQUETTES",
            "category":"SENIOR | FEMININE",
            "ligue":"Comp\u00e9titions Nationales SENIORS",
            "date":"2020-02-16 14:00:00",
            "team_1":"SAINTE-MAXIME COGOLIN VOLLEY",
            "team_2":"VOLLEY-BALL ARLESIEN"
        },
        "Sets":{
            "Teams":{
                "Set 1":{
                    "Name":{
                        "Team 1":"VOLLEY-BALL ARLESIEN",
                        "Team 2":"SAINTE-MAXIME COGOLIN"
                    },
                    "Starting":{
                        "Team 1":"Reception",
                        "Team 2":"Service"
                    }
                },
                "Set 2":{
                    "Name":{
                        "Team 1":"VOLLEY-BALL ARLESIEN",
                        "Team 2":"SAINTE-MAXIME COGOLIN"
                    },
                    "Starting":{
                        "Team 1":"Service",
                        "Team 2":"Reception"
                    }
                },
                "Set 3":{
                    "Name":{
                        "Team 1":"VOLLEY-BALL ARLESIEN",
                        "Team 2":"SAINTE-MAXIME COGOLIN"
                    },
                    "Starting":{
                        "Team 1":"Reception",
                        "Team 2":"Service"
                    }
                },
                "Set 4":{
                    "Name":{
                        "Team 1":"VOLLEY-BALL ARLESIEN",
                        "Team 2":"SAINTE-MAXIME COGOLIN"
                    },
                    "Starting":{
                        "Team 1":"Service",
                        "Team 2":"Reception"
                    }
                },
                "Set 5":0
            },
            "Time":{
                "Set 1":{
                    "Time":{
                        "Start":"2020-02-16 14:00:00",
                        "End":"2020-02-16 14:27:00"
                    }
                },
                "Set 2":{
                    "Time":{
                        "Start":"2020-02-16 14:29:00",
                        "End":"2020-02-16 14:58:00"
                    }
                },
                "Set 3":{
                    "Time":{
                        "Start":"2020-02-16 15:00:00",
                        "End":"2020-02-16 15:28:00"
                    }
                },
                "Set 4":{
                    "Time":{
                        "Start":"2020-02-16 15:33:00",
                        "End":"2020-02-16 15:55:00"
                    }
                },
                "Set 5":0
            },
            "Substitutions 1":{
                "Set 1":{
                    "I":{
                        "0":20.0,
                        "1":null,
                        "2":null
                    },
                    "II":{
                        "0":11.0,
                        "1":null,
                        "2":null
                    },
                    "III":{
                        "0":7.0,
                        "1":null,
                        "2":null
                    },
                    "IV":{
                        "0":"9",
                        "1":"1",
                        "2":"21:13"
                    },
                    "V":{
                        "0":2.0,
                        "1":null,
                        "2":null
                    },
                    "VI":{
                        "0":14.0,
                        "1":null,
                        "2":null
                    }
                },
                "Set 2":{
                    "I":{
                        "0":7.0,
                        "1":null,
                        "2":null
                    },
                    "II":{
                        "0":1.0,
                        "1":null,
                        "2":null
                    },
                    "III":{
                        "0":2.0,
                        "1":null,
                        "2":null
                    },
                    "IV":{
                        "0":14.0,
                        "1":null,
                        "2":null
                    },
                    "V":{
                        "0":"20",
                        "1":"9",
                        "2":"14:22"
                    },
                    "VI":{
                        "0":11.0,
                        "1":null,
                        "2":null
                    }
                },
                "Set 3":{
                    "I":{
                        "0":1.0,
                        "1":null,
                        "2":null
                    },
                    "II":{
                        "0":11.0,
                        "1":null,
                        "2":null
                    },
                    "III":{
                        "0":7.0,
                        "1":null,
                        "2":null
                    },
                    "IV":{
                        "0":9.0,
                        "1":null,
                        "2":null
                    },
                    "V":{
                        "0":"2",
                        "1":"20",
                        "2":"19:21"
                    },
                    "VI":{
                        "0":14.0,
                        "1":null,
                        "2":null
                    }
                },
                "Set 4":{
                    "I":{
                        "0":7
                    },
                    "II":{
                        "0":9
                    },
                    "III":{
                        "0":2
                    },
                    "IV":{
                        "0":1
                    },
                    "V":{
                        "0":20
                    },
                    "VI":{
                        "0":11
                    }
                },
                "Set 5":0
            },
            "Substitutions 2":{
                "Set 1":{
                    "I":{
                        "0":10
                    },
                    "II":{
                        "0":2
                    },
                    "III":{
                        "0":4
                    },
                    "IV":{
                        "0":1
                    },
                    "V":{
                        "0":12
                    },
                    "VI":{
                        "0":5
                    }
                },
                "Set 2":{
                    "I":{
                        "0":5
                    },
                    "II":{
                        "0":10
                    },
                    "III":{
                        "0":2
                    },
                    "IV":{
                        "0":4
                    },
                    "V":{
                        "0":1
                    },
                    "VI":{
                        "0":12
                    }
                },
                "Set 3":{
                    "I":{
                        "0":10
                    },
                    "II":{
                        "0":2
                    },
                    "III":{
                        "0":4
                    },
                    "IV":{
                        "0":1
                    },
                    "V":{
                        "0":12
                    },
                    "VI":{
                        "0":5
                    }
                },
                "Set 4":{
                    "I":{
                        "0":5
                    },
                    "II":{
                        "0":10
                    },
                    "III":{
                        "0":2
                    },
                    "IV":{
                        "0":4
                    },
                    "V":{
                        "0":1
                    },
                    "VI":{
                        "0":12
                    }
                },
                "Set 5":0
            },
            "Serves 1":{
                "Set 1":{
                    "I":{
                        "0":null,
                        "1":14.0,
                        "2":25.0
                    },
                    "II":{
                        "0":"1",
                        "1":18.0,
                        "2":null
                    },
                    "III":{
                        "0":"3",
                        "1":21.0,
                        "2":null
                    },
                    "IV":{
                        "0":"5",
                        "1":22.0,
                        "2":null
                    },
                    "V":{
                        "0":"8",
                        "1":23.0,
                        "2":null
                    },
                    "VI":{
                        "0":"11",
                        "1":24.0,
                        "2":null
                    }
                },
                "Set 2":{
                    "I":{
                        "0":"2",
                        "1":12
                    },
                    "II":{
                        "0":"4",
                        "1":13
                    },
                    "III":{
                        "0":"5",
                        "1":15
                    },
                    "IV":{
                        "0":"7",
                        "1":18
                    },
                    "V":{
                        "0":"8",
                        "1":20
                    },
                    "VI":{
                        "0":"10",
                        "1":null
                    }
                },
                "Set 3":{
                    "I":{
                        "0":null,
                        "1":9.0
                    },
                    "II":{
                        "0":"1",
                        "1":14
                    },
                    "III":{
                        "0":"3",
                        "1":17
                    },
                    "IV":{
                        "0":"4",
                        "1":18
                    },
                    "V":{
                        "0":"6",
                        "1":19
                    },
                    "VI":{
                        "0":"8",
                        "1":21
                    }
                },
                "Set 4":{
                    "I":{
                        "0":"0",
                        "1":9,
                        "2":16
                    },
                    "II":{
                        "0":"1",
                        "1":10.0,
                        "2":null
                    },
                    "III":{
                        "0":"3",
                        "1":11.0,
                        "2":null
                    },
                    "IV":{
                        "0":"6",
                        "1":13.0,
                        "2":null
                    },
                    "V":{
                        "0":"7",
                        "1":14.0,
                        "2":null
                    },
                    "VI":{
                        "0":"8",
                        "1":15.0,
                        "2":null
                    }
                },
                "Set 5":0
            },
            "Serves 2":{
                "Set 1":{
                    "I":{
                        "0":"0",
                        "1":12
                    },
                    "II":{
                        "0":"1",
                        "1":13
                    },
                    "III":{
                        "0":"3",
                        "1":14
                    },
                    "IV":{
                        "0":"6",
                        "1":15
                    },
                    "V":{
                        "0":"7",
                        "1":18
                    },
                    "VI":{
                        "0":"11",
                        "1":22
                    }
                },
                "Set 2":{
                    "I":{
                        "0":null,
                        "1":11.0
                    },
                    "II":{
                        "0":"4",
                        "1":19
                    },
                    "III":{
                        "0":"6",
                        "1":22
                    },
                    "IV":{
                        "0":"8",
                        "1":23
                    },
                    "V":{
                        "0":"9",
                        "1":24
                    },
                    "VI":{
                        "0":"10",
                        "1":25
                    }
                },
                "Set 3":{
                    "I":{
                        "0":"2",
                        "1":12
                    },
                    "II":{
                        "0":"3",
                        "1":14
                    },
                    "III":{
                        "0":"4",
                        "1":15
                    },
                    "IV":{
                        "0":"5",
                        "1":21
                    },
                    "V":{
                        "0":"6",
                        "1":24
                    },
                    "VI":{
                        "0":"7",
                        "1":25
                    }
                },
                "Set 4":{
                    "I":{
                        "0":null,
                        "1":14.0,
                        "2":24.0
                    },
                    "II":{
                        "0":"4",
                        "1":15,
                        "2":25
                    },
                    "III":{
                        "0":"6",
                        "1":17.0,
                        "2":null
                    },
                    "IV":{
                        "0":"7",
                        "1":20.0,
                        "2":null
                    },
                    "V":{
                        "0":"11",
                        "1":21.0,
                        "2":null
                    },
                    "VI":{
                        "0":"13",
                        "1":23.0,
                        "2":null
                    }
                },
                "Set 5":0
            },
            "Timeouts 1":{
                "Set 1":{
                    "T":{
                        "0":"11:11",
                        "1":"24:22"
                    }
                },
                "Set 2":{
                    "T":{
                        "0":"12:14",
                        "1":"12:19"
                    }
                },
                "Set 3":{
                    "T":{
                        "0":"9:10",
                        "1":"18:20"
                    }
                },
                "Set 4":{
                    "T":{

                    }
                },
                "Set 5":0
            },
            "Timeouts 2":{
                "Set 1":{
                    "T":{
                        "0":"12:18",
                        "1":"15:23"
                    }
                },
                "Set 2":{
                    "T":{
                        "0":"23:17",
                        "1":"24:20"
                    }
                },
                "Set 3":{
                    "T":{
                        "0":"12:13"
                    }
                },
                "Set 4":{
                    "T":{

                    }
                },
                "Set 5":0
            }
        },
        "Teams":{
            "Name":{
                "Team 1":"SAINTE-MAXIME COGOLIN VOLLEY",
                "Team 2":"VOLLEY-BALL ARLESIEN"
            },
            "Players":{
                "Team 1":{
                    "N\u00b0":{
                        "0":1,
                        "1":2,
                        "2":4,
                        "3":5,
                        "4":10,
                        "5":12,
                        "6":13,
                        "7":15
                    },
                    "Nom Pr\u00e9nom":{
                        "0":"DUFOUR MAELIA",
                        "1":"ESPOSITO OLIVIA",
                        "2":"REGHAL SHERAZADE",
                        "3":"IPPINDO INGRID",
                        "4":"CLERE CYRIELLE",
                        "5":"EL HELOU DEMY",
                        "6":"GUESNIER CORALIE",
                        "7":"BATANG DON MAELYS"
                    },
                    "Licence":{
                        "0":1883678,
                        "1":1897024,
                        "2":2187286,
                        "3":1202401,
                        "4":1367987,
                        "5":2039746,
                        "6":1899092,
                        "7":2168973
                    }
                },
                "Team 2":{
                    "N\u00b0":{
                        "0":1,
                        "1":2,
                        "2":7,
                        "3":9,
                        "4":10,
                        "5":11,
                        "6":14,
                        "7":20
                    },
                    "Nom Pr\u00e9nom":{
                        "0":"LEFEVRE ADELINE",
                        "1":"MAAZOUZ DOUNIA",
                        "2":"BAZIAN EMILIE",
                        "3":"FATEM NAWEL",
                        "4":"GEORGES CORALIE",
                        "5":"MAAZOUZ JENNA",
                        "6":"FATEM DALILA",
                        "7":"SIMONETTI SANDY"
                    },
                    "Licence":{
                        "0":1725782,
                        "1":1839031,
                        "2":1547914,
                        "3":1683895,
                        "4":1536273,
                        "5":1837408,
                        "6":1533582,
                        "7":1419348
                    }
                }
            },
            "Liberos":{
                "Team 1":{
                    "N\u00b0":{
                        "0":13
                    },
                    "Nom Pr\u00e9nom":{
                        "0":"GUESNIER CORALIE"
                    },
                    "Licence":{
                        "0":1899092
                    }
                },
                "Team 2":{
                    "N\u00b0":{

                    },
                    "Nom Pr\u00e9nom":{

                    },
                    "Licence":{

                    }
                }
            },
            "Officials":{
                "Team 1":{
                    "N\u00b0":{
                        "0":"EA",
                        "1":"EB"
                    },
                    "Nom Pr\u00e9nom":{
                        "0":"NAYE AUBRY",
                        "1":"ESPOSITO CHRISTOPHE"
                    },
                    "Licence":{
                        "0":1643216,
                        "1":1941164
                    }
                },
                "Team 2":{
                    "N\u00b0":{
                        "0":"EA"
                    },
                    "Nom Pr\u00e9nom":{
                        "0":"BERTHAUT YOHANN"
                    },
                    "Licence":{
                        "0":1582114
                    }
                }
            }
        },
        "Results":{
            "winner":"SAINTE-MAXIME COGOLIN",
            "score":"3\/1"
        },
        "Referees":{
            "NOM Pr\u00e9nom":{
                "1er":"LIMACHER LIONEL",
                "2\u00e8me":"MONTAGNESE OLIVIER",
                "Marqueur":"BOUROUIS NAGETT",
                "Marq.Ass":".",
                "R.Salle":"LAFET AMELIE"
            },
            "Ligue":{
                "1er":"LIG_PAC",
                "2\u00e8me":"LIG_PAC",
                "Marqueur":"LIG_PAC",
                "Marq.Ass":null,
                "R.Salle":"LIG_PAC"
            },
            "Licence":{
                "1er":1657109.0,
                "2\u00e8me":711069.0,
                "Marqueur":1640585.0,
                "Marq.Ass":null,
                "R.Salle":1055670.0
            }
        },
        "Penalties":{

        }
    }
}