{
    "Match":{
        "Title":{
            "div_code":"3FA ",
            "div_name":"NATIONALE 3 FEMININE POULE A",
            "div_pool":"",
            "match_number":"3FA058",
            "match_day":"10",
            "city":"ANTIBES",
            "gym":"BERTONE",
            "category":"SENIOR | FEMININE",
            "ligue":"Comp\u00e9titions Nationales SENIORS",
            "date":"2020-01-19 14:00:00",
            "team_1":"OLYMPIQUES ANTIBES JUAN PINS",
            "team_2":"VOLERO LE CANNET COTE D'AZUR 3"
        },
        "Sets":{
            "Teams":{
                "Set 1":{
                    "Name":{
                        "Team 1":"OLYMPIQUES ANTIBES JUA",
                        "Team 2":"VOLERO LE CANNET COTE"
                    },
                    "Starting":{
                        "Team 1":"Reception",
                        "Team 2":"Service"
                    }
                },
                "Set 2":{
                    "Name":{
                        "Team 1":"OLYMPIQUES ANTIBES JUA",
                        "Team 2":"VOLERO LE CANNET COTE"
                    },
                    "Starting":{
                        "Team 1":"Service",
                        "Team 2":"Reception"
                    }
                },
                "Set 3":{
                    "Name":{
                        "Team 1":"OLYMPIQUES ANTIBES JUA",
                        "Team 2":"VOLERO LE CANNET COTE"
                    },
                    "Starting":{
                        "Team 1":"Reception",
                        "Team 2":"Service"
                    }
                },
                "Set 4":{
                    "Name":{
                        "Team 1":"OLYMPIQUES ANTIBES JUA",
                        "Team 2":"VOLERO LE CANNET COTE"
                    },
                    "Starting":{
                        "Team 1":"Service",
                        "Team 2":"Reception"
                    }
                },
                "Set 5":0
            },
            "Time":{
                "Set 1":{
                    "Time":{
                        "Start":"2020-01-19 14:00:00",
                        "End":"2020-01-19 14:33:00"
                    }
                },
                "Set 2":{
                    "Time":{
                        "Start":"2020-01-19 14:36:00",
                        "End":"2020-01-19 15:05:00"
                    }
                },
                "Set 3":{
                    "Time":{
                        "Start":"2020-01-19 15:08:00",
                        "End":"2020-01-19 15:41:00"
                    }
                },
                "Set 4":{
                    "Time":{
                        "Start":"2020-01-19 15:45:00",
                        "End":"2020-01-19 16:20:00"
                    }
                },
                "Set 5":0
            },
            "Substitutions 1":{
                "Set 1":{
                    "I":{
                        "0":4.0,
                        "1":null,
                        "2":null
                    },
                    "II":{
                        "0":1.0,
                        "1":null,
                        "2":null
                    },
                    "III":{
                        "0":3.0,
                        "1":null,
                        "2":null
                    },
                    "IV":{
                        "0":18.0,
                        "1":null,
                        "2":null
                    },
                    "V":{
                        "0":2.0,
                        "1":null,
                        "2":null
                    },
                    "VI":{
                        "0":"11",
                        "1":"6",
                        "2":"17:20"
                    }
                },
                "Set 2":{
                    "I":{
                        "0":1.0,
                        "1":null,
                        "2":null
                    },
                    "II":{
                        "0":3.0,
                        "1":null,
                        "2":null
                    },
                    "III":{
                        "0":18.0,
                        "1":null,
                        "2":null
                    },
                    "IV":{
                        "0":2.0,
                        "1":null,
                        "2":null
                    },
                    "V":{
                        "0":"11",
                        "1":"6",
                        "2":"19:14"
                    },
                    "VI":{
                        "0":4.0,
                        "1":null,
                        "2":null
                    }
                },
                "Set 3":{
                    "I":{
                        "0":4
                    },
                    "II":{
                        "0":1
                    },
                    "III":{
                        "0":3
                    },
                    "IV":{
                        "0":18
                    },
                    "V":{
                        "0":2
                    },
                    "VI":{
                        "0":11
                    }
                },
                "Set 4":{
                    "I":{
                        "0":1.0,
                        "1":null,
                        "2":null,
                        "3":null
                    },
                    "II":{
                        "0":3.0,
                        "1":null,
                        "2":null,
                        "3":null
                    },
                    "III":{
                        "0":18.0,
                        "1":null,
                        "2":null,
                        "3":null
                    },
                    "IV":{
                        "0":2.0,
                        "1":null,
                        "2":null,
                        "3":null
                    },
                    "V":{
                        "0":"11",
                        "1":"6",
                        "2":"17:18",
                        "3":"23:23"
                    },
                    "VI":{
                        "0":4.0,
                        "1":null,
                        "2":null,
                        "3":null
                    }
                },
                "Set 5":0
            },
            "Substitutions 2":{
                "Set 1":{
                    "I":{
                        "0":6.0,
                        "1":null,
                        "2":null,
                        "3":null
                    },
                    "II":{
                        "0":"12",
                        "1":"3",
                        "2":"22:18",
                        "3":"24:24"
                    },
                    "III":{
                        "0":2.0,
                        "1":null,
                        "2":null,
                        "3":null
                    },
                    "IV":{
                        "0":7.0,
                        "1":null,
                        "2":null,
                        "3":null
                    },
                    "V":{
                        "0":1.0,
                        "1":null,
                        "2":null,
                        "3":null
                    },
                    "VI":{
                        "0":8.0,
                        "1":null,
                        "2":null,
                        "3":null
                    }
                },
                "Set 2":{
                    "I":{
                        "0":8.0,
                        "1":null,
                        "2":null,
                        "3":null
                    },
                    "II":{
                        "0":"6",
                        "1":"5",
                        "2":"7:7",
                        "3":"12:17"
                    },
                    "III":{
                        "0":12.0,
                        "1":null,
                        "2":null,
                        "3":null
                    },
                    "IV":{
                        "0":"2",
                        "1":"10",
                        "2":"9:9",
                        "3":null
                    },
                    "V":{
                        "0":"7",
                        "1":"3",
                        "2":"14:21",
                        "3":null
                    },
                    "VI":{
                        "0":1.0,
                        "1":null,
                        "2":null,
                        "3":null
                    }
                },
                "Set 3":{
                    "I":{
                        "0":6.0,
                        "1":null,
                        "2":null
                    },
                    "II":{
                        "0":12.0,
                        "1":null,
                        "2":null
                    },
                    "III":{
                        "0":"2",
                        "1":"10",
                        "2":"0:0"
                    },
                    "IV":{
                        "0":7.0,
                        "1":null,
                        "2":null
                    },
                    "V":{
                        "0":1.0,
                        "1":null,
                        "2":null
                    },
                    "VI":{
                        "0":8.0,
                        "1":null,
                        "2":null
                    }
                },
                "Set 4":{
                    "I":{
                        "0":8
                    },
                    "II":{
                        "0":6
                    },
                    "III":{
                        "0":12
                    },
                    "IV":{
                        "0":10
                    },
                    "V":{
                        "0":7
                    },
                    "VI":{
                        "0":1
                    }
                },
                "Set 5":0
            },
            "Serves 1":{
                "Set 1":{
                    "I":{
                        "0":null,
                        "1":12.0,
                        "2":18.0
                    },
                    "II":{
                        "0":"2",
                        "1":13,
                        "2":24
                    },
                    "III":{
                        "0":"4",
                        "1":14.0,
                        "2":null
                    },
                    "IV":{
                        "0":"5",
                        "1":15.0,
                        "2":null
                    },
                    "V":{
                        "0":"8",
                        "1":16.0,
                        "2":null
                    },
                    "VI":{
                        "0":"11",
                        "1":17.0,
                        "2":null
                    }
                },
                "Set 2":{
                    "I":{
                        "0":"0",
                        "1":11
                    },
                    "II":{
                        "0":"1",
                        "1":13
                    },
                    "III":{
                        "0":"2",
                        "1":16
                    },
                    "IV":{
                        "0":"5",
                        "1":18
                    },
                    "V":{
                        "0":"7",
                        "1":22
                    },
                    "VI":{
                        "0":"9",
                        "1":25
                    }
                },
                "Set 3":{
                    "I":{
                        "0":null,
                        "1":16.0
                    },
                    "II":{
                        "0":"1",
                        "1":20
                    },
                    "III":{
                        "0":"3",
                        "1":21
                    },
                    "IV":{
                        "0":"7",
                        "1":24
                    },
                    "V":{
                        "0":"8",
                        "1":25
                    },
                    "VI":{
                        "0":"11",
                        "1":null
                    }
                },
                "Set 4":{
                    "I":{
                        "0":"2",
                        "1":11,
                        "2":22
                    },
                    "II":{
                        "0":"3",
                        "1":14,
                        "2":25
                    },
                    "III":{
                        "0":"4",
                        "1":15.0,
                        "2":null
                    },
                    "IV":{
                        "0":"5",
                        "1":16.0,
                        "2":null
                    },
                    "V":{
                        "0":"9",
                        "1":19.0,
                        "2":null
                    },
                    "VI":{
                        "0":"10",
                        "1":21.0,
                        "2":null
                    }
                },
                "Set 5":0
            },
            "Serves 2":{
                "Set 1":{
                    "I":{
                        "0":"0",
                        "1":14,
                        "2":24
                    },
                    "II":{
                        "0":"2",
                        "1":15,
                        "2":26
                    },
                    "III":{
                        "0":"3",
                        "1":16.0,
                        "2":null
                    },
                    "IV":{
                        "0":"6",
                        "1":17.0,
                        "2":null
                    },
                    "V":{
                        "0":"11",
                        "1":20.0,
                        "2":null
                    },
                    "VI":{
                        "0":"12",
                        "1":22.0,
                        "2":null
                    }
                },
                "Set 2":{
                    "I":{
                        "0":null,
                        "1":9.0
                    },
                    "II":{
                        "0":"3",
                        "1":10
                    },
                    "III":{
                        "0":"5",
                        "1":11
                    },
                    "IV":{
                        "0":"6",
                        "1":12
                    },
                    "V":{
                        "0":"7",
                        "1":14
                    },
                    "VI":{
                        "0":"8",
                        "1":17
                    }
                },
                "Set 3":{
                    "I":{
                        "0":"0",
                        "1":12
                    },
                    "II":{
                        "0":"2",
                        "1":15
                    },
                    "III":{
                        "0":"3",
                        "1":18
                    },
                    "IV":{
                        "0":"4",
                        "1":21
                    },
                    "V":{
                        "0":"7",
                        "1":null
                    },
                    "VI":{
                        "0":"11",
                        "1":null
                    }
                },
                "Set 4":{
                    "I":{
                        "0":null,
                        "1":12.0,
                        "2":21.0
                    },
                    "II":{
                        "0":"1",
                        "1":13,
                        "2":23
                    },
                    "III":{
                        "0":"4",
                        "1":15.0,
                        "2":null
                    },
                    "IV":{
                        "0":"5",
                        "1":17.0,
                        "2":null
                    },
                    "V":{
                        "0":"9",
                        "1":18.0,
                        "2":null
                    },
                    "VI":{
                        "0":"11",
                        "1":19.0,
                        "2":null
                    }
                },
                "Set 5":0
            },
            "Timeouts 1":{
                "Set 1":{
                    "T":{
                        "0":"8:11",
                        "1":"16:19"
                    }
                },
                "Set 2":{
                    "T":{
                        "0":"22:17"
                    }
                },
                "Set 3":{
                    "T":{
                        "0":"20:15",
                        "1":"24:20"
                    }
                },
                "Set 4":{
                    "T":{
                        "0":"19:19",
                        "1":"22:23"
                    }
                },
                "Set 5":0
            },
            "Timeouts 2":{
                "Set 1":{
                    "T":{
                        "0":"24:20",
                        "1":"24:22"
                    }
                },
                "Set 2":{
                    "T":{
                        "0":"11:14",
                        "1":"14:20"
                    }
                },
                "Set 3":{
                    "T":{
                        "0":"3:7",
                        "1":"12:18"
                    }
                },
                "Set 4":{
                    "T":{
                        "0":"19:21",
                        "1":"21:22"
                    }
                },
                "Set 5":0
            }
        },
        "Teams":{
            "Name":{
                "Team 1":"OLYMPIQUES ANTIBES JUAN PINS",
                "Team 2":"VOLERO LE CANNET COTE D'AZUR 3"
            },
            "Players":{
                "Team 1":{
                    "N\u00b0":{
                        "0":1,
                        "1":2,
                        "2":3,
                        "3":4,
                        "4":5,
                        "5":6,
                        "6":7,
                        "7":9,
                        "8":11,
                        "9":14,
                        "10":15,
                        "11":18
                    },
                    "Nom Pr\u00e9nom":{
                        "0":"LAMBERT MARGOT",
                        "1":"MULARD MARL\u00c8NE",
                        "2":"BOUGEATRE SOPHIE",
                        "3":"CREANCE OLIVIA",
                        "4":"CHARPENTIER CARLA",
                        "5":"ROCHARD SOPHIE",
                        "6":"COLLU BARBARA",
                        "7":"NICOLEAU MAEVA",
                        "8":"DEBARRE ESTELLE",
                        "9":"DERRIEN NADEGE",
                        "10":"VIAZZI MERENGONE ELODIE",
                        "11":"LANDAIS KAREN"
                    },
                    "Licence":{
                        "0":2096882,
                        "1":1941007,
                        "2":1690261,
                        "3":1681628,
                        "4":1856755,
                        "5":211722,
                        "6":1570910,
                        "7":1924735,
                        "8":1871652,
                        "9":1593607,
                        "10":1990357,
                        "11":1785533
                    }
                },
                "Team 2":{
                    "N\u00b0":{
                        "0":1,
                        "1":2,
                        "2":3,
                        "3":4,
                        "4":5,
                        "5":6,
                        "6":7,
                        "7":8,
                        "8":10,
                        "9":12
                    },
                    "Nom Pr\u00e9nom":{
                        "0":"NOBLET ANNA",
                        "1":"GALLIGO JADE",
                        "2":"MORILLON MANON",
                        "3":"TESTU ILONA",
                        "4":"LOUTREUIL CLARA",
                        "5":"BRUN EVA",
                        "6":"BAFFICO JULIETTE",
                        "7":"MARACHE JULIETTE",
                        "8":"EL RHAFFOULI AMBRE",
                        "9":"MAINGRET JUSTINE"
                    },
                    "Licence":{
                        "0":1972585,
                        "1":1830638,
                        "2":1946224,
                        "3":1963354,
                        "4":2053881,
                        "5":2138757,
                        "6":2001949,
                        "7":2022851,
                        "8":2137599,
                        "9":2093311
                    }
                }
            },
            "Liberos":{
                "Team 1":{
                    "N\u00b0":{
                        "0":7,
                        "1":15
                    },
                    "Nom Pr\u00e9nom":{
                        "0":"COLLU BARBARA",
                        "1":"VIAZZI MERENGONE ELODIE"
                    },
                    "Licence":{
                        "0":1570910,
                        "1":1990357
                    }
                },
                "Team 2":{
                    "N\u00b0":{
                        "0":4
                    },
                    "Nom Pr\u00e9nom":{
                        "0":"TESTU ILONA"
                    },
                    "Licence":{
                        "0":1963354
                    }
                }
            },
            "Officials":{
                "Team 1":{
                    "N\u00b0":{
                        "0":"EA",
                        "1":"EB"
                    },
                    "Nom Pr\u00e9nom":{
                        "0":"DRAN NICOLAS",
                        "1":"CHABROLIN GREGORY"
                    },
                    "Licence":{
                        "0":1233690,
                        "1":1770231
                    }
                },
                "Team 2":{
                    "N\u00b0":{
                        "0":"EA"
                    },
                    "Nom Pr\u00e9nom":{
                        "0":"CATZARAS REGIS"
                    },
                    "Licence":{
                        "0":1855039
                    }
                }
            }
        },
        "Results":{
            "winner":"OLYMPIQUES ANTIBES JUA",
            "score":"3\/1"
        },
        "Referees":{
            "NOM Pr\u00e9nom":{
                "1er":"LORENZELLI NICOLAS",
                "2\u00e8me":"BELDICO THOMAS",
                "Marqueur":"VILLENEUVE THEO",
                "Marq.Ass":".",
                "R.Salle":"CAPARROS JEAN-LOUIS"
            },
            "Ligue":{
                "1er":"LIG_PAC",
                "2\u00e8me":"LIG_PAC",
                "Marqueur":"LIG_PAC",
                "Marq.Ass":null,
                "R.Salle":"LIG_PAC"
            },
            "Licence":{
                "1er":1917553.0,
                "2\u00e8me":1812190.0,
                "Marqueur":2220849.0,
                "Marq.Ass":null,
                "R.Salle":122390.0
            }
        },
        "Penalties":{

        }
    }
}