{
    "Match":{
        "Title":{
            "div_code":"3FA ",
            "div_name":"NATIONALE 3 FEMININE POULE A",
            "div_pool":"",
            "match_number":"3FA040",
            "match_day":"07",
            "city":"AUBAGNE",
            "gym":"GYMNASE MOUREN",
            "category":"SENIOR | FEMININE",
            "ligue":"Comp\u00e9titions Nationales SENIORS",
            "date":"2019-12-01 15:00:00",
            "team_1":"AUBAGNE CARNOUX VOLLEY-BALL",
            "team_2":"STADE MARSEILLAIS U.C"
        },
        "Sets":{
            "Teams":{
                "Set 1":{
                    "Name":{
                        "Team 1":"AUBAGNE CARNOUX VOLLEY",
                        "Team 2":"STADE MARSEILLAIS U.C"
                    },
                    "Starting":{
                        "Team 1":"Reception",
                        "Team 2":"Service"
                    }
                },
                "Set 2":{
                    "Name":{
                        "Team 1":"AUBAGNE CARNOUX VOLLEY",
                        "Team 2":"STADE MARSEILLAIS U.C"
                    },
                    "Starting":{
                        "Team 1":"Service",
                        "Team 2":"Reception"
                    }
                },
                "Set 3":{
                    "Name":{
                        "Team 1":"AUBAGNE CARNOUX VOLLEY",
                        "Team 2":"STADE MARSEILLAIS U.C"
                    },
                    "Starting":{
                        "Team 1":"Reception",
                        "Team 2":"Service"
                    }
                },
                "Set 4":{
                    "Name":{
                        "Team 1":"AUBAGNE CARNOUX VOLLEY",
                        "Team 2":"STADE MARSEILLAIS U.C"
                    },
                    "Starting":{
                        "Team 1":"Service",
                        "Team 2":"Reception"
                    }
                },
                "Set 5":0
            },
            "Time":{
                "Set 1":{
                    "Time":{
                        "Start":"2019-12-01 14:58:00",
                        "End":"2019-12-01 15:21:00"
                    }
                },
                "Set 2":{
                    "Time":{
                        "Start":"2019-12-01 15:25:00",
                        "End":"2019-12-01 15:50:00"
                    }
                },
                "Set 3":{
                    "Time":{
                        "Start":"2019-12-01 15:54:00",
                        "End":"2019-12-01 16:20:00"
                    }
                },
                "Set 4":{
                    "Time":{
                        "Start":"2019-12-01 16:25:00",
                        "End":"2019-12-01 16:48:00"
                    }
                },
                "Set 5":0
            },
            "Substitutions 1":{
                "Set 1":{
                    "I":{
                        "0":19.0,
                        "1":null,
                        "2":null
                    },
                    "II":{
                        "0":6.0,
                        "1":null,
                        "2":null
                    },
                    "III":{
                        "0":3.0,
                        "1":null,
                        "2":null
                    },
                    "IV":{
                        "0":8.0,
                        "1":null,
                        "2":null
                    },
                    "V":{
                        "0":13.0,
                        "1":null,
                        "2":null
                    },
                    "VI":{
                        "0":"4",
                        "1":"1",
                        "2":"13:11"
                    }
                },
                "Set 2":{
                    "I":{
                        "0":"6",
                        "1":"2",
                        "2":"4:11"
                    },
                    "II":{
                        "0":3.0,
                        "1":null,
                        "2":null
                    },
                    "III":{
                        "0":"8",
                        "1":"4",
                        "2":"15:24"
                    },
                    "IV":{
                        "0":13.0,
                        "1":null,
                        "2":null
                    },
                    "V":{
                        "0":1.0,
                        "1":null,
                        "2":null
                    },
                    "VI":{
                        "0":19.0,
                        "1":null,
                        "2":null
                    }
                },
                "Set 3":{
                    "I":{
                        "0":19.0,
                        "1":null,
                        "2":null
                    },
                    "II":{
                        "0":6.0,
                        "1":null,
                        "2":null
                    },
                    "III":{
                        "0":3.0,
                        "1":null,
                        "2":null
                    },
                    "IV":{
                        "0":8.0,
                        "1":null,
                        "2":null
                    },
                    "V":{
                        "0":13.0,
                        "1":null,
                        "2":null
                    },
                    "VI":{
                        "0":"4",
                        "1":"1",
                        "2":"18:17"
                    }
                },
                "Set 4":{
                    "I":{
                        "0":6.0,
                        "1":null,
                        "2":null
                    },
                    "II":{
                        "0":3.0,
                        "1":null,
                        "2":null
                    },
                    "III":{
                        "0":8.0,
                        "1":null,
                        "2":null
                    },
                    "IV":{
                        "0":13.0,
                        "1":null,
                        "2":null
                    },
                    "V":{
                        "0":"4",
                        "1":"1",
                        "2":"15:12"
                    },
                    "VI":{
                        "0":19.0,
                        "1":null,
                        "2":null
                    }
                },
                "Set 5":0
            },
            "Substitutions 2":{
                "Set 1":{
                    "I":{
                        "0":2
                    },
                    "II":{
                        "0":12
                    },
                    "III":{
                        "0":3
                    },
                    "IV":{
                        "0":19
                    },
                    "V":{
                        "0":5
                    },
                    "VI":{
                        "0":7
                    }
                },
                "Set 2":{
                    "I":{
                        "0":"2",
                        "1":"13",
                        "2":"22:15"
                    },
                    "II":{
                        "0":12.0,
                        "1":null,
                        "2":null
                    },
                    "III":{
                        "0":7.0,
                        "1":null,
                        "2":null
                    },
                    "IV":{
                        "0":4.0,
                        "1":null,
                        "2":null
                    },
                    "V":{
                        "0":"5",
                        "1":"15",
                        "2":"24:15"
                    },
                    "VI":{
                        "0":3.0,
                        "1":null,
                        "2":null
                    }
                },
                "Set 3":{
                    "I":{
                        "0":2.0,
                        "1":null,
                        "2":null
                    },
                    "II":{
                        "0":12.0,
                        "1":null,
                        "2":null
                    },
                    "III":{
                        "0":7.0,
                        "1":null,
                        "2":null
                    },
                    "IV":{
                        "0":4.0,
                        "1":null,
                        "2":null
                    },
                    "V":{
                        "0":"5",
                        "1":"9",
                        "2":"16:17"
                    },
                    "VI":{
                        "0":"3",
                        "1":"13",
                        "2":"17:18"
                    }
                },
                "Set 4":{
                    "I":{
                        "0":"2",
                        "1":"15",
                        "2":"12:16"
                    },
                    "II":{
                        "0":9.0,
                        "1":null,
                        "2":null
                    },
                    "III":{
                        "0":13.0,
                        "1":null,
                        "2":null
                    },
                    "IV":{
                        "0":4.0,
                        "1":null,
                        "2":null
                    },
                    "V":{
                        "0":12.0,
                        "1":null,
                        "2":null
                    },
                    "VI":{
                        "0":7.0,
                        "1":null,
                        "2":null
                    }
                },
                "Set 5":0
            },
            "Serves 1":{
                "Set 1":{
                    "I":{
                        "0":null,
                        "1":14.0
                    },
                    "II":{
                        "0":"2",
                        "1":15
                    },
                    "III":{
                        "0":"5",
                        "1":16
                    },
                    "IV":{
                        "0":"10",
                        "1":23
                    },
                    "V":{
                        "0":"12",
                        "1":25
                    },
                    "VI":{
                        "0":"13",
                        "1":null
                    }
                },
                "Set 2":{
                    "I":{
                        "0":"0",
                        "1":6
                    },
                    "II":{
                        "0":"1",
                        "1":7
                    },
                    "III":{
                        "0":"2",
                        "1":13
                    },
                    "IV":{
                        "0":"3",
                        "1":14
                    },
                    "V":{
                        "0":"4",
                        "1":15
                    },
                    "VI":{
                        "0":"5",
                        "1":null
                    }
                },
                "Set 3":{
                    "I":{
                        "0":null,
                        "1":16.0,
                        "2":24.0
                    },
                    "II":{
                        "0":"2",
                        "1":17,
                        "2":25
                    },
                    "III":{
                        "0":"3",
                        "1":18.0,
                        "2":null
                    },
                    "IV":{
                        "0":"4",
                        "1":19.0,
                        "2":null
                    },
                    "V":{
                        "0":"12",
                        "1":21.0,
                        "2":null
                    },
                    "VI":{
                        "0":"14",
                        "1":22.0,
                        "2":null
                    }
                },
                "Set 4":{
                    "I":{
                        "0":"1",
                        "1":7,
                        "2":21
                    },
                    "II":{
                        "0":"2",
                        "1":10,
                        "2":25
                    },
                    "III":{
                        "0":"0",
                        "1":12.0,
                        "2":null
                    },
                    "IV":{
                        "0":"1.1",
                        "1":14.0,
                        "2":null
                    },
                    "V":{
                        "0":"3",
                        "1":18.0,
                        "2":null
                    },
                    "VI":{
                        "0":"6",
                        "1":19.0,
                        "2":null
                    }
                },
                "Set 5":0
            },
            "Serves 2":{
                "Set 1":{
                    "I":{
                        "0":"0",
                        "1":14
                    },
                    "II":{
                        "0":"2",
                        "1":15
                    },
                    "III":{
                        "0":"3",
                        "1":16
                    },
                    "IV":{
                        "0":"6",
                        "1":17
                    },
                    "V":{
                        "0":"8",
                        "1":null
                    },
                    "VI":{
                        "0":"11",
                        "1":null
                    }
                },
                "Set 2":{
                    "I":{
                        "0":null,
                        "1":13.0
                    },
                    "II":{
                        "0":"3",
                        "1":14
                    },
                    "III":{
                        "0":"6",
                        "1":19
                    },
                    "IV":{
                        "0":"7",
                        "1":20
                    },
                    "V":{
                        "0":"9",
                        "1":22
                    },
                    "VI":{
                        "0":"12",
                        "1":25
                    }
                },
                "Set 3":{
                    "I":{
                        "0":"0",
                        "1":15,
                        "2":21
                    },
                    "II":{
                        "0":"4",
                        "1":16.0,
                        "2":null
                    },
                    "III":{
                        "0":"5",
                        "1":17.0,
                        "2":null
                    },
                    "IV":{
                        "0":"6",
                        "1":18.0,
                        "2":null
                    },
                    "V":{
                        "0":"10",
                        "1":19.0,
                        "2":null
                    },
                    "VI":{
                        "0":"11",
                        "1":20.0,
                        "2":null
                    }
                },
                "Set 4":{
                    "I":{
                        "0":null,
                        "1":6.0,
                        "2":15.0
                    },
                    "II":{
                        "0":"1",
                        "1":7,
                        "2":17
                    },
                    "III":{
                        "0":"2",
                        "1":8.0,
                        "2":null
                    },
                    "IV":{
                        "0":"1.1",
                        "1":9.0,
                        "2":null
                    },
                    "V":{
                        "0":"2.1",
                        "1":12.0,
                        "2":null
                    },
                    "VI":{
                        "0":"5",
                        "1":13.0,
                        "2":null
                    }
                },
                "Set 5":0
            },
            "Timeouts 1":{
                "Set 1":{
                    "T":{
                        "0":"13:10"
                    }
                },
                "Set 2":{
                    "T":{
                        "0":"1:5",
                        "1":"14:22"
                    }
                },
                "Set 3":{
                    "T":{
                        "0":"21:19"
                    }
                },
                "Set 4":{
                    "T":{
                        "0":"21:16"
                    }
                },
                "Set 5":0
            },
            "Timeouts 2":{
                "Set 1":{
                    "T":{
                        "0":"16:21",
                        "1":"17:24"
                    }
                },
                "Set 2":{
                    "T":{
                        "0":"19:9"
                    }
                },
                "Set 3":{
                    "T":{
                        "0":"6:12",
                        "1":"20:24"
                    }
                },
                "Set 4":{
                    "T":{

                    }
                },
                "Set 5":0
            }
        },
        "Teams":{
            "Name":{
                "Team 1":"AUBAGNE CARNOUX VOLLEY-BALL",
                "Team 2":"STADE MARSEILLAIS U.C"
            },
            "Players":{
                "Team 1":{
                    "N\u00b0":{
                        "0":1,
                        "1":2,
                        "2":3,
                        "3":4,
                        "4":6,
                        "5":7,
                        "6":8,
                        "7":13,
                        "8":19
                    },
                    "Nom Pr\u00e9nom":{
                        "0":"ROUVRAIS ESTELLE",
                        "1":"VALLADOLID RIVAS MARIA ARMI",
                        "2":"MARQUET MARION",
                        "3":"LE TALLEC SOLENE",
                        "4":"BRIAND DELPHINE",
                        "5":"GONZALEZ CLAIRE",
                        "6":"DEHANT FLORENCE",
                        "7":"DUPETIT ESTELLE",
                        "8":"MORINI MARIANNE"
                    },
                    "Licence":{
                        "0":1799538,
                        "1":2410318,
                        "2":1757834,
                        "3":1859380,
                        "4":1451111,
                        "5":1388759,
                        "6":1360690,
                        "7":1715007,
                        "8":1757852
                    }
                },
                "Team 2":{
                    "N\u00b0":{
                        "0":2,
                        "1":3,
                        "2":4,
                        "3":5,
                        "4":6,
                        "5":7,
                        "6":9,
                        "7":12,
                        "8":13,
                        "9":15,
                        "10":19
                    },
                    "Nom Pr\u00e9nom":{
                        "0":"BERNARDINI ALICE",
                        "1":"CHATAGNON ANAIS",
                        "2":"BEN-JADDI INES",
                        "3":"COTERON AMANDINE",
                        "4":"PIRAULT LESADE ZOE",
                        "5":"CAZELLES MANON",
                        "6":"CUGY RAPHAELLE",
                        "7":"DANIEL CANELLE",
                        "8":"VIVIEN KASSANDRA",
                        "9":"TAMISIER LENA",
                        "10":"BEN-JADDI SABRINA"
                    },
                    "Licence":{
                        "0":1419080,
                        "1":1633838,
                        "2":1898589,
                        "3":1818482,
                        "4":2092800,
                        "5":1947516,
                        "6":2303974,
                        "7":1887235,
                        "8":1794874,
                        "9":2193536,
                        "10":1520682
                    }
                }
            },
            "Liberos":{
                "Team 1":{
                    "N\u00b0":{

                    },
                    "Nom Pr\u00e9nom":{

                    },
                    "Licence":{

                    }
                },
                "Team 2":{
                    "N\u00b0":{

                    },
                    "Nom Pr\u00e9nom":{

                    },
                    "Licence":{

                    }
                }
            },
            "Officials":{
                "Team 1":{
                    "N\u00b0":{
                        "0":"EA",
                        "1":"EB"
                    },
                    "Nom Pr\u00e9nom":{
                        "0":"BASTOUL SOPHIE",
                        "1":"TAGUELMINT AMANDA"
                    },
                    "Licence":{
                        "0":1488051,
                        "1":1639032
                    }
                },
                "Team 2":{
                    "N\u00b0":{
                        "0":"EA",
                        "1":"EB"
                    },
                    "Nom Pr\u00e9nom":{
                        "0":"MOUKOKO IV DAVID",
                        "1":"COLLART FREDERIC"
                    },
                    "Licence":{
                        "0":1041927,
                        "1":2356798
                    }
                }
            }
        },
        "Results":{
            "winner":"UBAGNE CARNOUX VOLLEY",
            "score":"3\/1"
        },
        "Referees":{
            "NOM Pr\u00e9nom":{
                "1er":"BOULBES MANON",
                "2\u00e8me":"HADID MARIE-CHRISTINE",
                "Marqueur":"DUVERNET HAFSA",
                "Marq.Ass":".",
                "R.Salle":"ALEMAN ANTOINE"
            },
            "Ligue":{
                "1er":"LIG_PAC",
                "2\u00e8me":"LIG_PAC",
                "Marqueur":"LIG_PAC",
                "Marq.Ass":null,
                "R.Salle":"LIG_PAC"
            },
            "Licence":{
                "1er":1997058.0,
                "2\u00e8me":1102370.0,
                "Marqueur":1948806.0,
                "Marq.Ass":null,
                "R.Salle":1878713.0
            }
        },
        "Penalties":{

        }
    }
}