{
    "Match":{
        "Title":{
            "div_code":"3FA ",
            "div_name":"NATIONALE 3 FEMININE POULE A",
            "div_pool":"",
            "match_number":"3FA033",
            "match_day":"06",
            "city":"MARSEILLE",
            "gym":"ROSE FUVEAU",
            "category":"SENIOR | FEMININE",
            "ligue":"Comp\u00e9titions Nationales SENIORS",
            "date":"2019-12-15 17:00:00",
            "team_1":"STADE MARSEILLAIS U.C",
            "team_2":"VIDAUBAN VOLLEY-BALL"
        },
        "Sets":{
            "Teams":{
                "Set 1":{
                    "Name":{
                        "Team 1":"STADE MARSEILLAIS U.C",
                        "Team 2":"VIDAUBAN VOLLEY-BALL"
                    },
                    "Starting":{
                        "Team 1":"Service",
                        "Team 2":"Reception"
                    }
                },
                "Set 2":{
                    "Name":{
                        "Team 1":"STADE MARSEILLAIS U.C",
                        "Team 2":"VIDAUBAN VOLLEY-BALL"
                    },
                    "Starting":{
                        "Team 1":"Reception",
                        "Team 2":"Service"
                    }
                },
                "Set 3":{
                    "Name":{
                        "Team 1":"STADE MARSEILLAIS U.C",
                        "Team 2":"VIDAUBAN VOLLEY-BALL"
                    },
                    "Starting":{
                        "Team 1":"Service",
                        "Team 2":"Reception"
                    }
                },
                "Set 4":{
                    "Name":{
                        "Team 1":"STADE MARSEILLAIS U.C",
                        "Team 2":"VIDAUBAN VOLLEY-BALL"
                    },
                    "Starting":{
                        "Team 1":"Reception",
                        "Team 2":"Service"
                    }
                },
                "Set 5":{
                    "Name":{
                        "Team 1":"VIDAUBAN VOLLEY-BAL",
                        "Team 2":"STADE MARSEILLAIS U"
                    },
                    "Starting":{
                        "Team 1":"Reception",
                        "Team 2":"Service"
                    }
                }
            },
            "Time":{
                "Set 1":{
                    "Time":{
                        "Start":"2019-12-15 17:00:00",
                        "End":"2019-12-15 17:28:00"
                    }
                },
                "Set 2":{
                    "Time":{
                        "Start":"2019-12-15 17:31:00",
                        "End":"2019-12-15 18:00:00"
                    }
                },
                "Set 3":{
                    "Time":{
                        "Start":"2019-12-15 18:04:00",
                        "End":"2019-12-15 18:38:00"
                    }
                },
                "Set 4":{
                    "Time":{
                        "Start":"2019-12-15 18:41:00",
                        "End":"2019-12-15 19:13:00"
                    }
                },
                "Set 5":{
                    "Time":{
                        "Start":"2019-12-15 19:17:00",
                        "End":"2019-12-15 19:32:00"
                    }
                }
            },
            "Substitutions 1":{
                "Set 1":{
                    "I":{
                        "0":15
                    },
                    "II":{
                        "0":12
                    },
                    "III":{
                        "0":3
                    },
                    "IV":{
                        "0":19
                    },
                    "V":{
                        "0":9
                    },
                    "VI":{
                        "0":7
                    }
                },
                "Set 2":{
                    "I":{
                        "0":7.0,
                        "1":null,
                        "2":null
                    },
                    "II":{
                        "0":"15",
                        "1":"2",
                        "2":"8:12"
                    },
                    "III":{
                        "0":12.0,
                        "1":null,
                        "2":null
                    },
                    "IV":{
                        "0":3.0,
                        "1":null,
                        "2":null
                    },
                    "V":{
                        "0":19.0,
                        "1":null,
                        "2":null
                    },
                    "VI":{
                        "0":9.0,
                        "1":null,
                        "2":null
                    }
                },
                "Set 3":{
                    "I":{
                        "0":"15",
                        "1":"2",
                        "2":"8:13"
                    },
                    "II":{
                        "0":12.0,
                        "1":null,
                        "2":null
                    },
                    "III":{
                        "0":3.0,
                        "1":null,
                        "2":null
                    },
                    "IV":{
                        "0":19.0,
                        "1":null,
                        "2":null
                    },
                    "V":{
                        "0":9.0,
                        "1":null,
                        "2":null
                    },
                    "VI":{
                        "0":7.0,
                        "1":null,
                        "2":null
                    }
                },
                "Set 4":{
                    "I":{
                        "0":2.0,
                        "1":null,
                        "2":null
                    },
                    "II":{
                        "0":12.0,
                        "1":null,
                        "2":null
                    },
                    "III":{
                        "0":3.0,
                        "1":null,
                        "2":null
                    },
                    "IV":{
                        "0":19.0,
                        "1":null,
                        "2":null
                    },
                    "V":{
                        "0":"9",
                        "1":"5",
                        "2":"5:9"
                    },
                    "VI":{
                        "0":7.0,
                        "1":null,
                        "2":null
                    }
                },
                "Set 5":{
                    "I":{
                        "0":9.0,
                        "1":null,
                        "2":null,
                        "3":null
                    },
                    "II":{
                        "0":"1",
                        "1":"11",
                        "2":"13:14",
                        "3":null
                    },
                    "III":{
                        "0":"6",
                        "1":"7",
                        "2":"3:2",
                        "3":"6:4"
                    },
                    "IV":{
                        "0":"2",
                        "1":"4",
                        "2":"12:13",
                        "3":null
                    },
                    "V":{
                        "0":5.0,
                        "1":null,
                        "2":null,
                        "3":null
                    },
                    "VI":{
                        "0":"13",
                        "1":"3",
                        "2":"11:11",
                        "3":null
                    }
                }
            },
            "Substitutions 2":{
                "Set 1":{
                    "I":{
                        "0":5.0,
                        "1":null,
                        "2":null,
                        "3":null
                    },
                    "II":{
                        "0":13.0,
                        "1":null,
                        "2":null,
                        "3":null
                    },
                    "III":{
                        "0":20.0,
                        "1":null,
                        "2":null,
                        "3":null
                    },
                    "IV":{
                        "0":1.0,
                        "1":null,
                        "2":null,
                        "3":null
                    },
                    "V":{
                        "0":"6",
                        "1":"7",
                        "2":"9:16",
                        "3":"13:20"
                    },
                    "VI":{
                        "0":"2",
                        "1":"3",
                        "2":"10:18",
                        "3":"16:21"
                    }
                },
                "Set 2":{
                    "I":{
                        "0":13.0,
                        "1":null,
                        "2":null,
                        "3":null
                    },
                    "II":{
                        "0":"20",
                        "1":"9",
                        "2":"0:1",
                        "3":null
                    },
                    "III":{
                        "0":1.0,
                        "1":null,
                        "2":null,
                        "3":null
                    },
                    "IV":{
                        "0":"6",
                        "1":"7",
                        "2":"20:18",
                        "3":"24:21"
                    },
                    "V":{
                        "0":"2",
                        "1":"11",
                        "2":"21:18",
                        "3":null
                    },
                    "VI":{
                        "0":5.0,
                        "1":null,
                        "2":null,
                        "3":null
                    }
                },
                "Set 3":{
                    "I":{
                        "0":"13",
                        "1":"3",
                        "2":"20:19",
                        "3":null
                    },
                    "II":{
                        "0":9.0,
                        "1":null,
                        "2":null,
                        "3":null
                    },
                    "III":{
                        "0":"1",
                        "1":"11",
                        "2":"18:17",
                        "3":"24:23"
                    },
                    "IV":{
                        "0":"6",
                        "1":"7",
                        "2":"16:12",
                        "3":"20:19"
                    },
                    "V":{
                        "0":"2",
                        "1":"4",
                        "2":"17:12",
                        "3":null
                    },
                    "VI":{
                        "0":5.0,
                        "1":null,
                        "2":null,
                        "3":null
                    }
                },
                "Set 4":{
                    "I":{
                        "0":"13",
                        "1":"3",
                        "2":"16:16",
                        "3":null
                    },
                    "II":{
                        "0":9.0,
                        "1":null,
                        "2":null,
                        "3":null
                    },
                    "III":{
                        "0":"1",
                        "1":"11",
                        "2":"20:19",
                        "3":"24:25"
                    },
                    "IV":{
                        "0":"6",
                        "1":"7",
                        "2":"16:17",
                        "3":"22:20"
                    },
                    "V":{
                        "0":"2",
                        "1":"4",
                        "2":"17:18",
                        "3":null
                    },
                    "VI":{
                        "0":5.0,
                        "1":null,
                        "2":null,
                        "3":null
                    }
                },
                "Set 5":{
                    "I":{
                        "0":2
                    },
                    "II":{
                        "0":12
                    },
                    "III":{
                        "0":3
                    },
                    "IV":{
                        "0":19
                    },
                    "V":{
                        "0":5
                    },
                    "VI":{
                        "0":7
                    }
                }
            },
            "Serves 1":{
                "Set 1":{
                    "I":{
                        "0":"5",
                        "1":20
                    },
                    "II":{
                        "0":"6",
                        "1":21
                    },
                    "III":{
                        "0":"8",
                        "1":24
                    },
                    "IV":{
                        "0":"15",
                        "1":25
                    },
                    "V":{
                        "0":"18",
                        "1":null
                    },
                    "VI":{
                        "0":"19",
                        "1":null
                    }
                },
                "Set 2":{
                    "I":{
                        "0":null,
                        "1":12.0,
                        "2":21.0
                    },
                    "II":{
                        "0":"1",
                        "1":13.0,
                        "2":null
                    },
                    "III":{
                        "0":"3",
                        "1":15.0,
                        "2":null
                    },
                    "IV":{
                        "0":"4",
                        "1":17.0,
                        "2":null
                    },
                    "V":{
                        "0":"6",
                        "1":18.0,
                        "2":null
                    },
                    "VI":{
                        "0":"8",
                        "1":19.0,
                        "2":null
                    }
                },
                "Set 3":{
                    "I":{
                        "0":"0",
                        "1":8,
                        "2":21
                    },
                    "II":{
                        "0":"2",
                        "1":10,
                        "2":22
                    },
                    "III":{
                        "0":"4",
                        "1":11,
                        "2":25
                    },
                    "IV":{
                        "0":"5",
                        "1":12.0,
                        "2":null
                    },
                    "V":{
                        "0":"6",
                        "1":17.0,
                        "2":null
                    },
                    "VI":{
                        "0":"7",
                        "1":19.0,
                        "2":null
                    }
                },
                "Set 4":{
                    "I":{
                        "0":null,
                        "1":11.0,
                        "2":20.0
                    },
                    "II":{
                        "0":"1",
                        "1":12,
                        "2":22
                    },
                    "III":{
                        "0":"3",
                        "1":15,
                        "2":24
                    },
                    "IV":{
                        "0":"4",
                        "1":16,
                        "2":26
                    },
                    "V":{
                        "0":"5",
                        "1":18.0,
                        "2":null
                    },
                    "VI":{
                        "0":"7",
                        "1":19.0,
                        "2":null
                    }
                },
                "Set 5":{
                    "I":{
                        "0":null,
                        "1":9.0
                    },
                    "II":{
                        "0":"1",
                        "1":10
                    },
                    "III":{
                        "0":"3",
                        "1":11
                    },
                    "IV":{
                        "0":"4",
                        "1":12
                    },
                    "V":{
                        "0":"5",
                        "1":13
                    },
                    "VI":{
                        "0":"8",
                        "1":null
                    }
                }
            },
            "Serves 2":{
                "Set 1":{
                    "I":{
                        "0":null,
                        "1":12.0
                    },
                    "II":{
                        "0":"3",
                        "1":15
                    },
                    "III":{
                        "0":"4",
                        "1":16
                    },
                    "IV":{
                        "0":"6",
                        "1":19
                    },
                    "V":{
                        "0":"9",
                        "1":null
                    },
                    "VI":{
                        "0":"10",
                        "1":null
                    }
                },
                "Set 2":{
                    "I":{
                        "0":"0",
                        "1":15,
                        "2":25
                    },
                    "II":{
                        "0":"3",
                        "1":16.0,
                        "2":null
                    },
                    "III":{
                        "0":"4",
                        "1":17.0,
                        "2":null
                    },
                    "IV":{
                        "0":"7",
                        "1":20.0,
                        "2":null
                    },
                    "V":{
                        "0":"8",
                        "1":21.0,
                        "2":null
                    },
                    "VI":{
                        "0":"13",
                        "1":23.0,
                        "2":null
                    }
                },
                "Set 3":{
                    "I":{
                        "0":null,
                        "1":10.0,
                        "2":20.0
                    },
                    "II":{
                        "0":"1",
                        "1":13,
                        "2":21
                    },
                    "III":{
                        "0":"2",
                        "1":15,
                        "2":24
                    },
                    "IV":{
                        "0":"5",
                        "1":16,
                        "2":27
                    },
                    "V":{
                        "0":"6",
                        "1":17.0,
                        "2":null
                    },
                    "VI":{
                        "0":"9",
                        "1":19.0,
                        "2":null
                    }
                },
                "Set 4":{
                    "I":{
                        "0":"0",
                        "1":13,
                        "2":22
                    },
                    "II":{
                        "0":"4",
                        "1":14,
                        "2":23
                    },
                    "III":{
                        "0":"7",
                        "1":15,
                        "2":24
                    },
                    "IV":{
                        "0":"8",
                        "1":16.0,
                        "2":null
                    },
                    "V":{
                        "0":"9",
                        "1":19.0,
                        "2":null
                    },
                    "VI":{
                        "0":"11",
                        "1":21.0,
                        "2":null
                    }
                },
                "Set 5":{
                    "I":{
                        "0":"0",
                        "1":10
                    },
                    "II":{
                        "0":"1",
                        "1":11
                    },
                    "III":{
                        "0":"2",
                        "1":13
                    },
                    "IV":{
                        "0":"3",
                        "1":14
                    },
                    "V":{
                        "0":"4",
                        "1":15
                    },
                    "VI":{
                        "0":"6",
                        "1":null
                    }
                }
            },
            "Timeouts 1":{
                "Set 1":{
                    "T":{
                        "0":"15:9",
                        "1":"20:15"
                    }
                },
                "Set 2":{
                    "T":{
                        "0":"17:20",
                        "1":"19:23"
                    }
                },
                "Set 3":{
                    "T":{
                        "0":"22:23",
                        "1":"22:24"
                    }
                },
                "Set 4":{
                    "T":{
                        "0":"19:21",
                        "1":"22:23"
                    }
                },
                "Set 5":{
                    "T":{
                        "0":"9:9"
                    }
                }
            },
            "Timeouts 2":{
                "Set 1":{
                    "T":{
                        "0":"6:11",
                        "1":"6:13"
                    }
                },
                "Set 2":{
                    "T":{
                        "0":"13:11",
                        "1":"16:15"
                    }
                },
                "Set 3":{
                    "T":{
                        "0":"6:6",
                        "1":"17:14"
                    }
                },
                "Set 4":{
                    "T":{
                        "0":"9:7",
                        "1":"23:24"
                    }
                },
                "Set 5":{
                    "T":{
                        "0":"14:13"
                    }
                }
            }
        },
        "Teams":{
            "Name":{
                "Team 1":"STADE MARSEILLAIS U.C",
                "Team 2":"VIDAUBAN VOLLEY-BALL"
            },
            "Players":{
                "Team 1":{
                    "N\u00b0":{
                        "0":2,
                        "1":3,
                        "2":5,
                        "3":7,
                        "4":9,
                        "5":12,
                        "6":15,
                        "7":18,
                        "8":19
                    },
                    "Nom Pr\u00e9nom":{
                        "0":"BERNARDINI ALICE",
                        "1":"CHATAGNON ANAIS",
                        "2":"COTERON AMANDINE",
                        "3":"CAZELLES MANON",
                        "4":"CUGY RAPHAELLE",
                        "5":"DANIEL CANELLE",
                        "6":"TAMISIER LENA",
                        "7":"PIRAULT LESADE ZOE",
                        "8":"BEN-JADDI SABRINA"
                    },
                    "Licence":{
                        "0":1419080,
                        "1":1633838,
                        "2":1818482,
                        "3":1947516,
                        "4":2303974,
                        "5":1887235,
                        "6":2193536,
                        "7":2092800,
                        "8":1520682
                    }
                },
                "Team 2":{
                    "N\u00b0":{
                        "0":1,
                        "1":2,
                        "2":3,
                        "3":4,
                        "4":5,
                        "5":6,
                        "6":7,
                        "7":8,
                        "8":9,
                        "9":11,
                        "10":13,
                        "11":20
                    },
                    "Nom Pr\u00e9nom":{
                        "0":"CONTE CAROLE",
                        "1":"PICARD VANESSA",
                        "2":"DEBRAY EMMA",
                        "3":"SEILLIER MARION",
                        "4":"DUMONT CLEMENTINE",
                        "5":"ROUSSET ELSA",
                        "6":"HUGUET JULIETTE",
                        "7":"DEBRAY SANDRINE",
                        "8":"FERRERO MANON",
                        "9":"FERRERO ALICIA",
                        "10":"CONTE AMANDINE",
                        "11":"DENIS FLORIANE"
                    },
                    "Licence":{
                        "0":1367899,
                        "1":1957203,
                        "2":1964953,
                        "3":2089860,
                        "4":1895166,
                        "5":1558155,
                        "6":1439213,
                        "7":1593280,
                        "8":1877053,
                        "9":1877055,
                        "10":1367900,
                        "11":1902933
                    }
                }
            },
            "Liberos":{
                "Team 1":{
                    "N\u00b0":{
                        "0":18
                    },
                    "Nom Pr\u00e9nom":{
                        "0":"PIRAULT LESADE ZOE"
                    },
                    "Licence":{
                        "0":2092800
                    }
                },
                "Team 2":{
                    "N\u00b0":{
                        "0":8
                    },
                    "Nom Pr\u00e9nom":{
                        "0":"DEBRAY SANDRINE"
                    },
                    "Licence":{
                        "0":1593280
                    }
                }
            },
            "Officials":{
                "Team 1":{
                    "N\u00b0":{
                        "0":"EA",
                        "1":"EB"
                    },
                    "Nom Pr\u00e9nom":{
                        "0":"MOUKOKO IV DAVID",
                        "1":"COLLART FREDERIC"
                    },
                    "Licence":{
                        "0":1041927,
                        "1":2356798
                    }
                },
                "Team 2":{
                    "N\u00b0":{
                        "0":"EA",
                        "1":"EB"
                    },
                    "Nom Pr\u00e9nom":{
                        "0":"ULIVIERI CHRISTOPHE",
                        "1":"NEVEU FLORIAN"
                    },
                    "Licence":{
                        "0":1368043,
                        "1":1459184
                    }
                }
            }
        },
        "Results":{
            "winner":"STADE MARSEILLAIS U.C",
            "score":"3\/2"
        },
        "Referees":{
            "NOM Pr\u00e9nom":{
                "1er":"SAUVAYRE DANIEL",
                "2\u00e8me":"STAN CLAUDIU",
                "Marqueur":"SOUCHE NOEMIE",
                "Marq.Ass":".",
                "R.Salle":"GRANDVUILLEMIN CEDRIC"
            },
            "Ligue":{
                "1er":"LIG_PAC",
                "2\u00e8me":"LIG_OCC",
                "Marqueur":"LIG_PAC",
                "Marq.Ass":null,
                "R.Salle":"LIG_PAC"
            },
            "Licence":{
                "1er":1221790.0,
                "2\u00e8me":1794439.0,
                "Marqueur":2043711.0,
                "Marq.Ass":null,
                "R.Salle":1036738.0
            }
        },
        "Penalties":{

        }
    }
}