{
    "Match":{
        "Title":{
            "div_code":"3FA ",
            "div_name":"NATIONALE 3 FEMININE POULE A",
            "div_pool":"",
            "match_number":"3FA078",
            "match_day":"13",
            "city":"AUBAGNE",
            "gym":"GYMNASE MOUREN",
            "category":"SENIOR | FEMININE",
            "ligue":"Comp\u00e9titions Nationales SENIORS",
            "date":"2020-02-16 15:00:00",
            "team_1":"AUBAGNE CARNOUX VOLLEY-BALL",
            "team_2":"VOLLEY BALL DE GIGNAC"
        },
        "Sets":{
            "Teams":{
                "Set 1":{
                    "Name":{
                        "Team 1":"AUBAGNE CARNOUX VOLLEY",
                        "Team 2":"VOLLEY BALL DE GIGNAC"
                    },
                    "Starting":{
                        "Team 1":"Reception",
                        "Team 2":"Service"
                    }
                },
                "Set 2":{
                    "Name":{
                        "Team 1":"AUBAGNE CARNOUX VOLLEY",
                        "Team 2":"VOLLEY BALL DE GIGNAC"
                    },
                    "Starting":{
                        "Team 1":"Service",
                        "Team 2":"Reception"
                    }
                },
                "Set 3":{
                    "Name":{
                        "Team 1":"AUBAGNE CARNOUX VOLLEY",
                        "Team 2":"VOLLEY BALL DE GIGNAC"
                    },
                    "Starting":{
                        "Team 1":"Reception",
                        "Team 2":"Service"
                    }
                },
                "Set 4":0,
                "Set 5":0
            },
            "Time":{
                "Set 1":{
                    "Time":{
                        "Start":"2020-02-16 14:59:00",
                        "End":"2020-02-16 15:27:00"
                    }
                },
                "Set 2":{
                    "Time":{
                        "Start":"2020-02-16 15:31:00",
                        "End":"2020-02-16 15:56:00"
                    }
                },
                "Set 3":{
                    "Time":{
                        "Start":"2020-02-16 15:59:00",
                        "End":"2020-02-16 16:31:00"
                    }
                },
                "Set 4":0,
                "Set 5":0
            },
            "Substitutions 1":{
                "Set 1":{
                    "I":{
                        "0":"1",
                        "1":"7",
                        "2":"14:20"
                    },
                    "II":{
                        "0":9.0,
                        "1":null,
                        "2":null
                    },
                    "III":{
                        "0":8.0,
                        "1":null,
                        "2":null
                    },
                    "IV":{
                        "0":13.0,
                        "1":null,
                        "2":null
                    },
                    "V":{
                        "0":6.0,
                        "1":null,
                        "2":null
                    },
                    "VI":{
                        "0":19.0,
                        "1":null,
                        "2":null
                    }
                },
                "Set 2":{
                    "I":{
                        "0":1.0,
                        "1":null,
                        "2":null,
                        "3":null
                    },
                    "II":{
                        "0":"9",
                        "1":"12",
                        "2":"5:11",
                        "3":"6:12"
                    },
                    "III":{
                        "0":8.0,
                        "1":null,
                        "2":null,
                        "3":null
                    },
                    "IV":{
                        "0":13.0,
                        "1":null,
                        "2":null,
                        "3":null
                    },
                    "V":{
                        "0":6.0,
                        "1":null,
                        "2":null,
                        "3":null
                    },
                    "VI":{
                        "0":19.0,
                        "1":null,
                        "2":null,
                        "3":null
                    }
                },
                "Set 3":{
                    "I":{
                        "0":19.0,
                        "1":null,
                        "2":null,
                        "3":null
                    },
                    "II":{
                        "0":"1",
                        "1":"7",
                        "2":"17:21",
                        "3":"20:23"
                    },
                    "III":{
                        "0":9.0,
                        "1":null,
                        "2":null,
                        "3":null
                    },
                    "IV":{
                        "0":8.0,
                        "1":null,
                        "2":null,
                        "3":null
                    },
                    "V":{
                        "0":13.0,
                        "1":null,
                        "2":null,
                        "3":null
                    },
                    "VI":{
                        "0":6.0,
                        "1":null,
                        "2":null,
                        "3":null
                    }
                },
                "Set 4":0,
                "Set 5":0
            },
            "Substitutions 2":{
                "Set 1":{
                    "I":{
                        "0":14.0,
                        "1":null,
                        "2":null
                    },
                    "II":{
                        "0":9.0,
                        "1":null,
                        "2":null
                    },
                    "III":{
                        "0":12.0,
                        "1":null,
                        "2":null
                    },
                    "IV":{
                        "0":2.0,
                        "1":null,
                        "2":null
                    },
                    "V":{
                        "0":13.0,
                        "1":null,
                        "2":null
                    },
                    "VI":{
                        "0":"4",
                        "1":"15",
                        "2":"22:18"
                    }
                },
                "Set 2":{
                    "I":{
                        "0":"4",
                        "1":"15",
                        "2":"24:17"
                    },
                    "II":{
                        "0":14.0,
                        "1":null,
                        "2":null
                    },
                    "III":{
                        "0":9.0,
                        "1":null,
                        "2":null
                    },
                    "IV":{
                        "0":12.0,
                        "1":null,
                        "2":null
                    },
                    "V":{
                        "0":2.0,
                        "1":null,
                        "2":null
                    },
                    "VI":{
                        "0":13.0,
                        "1":null,
                        "2":null
                    }
                },
                "Set 3":{
                    "I":{
                        "0":14.0,
                        "1":null,
                        "2":null
                    },
                    "II":{
                        "0":9.0,
                        "1":null,
                        "2":null
                    },
                    "III":{
                        "0":12.0,
                        "1":null,
                        "2":null
                    },
                    "IV":{
                        "0":2.0,
                        "1":null,
                        "2":null
                    },
                    "V":{
                        "0":13.0,
                        "1":null,
                        "2":null
                    },
                    "VI":{
                        "0":"4",
                        "1":"15",
                        "2":"22:19"
                    }
                },
                "Set 4":0,
                "Set 5":0
            },
            "Serves 1":{
                "Set 1":{
                    "I":{
                        "0":null,
                        "1":10.0,
                        "2":19.0
                    },
                    "II":{
                        "0":"1",
                        "1":12,
                        "2":21
                    },
                    "III":{
                        "0":"2",
                        "1":13.0,
                        "2":null
                    },
                    "IV":{
                        "0":"5",
                        "1":14.0,
                        "2":null
                    },
                    "V":{
                        "0":"6",
                        "1":15.0,
                        "2":null
                    },
                    "VI":{
                        "0":"8",
                        "1":18.0,
                        "2":null
                    }
                },
                "Set 2":{
                    "I":{
                        "0":"0",
                        "1":7
                    },
                    "II":{
                        "0":"1",
                        "1":8
                    },
                    "III":{
                        "0":"2",
                        "1":13
                    },
                    "IV":{
                        "0":"3",
                        "1":14
                    },
                    "V":{
                        "0":"4",
                        "1":16
                    },
                    "VI":{
                        "0":"5",
                        "1":17
                    }
                },
                "Set 3":{
                    "I":{
                        "0":null,
                        "1":10.0,
                        "2":20.0
                    },
                    "II":{
                        "0":"1",
                        "1":13.0,
                        "2":null
                    },
                    "III":{
                        "0":"2",
                        "1":14.0,
                        "2":null
                    },
                    "IV":{
                        "0":"3",
                        "1":15.0,
                        "2":null
                    },
                    "V":{
                        "0":"4",
                        "1":17.0,
                        "2":null
                    },
                    "VI":{
                        "0":"5",
                        "1":19.0,
                        "2":null
                    }
                },
                "Set 4":0,
                "Set 5":0
            },
            "Serves 2":{
                "Set 1":{
                    "I":{
                        "0":"1",
                        "1":9,
                        "2":24
                    },
                    "II":{
                        "0":"2",
                        "1":11,
                        "2":25
                    },
                    "III":{
                        "0":"3",
                        "1":16.0,
                        "2":null
                    },
                    "IV":{
                        "0":"4",
                        "1":20.0,
                        "2":null
                    },
                    "V":{
                        "0":"5",
                        "1":21.0,
                        "2":null
                    },
                    "VI":{
                        "0":"6",
                        "1":23.0,
                        "2":null
                    }
                },
                "Set 2":{
                    "I":{
                        "0":null,
                        "1":12.0,
                        "2":25.0
                    },
                    "II":{
                        "0":"2",
                        "1":15.0,
                        "2":null
                    },
                    "III":{
                        "0":"4",
                        "1":16.0,
                        "2":null
                    },
                    "IV":{
                        "0":"5",
                        "1":19.0,
                        "2":null
                    },
                    "V":{
                        "0":"6",
                        "1":21.0,
                        "2":null
                    },
                    "VI":{
                        "0":"8",
                        "1":23.0,
                        "2":null
                    }
                },
                "Set 3":{
                    "I":{
                        "0":"1",
                        "1":8,
                        "2":25
                    },
                    "II":{
                        "0":"3",
                        "1":12.0,
                        "2":null
                    },
                    "III":{
                        "0":"4",
                        "1":15.0,
                        "2":null
                    },
                    "IV":{
                        "0":"6",
                        "1":16.0,
                        "2":null
                    },
                    "V":{
                        "0":"7",
                        "1":21.0,
                        "2":null
                    },
                    "VI":{
                        "0":"8",
                        "1":22.0,
                        "2":null
                    }
                },
                "Set 4":0,
                "Set 5":0
            },
            "Timeouts 1":{
                "Set 1":{
                    "T":{
                        "0":"13:13",
                        "1":"18:23"
                    }
                },
                "Set 2":{
                    "T":{
                        "0":"14:20"
                    }
                },
                "Set 3":{
                    "T":{
                        "0":"3:6",
                        "1":"13:11"
                    }
                },
                "Set 4":0,
                "Set 5":0
            },
            "Timeouts 2":{
                "Set 1":{
                    "T":{
                        "0":"21:18"
                    }
                },
                "Set 2":{
                    "T":{

                    }
                },
                "Set 3":{
                    "T":{

                    }
                },
                "Set 4":0,
                "Set 5":0
            }
        },
        "Teams":{
            "Name":{
                "Team 1":"AUBAGNE CARNOUX VOLLEY-BALL",
                "Team 2":"VOLLEY BALL DE GIGNAC"
            },
            "Players":{
                "Team 1":{
                    "N\u00b0":{
                        "0":1,
                        "1":3,
                        "2":6,
                        "3":7,
                        "4":8,
                        "5":9,
                        "6":12,
                        "7":13,
                        "8":19
                    },
                    "Nom Pr\u00e9nom":{
                        "0":"ROUVRAIS ESTELLE",
                        "1":"CESELIA AMANDA",
                        "2":"LE TALLEC SOLENE",
                        "3":"GONZALEZ CLAIRE",
                        "4":"DEHANT FLORENCE",
                        "5":"MARQUET MARION",
                        "6":"GENOULIAT NATHALIE",
                        "7":"DUPETIT ESTELLE",
                        "8":"MORINI MARIANNE"
                    },
                    "Licence":{
                        "0":1799538,
                        "1":1639032,
                        "2":1859380,
                        "3":1388759,
                        "4":1360690,
                        "5":1757834,
                        "6":1494228,
                        "7":1715007,
                        "8":1757852
                    }
                },
                "Team 2":{
                    "N\u00b0":{
                        "0":1,
                        "1":2,
                        "2":4,
                        "3":9,
                        "4":12,
                        "5":13,
                        "6":14,
                        "7":15
                    },
                    "Nom Pr\u00e9nom":{
                        "0":"VIDALLER ORLANE",
                        "1":"LABOURDETTE ALICE",
                        "2":"LAPIERRE JULIE",
                        "3":"GUEVARA FLORINE",
                        "4":"SAIS EMMA",
                        "5":"ARNAUD LYDIE",
                        "6":"BONNEFONT LUCINE",
                        "7":"LAMINE ALICIA"
                    },
                    "Licence":{
                        "0":1837121,
                        "1":1840785,
                        "2":1990689,
                        "3":1640180,
                        "4":1892854,
                        "5":1520979,
                        "6":2137188,
                        "7":2061346
                    }
                }
            },
            "Liberos":{
                "Team 1":{
                    "N\u00b0":{
                        "0":3
                    },
                    "Nom Pr\u00e9nom":{
                        "0":"CESELIA AMANDA"
                    },
                    "Licence":{
                        "0":1639032
                    }
                },
                "Team 2":{
                    "N\u00b0":{
                        "0":1
                    },
                    "Nom Pr\u00e9nom":{
                        "0":"VIDALLER ORLANE"
                    },
                    "Licence":{
                        "0":1837121
                    }
                }
            },
            "Officials":{
                "Team 1":{
                    "N\u00b0":{
                        "0":"EA"
                    },
                    "Nom Pr\u00e9nom":{
                        "0":"BASTOUL SOPHIE"
                    },
                    "Licence":{
                        "0":1488051
                    }
                },
                "Team 2":{
                    "N\u00b0":{
                        "0":"EA"
                    },
                    "Nom Pr\u00e9nom":{
                        "0":"MARTA MICHAEL"
                    },
                    "Licence":{
                        "0":1205473
                    }
                }
            }
        },
        "Results":{
            "winner":"VOLLEY BALL DE GIGNAC",
            "score":"3\/0"
        },
        "Referees":{
            "NOM Pr\u00e9nom":{
                "1er":"CAYRIER MORGAN",
                "2\u00e8me":"CHOINARD MICKAEL",
                "Marqueur":"DUVERNET HAFSA",
                "Marq.Ass":".",
                "R.Salle":"CESELIA MANUEL"
            },
            "Ligue":{
                "1er":"LIG_PAC",
                "2\u00e8me":"LIG_PAC",
                "Marqueur":"LIG_PAC",
                "Marq.Ass":null,
                "R.Salle":"LIG_PAC"
            },
            "Licence":{
                "1er":1972499.0,
                "2\u00e8me":1458903.0,
                "Marqueur":1948806.0,
                "Marq.Ass":null,
                "R.Salle":1511433.0
            }
        },
        "Penalties":{

        }
    }
}