{
    "Match":{
        "Title":{
            "div_code":"3FA ",
            "div_name":"NATIONALE 3 FEMININE POULE A",
            "div_pool":"",
            "match_number":"3FA057",
            "match_day":"10",
            "city":"MONTPELLIER",
            "gym":"GYMNASE ALAIN COLAS",
            "category":"SENIOR | FEMININE",
            "ligue":"Comp\u00e9titions Nationales SENIORS",
            "date":"2020-01-19 14:00:00",
            "team_1":"ASLJCROIX ARGENT MONTPELLIER",
            "team_2":"VOLLEY BALL DE GIGNAC"
        },
        "Sets":{
            "Teams":{
                "Set 1":{
                    "Name":{
                        "Team 1":"VOLLEY BALL DE GIGNAC",
                        "Team 2":"ASLJCROIX ARGENT MONTP"
                    },
                    "Starting":{
                        "Team 1":"Reception",
                        "Team 2":"Service"
                    }
                },
                "Set 2":{
                    "Name":{
                        "Team 1":"VOLLEY BALL DE GIGNAC",
                        "Team 2":"ASLJCROIX ARGENT MONTP"
                    },
                    "Starting":{
                        "Team 1":"Service",
                        "Team 2":"Reception"
                    }
                },
                "Set 3":{
                    "Name":{
                        "Team 1":"VOLLEY BALL DE GIGNAC",
                        "Team 2":"ASLJCROIX ARGENT MONTP"
                    },
                    "Starting":{
                        "Team 1":"Reception",
                        "Team 2":"Service"
                    }
                },
                "Set 4":{
                    "Name":{
                        "Team 1":"VOLLEY BALL DE GIGNAC",
                        "Team 2":"ASLJCROIX ARGENT MONTP"
                    },
                    "Starting":{
                        "Team 1":"Service",
                        "Team 2":"Reception"
                    }
                },
                "Set 5":{
                    "Name":{
                        "Team 1":"ASLJCROIX ARGENT MO ",
                        "Team 2":"VOLLEY BALL DE GIGN"
                    },
                    "Starting":{
                        "Team 1":"Reception",
                        "Team 2":"Service"
                    }
                }
            },
            "Time":{
                "Set 1":{
                    "Time":{
                        "Start":"2020-01-19 13:59:00",
                        "End":"2020-01-19 14:20:00"
                    }
                },
                "Set 2":{
                    "Time":{
                        "Start":"2020-01-19 14:23:00",
                        "End":"2020-01-19 14:54:00"
                    }
                },
                "Set 3":{
                    "Time":{
                        "Start":"2020-01-19 14:57:00",
                        "End":"2020-01-19 15:25:00"
                    }
                },
                "Set 4":{
                    "Time":{
                        "Start":"2020-01-19 15:30:00",
                        "End":"2020-01-19 16:02:00"
                    }
                },
                "Set 5":{
                    "Time":{
                        "Start":"2020-01-19 16:05:00",
                        "End":"2020-01-19 16:28:00"
                    }
                }
            },
            "Substitutions 1":{
                "Set 1":{
                    "I":{
                        "0":11
                    },
                    "II":{
                        "0":10
                    },
                    "III":{
                        "0":3
                    },
                    "IV":{
                        "0":17
                    },
                    "V":{
                        "0":13
                    },
                    "VI":{
                        "0":12
                    }
                },
                "Set 2":{
                    "I":{
                        "0":11.0,
                        "1":null,
                        "2":null
                    },
                    "II":{
                        "0":"10",
                        "1":"9",
                        "2":"15:19"
                    },
                    "III":{
                        "0":3.0,
                        "1":null,
                        "2":null
                    },
                    "IV":{
                        "0":17.0,
                        "1":null,
                        "2":null
                    },
                    "V":{
                        "0":13.0,
                        "1":null,
                        "2":null
                    },
                    "VI":{
                        "0":12.0,
                        "1":null,
                        "2":null
                    }
                },
                "Set 3":{
                    "I":{
                        "0":"11",
                        "1":"2",
                        "2":"16:23"
                    },
                    "II":{
                        "0":"9",
                        "1":"10",
                        "2":"16:22"
                    },
                    "III":{
                        "0":3.0,
                        "1":null,
                        "2":null
                    },
                    "IV":{
                        "0":"17",
                        "1":"7",
                        "2":"11:14"
                    },
                    "V":{
                        "0":13.0,
                        "1":null,
                        "2":null
                    },
                    "VI":{
                        "0":12.0,
                        "1":null,
                        "2":null
                    }
                },
                "Set 4":{
                    "I":{
                        "0":11.0,
                        "1":null,
                        "2":null,
                        "3":null
                    },
                    "II":{
                        "0":"13",
                        "1":"10",
                        "2":"11:10",
                        "3":"20:23"
                    },
                    "III":{
                        "0":3.0,
                        "1":null,
                        "2":null,
                        "3":null
                    },
                    "IV":{
                        "0":"7",
                        "1":"17",
                        "2":"14:17",
                        "3":null
                    },
                    "V":{
                        "0":9.0,
                        "1":null,
                        "2":null,
                        "3":null
                    },
                    "VI":{
                        "0":12.0,
                        "1":null,
                        "2":null,
                        "3":null
                    }
                },
                "Set 5":{
                    "I":{
                        "0":3.0,
                        "1":null,
                        "2":null,
                        "3":null
                    },
                    "II":{
                        "0":"8",
                        "1":"5",
                        "2":"7:8",
                        "3":"14:13"
                    },
                    "III":{
                        "0":"9",
                        "1":"16",
                        "2":"15:14",
                        "3":"15:15"
                    },
                    "IV":{
                        "0":14.0,
                        "1":null,
                        "2":null,
                        "3":null
                    },
                    "V":{
                        "0":4.0,
                        "1":null,
                        "2":null,
                        "3":null
                    },
                    "VI":{
                        "0":6.0,
                        "1":null,
                        "2":null,
                        "3":null
                    }
                }
            },
            "Substitutions 2":{
                "Set 1":{
                    "I":{
                        "0":"8",
                        "1":"4",
                        "2":"5:15"
                    },
                    "II":{
                        "0":6.0,
                        "1":null,
                        "2":null
                    },
                    "III":{
                        "0":16.0,
                        "1":null,
                        "2":null
                    },
                    "IV":{
                        "0":"14",
                        "1":"5",
                        "2":"5:15"
                    },
                    "V":{
                        "0":9.0,
                        "1":null,
                        "2":null
                    },
                    "VI":{
                        "0":3.0,
                        "1":null,
                        "2":null
                    }
                },
                "Set 2":{
                    "I":{
                        "0":3.0,
                        "1":null,
                        "2":null,
                        "3":null
                    },
                    "II":{
                        "0":8.0,
                        "1":null,
                        "2":null,
                        "3":null
                    },
                    "III":{
                        "0":"6",
                        "1":"2",
                        "2":"13:14",
                        "3":"21:18"
                    },
                    "IV":{
                        "0":14.0,
                        "1":null,
                        "2":null,
                        "3":null
                    },
                    "V":{
                        "0":4.0,
                        "1":null,
                        "2":null,
                        "3":null
                    },
                    "VI":{
                        "0":"16",
                        "1":"9",
                        "2":"3:5",
                        "3":null
                    }
                },
                "Set 3":{
                    "I":{
                        "0":"8",
                        "1":"5",
                        "2":"7:7",
                        "3":null
                    },
                    "II":{
                        "0":"9",
                        "1":"16",
                        "2":"15:13",
                        "3":"23:19"
                    },
                    "III":{
                        "0":14.0,
                        "1":null,
                        "2":null,
                        "3":null
                    },
                    "IV":{
                        "0":"4",
                        "1":"10",
                        "2":"23:17",
                        "3":null
                    },
                    "V":{
                        "0":2.0,
                        "1":null,
                        "2":null,
                        "3":null
                    },
                    "VI":{
                        "0":3.0,
                        "1":null,
                        "2":null,
                        "3":null
                    }
                },
                "Set 4":{
                    "I":{
                        "0":3.0,
                        "1":null,
                        "2":null,
                        "3":null
                    },
                    "II":{
                        "0":"5",
                        "1":"8",
                        "2":"2:5",
                        "3":null
                    },
                    "III":{
                        "0":"9",
                        "1":"16",
                        "2":"12:13",
                        "3":"19:19"
                    },
                    "IV":{
                        "0":14.0,
                        "1":null,
                        "2":null,
                        "3":null
                    },
                    "V":{
                        "0":"4",
                        "1":"10",
                        "2":"5:10",
                        "3":"11:13"
                    },
                    "VI":{
                        "0":"2",
                        "1":"6",
                        "2":"1:4",
                        "3":null
                    }
                },
                "Set 5":{
                    "I":{
                        "0":11.0,
                        "1":null,
                        "2":null
                    },
                    "II":{
                        "0":13.0,
                        "1":null,
                        "2":null
                    },
                    "III":{
                        "0":"3",
                        "1":"7",
                        "2":"15:15"
                    },
                    "IV":{
                        "0":17.0,
                        "1":null,
                        "2":null
                    },
                    "V":{
                        "0":9.0,
                        "1":null,
                        "2":null
                    },
                    "VI":{
                        "0":12.0,
                        "1":null,
                        "2":null
                    }
                }
            },
            "Serves 1":{
                "Set 1":{
                    "I":{
                        "0":null,
                        "1":21.0
                    },
                    "II":{
                        "0":"8",
                        "1":23
                    },
                    "III":{
                        "0":"10",
                        "1":24
                    },
                    "IV":{
                        "0":"12",
                        "1":25
                    },
                    "V":{
                        "0":"18",
                        "1":null
                    },
                    "VI":{
                        "0":"19",
                        "1":null
                    }
                },
                "Set 2":{
                    "I":{
                        "0":"2",
                        "1":12,
                        "2":25
                    },
                    "II":{
                        "0":"3",
                        "1":13.0,
                        "2":null
                    },
                    "III":{
                        "0":"5",
                        "1":15.0,
                        "2":null
                    },
                    "IV":{
                        "0":"6",
                        "1":17.0,
                        "2":null
                    },
                    "V":{
                        "0":"7",
                        "1":18.0,
                        "2":null
                    },
                    "VI":{
                        "0":"11",
                        "1":21.0,
                        "2":null
                    }
                },
                "Set 3":{
                    "I":{
                        "0":null,
                        "1":11.0
                    },
                    "II":{
                        "0":"4",
                        "1":13
                    },
                    "III":{
                        "0":"5",
                        "1":15
                    },
                    "IV":{
                        "0":"7",
                        "1":16
                    },
                    "V":{
                        "0":"8",
                        "1":19
                    },
                    "VI":{
                        "0":"10",
                        "1":20
                    }
                },
                "Set 4":{
                    "I":{
                        "0":"4",
                        "1":12,
                        "2":21
                    },
                    "II":{
                        "0":"5",
                        "1":13.0,
                        "2":null
                    },
                    "III":{
                        "0":"8",
                        "1":14.0,
                        "2":null
                    },
                    "IV":{
                        "0":"9",
                        "1":17.0,
                        "2":null
                    },
                    "V":{
                        "0":"10",
                        "1":19.0,
                        "2":null
                    },
                    "VI":{
                        "0":"11",
                        "1":20.0,
                        "2":null
                    }
                },
                "Set 5":{
                    "I":{
                        "0":null,
                        "1":10.0
                    },
                    "II":{
                        "0":"1",
                        "1":14
                    },
                    "III":{
                        "0":"3",
                        "1":15
                    },
                    "IV":{
                        "0":"5",
                        "1":null
                    },
                    "V":{
                        "0":"6",
                        "1":null
                    },
                    "VI":{
                        "0":"9",
                        "1":null
                    }
                }
            },
            "Serves 2":{
                "Set 1":{
                    "I":{
                        "0":"2",
                        "1":9
                    },
                    "II":{
                        "0":"3",
                        "1":10
                    },
                    "III":{
                        "0":"4",
                        "1":11
                    },
                    "IV":{
                        "0":"5",
                        "1":null
                    },
                    "V":{
                        "0":"6",
                        "1":null
                    },
                    "VI":{
                        "0":"7",
                        "1":null
                    }
                },
                "Set 2":{
                    "I":{
                        "0":null,
                        "1":10.0,
                        "2":23.0
                    },
                    "II":{
                        "0":"1",
                        "1":12.0,
                        "2":null
                    },
                    "III":{
                        "0":"3",
                        "1":13.0,
                        "2":null
                    },
                    "IV":{
                        "0":"4",
                        "1":19.0,
                        "2":null
                    },
                    "V":{
                        "0":"5",
                        "1":20.0,
                        "2":null
                    },
                    "VI":{
                        "0":"6",
                        "1":22.0,
                        "2":null
                    }
                },
                "Set 3":{
                    "I":{
                        "0":"2",
                        "1":14
                    },
                    "II":{
                        "0":"3",
                        "1":15
                    },
                    "III":{
                        "0":"6",
                        "1":16
                    },
                    "IV":{
                        "0":"7",
                        "1":23
                    },
                    "V":{
                        "0":"9",
                        "1":24
                    },
                    "VI":{
                        "0":"11",
                        "1":25
                    }
                },
                "Set 4":{
                    "I":{
                        "0":null,
                        "1":10.0,
                        "2":24.0
                    },
                    "II":{
                        "0":"1",
                        "1":11,
                        "2":25
                    },
                    "III":{
                        "0":"2",
                        "1":12.0,
                        "2":null
                    },
                    "IV":{
                        "0":"4",
                        "1":17.0,
                        "2":null
                    },
                    "V":{
                        "0":"5",
                        "1":18.0,
                        "2":null
                    },
                    "VI":{
                        "0":"9",
                        "1":20.0,
                        "2":null
                    }
                },
                "Set 5":{
                    "I":{
                        "0":"1",
                        "1":10
                    },
                    "II":{
                        "0":"2",
                        "1":14
                    },
                    "III":{
                        "0":"6",
                        "1":17
                    },
                    "IV":{
                        "0":"7",
                        "1":null
                    },
                    "V":{
                        "0":"8",
                        "1":null
                    },
                    "VI":{
                        "0":"9",
                        "1":null
                    }
                }
            },
            "Timeouts 1":{
                "Set 1":{
                    "T":{

                    }
                },
                "Set 2":{
                    "T":{
                        "0":"15:18",
                        "1":"18:22"
                    }
                },
                "Set 3":{
                    "T":{
                        "0":"16:19",
                        "1":"16:21"
                    }
                },
                "Set 4":{
                    "T":{
                        "0":"20:22",
                        "1":"20:23"
                    }
                },
                "Set 5":{
                    "T":{
                        "0":"14:12"
                    }
                }
            },
            "Timeouts 2":{
                "Set 1":{
                    "T":{
                        "0":"2:5",
                        "1":"5:15"
                    }
                },
                "Set 2":{
                    "T":{
                        "0":"22:20",
                        "1":"23:23"
                    }
                },
                "Set 3":{
                    "T":{
                        "0":"23:19"
                    }
                },
                "Set 4":{
                    "T":{
                        "0":"17:17"
                    }
                },
                "Set 5":{
                    "T":{
                        "0":"10:12",
                        "1":"10:13"
                    }
                }
            }
        },
        "Teams":{
            "Name":{
                "Team 1":"ASLJCROIX ARGENT MONTPELLIER",
                "Team 2":"VOLLEY BALL DE GIGNAC"
            },
            "Players":{
                "Team 1":{
                    "N\u00b0":{
                        "0":2,
                        "1":3,
                        "2":4,
                        "3":5,
                        "4":6,
                        "5":8,
                        "6":9,
                        "7":10,
                        "8":12,
                        "9":14,
                        "10":16,
                        "11":18
                    },
                    "Nom Pr\u00e9nom":{
                        "0":"FRADKIN LAURINE",
                        "1":"DECAT LAURA",
                        "2":"AUDINOT ANOUCK",
                        "3":"DALI YOUCEF MANEL",
                        "4":"ROUVIERE NINON",
                        "5":"TARTAR DORIANE",
                        "6":"DESPLANCHES CLAIRE",
                        "7":"SAINT-SAUVEUR MARIE-ALICE",
                        "8":"DUBOIS DE MONT-MARIN ALIX",
                        "9":"AUDINOT CAMILLE",
                        "10":"AUDOUY MORGANE",
                        "11":"COULONDOU LEA"
                    },
                    "Licence":{
                        "0":1519276,
                        "1":1738865,
                        "2":1541996,
                        "3":2413268,
                        "4":1595751,
                        "5":1683014,
                        "6":1999003,
                        "7":1594293,
                        "8":2243361,
                        "9":1415273,
                        "10":1517960,
                        "11":1672737
                    }
                },
                "Team 2":{
                    "N\u00b0":{
                        "0":1,
                        "1":2,
                        "2":3,
                        "3":7,
                        "4":9,
                        "5":10,
                        "6":11,
                        "7":12,
                        "8":13,
                        "9":17
                    },
                    "Nom Pr\u00e9nom":{
                        "0":"VIDALLER ORLANE",
                        "1":"LABOURDETTE ALICE",
                        "2":"FAURE NOELLIE",
                        "3":"ALONZO LAURA",
                        "4":"GUEVARA FLORINE",
                        "5":"BARRAL JULIE",
                        "6":"TRILLON ALYCIA",
                        "7":"SAIS EMMA",
                        "8":"ARNAUD LYDIE",
                        "9":"CROMBECQUE AURELIE"
                    },
                    "Licence":{
                        "0":1837121,
                        "1":1840785,
                        "2":2137833,
                        "3":1720420,
                        "4":1640180,
                        "5":1890260,
                        "6":1909726,
                        "7":1892854,
                        "8":1520979,
                        "9":1891656
                    }
                }
            },
            "Liberos":{
                "Team 1":{
                    "N\u00b0":{
                        "0":12,
                        "1":18
                    },
                    "Nom Pr\u00e9nom":{
                        "0":"DUBOIS DE MONT-MARIN ALIX",
                        "1":"COULONDOU LEA"
                    },
                    "Licence":{
                        "0":2243361,
                        "1":1672737
                    }
                },
                "Team 2":{
                    "N\u00b0":{
                        "0":1
                    },
                    "Nom Pr\u00e9nom":{
                        "0":"VIDALLER ORLANE"
                    },
                    "Licence":{
                        "0":1837121
                    }
                }
            },
            "Officials":{
                "Team 1":{
                    "N\u00b0":{
                        "0":"EA",
                        "1":"EB"
                    },
                    "Nom Pr\u00e9nom":{
                        "0":"ICKOWICZ JORDAN",
                        "1":"GAUCHERAND VINCENT"
                    },
                    "Licence":{
                        "0":1861814,
                        "1":1685053
                    }
                },
                "Team 2":{
                    "N\u00b0":{
                        "0":"EA",
                        "1":"EB"
                    },
                    "Nom Pr\u00e9nom":{
                        "0":"MARTA MICHAEL",
                        "1":"ARNAUD CLEMENT"
                    },
                    "Licence":{
                        "0":1205473,
                        "1":1444556
                    }
                }
            }
        },
        "Results":{
            "winner":"VOLLEY BALL DE GIGNAC",
            "score":"3\/2"
        },
        "Referees":{
            "NOM Pr\u00e9nom":{
                "1er":"MOHAMED SAID",
                "2\u00e8me":"GABRIELE JEAN-CLAUDE",
                "Marqueur":"YU MING CHUAN MICHEL",
                "Marq.Ass":".",
                "R.Salle":"AUDINOT THIERRY"
            },
            "Ligue":{
                "1er":"LIG_OCC",
                "2\u00e8me":"LIG_PAC",
                "Marqueur":"LIG_OCC",
                "Marq.Ass":null,
                "R.Salle":"LIG_OCC"
            },
            "Licence":{
                "1er":1009147.0,
                "2\u00e8me":327130.0,
                "Marqueur":2270467.0,
                "Marq.Ass":null,
                "R.Salle":1652799.0
            }
        },
        "Penalties":{

        }
    }
}