{
    "Match":{
        "Title":{
            "div_code":"3FA ",
            "div_name":"NATIONALE 3 FEMININE POULE A",
            "div_pool":"",
            "match_number":"3FA052",
            "match_day":"09",
            "city":"GIGNAC",
            "gym":"GYMNASE LE RIVERAL",
            "category":"SENIOR | FEMININE",
            "ligue":"Comp\u00e9titions Nationales SENIORS",
            "date":"2020-01-12 14:00:00",
            "team_1":"VOLLEY BALL DE GIGNAC",
            "team_2":"OLYMPIQUES ANTIBES JUAN PINS"
        },
        "Sets":{
            "Teams":{
                "Set 1":{
                    "Name":{
                        "Team 1":"OLYMPIQUES ANTIBES JUA",
                        "Team 2":"VOLLEY BALL DE GIGNAC"
                    },
                    "Starting":{
                        "Team 1":"Service",
                        "Team 2":"Reception"
                    }
                },
                "Set 2":{
                    "Name":{
                        "Team 1":"OLYMPIQUES ANTIBES JUA",
                        "Team 2":"VOLLEY BALL DE GIGNAC"
                    },
                    "Starting":{
                        "Team 1":"Reception",
                        "Team 2":"Service"
                    }
                },
                "Set 3":{
                    "Name":{
                        "Team 1":"OLYMPIQUES ANTIBES JUA",
                        "Team 2":"VOLLEY BALL DE GIGNAC"
                    },
                    "Starting":{
                        "Team 1":"Service",
                        "Team 2":"Reception"
                    }
                },
                "Set 4":0,
                "Set 5":0
            },
            "Time":{
                "Set 1":{
                    "Time":{
                        "Start":"2020-01-12 14:01:00",
                        "End":"2020-01-12 14:22:00"
                    }
                },
                "Set 2":{
                    "Time":{
                        "Start":"2020-01-12 14:25:00",
                        "End":"2020-01-12 14:48:00"
                    }
                },
                "Set 3":{
                    "Time":{
                        "Start":"2020-01-12 14:51:00",
                        "End":"2020-01-12 15:22:00"
                    }
                },
                "Set 4":0,
                "Set 5":0
            },
            "Substitutions 1":{
                "Set 1":{
                    "I":{
                        "0":"1",
                        "1":"7",
                        "2":"4:18"
                    },
                    "II":{
                        "0":3.0,
                        "1":null,
                        "2":null
                    },
                    "III":{
                        "0":18.0,
                        "1":null,
                        "2":null
                    },
                    "IV":{
                        "0":4.0,
                        "1":null,
                        "2":null
                    },
                    "V":{
                        "0":11.0,
                        "1":null,
                        "2":null
                    },
                    "VI":{
                        "0":6.0,
                        "1":null,
                        "2":null
                    }
                },
                "Set 2":{
                    "I":{
                        "0":6.0,
                        "1":null,
                        "2":null,
                        "3":null
                    },
                    "II":{
                        "0":1.0,
                        "1":null,
                        "2":null,
                        "3":null
                    },
                    "III":{
                        "0":3.0,
                        "1":null,
                        "2":null,
                        "3":null
                    },
                    "IV":{
                        "0":18.0,
                        "1":null,
                        "2":null,
                        "3":null
                    },
                    "V":{
                        "0":"4",
                        "1":"7",
                        "2":"9:14",
                        "3":"12:18"
                    },
                    "VI":{
                        "0":"11",
                        "1":"5",
                        "2":"10:14",
                        "3":null
                    }
                },
                "Set 3":{
                    "I":{
                        "0":7.0,
                        "1":null,
                        "2":null
                    },
                    "II":{
                        "0":3.0,
                        "1":null,
                        "2":null
                    },
                    "III":{
                        "0":18.0,
                        "1":null,
                        "2":null
                    },
                    "IV":{
                        "0":4.0,
                        "1":null,
                        "2":null
                    },
                    "V":{
                        "0":"11",
                        "1":"5",
                        "2":"26:26"
                    },
                    "VI":{
                        "0":6.0,
                        "1":null,
                        "2":null
                    }
                },
                "Set 4":0,
                "Set 5":0
            },
            "Substitutions 2":{
                "Set 1":{
                    "I":{
                        "0":9.0,
                        "1":null,
                        "2":null
                    },
                    "II":{
                        "0":12.0,
                        "1":null,
                        "2":null
                    },
                    "III":{
                        "0":"11",
                        "1":"2",
                        "2":"18:6"
                    },
                    "IV":{
                        "0":10.0,
                        "1":null,
                        "2":null
                    },
                    "V":{
                        "0":3.0,
                        "1":null,
                        "2":null
                    },
                    "VI":{
                        "0":"7",
                        "1":"14",
                        "2":"18:6"
                    }
                },
                "Set 2":{
                    "I":{
                        "0":"9",
                        "1":"15",
                        "2":"22:14"
                    },
                    "II":{
                        "0":12.0,
                        "1":null,
                        "2":null
                    },
                    "III":{
                        "0":"11",
                        "1":"2",
                        "2":"20:12"
                    },
                    "IV":{
                        "0":"10",
                        "1":"13",
                        "2":"20:12"
                    },
                    "V":{
                        "0":3.0,
                        "1":null,
                        "2":null
                    },
                    "VI":{
                        "0":7.0,
                        "1":null,
                        "2":null
                    }
                },
                "Set 3":{
                    "I":{
                        "0":9.0,
                        "1":null,
                        "2":null
                    },
                    "II":{
                        "0":12.0,
                        "1":null,
                        "2":null
                    },
                    "III":{
                        "0":"2",
                        "1":"11",
                        "2":"16:15"
                    },
                    "IV":{
                        "0":10.0,
                        "1":null,
                        "2":null
                    },
                    "V":{
                        "0":3.0,
                        "1":null,
                        "2":null
                    },
                    "VI":{
                        "0":"14",
                        "1":"17",
                        "2":"16:15"
                    }
                },
                "Set 4":0,
                "Set 5":0
            },
            "Serves 1":{
                "Set 1":{
                    "I":{
                        "0":"0",
                        "1":8
                    },
                    "II":{
                        "0":"1",
                        "1":9
                    },
                    "III":{
                        "0":"2",
                        "1":null
                    },
                    "IV":{
                        "0":"3",
                        "1":null
                    },
                    "V":{
                        "0":"4",
                        "1":null
                    },
                    "VI":{
                        "0":"7",
                        "1":null
                    }
                },
                "Set 2":{
                    "I":{
                        "0":null,
                        "1":11.0
                    },
                    "II":{
                        "0":"4",
                        "1":12
                    },
                    "III":{
                        "0":"6",
                        "1":13
                    },
                    "IV":{
                        "0":"8",
                        "1":14
                    },
                    "V":{
                        "0":"9",
                        "1":16
                    },
                    "VI":{
                        "0":"10",
                        "1":19
                    }
                },
                "Set 3":{
                    "I":{
                        "0":"0",
                        "1":15
                    },
                    "II":{
                        "0":"2",
                        "1":19
                    },
                    "III":{
                        "0":"3",
                        "1":20
                    },
                    "IV":{
                        "0":"8",
                        "1":25
                    },
                    "V":{
                        "0":"10",
                        "1":26
                    },
                    "VI":{
                        "0":"11",
                        "1":27
                    }
                },
                "Set 4":0,
                "Set 5":0
            },
            "Serves 2":{
                "Set 1":{
                    "I":{
                        "0":null,
                        "1":20.0
                    },
                    "II":{
                        "0":"1",
                        "1":24
                    },
                    "III":{
                        "0":"3",
                        "1":25
                    },
                    "IV":{
                        "0":"5",
                        "1":null
                    },
                    "V":{
                        "0":"13",
                        "1":null
                    },
                    "VI":{
                        "0":"18",
                        "1":null
                    }
                },
                "Set 2":{
                    "I":{
                        "0":"3",
                        "1":18
                    },
                    "II":{
                        "0":"9",
                        "1":20
                    },
                    "III":{
                        "0":"11",
                        "1":21
                    },
                    "IV":{
                        "0":"12",
                        "1":23
                    },
                    "V":{
                        "0":"14",
                        "1":24
                    },
                    "VI":{
                        "0":"15",
                        "1":25
                    }
                },
                "Set 3":{
                    "I":{
                        "0":null,
                        "1":15.0,
                        "2":29.0
                    },
                    "II":{
                        "0":"2",
                        "1":16.0,
                        "2":null
                    },
                    "III":{
                        "0":"5",
                        "1":19.0,
                        "2":null
                    },
                    "IV":{
                        "0":"7",
                        "1":24.0,
                        "2":null
                    },
                    "V":{
                        "0":"11",
                        "1":26.0,
                        "2":null
                    },
                    "VI":{
                        "0":"14",
                        "1":27.0,
                        "2":null
                    }
                },
                "Set 4":0,
                "Set 5":0
            },
            "Timeouts 1":{
                "Set 1":{
                    "T":{
                        "0":"3:11"
                    }
                },
                "Set 2":{
                    "T":{

                    }
                },
                "Set 3":{
                    "T":{
                        "0":"10:14",
                        "1":"19:19"
                    }
                },
                "Set 4":0,
                "Set 5":0
            },
            "Timeouts 2":{
                "Set 1":{
                    "T":{

                    }
                },
                "Set 2":{
                    "T":{

                    }
                },
                "Set 3":{
                    "T":{
                        "0":"16:19",
                        "1":"24:22"
                    }
                },
                "Set 4":0,
                "Set 5":0
            }
        },
        "Teams":{
            "Name":{
                "Team 1":"VOLLEY BALL DE GIGNAC",
                "Team 2":"OLYMPIQUES ANTIBES JUAN PINS"
            },
            "Players":{
                "Team 1":{
                    "N\u00b0":{
                        "0":1,
                        "1":2,
                        "2":3,
                        "3":7,
                        "4":9,
                        "5":10,
                        "6":11,
                        "7":12,
                        "8":13,
                        "9":14,
                        "10":15,
                        "11":17
                    },
                    "Nom Pr\u00e9nom":{
                        "0":"VIDALLER ORLANE",
                        "1":"LABOURDETTE ALICE",
                        "2":"FAURE NOELLIE",
                        "3":"ALONZO LAURA",
                        "4":"GUEVARA FLORINE",
                        "5":"BARRAL JULIE",
                        "6":"TRILLON ALYCIA",
                        "7":"SAIS EMMA",
                        "8":"ARNAUD LYDIE",
                        "9":"BONNEFONT LUCINE",
                        "10":"LAMINE ALICIA",
                        "11":"CROMBECQUE AURELIE"
                    },
                    "Licence":{
                        "0":1837121,
                        "1":1840785,
                        "2":2137833,
                        "3":1720420,
                        "4":1640180,
                        "5":1890260,
                        "6":1909726,
                        "7":1892854,
                        "8":1520979,
                        "9":2137188,
                        "10":2061346,
                        "11":1891656
                    }
                },
                "Team 2":{
                    "N\u00b0":{
                        "0":1,
                        "1":3,
                        "2":4,
                        "3":5,
                        "4":6,
                        "5":7,
                        "6":11,
                        "7":18
                    },
                    "Nom Pr\u00e9nom":{
                        "0":"LAMBERT MARGOT",
                        "1":"BOUGEATRE SOPHIE",
                        "2":"CREANCE OLIVIA",
                        "3":"CHARPENTIER CARLA",
                        "4":"ROCHARD SOPHIE",
                        "5":"COLLU BARBARA",
                        "6":"DEBARRE ESTELLE",
                        "7":"LANDAIS KAREN"
                    },
                    "Licence":{
                        "0":2096882,
                        "1":1690261,
                        "2":1681628,
                        "3":1856755,
                        "4":211722,
                        "5":1570910,
                        "6":1871652,
                        "7":1785533
                    }
                }
            },
            "Liberos":{
                "Team 1":{
                    "N\u00b0":{
                        "0":1
                    },
                    "Nom Pr\u00e9nom":{
                        "0":"VIDALLER ORLANE"
                    },
                    "Licence":{
                        "0":1837121
                    }
                },
                "Team 2":{
                    "N\u00b0":{

                    },
                    "Nom Pr\u00e9nom":{

                    },
                    "Licence":{

                    }
                }
            },
            "Officials":{
                "Team 1":{
                    "N\u00b0":{
                        "0":"EA",
                        "1":"EB"
                    },
                    "Nom Pr\u00e9nom":{
                        "0":"MARTA MICHAEL",
                        "1":"LAURES ANTHONY"
                    },
                    "Licence":{
                        "0":1205473,
                        "1":1645723
                    }
                },
                "Team 2":{
                    "N\u00b0":{
                        "0":"EA"
                    },
                    "Nom Pr\u00e9nom":{
                        "0":"DRAN NICOLAS"
                    },
                    "Licence":{
                        "0":1233690
                    }
                }
            }
        },
        "Results":{
            "winner":"VOLLEY BALL DE GIGNAC",
            "score":"3\/0"
        },
        "Referees":{
            "NOM Pr\u00e9nom":{
                "1er":"CHARLES DIDIER",
                "2\u00e8me":"MARSAL JULIEN",
                "Marqueur":"CAPRIO LOMBARDI THOMAS",
                "Marq.Ass":".",
                "R.Salle":"BARRAL CHRISTOPHE"
            },
            "Ligue":{
                "1er":"LIG_OCC",
                "2\u00e8me":"LIG_OCC",
                "Marqueur":"LIG_OCC",
                "Marq.Ass":null,
                "R.Salle":"LIG_OCC"
            },
            "Licence":{
                "1er":2038700.0,
                "2\u00e8me":1513159.0,
                "Marqueur":1745105.0,
                "Marq.Ass":null,
                "R.Salle":1870618.0
            }
        },
        "Penalties":{

        }
    }
}