{
    "Match":{
        "Title":{
            "div_code":"3FA ",
            "div_name":"NATIONALE 3 FEMININE POULE A",
            "div_pool":"",
            "match_number":"3FA042",
            "match_day":"07",
            "city":"SAINTE MAXIME",
            "gym":"LES BOSQUETTES",
            "category":"SENIOR | FEMININE",
            "ligue":"Comp\u00e9titions Nationales SENIORS",
            "date":"2020-02-08 20:00:00",
            "team_1":"SAINTE-MAXIME COGOLIN VOLLEY",
            "team_2":"ASLJCROIX ARGENT MONTPELLIER"
        },
        "Sets":{
            "Teams":{
                "Set 1":{
                    "Name":{
                        "Team 1":"ASLJCROIX ARGENT MONTP",
                        "Team 2":"SAINTE-MAXIME COGOLIN"
                    },
                    "Starting":{
                        "Team 1":"Reception",
                        "Team 2":"Service"
                    }
                },
                "Set 2":{
                    "Name":{
                        "Team 1":"ASLJCROIX ARGENT MONTP",
                        "Team 2":"SAINTE-MAXIME COGOLIN"
                    },
                    "Starting":{
                        "Team 1":"Service",
                        "Team 2":"Reception"
                    }
                },
                "Set 3":{
                    "Name":{
                        "Team 1":"ASLJCROIX ARGENT MONTP",
                        "Team 2":"SAINTE-MAXIME COGOLIN"
                    },
                    "Starting":{
                        "Team 1":"Reception",
                        "Team 2":"Service"
                    }
                },
                "Set 4":0,
                "Set 5":0
            },
            "Time":{
                "Set 1":{
                    "Time":{
                        "Start":"2020-02-08 20:00:00",
                        "End":"2020-02-08 20:28:00"
                    }
                },
                "Set 2":{
                    "Time":{
                        "Start":"2020-02-08 20:31:00",
                        "End":"2020-02-08 20:56:00"
                    }
                },
                "Set 3":{
                    "Time":{
                        "Start":"2020-02-08 21:00:00",
                        "End":"2020-02-08 21:29:00"
                    }
                },
                "Set 4":0,
                "Set 5":0
            },
            "Substitutions 1":{
                "Set 1":{
                    "I":{
                        "0":14.0,
                        "1":null,
                        "2":null
                    },
                    "II":{
                        "0":"8",
                        "1":"5",
                        "2":"18:21"
                    },
                    "III":{
                        "0":6.0,
                        "1":null,
                        "2":null
                    },
                    "IV":{
                        "0":"10",
                        "1":"19",
                        "2":"22:23"
                    },
                    "V":{
                        "0":"4",
                        "1":"7",
                        "2":"17:17"
                    },
                    "VI":{
                        "0":9.0,
                        "1":null,
                        "2":null
                    }
                },
                "Set 2":{
                    "I":{
                        "0":8.0,
                        "1":null,
                        "2":null
                    },
                    "II":{
                        "0":6.0,
                        "1":null,
                        "2":null
                    },
                    "III":{
                        "0":19.0,
                        "1":null,
                        "2":null
                    },
                    "IV":{
                        "0":7.0,
                        "1":null,
                        "2":null
                    },
                    "V":{
                        "0":"9",
                        "1":"2",
                        "2":"11:14"
                    },
                    "VI":{
                        "0":14.0,
                        "1":null,
                        "2":null
                    }
                },
                "Set 3":{
                    "I":{
                        "0":14.0,
                        "1":null,
                        "2":null,
                        "3":null
                    },
                    "II":{
                        "0":"5",
                        "1":"8",
                        "2":"18:19",
                        "3":null
                    },
                    "III":{
                        "0":9.0,
                        "1":null,
                        "2":null,
                        "3":null
                    },
                    "IV":{
                        "0":"19",
                        "1":"10",
                        "2":"18:16",
                        "3":"21:22"
                    },
                    "V":{
                        "0":7.0,
                        "1":null,
                        "2":null,
                        "3":null
                    },
                    "VI":{
                        "0":"2",
                        "1":"6",
                        "2":"10:11",
                        "3":"22:22"
                    }
                },
                "Set 4":0,
                "Set 5":0
            },
            "Substitutions 2":{
                "Set 1":{
                    "I":{
                        "0":10.0,
                        "1":null,
                        "2":null
                    },
                    "II":{
                        "0":2.0,
                        "1":null,
                        "2":null
                    },
                    "III":{
                        "0":8.0,
                        "1":null,
                        "2":null
                    },
                    "IV":{
                        "0":9.0,
                        "1":null,
                        "2":null
                    },
                    "V":{
                        "0":12.0,
                        "1":null,
                        "2":null
                    },
                    "VI":{
                        "0":"3",
                        "1":"5",
                        "2":"21:19"
                    }
                },
                "Set 2":{
                    "I":{
                        "0":"5",
                        "1":"4",
                        "2":"17:17",
                        "3":"18:18"
                    },
                    "II":{
                        "0":10.0,
                        "1":null,
                        "2":null,
                        "3":null
                    },
                    "III":{
                        "0":2.0,
                        "1":null,
                        "2":null,
                        "3":null
                    },
                    "IV":{
                        "0":8.0,
                        "1":null,
                        "2":null,
                        "3":null
                    },
                    "V":{
                        "0":9.0,
                        "1":null,
                        "2":null,
                        "3":null
                    },
                    "VI":{
                        "0":"12",
                        "1":"1",
                        "2":"14:15",
                        "3":null
                    }
                },
                "Set 3":{
                    "I":{
                        "0":10.0,
                        "1":null,
                        "2":null,
                        "3":null
                    },
                    "II":{
                        "0":2.0,
                        "1":null,
                        "2":null,
                        "3":null
                    },
                    "III":{
                        "0":"8",
                        "1":"3",
                        "2":"21:20",
                        "3":null
                    },
                    "IV":{
                        "0":"9",
                        "1":"16",
                        "2":"1:5",
                        "3":null
                    },
                    "V":{
                        "0":1.0,
                        "1":null,
                        "2":null,
                        "3":null
                    },
                    "VI":{
                        "0":"5",
                        "1":"4",
                        "2":"21:20",
                        "3":"21:21"
                    }
                },
                "Set 4":0,
                "Set 5":0
            },
            "Serves 1":{
                "Set 1":{
                    "I":{
                        "0":null,
                        "1":13.0,
                        "2":22.0
                    },
                    "II":{
                        "0":"1",
                        "1":15.0,
                        "2":null
                    },
                    "III":{
                        "0":"2",
                        "1":16.0,
                        "2":null
                    },
                    "IV":{
                        "0":"3",
                        "1":17.0,
                        "2":null
                    },
                    "V":{
                        "0":"7",
                        "1":18.0,
                        "2":null
                    },
                    "VI":{
                        "0":"12",
                        "1":21.0,
                        "2":null
                    }
                },
                "Set 2":{
                    "I":{
                        "0":"0",
                        "1":7,
                        "2":18
                    },
                    "II":{
                        "0":"1",
                        "1":9.0,
                        "2":null
                    },
                    "III":{
                        "0":"2",
                        "1":11.0,
                        "2":null
                    },
                    "IV":{
                        "0":"3",
                        "1":15.0,
                        "2":null
                    },
                    "V":{
                        "0":"4",
                        "1":16.0,
                        "2":null
                    },
                    "VI":{
                        "0":"6",
                        "1":17.0,
                        "2":null
                    }
                },
                "Set 3":{
                    "I":{
                        "0":null,
                        "1":11.0,
                        "2":21.0
                    },
                    "II":{
                        "0":"4",
                        "1":13,
                        "2":22
                    },
                    "III":{
                        "0":"6",
                        "1":17.0,
                        "2":null
                    },
                    "IV":{
                        "0":"7",
                        "1":18.0,
                        "2":null
                    },
                    "V":{
                        "0":"9",
                        "1":19.0,
                        "2":null
                    },
                    "VI":{
                        "0":"10",
                        "1":20.0,
                        "2":null
                    }
                },
                "Set 4":0,
                "Set 5":0
            },
            "Serves 2":{
                "Set 1":{
                    "I":{
                        "0":"0",
                        "1":13,
                        "2":25
                    },
                    "II":{
                        "0":"3",
                        "1":15.0,
                        "2":null
                    },
                    "III":{
                        "0":"8",
                        "1":17.0,
                        "2":null
                    },
                    "IV":{
                        "0":"9",
                        "1":19.0,
                        "2":null
                    },
                    "V":{
                        "0":"11",
                        "1":21.0,
                        "2":null
                    },
                    "VI":{
                        "0":"12",
                        "1":22.0,
                        "2":null
                    }
                },
                "Set 2":{
                    "I":{
                        "0":null,
                        "1":9.0,
                        "2":18.0
                    },
                    "II":{
                        "0":"1",
                        "1":11,
                        "2":25
                    },
                    "III":{
                        "0":"2",
                        "1":13.0,
                        "2":null
                    },
                    "IV":{
                        "0":"3",
                        "1":14.0,
                        "2":null
                    },
                    "V":{
                        "0":"7",
                        "1":15.0,
                        "2":null
                    },
                    "VI":{
                        "0":"8",
                        "1":16.0,
                        "2":null
                    }
                },
                "Set 3":{
                    "I":{
                        "0":"0",
                        "1":13,
                        "2":22
                    },
                    "II":{
                        "0":"1",
                        "1":14,
                        "2":25
                    },
                    "III":{
                        "0":"3",
                        "1":16.0,
                        "2":null
                    },
                    "IV":{
                        "0":"7",
                        "1":19.0,
                        "2":null
                    },
                    "V":{
                        "0":"8",
                        "1":20.0,
                        "2":null
                    },
                    "VI":{
                        "0":"12",
                        "1":21.0,
                        "2":null
                    }
                },
                "Set 4":0,
                "Set 5":0
            },
            "Timeouts 1":{
                "Set 1":{
                    "T":{
                        "0":"17:19",
                        "1":"18:21"
                    }
                },
                "Set 2":{
                    "T":{
                        "0":"18:21",
                        "1":"18:23"
                    }
                },
                "Set 3":{
                    "T":{
                        "0":"18:18",
                        "1":"22:23"
                    }
                },
                "Set 4":0,
                "Set 5":0
            },
            "Timeouts 2":{
                "Set 1":{
                    "T":{
                        "0":"9:7"
                    }
                },
                "Set 2":{
                    "T":{
                        "0":"14:14"
                    }
                },
                "Set 3":{
                    "T":{

                    }
                },
                "Set 4":0,
                "Set 5":0
            }
        },
        "Teams":{
            "Name":{
                "Team 1":"SAINTE-MAXIME COGOLIN VOLLEY",
                "Team 2":"ASLJCROIX ARGENT MONTPELLIER"
            },
            "Players":{
                "Team 1":{
                    "N\u00b0":{
                        "0":1,
                        "1":2,
                        "2":3,
                        "3":4,
                        "4":5,
                        "5":8,
                        "6":9,
                        "7":10,
                        "8":12,
                        "9":13,
                        "10":16
                    },
                    "Nom Pr\u00e9nom":{
                        "0":"DUFOUR MAELIA",
                        "1":"ESPOSITO OLIVIA",
                        "2":"TROCA BABETH",
                        "3":"BOURGAGROU \u00c9M\u00e9LINE",
                        "4":"IPPINDO INGRID",
                        "5":"MELKIOR CINDY",
                        "6":"DENIS CLOTILDE",
                        "7":"CLERE CYRIELLE",
                        "8":"EL HELOU DEMY",
                        "9":"GUESNIER CORALIE",
                        "10":"SANDANOM LANA"
                    },
                    "Licence":{
                        "0":1883678,
                        "1":1897024,
                        "2":2316569,
                        "3":2149477,
                        "4":1202401,
                        "5":1727635,
                        "6":1771255,
                        "7":1367987,
                        "8":2039746,
                        "9":1899092,
                        "10":2048939
                    }
                },
                "Team 2":{
                    "N\u00b0":{
                        "0":2,
                        "1":4,
                        "2":5,
                        "3":6,
                        "4":7,
                        "5":8,
                        "6":9,
                        "7":10,
                        "8":12,
                        "9":14,
                        "10":18,
                        "11":19
                    },
                    "Nom Pr\u00e9nom":{
                        "0":"FRADKIN LAURINE",
                        "1":"AUDINOT ANOUCK",
                        "2":"DALI YOUCEF MANEL",
                        "3":"ROUVIERE NINON",
                        "4":"BORDIN NATHALIE",
                        "5":"TARTAR DORIANE",
                        "6":"DESPLANCHES CLAIRE",
                        "7":"SAINT SAUVEUR MARIE-ALICE",
                        "8":"DE MONT MARIN ALIX",
                        "9":"AUDINOT CAMILLE",
                        "10":"COULONDOU LEA",
                        "11":"BOCAGE AGN\u00e8S"
                    },
                    "Licence":{
                        "0":1519276,
                        "1":1541996,
                        "2":2413268,
                        "3":1595751,
                        "4":1827435,
                        "5":1683014,
                        "6":1999003,
                        "7":1594293,
                        "8":2243361,
                        "9":1415273,
                        "10":1672737,
                        "11":1756591
                    }
                }
            },
            "Liberos":{
                "Team 1":{
                    "N\u00b0":{
                        "0":13
                    },
                    "Nom Pr\u00e9nom":{
                        "0":"GUESNIER CORALIE"
                    },
                    "Licence":{
                        "0":1899092
                    }
                },
                "Team 2":{
                    "N\u00b0":{
                        "0":12,
                        "1":18
                    },
                    "Nom Pr\u00e9nom":{
                        "0":"DE MONT MARIN ALIX",
                        "1":"COULONDOU LEA"
                    },
                    "Licence":{
                        "0":2243361,
                        "1":1672737
                    }
                }
            },
            "Officials":{
                "Team 1":{
                    "N\u00b0":{
                        "0":"EA",
                        "1":"EB"
                    },
                    "Nom Pr\u00e9nom":{
                        "0":"NAYE AUBRY",
                        "1":"ESPOSITO CHRISTOPHE"
                    },
                    "Licence":{
                        "0":1643216,
                        "1":1941164
                    }
                },
                "Team 2":{
                    "N\u00b0":{
                        "0":"EA"
                    },
                    "Nom Pr\u00e9nom":{
                        "0":"ICKOWICZ JORDAN"
                    },
                    "Licence":{
                        "0":1861814
                    }
                }
            }
        },
        "Results":{
            "winner":"SAINTE-MAXIME COGOLIN",
            "score":"3\/0"
        },
        "Referees":{
            "NOM Pr\u00e9nom":{
                "1er":"PHLIPONEAU BORIS",
                "2\u00e8me":"DE GUIGN\u00c9 LA B\u00c9RANGERIE FABIEN",
                "Marqueur":"GIUBERGIA AURELIE",
                "Marq.Ass":".",
                "R.Salle":"LAFET AMELIE"
            },
            "Ligue":{
                "1er":"LIG_PAC",
                "2\u00e8me":"LIG_PAC",
                "Marqueur":"LIG_PAC",
                "Marq.Ass":null,
                "R.Salle":"LIG_PAC"
            },
            "Licence":{
                "1er":1418558.0,
                "2\u00e8me":2352248.0,
                "Marqueur":1345708.0,
                "Marq.Ass":null,
                "R.Salle":1055670.0
            }
        },
        "Penalties":{

        }
    }
}