{
    "Match":{
        "Title":{
            "div_code":"3FA ",
            "div_name":"NATIONALE 3 FEMININE POULE A",
            "div_pool":"",
            "match_number":"3FA016",
            "match_day":"03",
            "city":"",
            "gym":"COSEC MARCEL COULONY",
            "category":"SENIOR | FEMININE",
            "ligue":"Comp\u00e9titions Nationales SENIORS",
            "date":"2019-10-27 14:00:00",
            "team_1":"SAINTE-MAXIME COGOLIN VOLLEY",
            "team_2":"LE CRES VOLLEY-BALL"
        },
        "Sets":{
            "Teams":{
                "Set 1":{
                    "Name":{
                        "Team 1":"SAINTE-MAXIME COGOLIN",
                        "Team 2":"LE CRES VOLLEY-BALL"
                    },
                    "Starting":{
                        "Team 1":"Service",
                        "Team 2":"Reception"
                    }
                },
                "Set 2":{
                    "Name":{
                        "Team 1":"SAINTE-MAXIME COGOLIN",
                        "Team 2":"LE CRES VOLLEY-BALL"
                    },
                    "Starting":{
                        "Team 1":"Reception",
                        "Team 2":"Service"
                    }
                },
                "Set 3":{
                    "Name":{
                        "Team 1":"SAINTE-MAXIME COGOLIN",
                        "Team 2":"LE CRES VOLLEY-BALL"
                    },
                    "Starting":{
                        "Team 1":"Service",
                        "Team 2":"Reception"
                    }
                },
                "Set 4":0,
                "Set 5":0
            },
            "Time":{
                "Set 1":{
                    "Time":{
                        "Start":"2019-10-27 14:01:00",
                        "End":"2019-10-27 14:28:00"
                    }
                },
                "Set 2":{
                    "Time":{
                        "Start":"2019-10-27 14:32:00",
                        "End":"2019-10-27 15:24:00"
                    }
                },
                "Set 3":{
                    "Time":{
                        "Start":"2019-10-27 15:27:00",
                        "End":"2019-10-27 15:57:00"
                    }
                },
                "Set 4":0,
                "Set 5":0
            },
            "Substitutions 1":{
                "Set 1":{
                    "I":{
                        "0":6
                    },
                    "II":{
                        "0":2
                    },
                    "III":{
                        "0":1
                    },
                    "IV":{
                        "0":9
                    },
                    "V":{
                        "0":12
                    },
                    "VI":{
                        "0":5
                    }
                },
                "Set 2":{
                    "I":{
                        "0":"5",
                        "1":"7",
                        "2":"23:20",
                        "3":"23:21"
                    },
                    "II":{
                        "0":6.0,
                        "1":null,
                        "2":null,
                        "3":null
                    },
                    "III":{
                        "0":2.0,
                        "1":null,
                        "2":null,
                        "3":null
                    },
                    "IV":{
                        "0":1.0,
                        "1":null,
                        "2":null,
                        "3":null
                    },
                    "V":{
                        "0":9.0,
                        "1":null,
                        "2":null,
                        "3":null
                    },
                    "VI":{
                        "0":12.0,
                        "1":null,
                        "2":null,
                        "3":null
                    }
                },
                "Set 3":{
                    "I":{
                        "0":6
                    },
                    "II":{
                        "0":2
                    },
                    "III":{
                        "0":1
                    },
                    "IV":{
                        "0":9
                    },
                    "V":{
                        "0":12
                    },
                    "VI":{
                        "0":5
                    }
                },
                "Set 4":0,
                "Set 5":0
            },
            "Substitutions 2":{
                "Set 1":{
                    "I":{
                        "0":17
                    },
                    "II":{
                        "0":8
                    },
                    "III":{
                        "0":10
                    },
                    "IV":{
                        "0":6
                    },
                    "V":{
                        "0":3
                    },
                    "VI":{
                        "0":7
                    }
                },
                "Set 2":{
                    "I":{
                        "0":"3",
                        "1":"2",
                        "2":"24:24",
                        "3":"25:25"
                    },
                    "II":{
                        "0":"10",
                        "1":"1",
                        "2":"7:3",
                        "3":null
                    },
                    "III":{
                        "0":6.0,
                        "1":null,
                        "2":null,
                        "3":null
                    },
                    "IV":{
                        "0":"8",
                        "1":"9",
                        "2":"24:23",
                        "3":"25:25"
                    },
                    "V":{
                        "0":7.0,
                        "1":null,
                        "2":null,
                        "3":null
                    },
                    "VI":{
                        "0":17.0,
                        "1":null,
                        "2":null,
                        "3":null
                    }
                },
                "Set 3":{
                    "I":{
                        "0":8.0,
                        "1":null,
                        "2":null
                    },
                    "II":{
                        "0":1.0,
                        "1":null,
                        "2":null
                    },
                    "III":{
                        "0":"6",
                        "1":"9",
                        "2":"2:3"
                    },
                    "IV":{
                        "0":3.0,
                        "1":null,
                        "2":null
                    },
                    "V":{
                        "0":7.0,
                        "1":null,
                        "2":null
                    },
                    "VI":{
                        "0":17.0,
                        "1":null,
                        "2":null
                    }
                },
                "Set 4":0,
                "Set 5":0
            },
            "Serves 1":{
                "Set 1":{
                    "I":{
                        "0":"0",
                        "1":8
                    },
                    "II":{
                        "0":"1",
                        "1":13
                    },
                    "III":{
                        "0":"3",
                        "1":14
                    },
                    "IV":{
                        "0":"5",
                        "1":15
                    },
                    "V":{
                        "0":"6",
                        "1":17
                    },
                    "VI":{
                        "0":"7",
                        "1":21
                    }
                },
                "Set 2":{
                    "I":{
                        "0":null,
                        "1":14.0,
                        "2":22.0,
                        "3":30.0
                    },
                    "II":{
                        "0":"3",
                        "1":15,
                        "2":23,
                        "3":32
                    },
                    "III":{
                        "0":"4",
                        "1":18,
                        "2":25,
                        "3":34
                    },
                    "IV":{
                        "0":"8",
                        "1":19,
                        "2":26,
                        "3":35
                    },
                    "V":{
                        "0":"10",
                        "1":20,
                        "2":27,
                        "3":36
                    },
                    "VI":{
                        "0":"13",
                        "1":21,
                        "2":29,
                        "3":37
                    }
                },
                "Set 3":{
                    "I":{
                        "0":"2",
                        "1":11
                    },
                    "II":{
                        "0":"3",
                        "1":16
                    },
                    "III":{
                        "0":"5",
                        "1":17
                    },
                    "IV":{
                        "0":"6",
                        "1":19
                    },
                    "V":{
                        "0":"8",
                        "1":20
                    },
                    "VI":{
                        "0":"9",
                        "1":21
                    }
                },
                "Set 4":0,
                "Set 5":0
            },
            "Serves 2":{
                "Set 1":{
                    "I":{
                        "0":null,
                        "1":15.0,
                        "2":25.0
                    },
                    "II":{
                        "0":"2",
                        "1":16.0,
                        "2":null
                    },
                    "III":{
                        "0":"5",
                        "1":17.0,
                        "2":null
                    },
                    "IV":{
                        "0":"7",
                        "1":21.0,
                        "2":null
                    },
                    "V":{
                        "0":"12",
                        "1":24.0,
                        "2":null
                    },
                    "VI":{
                        "0":"14",
                        "1":24.0,
                        "2":null
                    }
                },
                "Set 2":{
                    "I":{
                        "0":"4",
                        "1":14,
                        "2":20,
                        "3":31
                    },
                    "II":{
                        "0":"7",
                        "1":15,
                        "2":24,
                        "3":33
                    },
                    "III":{
                        "0":"8",
                        "1":16,
                        "2":25,
                        "3":35
                    },
                    "IV":{
                        "0":"9",
                        "1":18,
                        "2":27,
                        "3":36
                    },
                    "V":{
                        "0":"10",
                        "1":19,
                        "2":28,
                        "3":37
                    },
                    "VI":{
                        "0":"12",
                        "1":19,
                        "2":29,
                        "3":39
                    }
                },
                "Set 3":{
                    "I":{
                        "0":null,
                        "1":14.0,
                        "2":25.0
                    },
                    "II":{
                        "0":"1",
                        "1":18.0,
                        "2":null
                    },
                    "III":{
                        "0":"3",
                        "1":19.0,
                        "2":null
                    },
                    "IV":{
                        "0":"6",
                        "1":21.0,
                        "2":null
                    },
                    "V":{
                        "0":"10",
                        "1":23.0,
                        "2":null
                    },
                    "VI":{
                        "0":"12",
                        "1":24.0,
                        "2":null
                    }
                },
                "Set 4":0,
                "Set 5":0
            },
            "Timeouts 1":{
                "Set 1":{
                    "T":{
                        "0":"5:11",
                        "1":"14:21"
                    }
                },
                "Set 2":{
                    "T":{
                        "0":"23:22",
                        "1":"23:24"
                    }
                },
                "Set 3":{
                    "T":{
                        "0":"8:12",
                        "1":"17:21"
                    }
                },
                "Set 4":0,
                "Set 5":0
            },
            "Timeouts 2":{
                "Set 1":{
                    "T":{
                        "0":"16:13",
                        "1":"24:19"
                    }
                },
                "Set 2":{
                    "T":{
                        "0":"9:10",
                        "1":"19:20"
                    }
                },
                "Set 3":{
                    "T":{
                        "0":"18:15",
                        "1":"24:21"
                    }
                },
                "Set 4":0,
                "Set 5":0
            }
        },
        "Teams":{
            "Name":{
                "Team 1":"SAINTE-MAXIME COGOLIN VOLLEY",
                "Team 2":"LE CRES VOLLEY-BALL"
            },
            "Players":{
                "Team 1":{
                    "N\u00b0":{
                        "0":1,
                        "1":2,
                        "2":5,
                        "3":6,
                        "4":7,
                        "5":9,
                        "6":12,
                        "7":13
                    },
                    "Nom Pr\u00e9nom":{
                        "0":"DUFOUR MAELIA",
                        "1":"ESPOSITO OLIVIA",
                        "2":"IPPINDO INGRID",
                        "3":"MALHERBE ANDREA",
                        "4":"BOULKENAFET ANAIS",
                        "5":"DENIS CLOTILDE",
                        "6":"EL HELOU DEMY",
                        "7":"GUESNIER CORALIE"
                    },
                    "Licence":{
                        "0":1883678,
                        "1":1897024,
                        "2":1202401,
                        "3":1944266,
                        "4":2045194,
                        "5":1771255,
                        "6":2039746,
                        "7":1899092
                    }
                },
                "Team 2":{
                    "N\u00b0":{
                        "0":1,
                        "1":2,
                        "2":3,
                        "3":5,
                        "4":6,
                        "5":7,
                        "6":8,
                        "7":9,
                        "8":10,
                        "9":17
                    },
                    "Nom Pr\u00e9nom":{
                        "0":"BERTRAND CLEMENTINE",
                        "1":"HELLEC LEA",
                        "2":"WEIRI KELLY",
                        "3":"TARDIEU MARION",
                        "4":"CENTELLES CLAIRE",
                        "5":"CAPO ALEXIA",
                        "6":"CORDOBA ROMANE",
                        "7":"HOTTIN LUCIE",
                        "8":"WENEHOUA LAURENZA",
                        "9":"GUIRAO GAELLE"
                    },
                    "Licence":{
                        "0":1661278,
                        "1":1843627,
                        "2":1848431,
                        "3":1696168,
                        "4":1742690,
                        "5":1761806,
                        "6":1766033,
                        "7":1840380,
                        "8":1848438,
                        "9":1615201
                    }
                }
            },
            "Liberos":{
                "Team 1":{
                    "N\u00b0":{
                        "0":13
                    },
                    "Nom Pr\u00e9nom":{
                        "0":"GUESNIER CORALIE"
                    },
                    "Licence":{
                        "0":1899092
                    }
                },
                "Team 2":{
                    "N\u00b0":{
                        "0":5
                    },
                    "Nom Pr\u00e9nom":{
                        "0":"TARDIEU MARION"
                    },
                    "Licence":{
                        "0":1696168
                    }
                }
            },
            "Officials":{
                "Team 1":{
                    "N\u00b0":{
                        "0":"EA",
                        "1":"EB"
                    },
                    "Nom Pr\u00e9nom":{
                        "0":"NAYE AUBRY",
                        "1":"ESPOSITO CHRISTOPHE"
                    },
                    "Licence":{
                        "0":1643216,
                        "1":1941164
                    }
                },
                "Team 2":{
                    "N\u00b0":{
                        "0":"EA"
                    },
                    "Nom Pr\u00e9nom":{
                        "0":"TAOUPOULOU KEVIN"
                    },
                    "Licence":{
                        "0":1709950
                    }
                }
            }
        },
        "Results":{
            "winner":"LE CRES VOLLEY-BALL",
            "score":"3\/0"
        },
        "Referees":{
            "NOM Pr\u00e9nom":{
                "1er":"PIREDDU PIERRE-EMMANUEL",
                "2\u00e8me":"DE GUIGN\u00c9 LA B\u00c9RANGERIE FABIEN",
                "Marqueur":"BOUROUIS NAGETT",
                "Marq.Ass":".",
                "nan":null
            },
            "Ligue":{
                "1er":"LIG_PAC",
                "2\u00e8me":"LIG_PAC",
                "Marqueur":"LIG_PAC",
                "Marq.Ass":null,
                "nan":"Juges"
            },
            "Licence":{
                "1er":1819495.0,
                "2\u00e8me":2352248.0,
                "Marqueur":1640585.0,
                "Marq.Ass":null,
                "nan":null
            }
        },
        "Penalties":{

        }
    }
}