{
    "Match":{
        "Title":{
            "div_code":"3FA ",
            "div_name":"NATIONALE 3 FEMININE POULE A",
            "div_pool":"",
            "match_number":"3FA006",
            "match_day":"01",
            "city":"LATTES",
            "gym":"SAFER",
            "category":"SENIOR | FEMININE",
            "ligue":"Comp\u00e9titions Nationales SENIORS",
            "date":"2019-10-06 14:00:00",
            "team_1":"LATTES ASPTT MONTPELLIER V.A.C",
            "team_2":"STADE MARSEILLAIS U.C"
        },
        "Sets":{
            "Teams":{
                "Set 1":{
                    "Name":{
                        "Team 1":"LATTES ASPTT MONTPELLI",
                        "Team 2":"STADE MARSEILLAIS U.C"
                    },
                    "Starting":{
                        "Team 1":"Service",
                        "Team 2":"Reception"
                    }
                },
                "Set 2":{
                    "Name":{
                        "Team 1":"LATTES ASPTT MONTPELLI",
                        "Team 2":"STADE MARSEILLAIS U.C"
                    },
                    "Starting":{
                        "Team 1":"Reception",
                        "Team 2":"Service"
                    }
                },
                "Set 3":{
                    "Name":{
                        "Team 1":"LATTES ASPTT MONTPELLI",
                        "Team 2":"STADE MARSEILLAIS U.C"
                    },
                    "Starting":{
                        "Team 1":"Service",
                        "Team 2":"Reception"
                    }
                },
                "Set 4":{
                    "Name":{
                        "Team 1":"LATTES ASPTT MONTPELLI",
                        "Team 2":"STADE MARSEILLAIS U.C"
                    },
                    "Starting":{
                        "Team 1":"Reception",
                        "Team 2":"Service"
                    }
                },
                "Set 5":{
                    "Name":{
                        "Team 1":"STADE MARSEILLAIS U",
                        "Team 2":"LATTES ASPTT MONTPE"
                    },
                    "Starting":{
                        "Team 1":"Reception",
                        "Team 2":"Service"
                    }
                }
            },
            "Time":{
                "Set 1":{
                    "Time":{
                        "Start":"2019-10-06 14:01:00",
                        "End":"2019-10-06 14:31:00"
                    }
                },
                "Set 2":{
                    "Time":{
                        "Start":"2019-10-06 14:35:00",
                        "End":"2019-10-06 15:03:00"
                    }
                },
                "Set 3":{
                    "Time":{
                        "Start":"2019-10-06 15:06:00",
                        "End":"2019-10-06 15:29:00"
                    }
                },
                "Set 4":{
                    "Time":{
                        "Start":"2019-10-06 15:32:00",
                        "End":"2019-10-06 15:59:00"
                    }
                },
                "Set 5":{
                    "Time":{
                        "Start":"2019-10-06 16:02:00",
                        "End":"2019-10-06 16:20:00"
                    }
                }
            },
            "Substitutions 1":{
                "Set 1":{
                    "I":{
                        "0":8.0,
                        "1":null,
                        "2":null
                    },
                    "II":{
                        "0":7.0,
                        "1":null,
                        "2":null
                    },
                    "III":{
                        "0":1.0,
                        "1":null,
                        "2":null
                    },
                    "IV":{
                        "0":"5",
                        "1":"3",
                        "2":"21:21"
                    },
                    "V":{
                        "0":17.0,
                        "1":null,
                        "2":null
                    },
                    "VI":{
                        "0":19.0,
                        "1":null,
                        "2":null
                    }
                },
                "Set 2":{
                    "I":{
                        "0":8.0,
                        "1":null,
                        "2":null
                    },
                    "II":{
                        "0":7.0,
                        "1":null,
                        "2":null
                    },
                    "III":{
                        "0":1.0,
                        "1":null,
                        "2":null
                    },
                    "IV":{
                        "0":5.0,
                        "1":null,
                        "2":null
                    },
                    "V":{
                        "0":17.0,
                        "1":null,
                        "2":null
                    },
                    "VI":{
                        "0":"19",
                        "1":"3",
                        "2":"6:10"
                    }
                },
                "Set 3":{
                    "I":{
                        "0":8
                    },
                    "II":{
                        "0":7
                    },
                    "III":{
                        "0":1
                    },
                    "IV":{
                        "0":5
                    },
                    "V":{
                        "0":17
                    },
                    "VI":{
                        "0":3
                    }
                },
                "Set 4":{
                    "I":{
                        "0":"8",
                        "1":"13",
                        "2":"11:17",
                        "3":null
                    },
                    "II":{
                        "0":7.0,
                        "1":null,
                        "2":null,
                        "3":null
                    },
                    "III":{
                        "0":1.0,
                        "1":null,
                        "2":null,
                        "3":null
                    },
                    "IV":{
                        "0":5.0,
                        "1":null,
                        "2":null,
                        "3":null
                    },
                    "V":{
                        "0":"17",
                        "1":"19",
                        "2":"10:14",
                        "3":"20:23"
                    },
                    "VI":{
                        "0":3.0,
                        "1":null,
                        "2":null,
                        "3":null
                    }
                },
                "Set 5":{
                    "I":{
                        "0":3.0,
                        "1":null,
                        "2":null
                    },
                    "II":{
                        "0":2.0,
                        "1":null,
                        "2":null
                    },
                    "III":{
                        "0":"9",
                        "1":"13",
                        "2":"8:10"
                    },
                    "IV":{
                        "0":7.0,
                        "1":null,
                        "2":null
                    },
                    "V":{
                        "0":19.0,
                        "1":null,
                        "2":null
                    },
                    "VI":{
                        "0":12.0,
                        "1":null,
                        "2":null
                    }
                }
            },
            "Substitutions 2":{
                "Set 1":{
                    "I":{
                        "0":12.0,
                        "1":null,
                        "2":null
                    },
                    "II":{
                        "0":3.0,
                        "1":null,
                        "2":null
                    },
                    "III":{
                        "0":"15",
                        "1":"19",
                        "2":"23:24"
                    },
                    "IV":{
                        "0":"9",
                        "1":"2",
                        "2":"23:24"
                    },
                    "V":{
                        "0":10.0,
                        "1":null,
                        "2":null
                    },
                    "VI":{
                        "0":13.0,
                        "1":null,
                        "2":null
                    }
                },
                "Set 2":{
                    "I":{
                        "0":12.0,
                        "1":null,
                        "2":null,
                        "3":null
                    },
                    "II":{
                        "0":3.0,
                        "1":null,
                        "2":null,
                        "3":null
                    },
                    "III":{
                        "0":"15",
                        "1":"16",
                        "2":"14:11",
                        "3":"15:19"
                    },
                    "IV":{
                        "0":13.0,
                        "1":null,
                        "2":null,
                        "3":null
                    },
                    "V":{
                        "0":10.0,
                        "1":null,
                        "2":null,
                        "3":null
                    },
                    "VI":{
                        "0":19.0,
                        "1":null,
                        "2":null,
                        "3":null
                    }
                },
                "Set 3":{
                    "I":{
                        "0":3
                    },
                    "II":{
                        "0":2
                    },
                    "III":{
                        "0":9
                    },
                    "IV":{
                        "0":7
                    },
                    "V":{
                        "0":19
                    },
                    "VI":{
                        "0":12
                    }
                },
                "Set 4":{
                    "I":{
                        "0":3
                    },
                    "II":{
                        "0":2
                    },
                    "III":{
                        "0":9
                    },
                    "IV":{
                        "0":7
                    },
                    "V":{
                        "0":19
                    },
                    "VI":{
                        "0":12
                    }
                },
                "Set 5":{
                    "I":{
                        "0":"8",
                        "1":"13",
                        "2":"4:4"
                    },
                    "II":{
                        "0":7.0,
                        "1":null,
                        "2":null
                    },
                    "III":{
                        "0":1.0,
                        "1":null,
                        "2":null
                    },
                    "IV":{
                        "0":5.0,
                        "1":null,
                        "2":null
                    },
                    "V":{
                        "0":17.0,
                        "1":null,
                        "2":null
                    },
                    "VI":{
                        "0":3.0,
                        "1":null,
                        "2":null
                    }
                }
            },
            "Serves 1":{
                "Set 1":{
                    "I":{
                        "0":"5",
                        "1":16
                    },
                    "II":{
                        "0":"7",
                        "1":18
                    },
                    "III":{
                        "0":"8",
                        "1":20
                    },
                    "IV":{
                        "0":"9",
                        "1":21
                    },
                    "V":{
                        "0":"12",
                        "1":24
                    },
                    "VI":{
                        "0":"13",
                        "1":25
                    }
                },
                "Set 2":{
                    "I":{
                        "0":null,
                        "1":13.0
                    },
                    "II":{
                        "0":"3",
                        "1":19
                    },
                    "III":{
                        "0":"5",
                        "1":20
                    },
                    "IV":{
                        "0":"6",
                        "1":25
                    },
                    "V":{
                        "0":"8",
                        "1":null
                    },
                    "VI":{
                        "0":"11",
                        "1":null
                    }
                },
                "Set 3":{
                    "I":{
                        "0":"0",
                        "1":10
                    },
                    "II":{
                        "0":"1",
                        "1":11
                    },
                    "III":{
                        "0":"3",
                        "1":12
                    },
                    "IV":{
                        "0":"5",
                        "1":13
                    },
                    "V":{
                        "0":"6",
                        "1":14
                    },
                    "VI":{
                        "0":"9",
                        "1":15
                    }
                },
                "Set 4":{
                    "I":{
                        "0":null,
                        "1":9.0
                    },
                    "II":{
                        "0":"1",
                        "1":11
                    },
                    "III":{
                        "0":"3",
                        "1":18
                    },
                    "IV":{
                        "0":"4",
                        "1":19
                    },
                    "V":{
                        "0":"6",
                        "1":20
                    },
                    "VI":{
                        "0":"8",
                        "1":null
                    }
                },
                "Set 5":{
                    "I":{
                        "0":null,
                        "1":9.0
                    },
                    "II":{
                        "0":"2",
                        "1":11
                    },
                    "III":{
                        "0":"3",
                        "1":12
                    },
                    "IV":{
                        "0":"4",
                        "1":null
                    },
                    "V":{
                        "0":"6",
                        "1":null
                    },
                    "VI":{
                        "0":"8",
                        "1":null
                    }
                }
            },
            "Serves 2":{
                "Set 1":{
                    "I":{
                        "0":null,
                        "1":12.0
                    },
                    "II":{
                        "0":"1",
                        "1":14
                    },
                    "III":{
                        "0":"3",
                        "1":16
                    },
                    "IV":{
                        "0":"7",
                        "1":21
                    },
                    "V":{
                        "0":"8",
                        "1":22
                    },
                    "VI":{
                        "0":"10",
                        "1":23
                    }
                },
                "Set 2":{
                    "I":{
                        "0":"0",
                        "1":15
                    },
                    "II":{
                        "0":"3",
                        "1":16
                    },
                    "III":{
                        "0":"6",
                        "1":19
                    },
                    "IV":{
                        "0":"10",
                        "1":null
                    },
                    "V":{
                        "0":"13",
                        "1":null
                    },
                    "VI":{
                        "0":"14",
                        "1":null
                    }
                },
                "Set 3":{
                    "I":{
                        "0":null,
                        "1":9.0,
                        "2":25.0
                    },
                    "II":{
                        "0":"1",
                        "1":15.0,
                        "2":null
                    },
                    "III":{
                        "0":"2",
                        "1":17.0,
                        "2":null
                    },
                    "IV":{
                        "0":"3",
                        "1":19.0,
                        "2":null
                    },
                    "V":{
                        "0":"5",
                        "1":21.0,
                        "2":null
                    },
                    "VI":{
                        "0":"6",
                        "1":22.0,
                        "2":null
                    }
                },
                "Set 4":{
                    "I":{
                        "0":"3",
                        "1":14
                    },
                    "II":{
                        "0":"5",
                        "1":21
                    },
                    "III":{
                        "0":"8",
                        "1":22
                    },
                    "IV":{
                        "0":"9",
                        "1":23
                    },
                    "V":{
                        "0":"11",
                        "1":25
                    },
                    "VI":{
                        "0":"13",
                        "1":null
                    }
                },
                "Set 5":{
                    "I":{
                        "0":"0",
                        "1":12
                    },
                    "II":{
                        "0":"1",
                        "1":13
                    },
                    "III":{
                        "0":"3",
                        "1":15
                    },
                    "IV":{
                        "0":"5",
                        "1":null
                    },
                    "V":{
                        "0":"8",
                        "1":null
                    },
                    "VI":{
                        "0":"10",
                        "1":null
                    }
                }
            },
            "Timeouts 1":{
                "Set 1":{
                    "T":{
                        "0":"20:19",
                        "1":"20:21"
                    }
                },
                "Set 2":{
                    "T":{
                        "0":"8:12",
                        "1":"20:18"
                    }
                },
                "Set 3":{
                    "T":{
                        "0":"10:14"
                    }
                },
                "Set 4":{
                    "T":{

                    }
                },
                "Set 5":{
                    "T":{
                        "0":"9:12"
                    }
                }
            },
            "Timeouts 2":{
                "Set 1":{
                    "T":{
                        "0":"14:17",
                        "1":"22:23"
                    }
                },
                "Set 2":{
                    "T":{
                        "0":"19:23"
                    }
                },
                "Set 3":{
                    "T":{

                    }
                },
                "Set 4":{
                    "T":{
                        "0":"14:11",
                        "1":"21:15"
                    }
                },
                "Set 5":{
                    "T":{

                    }
                }
            }
        },
        "Teams":{
            "Name":{
                "Team 1":"LATTES ASPTT MONTPELLIER V.A.C",
                "Team 2":"STADE MARSEILLAIS U.C"
            },
            "Players":{
                "Team 1":{
                    "N\u00b0":{
                        "0":1,
                        "1":3,
                        "2":5,
                        "3":7,
                        "4":8,
                        "5":12,
                        "6":13,
                        "7":17,
                        "8":19
                    },
                    "Nom Pr\u00e9nom":{
                        "0":"DESGRANGES JEANNE",
                        "1":"SALEM MAELYS",
                        "2":"DARIDON OCTAVINE",
                        "3":"SANCHEZ ANNA",
                        "4":"ROBERT MELODY",
                        "5":"BONNIER ANAE",
                        "6":"MARTINEZ FLORA",
                        "7":"TANGATY YASMINA",
                        "8":"ZAKRAOUI RAPHAELLE"
                    },
                    "Licence":{
                        "0":1991666,
                        "1":1778324,
                        "2":2200467,
                        "3":1864659,
                        "4":1762877,
                        "5":2140898,
                        "6":1970745,
                        "7":1947214,
                        "8":2245246
                    }
                },
                "Team 2":{
                    "N\u00b0":{
                        "0":2,
                        "1":3,
                        "2":7,
                        "3":9,
                        "4":10,
                        "5":12,
                        "6":13,
                        "7":15,
                        "8":16,
                        "9":18,
                        "10":19
                    },
                    "Nom Pr\u00e9nom":{
                        "0":"BERNARDINI ALICE",
                        "1":"CHATAGNON ANAIS",
                        "2":"CAZELLES MANON",
                        "3":"CUGY RAPHAELLE",
                        "4":"WAYA AURORE",
                        "5":"DANIEL CANELLE",
                        "6":"VIVIEN KASSANDRA",
                        "7":"TAMISIER LENA",
                        "8":"LOESCHE MARIE",
                        "9":"COTTERON AMANDINE",
                        "10":"BEN-JADDI SABRINA"
                    },
                    "Licence":{
                        "0":1419080,
                        "1":1633838,
                        "2":1947516,
                        "3":2303974,
                        "4":1624127,
                        "5":1887235,
                        "6":1794874,
                        "7":2193536,
                        "8":1910545,
                        "9":1818482,
                        "10":1520682
                    }
                }
            },
            "Liberos":{
                "Team 1":{
                    "N\u00b0":{
                        "0":12
                    },
                    "Nom Pr\u00e9nom":{
                        "0":"BONNIER ANAE"
                    },
                    "Licence":{
                        "0":2140898
                    }
                },
                "Team 2":{
                    "N\u00b0":{
                        "0":18
                    },
                    "Nom Pr\u00e9nom":{
                        "0":"COTTERON AMANDINE"
                    },
                    "Licence":{
                        "0":1818482
                    }
                }
            },
            "Officials":{
                "Team 1":{
                    "N\u00b0":{
                        "0":"EA",
                        "1":"SO"
                    },
                    "Nom Pr\u00e9nom":{
                        "0":"BRU GAUTIER",
                        "1":"SALVAN PHILIPPE"
                    },
                    "Licence":{
                        "0":2037324,
                        "1":206854
                    }
                },
                "Team 2":{
                    "N\u00b0":{
                        "0":"EA",
                        "1":"EB"
                    },
                    "Nom Pr\u00e9nom":{
                        "0":"MOUKOKO IV DAVID",
                        "1":"COLLART FREDERIC"
                    },
                    "Licence":{
                        "0":1041927,
                        "1":2356798
                    }
                }
            }
        },
        "Results":{
            "winner":"LATTES ASPTT MONTPELLI",
            "score":"3\/2"
        },
        "Referees":{
            "NOM Pr\u00e9nom":{
                "1er":"BOURGUIBI ABDESAMAD",
                "2\u00e8me":"CHARLES DIDIER",
                "Marqueur":"GEILER BRIGITTE",
                "Marq.Ass":". JOUFFRE ISABELLE",
                "nan":null
            },
            "Ligue":{
                "1er":"LIG_OCC",
                "2\u00e8me":"LIG_OCC",
                "Marqueur":"LIG_OCC",
                "Marq.Ass":"LIG_OCC",
                "nan":"Juges"
            },
            "Licence":{
                "1er":1379609.0,
                "2\u00e8me":2038700.0,
                "Marqueur":954078.0,
                "Marq.Ass":49650.0,
                "nan":null
            }
        },
        "Penalties":{

        }
    }
}