{
    "Match":{
        "Title":{
            "div_code":"3FA ",
            "div_name":"NATIONALE 3 FEMININE POULE A",
            "div_pool":"",
            "match_number":"3FA036",
            "match_day":"06",
            "city":"ARLES",
            "gym":"FOURNIER",
            "category":"SENIOR | FEMININE",
            "ligue":"Comp\u00e9titions Nationales SENIORS",
            "date":"2020-01-05 16:00:00",
            "team_1":"VOLLEY-BALL ARLESIEN",
            "team_2":"VOLERO LE CANNET COTE D'AZUR 3"
        },
        "Sets":{
            "Teams":{
                "Set 1":{
                    "Name":{
                        "Team 1":"VOLLEY-BALL ARLESIEN",
                        "Team 2":"VOLERO LE CANNET COTE"
                    },
                    "Starting":{
                        "Team 1":"Reception",
                        "Team 2":"Service"
                    }
                },
                "Set 2":{
                    "Name":{
                        "Team 1":"VOLLEY-BALL ARLESIEN",
                        "Team 2":"VOLERO LE CANNET COTE"
                    },
                    "Starting":{
                        "Team 1":"Service",
                        "Team 2":"Reception"
                    }
                },
                "Set 3":{
                    "Name":{
                        "Team 1":"VOLLEY-BALL ARLESIEN",
                        "Team 2":"VOLERO LE CANNET COTE"
                    },
                    "Starting":{
                        "Team 1":"Reception",
                        "Team 2":"Service"
                    }
                },
                "Set 4":0,
                "Set 5":0
            },
            "Time":{
                "Set 1":{
                    "Time":{
                        "Start":"2020-01-05 15:59:00",
                        "End":"2020-01-05 16:23:00"
                    }
                },
                "Set 2":{
                    "Time":{
                        "Start":"2020-01-05 16:27:00",
                        "End":"2020-01-05 16:52:00"
                    }
                },
                "Set 3":{
                    "Time":{
                        "Start":"2020-01-05 16:55:00",
                        "End":"2020-01-05 17:25:00"
                    }
                },
                "Set 4":0,
                "Set 5":0
            },
            "Substitutions 1":{
                "Set 1":{
                    "I":{
                        "0":11
                    },
                    "II":{
                        "0":7
                    },
                    "III":{
                        "0":9
                    },
                    "IV":{
                        "0":2
                    },
                    "V":{
                        "0":14
                    },
                    "VI":{
                        "0":1
                    }
                },
                "Set 2":{
                    "I":{
                        "0":7
                    },
                    "II":{
                        "0":9
                    },
                    "III":{
                        "0":2
                    },
                    "IV":{
                        "0":14
                    },
                    "V":{
                        "0":1
                    },
                    "VI":{
                        "0":11
                    }
                },
                "Set 3":{
                    "I":{
                        "0":11.0,
                        "1":null,
                        "2":null
                    },
                    "II":{
                        "0":7.0,
                        "1":null,
                        "2":null
                    },
                    "III":{
                        "0":9.0,
                        "1":null,
                        "2":null
                    },
                    "IV":{
                        "0":2.0,
                        "1":null,
                        "2":null
                    },
                    "V":{
                        "0":"14",
                        "1":"20",
                        "2":"24:21"
                    },
                    "VI":{
                        "0":1.0,
                        "1":null,
                        "2":null
                    }
                },
                "Set 4":0,
                "Set 5":0
            },
            "Substitutions 2":{
                "Set 1":{
                    "I":{
                        "0":7
                    },
                    "II":{
                        "0":12
                    },
                    "III":{
                        "0":8
                    },
                    "IV":{
                        "0":6
                    },
                    "V":{
                        "0":5
                    },
                    "VI":{
                        "0":10
                    }
                },
                "Set 2":{
                    "I":{
                        "0":8.0,
                        "1":null,
                        "2":null,
                        "3":null
                    },
                    "II":{
                        "0":6.0,
                        "1":null,
                        "2":null,
                        "3":null
                    },
                    "III":{
                        "0":"5",
                        "1":"3",
                        "2":"11:19",
                        "3":"15:21"
                    },
                    "IV":{
                        "0":10.0,
                        "1":null,
                        "2":null,
                        "3":null
                    },
                    "V":{
                        "0":7.0,
                        "1":null,
                        "2":null,
                        "3":null
                    },
                    "VI":{
                        "0":12.0,
                        "1":null,
                        "2":null,
                        "3":null
                    }
                },
                "Set 3":{
                    "I":{
                        "0":6
                    },
                    "II":{
                        "0":5
                    },
                    "III":{
                        "0":10
                    },
                    "IV":{
                        "0":7
                    },
                    "V":{
                        "0":12
                    },
                    "VI":{
                        "0":8
                    }
                },
                "Set 4":0,
                "Set 5":0
            },
            "Serves 1":{
                "Set 1":{
                    "I":{
                        "0":null,
                        "1":17.0
                    },
                    "II":{
                        "0":"1",
                        "1":20
                    },
                    "III":{
                        "0":"9",
                        "1":21
                    },
                    "IV":{
                        "0":"10",
                        "1":23
                    },
                    "V":{
                        "0":"14",
                        "1":24
                    },
                    "VI":{
                        "0":"16",
                        "1":25
                    }
                },
                "Set 2":{
                    "I":{
                        "0":"3",
                        "1":14,
                        "2":24
                    },
                    "II":{
                        "0":"4",
                        "1":16,
                        "2":25
                    },
                    "III":{
                        "0":"5",
                        "1":18.0,
                        "2":null
                    },
                    "IV":{
                        "0":"7",
                        "1":19.0,
                        "2":null
                    },
                    "V":{
                        "0":"9",
                        "1":20.0,
                        "2":null
                    },
                    "VI":{
                        "0":"11",
                        "1":22.0,
                        "2":null
                    }
                },
                "Set 3":{
                    "I":{
                        "0":null,
                        "1":7.0,
                        "2":20.0
                    },
                    "II":{
                        "0":"1",
                        "1":8,
                        "2":21
                    },
                    "III":{
                        "0":"2",
                        "1":10,
                        "2":22
                    },
                    "IV":{
                        "0":"3",
                        "1":11,
                        "2":23
                    },
                    "V":{
                        "0":"5",
                        "1":13,
                        "2":24
                    },
                    "VI":{
                        "0":"6",
                        "1":19,
                        "2":25
                    }
                },
                "Set 4":0,
                "Set 5":0
            },
            "Serves 2":{
                "Set 1":{
                    "I":{
                        "0":"0",
                        "1":15
                    },
                    "II":{
                        "0":"3",
                        "1":16
                    },
                    "III":{
                        "0":"7",
                        "1":18
                    },
                    "IV":{
                        "0":"8",
                        "1":20
                    },
                    "V":{
                        "0":"10",
                        "1":21
                    },
                    "VI":{
                        "0":"12",
                        "1":null
                    }
                },
                "Set 2":{
                    "I":{
                        "0":null,
                        "1":8.0,
                        "2":16.0
                    },
                    "II":{
                        "0":"1",
                        "1":9,
                        "2":17
                    },
                    "III":{
                        "0":"2",
                        "1":10.0,
                        "2":null
                    },
                    "IV":{
                        "0":"4",
                        "1":11.0,
                        "2":null
                    },
                    "V":{
                        "0":"6",
                        "1":13.0,
                        "2":null
                    },
                    "VI":{
                        "0":"7",
                        "1":15.0,
                        "2":null
                    }
                },
                "Set 3":{
                    "I":{
                        "0":"0",
                        "1":10,
                        "2":18
                    },
                    "II":{
                        "0":"3",
                        "1":12,
                        "2":19
                    },
                    "III":{
                        "0":"4",
                        "1":13,
                        "2":20
                    },
                    "IV":{
                        "0":"5",
                        "1":14,
                        "2":21
                    },
                    "V":{
                        "0":"6",
                        "1":16,
                        "2":22
                    },
                    "VI":{
                        "0":"7",
                        "1":17.0,
                        "2":null
                    }
                },
                "Set 4":0,
                "Set 5":0
            },
            "Timeouts 1":{
                "Set 1":{
                    "T":{

                    }
                },
                "Set 2":{
                    "T":{

                    }
                },
                "Set 3":{
                    "T":{

                    }
                },
                "Set 4":0,
                "Set 5":0
            },
            "Timeouts 2":{
                "Set 1":{
                    "T":{
                        "0":"15:19",
                        "1":"18:23"
                    }
                },
                "Set 2":{
                    "T":{
                        "0":"8:14",
                        "1":"10:18"
                    }
                },
                "Set 3":{
                    "T":{
                        "0":"16:18",
                        "1":"18:21"
                    }
                },
                "Set 4":0,
                "Set 5":0
            }
        },
        "Teams":{
            "Name":{
                "Team 1":"VOLLEY-BALL ARLESIEN",
                "Team 2":"VOLERO LE CANNET COTE D'AZUR 3"
            },
            "Players":{
                "Team 1":{
                    "N\u00b0":{
                        "0":1,
                        "1":2,
                        "2":3,
                        "3":7,
                        "4":9,
                        "5":10,
                        "6":11,
                        "7":14,
                        "8":20
                    },
                    "Nom Pr\u00e9nom":{
                        "0":"LEFEVRE ADELINE",
                        "1":"MAAZOUZ DOUNIA",
                        "2":"GEORGES CORALIE",
                        "3":"BAZIAN EMILIE",
                        "4":"FATEM NAWEL",
                        "5":"SIMONETTI SANDY",
                        "6":"MAAZOUZ JENNA",
                        "7":"FATEM DALILA",
                        "8":"AGUSSOL FANNY"
                    },
                    "Licence":{
                        "0":1725782,
                        "1":1839031,
                        "2":1536273,
                        "3":1547914,
                        "4":1683895,
                        "5":1419348,
                        "6":1837408,
                        "7":1533582,
                        "8":2412095
                    }
                },
                "Team 2":{
                    "N\u00b0":{
                        "0":3,
                        "1":4,
                        "2":5,
                        "3":6,
                        "4":7,
                        "5":8,
                        "6":9,
                        "7":10,
                        "8":12
                    },
                    "Nom Pr\u00e9nom":{
                        "0":"MORILLON MANON",
                        "1":"TESTU ILONA",
                        "2":"ZEGGAGH LALIE",
                        "3":"BRUN EVA",
                        "4":"BAFFICO JULIETTE",
                        "5":"MARACHE JULIETTE",
                        "6":"MARIN SANDYA",
                        "7":"EL RHAFFOULI AMBRE",
                        "8":"MAINGRET JUSTINE"
                    },
                    "Licence":{
                        "0":1946224,
                        "1":1963354,
                        "2":2027472,
                        "3":2138757,
                        "4":2001949,
                        "5":2022851,
                        "6":1690265,
                        "7":2137599,
                        "8":2093311
                    }
                }
            },
            "Liberos":{
                "Team 1":{
                    "N\u00b0":{
                        "0":10
                    },
                    "Nom Pr\u00e9nom":{
                        "0":"SIMONETTI SANDY"
                    },
                    "Licence":{
                        "0":1419348
                    }
                },
                "Team 2":{
                    "N\u00b0":{
                        "0":4
                    },
                    "Nom Pr\u00e9nom":{
                        "0":"TESTU ILONA"
                    },
                    "Licence":{
                        "0":1963354
                    }
                }
            },
            "Officials":{
                "Team 1":{
                    "N\u00b0":{
                        "0":"EA"
                    },
                    "Nom Pr\u00e9nom":{
                        "0":"BERTHAUT YOHANN"
                    },
                    "Licence":{
                        "0":1582114
                    }
                },
                "Team 2":{
                    "N\u00b0":{
                        "0":"EA"
                    },
                    "Nom Pr\u00e9nom":{
                        "0":"CATZARAS REGIS"
                    },
                    "Licence":{
                        "0":1855039
                    }
                }
            }
        },
        "Results":{
            "winner":"VOLLEY-BALL ARLESIEN",
            "score":"3\/0"
        },
        "Referees":{
            "NOM Pr\u00e9nom":{
                "1er":"HASNAOUI FAYCAL",
                "2\u00e8me":"DARTHOUX JEROME",
                "Marqueur":"BOUKOULLA SOPHIANE",
                "Marq.Ass":".",
                "R.Salle":"CHOINARD MICKAEL"
            },
            "Ligue":{
                "1er":"LIG_PAC",
                "2\u00e8me":"LIG_PAC",
                "Marqueur":"LIG_PAC",
                "Marq.Ass":null,
                "R.Salle":"LIG_PAC"
            },
            "Licence":{
                "1er":1524069.0,
                "2\u00e8me":1550004.0,
                "Marqueur":2132751.0,
                "Marq.Ass":null,
                "R.Salle":1458903.0
            }
        },
        "Penalties":{

        }
    }
}