{
    "Match":{
        "Title":{
            "div_code":"3FA ",
            "div_name":"NATIONALE 3 FEMININE POULE A",
            "div_pool":"",
            "match_number":"3FA068",
            "match_day":"12",
            "city":"GIGNAC",
            "gym":"GYMNASE LE RIVERAL",
            "category":"SENIOR | FEMININE",
            "ligue":"Comp\u00e9titions Nationales SENIORS",
            "date":"2020-02-02 14:00:00",
            "team_1":"VOLLEY BALL DE GIGNAC",
            "team_2":"VIDAUBAN VOLLEY-BALL"
        },
        "Sets":{
            "Teams":{
                "Set 1":{
                    "Name":{
                        "Team 1":"VIDAUBAN VOLLEY-BALL",
                        "Team 2":"VOLLEY BALL DE GIGNAC"
                    },
                    "Starting":{
                        "Team 1":"Reception",
                        "Team 2":"Service"
                    }
                },
                "Set 2":{
                    "Name":{
                        "Team 1":"VIDAUBAN VOLLEY-BALL",
                        "Team 2":"VOLLEY BALL DE GIGNAC"
                    },
                    "Starting":{
                        "Team 1":"Service",
                        "Team 2":"Reception"
                    }
                },
                "Set 3":{
                    "Name":{
                        "Team 1":"VIDAUBAN VOLLEY-BALL",
                        "Team 2":"VOLLEY BALL DE GIGNAC"
                    },
                    "Starting":{
                        "Team 1":"Reception",
                        "Team 2":"Service"
                    }
                },
                "Set 4":{
                    "Name":{
                        "Team 1":"VIDAUBAN VOLLEY-BALL",
                        "Team 2":"VOLLEY BALL DE GIGNAC"
                    },
                    "Starting":{
                        "Team 1":"Service",
                        "Team 2":"Reception"
                    }
                },
                "Set 5":{
                    "Name":{
                        "Team 1":"VOLLEY BALL DE GIGN",
                        "Team 2":"VIDAUBAN VOLLEY-BAL"
                    },
                    "Starting":{
                        "Team 1":"Service",
                        "Team 2":"Reception"
                    }
                }
            },
            "Time":{
                "Set 1":{
                    "Time":{
                        "Start":"2020-02-02 13:59:00",
                        "End":"2020-02-02 14:27:00"
                    }
                },
                "Set 2":{
                    "Time":{
                        "Start":"2020-02-02 14:30:00",
                        "End":"2020-02-02 15:01:00"
                    }
                },
                "Set 3":{
                    "Time":{
                        "Start":"2020-02-02 15:04:00",
                        "End":"2020-02-02 15:30:00"
                    }
                },
                "Set 4":{
                    "Time":{
                        "Start":"2020-02-02 15:32:00",
                        "End":"2020-02-02 16:03:00"
                    }
                },
                "Set 5":{
                    "Time":{
                        "Start":"2020-02-02 16:06:00",
                        "End":"2020-02-02 16:20:00"
                    }
                }
            },
            "Substitutions 1":{
                "Set 1":{
                    "I":{
                        "0":10.0,
                        "1":null,
                        "2":null
                    },
                    "II":{
                        "0":"9",
                        "1":"1",
                        "2":"22:20"
                    },
                    "III":{
                        "0":"11",
                        "1":"2",
                        "2":"24:21"
                    },
                    "IV":{
                        "0":5.0,
                        "1":null,
                        "2":null
                    },
                    "V":{
                        "0":20.0,
                        "1":null,
                        "2":null
                    },
                    "VI":{
                        "0":13.0,
                        "1":null,
                        "2":null
                    }
                },
                "Set 2":{
                    "I":{
                        "0":10.0,
                        "1":null,
                        "2":null,
                        "3":null
                    },
                    "II":{
                        "0":1.0,
                        "1":null,
                        "2":null,
                        "3":null
                    },
                    "III":{
                        "0":"11",
                        "1":"2",
                        "2":"17:18",
                        "3":"22:23"
                    },
                    "IV":{
                        "0":5.0,
                        "1":null,
                        "2":null,
                        "3":null
                    },
                    "V":{
                        "0":20.0,
                        "1":null,
                        "2":null,
                        "3":null
                    },
                    "VI":{
                        "0":"13",
                        "1":"3",
                        "2":"17:18",
                        "3":"19:19"
                    }
                },
                "Set 3":{
                    "I":{
                        "0":10.0,
                        "1":null,
                        "2":null
                    },
                    "II":{
                        "0":"1",
                        "1":"9",
                        "2":"16:24"
                    },
                    "III":{
                        "0":"11",
                        "1":"2",
                        "2":"16:21"
                    },
                    "IV":{
                        "0":5.0,
                        "1":null,
                        "2":null
                    },
                    "V":{
                        "0":20.0,
                        "1":null,
                        "2":null
                    },
                    "VI":{
                        "0":"13",
                        "1":"3",
                        "2":"16:23"
                    }
                },
                "Set 4":{
                    "I":{
                        "0":10.0,
                        "1":null,
                        "2":null,
                        "3":null
                    },
                    "II":{
                        "0":9.0,
                        "1":null,
                        "2":null,
                        "3":null
                    },
                    "III":{
                        "0":20.0,
                        "1":null,
                        "2":null,
                        "3":null
                    },
                    "IV":{
                        "0":5.0,
                        "1":null,
                        "2":null,
                        "3":null
                    },
                    "V":{
                        "0":"2",
                        "1":"1",
                        "2":"17:15",
                        "3":null
                    },
                    "VI":{
                        "0":"13",
                        "1":"3",
                        "2":"23:18",
                        "3":"23:19"
                    }
                },
                "Set 5":{
                    "I":{
                        "0":12
                    },
                    "II":{
                        "0":11
                    },
                    "III":{
                        "0":13
                    },
                    "IV":{
                        "0":3
                    },
                    "V":{
                        "0":17
                    },
                    "VI":{
                        "0":9
                    }
                }
            },
            "Substitutions 2":{
                "Set 1":{
                    "I":{
                        "0":11.0,
                        "1":null,
                        "2":null
                    },
                    "II":{
                        "0":"10",
                        "1":"13",
                        "2":"14:18"
                    },
                    "III":{
                        "0":3.0,
                        "1":null,
                        "2":null
                    },
                    "IV":{
                        "0":17.0,
                        "1":null,
                        "2":null
                    },
                    "V":{
                        "0":9.0,
                        "1":null,
                        "2":null
                    },
                    "VI":{
                        "0":12.0,
                        "1":null,
                        "2":null
                    }
                },
                "Set 2":{
                    "I":{
                        "0":11.0,
                        "1":null,
                        "2":null,
                        "3":null
                    },
                    "II":{
                        "0":"10",
                        "1":"13",
                        "2":"11:9",
                        "3":"18:19"
                    },
                    "III":{
                        "0":"3",
                        "1":"14",
                        "2":"14:13",
                        "3":"18:16"
                    },
                    "IV":{
                        "0":17.0,
                        "1":null,
                        "2":null,
                        "3":null
                    },
                    "V":{
                        "0":9.0,
                        "1":null,
                        "2":null,
                        "3":null
                    },
                    "VI":{
                        "0":12.0,
                        "1":null,
                        "2":null,
                        "3":null
                    }
                },
                "Set 3":{
                    "I":{
                        "0":"11",
                        "1":"7",
                        "2":"9:7"
                    },
                    "II":{
                        "0":10.0,
                        "1":null,
                        "2":null
                    },
                    "III":{
                        "0":3.0,
                        "1":null,
                        "2":null
                    },
                    "IV":{
                        "0":"17",
                        "1":"2",
                        "2":"9:7"
                    },
                    "V":{
                        "0":9.0,
                        "1":null,
                        "2":null
                    },
                    "VI":{
                        "0":12.0,
                        "1":null,
                        "2":null
                    }
                },
                "Set 4":{
                    "I":{
                        "0":"2",
                        "1":"11",
                        "2":"7:8",
                        "3":null
                    },
                    "II":{
                        "0":"10",
                        "1":"13",
                        "2":"15:21",
                        "3":null
                    },
                    "III":{
                        "0":3.0,
                        "1":null,
                        "2":null,
                        "3":null
                    },
                    "IV":{
                        "0":"17",
                        "1":"7",
                        "2":"15:22",
                        "3":"21:24"
                    },
                    "V":{
                        "0":9.0,
                        "1":null,
                        "2":null,
                        "3":null
                    },
                    "VI":{
                        "0":12.0,
                        "1":null,
                        "2":null,
                        "3":null
                    }
                },
                "Set 5":{
                    "I":{
                        "0":10.0,
                        "1":null,
                        "2":null
                    },
                    "II":{
                        "0":"9",
                        "1":"11",
                        "2":"10:13"
                    },
                    "III":{
                        "0":20.0,
                        "1":null,
                        "2":null
                    },
                    "IV":{
                        "0":5.0,
                        "1":null,
                        "2":null
                    },
                    "V":{
                        "0":1.0,
                        "1":null,
                        "2":null
                    },
                    "VI":{
                        "0":13.0,
                        "1":null,
                        "2":null
                    }
                }
            },
            "Serves 1":{
                "Set 1":{
                    "I":{
                        "0":null,
                        "1":11.0,
                        "2":23.0
                    },
                    "II":{
                        "0":"2",
                        "1":12,
                        "2":25
                    },
                    "III":{
                        "0":"6",
                        "1":14.0,
                        "2":null
                    },
                    "IV":{
                        "0":"8",
                        "1":19.0,
                        "2":null
                    },
                    "V":{
                        "0":"9",
                        "1":20.0,
                        "2":null
                    },
                    "VI":{
                        "0":"10",
                        "1":22.0,
                        "2":null
                    }
                },
                "Set 2":{
                    "I":{
                        "0":"0",
                        "1":12,
                        "2":20
                    },
                    "II":{
                        "0":"1",
                        "1":13,
                        "2":21
                    },
                    "III":{
                        "0":"2",
                        "1":14,
                        "2":23
                    },
                    "IV":{
                        "0":"3",
                        "1":15.0,
                        "2":null
                    },
                    "V":{
                        "0":"4",
                        "1":16.0,
                        "2":null
                    },
                    "VI":{
                        "0":"11",
                        "1":19.0,
                        "2":null
                    }
                },
                "Set 3":{
                    "I":{
                        "0":null,
                        "1":9.0
                    },
                    "II":{
                        "0":"1",
                        "1":10
                    },
                    "III":{
                        "0":"2",
                        "1":12
                    },
                    "IV":{
                        "0":"5",
                        "1":13
                    },
                    "V":{
                        "0":"7",
                        "1":14
                    },
                    "VI":{
                        "0":"8",
                        "1":16
                    }
                },
                "Set 4":{
                    "I":{
                        "0":"0",
                        "1":10,
                        "2":24
                    },
                    "II":{
                        "0":"2",
                        "1":14,
                        "2":25
                    },
                    "III":{
                        "0":"3",
                        "1":16.0,
                        "2":null
                    },
                    "IV":{
                        "0":"5",
                        "1":17.0,
                        "2":null
                    },
                    "V":{
                        "0":"6",
                        "1":22.0,
                        "2":null
                    },
                    "VI":{
                        "0":"9",
                        "1":23.0,
                        "2":null
                    }
                },
                "Set 5":{
                    "I":{
                        "0":"2",
                        "1":13
                    },
                    "II":{
                        "0":"5",
                        "1":15
                    },
                    "III":{
                        "0":"6",
                        "1":null
                    },
                    "IV":{
                        "0":"8",
                        "1":null
                    },
                    "V":{
                        "0":"10",
                        "1":null
                    },
                    "VI":{
                        "0":"12",
                        "1":null
                    }
                }
            },
            "Serves 2":{
                "Set 1":{
                    "I":{
                        "0":"0",
                        "1":11,
                        "2":21
                    },
                    "II":{
                        "0":"3",
                        "1":13.0,
                        "2":null
                    },
                    "III":{
                        "0":"4",
                        "1":14.0,
                        "2":null
                    },
                    "IV":{
                        "0":"8",
                        "1":15.0,
                        "2":null
                    },
                    "V":{
                        "0":"9",
                        "1":16.0,
                        "2":null
                    },
                    "VI":{
                        "0":"10",
                        "1":20.0,
                        "2":null
                    }
                },
                "Set 2":{
                    "I":{
                        "0":null,
                        "1":12.0,
                        "2":19.0
                    },
                    "II":{
                        "0":"2",
                        "1":13,
                        "2":21
                    },
                    "III":{
                        "0":"3",
                        "1":14,
                        "2":23
                    },
                    "IV":{
                        "0":"4",
                        "1":15,
                        "2":25
                    },
                    "V":{
                        "0":"5",
                        "1":17.0,
                        "2":null
                    },
                    "VI":{
                        "0":"11",
                        "1":18.0,
                        "2":null
                    }
                },
                "Set 3":{
                    "I":{
                        "0":"0",
                        "1":13
                    },
                    "II":{
                        "0":"5",
                        "1":15
                    },
                    "III":{
                        "0":"6",
                        "1":16
                    },
                    "IV":{
                        "0":"8",
                        "1":18
                    },
                    "V":{
                        "0":"10",
                        "1":19
                    },
                    "VI":{
                        "0":"11",
                        "1":25
                    }
                },
                "Set 4":{
                    "I":{
                        "0":null,
                        "1":8.0,
                        "2":21.0
                    },
                    "II":{
                        "0":"1",
                        "1":10,
                        "2":23
                    },
                    "III":{
                        "0":"3",
                        "1":11.0,
                        "2":null
                    },
                    "IV":{
                        "0":"4",
                        "1":13.0,
                        "2":null
                    },
                    "V":{
                        "0":"5",
                        "1":15.0,
                        "2":null
                    },
                    "VI":{
                        "0":"7",
                        "1":18.0,
                        "2":null
                    }
                },
                "Set 5":{
                    "I":{
                        "0":null,
                        "1":9.0
                    },
                    "II":{
                        "0":"1",
                        "1":10
                    },
                    "III":{
                        "0":"2",
                        "1":null
                    },
                    "IV":{
                        "0":"3",
                        "1":null
                    },
                    "V":{
                        "0":"5",
                        "1":null
                    },
                    "VI":{
                        "0":"7",
                        "1":null
                    }
                }
            },
            "Timeouts 1":{
                "Set 1":{
                    "T":{
                        "0":"22:18"
                    }
                },
                "Set 2":{
                    "T":{
                        "0":"4:10",
                        "1":"21:23"
                    }
                },
                "Set 3":{
                    "T":{
                        "0":"2:6",
                        "1":"13:18"
                    }
                },
                "Set 4":{
                    "T":{
                        "0":"22:17",
                        "1":"22:18"
                    }
                },
                "Set 5":{
                    "T":{

                    }
                }
            },
            "Timeouts 2":{
                "Set 1":{
                    "T":{
                        "0":"14:18",
                        "1":"16:22"
                    }
                },
                "Set 2":{
                    "T":{
                        "0":"11:11",
                        "1":"23:23"
                    }
                },
                "Set 3":{
                    "T":{

                    }
                },
                "Set 4":{
                    "T":{
                        "0":"10:14",
                        "1":"15:20"
                    }
                },
                "Set 5":{
                    "T":{
                        "0":"1:5",
                        "1":"7:12"
                    }
                }
            }
        },
        "Teams":{
            "Name":{
                "Team 1":"VOLLEY BALL DE GIGNAC",
                "Team 2":"VIDAUBAN VOLLEY-BALL"
            },
            "Players":{
                "Team 1":{
                    "N\u00b0":{
                        "0":1,
                        "1":2,
                        "2":3,
                        "3":7,
                        "4":9,
                        "5":10,
                        "6":11,
                        "7":12,
                        "8":13,
                        "9":14,
                        "10":17
                    },
                    "Nom Pr\u00e9nom":{
                        "0":"VIDALLER ORLANE",
                        "1":"LABOURDETTE ALICE",
                        "2":"FAURE NOELLIE",
                        "3":"ALONZO LAURA",
                        "4":"GUEVARA FLORINE",
                        "5":"BARRAL JULIE",
                        "6":"TRILLON ALYCIA",
                        "7":"SAIS EMMA",
                        "8":"ARNAUD LYDIE",
                        "9":"BONNEFONT LUCINE",
                        "10":"CROMBECQUE AURELIE"
                    },
                    "Licence":{
                        "0":1837121,
                        "1":1840785,
                        "2":2137833,
                        "3":1720420,
                        "4":1640180,
                        "5":1890260,
                        "6":1909726,
                        "7":1892854,
                        "8":1520979,
                        "9":2137188,
                        "10":1891656
                    }
                },
                "Team 2":{
                    "N\u00b0":{
                        "0":1,
                        "1":2,
                        "2":3,
                        "3":5,
                        "4":8,
                        "5":9,
                        "6":10,
                        "7":11,
                        "8":13,
                        "9":20
                    },
                    "Nom Pr\u00e9nom":{
                        "0":"CONTE CAROLE",
                        "1":"PICARD VANESSA",
                        "2":"DEBRAY EMMA",
                        "3":"DUMONT CLEMENTINE",
                        "4":"DEBRAY SANDRINE",
                        "5":"FERRERO MANON",
                        "6":"GUTTIN MAGALI",
                        "7":"FERRERO ALICIA",
                        "8":"CONTE AMANDINE",
                        "9":"DENIS FLORIANE"
                    },
                    "Licence":{
                        "0":1367899,
                        "1":1957203,
                        "2":1964953,
                        "3":1895166,
                        "4":1593280,
                        "5":1877053,
                        "6":1193247,
                        "7":1877055,
                        "8":1367900,
                        "9":1902933
                    }
                }
            },
            "Liberos":{
                "Team 1":{
                    "N\u00b0":{
                        "0":1
                    },
                    "Nom Pr\u00e9nom":{
                        "0":"VIDALLER ORLANE"
                    },
                    "Licence":{
                        "0":1837121
                    }
                },
                "Team 2":{
                    "N\u00b0":{
                        "0":8
                    },
                    "Nom Pr\u00e9nom":{
                        "0":"DEBRAY SANDRINE"
                    },
                    "Licence":{
                        "0":1593280
                    }
                }
            },
            "Officials":{
                "Team 1":{
                    "N\u00b0":{
                        "0":"EA",
                        "1":"EB"
                    },
                    "Nom Pr\u00e9nom":{
                        "0":"MARTA MICHAEL",
                        "1":"LAURES ANTHONY"
                    },
                    "Licence":{
                        "0":1205473,
                        "1":1645723
                    }
                },
                "Team 2":{
                    "N\u00b0":{
                        "0":"EA"
                    },
                    "Nom Pr\u00e9nom":{
                        "0":"ULIVIERI CHRISTOPHE"
                    },
                    "Licence":{
                        "0":1368043
                    }
                }
            }
        },
        "Results":{
            "winner":"VOLLEY BALL DE GIGNAC",
            "score":"3\/2"
        },
        "Referees":{
            "NOM Pr\u00e9nom":{
                "1er":"GAY PHILIPPE",
                "2\u00e8me":"ROCHA DA SILVA JOAQUIM",
                "Marqueur":"CAPRIO LOMBARDI THOMAS",
                "Marq.Ass":".",
                "R.Salle":"BARRAL CHRISTOPHE"
            },
            "Ligue":{
                "1er":"LIG_OCC",
                "2\u00e8me":"LIG_OCC",
                "Marqueur":"LIG_OCC",
                "Marq.Ass":null,
                "R.Salle":"LIG_OCC"
            },
            "Licence":{
                "1er":1226179.0,
                "2\u00e8me":1715139.0,
                "Marqueur":1745105.0,
                "Marq.Ass":null,
                "R.Salle":1870618.0
            }
        },
        "Penalties":{

        }
    }
}