{
    "Match":{
        "Title":{
            "div_code":"3FA ",
            "div_name":"NATIONALE 3 FEMININE POULE A",
            "div_pool":"",
            "match_number":"3FA045",
            "match_day":"08",
            "city":"ANTIBES",
            "gym":"BERTONE",
            "category":"SENIOR | FEMININE",
            "ligue":"Comp\u00e9titions Nationales SENIORS",
            "date":"2019-12-08 14:00:00",
            "team_1":"OLYMPIQUES ANTIBES JUAN PINS",
            "team_2":"AUBAGNE CARNOUX VOLLEY-BALL"
        },
        "Sets":{
            "Teams":{
                "Set 1":{
                    "Name":{
                        "Team 1":"OLYMPIQUES ANTIBES JUA",
                        "Team 2":"AUBAGNE CARNOUX VOLLEY"
                    },
                    "Starting":{
                        "Team 1":"Reception",
                        "Team 2":"Service"
                    }
                },
                "Set 2":{
                    "Name":{
                        "Team 1":"OLYMPIQUES ANTIBES JUA",
                        "Team 2":"AUBAGNE CARNOUX VOLLEY"
                    },
                    "Starting":{
                        "Team 1":"Service",
                        "Team 2":"Reception"
                    }
                },
                "Set 3":{
                    "Name":{
                        "Team 1":"OLYMPIQUES ANTIBES JUA",
                        "Team 2":"AUBAGNE CARNOUX VOLLEY"
                    },
                    "Starting":{
                        "Team 1":"Reception",
                        "Team 2":"Service"
                    }
                },
                "Set 4":{
                    "Name":{
                        "Team 1":"OLYMPIQUES ANTIBES JUA",
                        "Team 2":"AUBAGNE CARNOUX VOLLEY"
                    },
                    "Starting":{
                        "Team 1":"Service",
                        "Team 2":"Reception"
                    }
                },
                "Set 5":0
            },
            "Time":{
                "Set 1":{
                    "Time":{
                        "Start":"2019-12-08 13:57:00",
                        "End":"2019-12-08 14:24:00"
                    }
                },
                "Set 2":{
                    "Time":{
                        "Start":"2019-12-08 14:27:00",
                        "End":"2019-12-08 14:51:00"
                    }
                },
                "Set 3":{
                    "Time":{
                        "Start":"2019-12-08 14:54:00",
                        "End":"2019-12-08 15:13:00"
                    }
                },
                "Set 4":{
                    "Time":{
                        "Start":"2019-12-08 15:16:00",
                        "End":"2019-12-08 15:43:00"
                    }
                },
                "Set 5":0
            },
            "Substitutions 1":{
                "Set 1":{
                    "I":{
                        "0":"5",
                        "1":"9",
                        "2":"21:24"
                    },
                    "II":{
                        "0":1.0,
                        "1":null,
                        "2":null
                    },
                    "III":{
                        "0":3.0,
                        "1":null,
                        "2":null
                    },
                    "IV":{
                        "0":18.0,
                        "1":null,
                        "2":null
                    },
                    "V":{
                        "0":"7",
                        "1":"2",
                        "2":"18:17"
                    },
                    "VI":{
                        "0":11.0,
                        "1":null,
                        "2":null
                    }
                },
                "Set 2":{
                    "I":{
                        "0":1
                    },
                    "II":{
                        "0":3
                    },
                    "III":{
                        "0":18
                    },
                    "IV":{
                        "0":2
                    },
                    "V":{
                        "0":11
                    },
                    "VI":{
                        "0":5
                    }
                },
                "Set 3":{
                    "I":{
                        "0":5.0,
                        "1":null,
                        "2":null
                    },
                    "II":{
                        "0":"1",
                        "1":"7",
                        "2":"2:10"
                    },
                    "III":{
                        "0":3.0,
                        "1":null,
                        "2":null
                    },
                    "IV":{
                        "0":"18",
                        "1":"6",
                        "2":"2:12"
                    },
                    "V":{
                        "0":2.0,
                        "1":null,
                        "2":null
                    },
                    "VI":{
                        "0":"11",
                        "1":"9",
                        "2":"3:15"
                    }
                },
                "Set 4":{
                    "I":{
                        "0":1.0,
                        "1":null,
                        "2":null
                    },
                    "II":{
                        "0":3.0,
                        "1":null,
                        "2":null
                    },
                    "III":{
                        "0":18.0,
                        "1":null,
                        "2":null
                    },
                    "IV":{
                        "0":2.0,
                        "1":null,
                        "2":null
                    },
                    "V":{
                        "0":"11",
                        "1":"9",
                        "2":"22:21"
                    },
                    "VI":{
                        "0":"5",
                        "1":"7",
                        "2":"18:17"
                    }
                },
                "Set 5":0
            },
            "Substitutions 2":{
                "Set 1":{
                    "I":{
                        "0":6.0,
                        "1":null,
                        "2":null
                    },
                    "II":{
                        "0":3.0,
                        "1":null,
                        "2":null
                    },
                    "III":{
                        "0":8.0,
                        "1":null,
                        "2":null
                    },
                    "IV":{
                        "0":13.0,
                        "1":null,
                        "2":null
                    },
                    "V":{
                        "0":"4",
                        "1":"1",
                        "2":"4:10"
                    },
                    "VI":{
                        "0":19.0,
                        "1":null,
                        "2":null
                    }
                },
                "Set 2":{
                    "I":{
                        "0":8.0,
                        "1":null,
                        "2":null,
                        "3":null
                    },
                    "II":{
                        "0":13.0,
                        "1":null,
                        "2":null,
                        "3":null
                    },
                    "III":{
                        "0":1.0,
                        "1":null,
                        "2":null,
                        "3":null
                    },
                    "IV":{
                        "0":19.0,
                        "1":null,
                        "2":null,
                        "3":null
                    },
                    "V":{
                        "0":"6",
                        "1":"2",
                        "2":"9:8",
                        "3":null
                    },
                    "VI":{
                        "0":"3",
                        "1":"4",
                        "2":"9:12",
                        "3":"14:21"
                    }
                },
                "Set 3":{
                    "I":{
                        "0":6
                    },
                    "II":{
                        "0":3
                    },
                    "III":{
                        "0":8
                    },
                    "IV":{
                        "0":13
                    },
                    "V":{
                        "0":1
                    },
                    "VI":{
                        "0":19
                    }
                },
                "Set 4":{
                    "I":{
                        "0":19.0,
                        "1":null,
                        "2":null
                    },
                    "II":{
                        "0":6.0,
                        "1":null,
                        "2":null
                    },
                    "III":{
                        "0":3.0,
                        "1":null,
                        "2":null
                    },
                    "IV":{
                        "0":"8",
                        "1":"4",
                        "2":"20:21"
                    },
                    "V":{
                        "0":13.0,
                        "1":null,
                        "2":null
                    },
                    "VI":{
                        "0":1.0,
                        "1":null,
                        "2":null
                    }
                },
                "Set 5":0
            },
            "Serves 1":{
                "Set 1":{
                    "I":{
                        "0":null,
                        "1":17.0
                    },
                    "II":{
                        "0":"2",
                        "1":18
                    },
                    "III":{
                        "0":"5",
                        "1":20
                    },
                    "IV":{
                        "0":"8",
                        "1":21
                    },
                    "V":{
                        "0":"11",
                        "1":22
                    },
                    "VI":{
                        "0":"13",
                        "1":null
                    }
                },
                "Set 2":{
                    "I":{
                        "0":"1",
                        "1":19
                    },
                    "II":{
                        "0":"2",
                        "1":22
                    },
                    "III":{
                        "0":"6",
                        "1":23
                    },
                    "IV":{
                        "0":"12",
                        "1":25
                    },
                    "V":{
                        "0":"13",
                        "1":null
                    },
                    "VI":{
                        "0":"17",
                        "1":null
                    }
                },
                "Set 3":{
                    "I":{
                        "0":null
                    },
                    "II":{
                        "0":"2"
                    },
                    "III":{
                        "0":"3"
                    },
                    "IV":{
                        "0":"6"
                    },
                    "V":{
                        "0":"7"
                    },
                    "VI":{
                        "0":"11"
                    }
                },
                "Set 4":{
                    "I":{
                        "0":"0",
                        "1":18
                    },
                    "II":{
                        "0":"2",
                        "1":19
                    },
                    "III":{
                        "0":"8",
                        "1":20
                    },
                    "IV":{
                        "0":"9",
                        "1":21
                    },
                    "V":{
                        "0":"15",
                        "1":22
                    },
                    "VI":{
                        "0":"16",
                        "1":null
                    }
                },
                "Set 5":0
            },
            "Serves 2":{
                "Set 1":{
                    "I":{
                        "0":"0",
                        "1":12
                    },
                    "II":{
                        "0":"1",
                        "1":18
                    },
                    "III":{
                        "0":"2",
                        "1":20
                    },
                    "IV":{
                        "0":"4",
                        "1":24
                    },
                    "V":{
                        "0":"6",
                        "1":25
                    },
                    "VI":{
                        "0":"7",
                        "1":null
                    }
                },
                "Set 2":{
                    "I":{
                        "0":null,
                        "1":13.0
                    },
                    "II":{
                        "0":"6",
                        "1":14
                    },
                    "III":{
                        "0":"8",
                        "1":15
                    },
                    "IV":{
                        "0":"9",
                        "1":17
                    },
                    "V":{
                        "0":"10",
                        "1":null
                    },
                    "VI":{
                        "0":"11",
                        "1":null
                    }
                },
                "Set 3":{
                    "I":{
                        "0":"4"
                    },
                    "II":{
                        "0":"12"
                    },
                    "III":{
                        "0":"18"
                    },
                    "IV":{
                        "0":"20"
                    },
                    "V":{
                        "0":"23"
                    },
                    "VI":{
                        "0":"25"
                    }
                },
                "Set 4":{
                    "I":{
                        "0":null,
                        "1":13.0
                    },
                    "II":{
                        "0":"3",
                        "1":18
                    },
                    "III":{
                        "0":"5",
                        "1":19
                    },
                    "IV":{
                        "0":"9",
                        "1":20
                    },
                    "V":{
                        "0":"10",
                        "1":21
                    },
                    "VI":{
                        "0":"12",
                        "1":25
                    }
                },
                "Set 5":0
            },
            "Timeouts 1":{
                "Set 1":{
                    "T":{
                        "0":"18:15",
                        "1":"21:22"
                    }
                },
                "Set 2":{
                    "T":{
                        "0":"1:6"
                    }
                },
                "Set 3":{
                    "T":{

                    }
                },
                "Set 4":{
                    "T":{
                        "0":"18:16",
                        "1":"22:23"
                    }
                },
                "Set 5":0
            },
            "Timeouts 2":{
                "Set 1":{
                    "T":{
                        "0":"1:5",
                        "1":"24:22"
                    }
                },
                "Set 2":{
                    "T":{
                        "0":"13:18",
                        "1":"17:24"
                    }
                },
                "Set 3":{
                    "T":{

                    }
                },
                "Set 4":{
                    "T":{
                        "0":"5:6",
                        "1":"10:14"
                    }
                },
                "Set 5":0
            }
        },
        "Teams":{
            "Name":{
                "Team 1":"OLYMPIQUES ANTIBES JUAN PINS",
                "Team 2":"AUBAGNE CARNOUX VOLLEY-BALL"
            },
            "Players":{
                "Team 1":{
                    "N\u00b0":{
                        "0":1,
                        "1":2,
                        "2":3,
                        "3":5,
                        "4":6,
                        "5":7,
                        "6":9,
                        "7":11,
                        "8":18,
                        "9":20
                    },
                    "Nom Pr\u00e9nom":{
                        "0":"LAMBERT MARGOT",
                        "1":"MULARD MARL\u00c8NE",
                        "2":"BOUGEATRE SOPHIE",
                        "3":"CHARPENTIER CARLA",
                        "4":"FERNANDEZ LORINE",
                        "5":"COLLU BARBARA",
                        "6":"NICOLEAU MAEVA",
                        "7":"DEBARRE ESTELLE",
                        "8":"LANDAIS KAREN",
                        "9":"ROCHARD SOPHIE"
                    },
                    "Licence":{
                        "0":2096882,
                        "1":1941007,
                        "2":1690261,
                        "3":1856755,
                        "4":1856800,
                        "5":1570910,
                        "6":1924735,
                        "7":1871652,
                        "8":1785533,
                        "9":211722
                    }
                },
                "Team 2":{
                    "N\u00b0":{
                        "0":1,
                        "1":2,
                        "2":3,
                        "3":4,
                        "4":6,
                        "5":8,
                        "6":13,
                        "7":19
                    },
                    "Nom Pr\u00e9nom":{
                        "0":"ROUVRAIS ESTELLE",
                        "1":"VALLADOLID RIVAS MARIA ARMI",
                        "2":"MARQUET MARION",
                        "3":"LE TALLEC SOLENE",
                        "4":"BRIAND DELPHINE",
                        "5":"DEHANT FLORENCE",
                        "6":"DUPETIT ESTELLE",
                        "7":"MORINI MARIANNE"
                    },
                    "Licence":{
                        "0":1799538,
                        "1":2410318,
                        "2":1757834,
                        "3":1859380,
                        "4":1451111,
                        "5":1360690,
                        "6":1715007,
                        "7":1757852
                    }
                }
            },
            "Liberos":{
                "Team 1":{
                    "N\u00b0":{
                        "0":20
                    },
                    "Nom Pr\u00e9nom":{
                        "0":"ROCHARD SOPHIE"
                    },
                    "Licence":{
                        "0":211722
                    }
                },
                "Team 2":{
                    "N\u00b0":{

                    },
                    "Nom Pr\u00e9nom":{

                    },
                    "Licence":{

                    }
                }
            },
            "Officials":{
                "Team 1":{
                    "N\u00b0":{
                        "0":"EA",
                        "1":"EB"
                    },
                    "Nom Pr\u00e9nom":{
                        "0":"DRAN NICOLAS",
                        "1":"CHABROLIN GREGORY"
                    },
                    "Licence":{
                        "0":1233690,
                        "1":1770231
                    }
                },
                "Team 2":{
                    "N\u00b0":{
                        "0":"EA"
                    },
                    "Nom Pr\u00e9nom":{
                        "0":"BASTOUL SOPHIE"
                    },
                    "Licence":{
                        "0":1488051
                    }
                }
            }
        },
        "Results":{
            "winner":"UBAGNE CARNOUX VOLLEY",
            "score":"3\/1"
        },
        "Referees":{
            "NOM Pr\u00e9nom":{
                "1er":"HANOTEL PHILIPPE",
                "2\u00e8me":"BLANC EMMANUEL",
                "Marqueur":"INZIRILLO MAEVA",
                "Marq.Ass":".",
                "R.Salle":"CAPARROS JEAN-LOUIS"
            },
            "Ligue":{
                "1er":"LIG_PAC",
                "2\u00e8me":"LIG_PAC",
                "Marqueur":"LIG_PAC",
                "Marq.Ass":null,
                "R.Salle":"LIG_PAC"
            },
            "Licence":{
                "1er":436253.0,
                "2\u00e8me":1679179.0,
                "Marqueur":2001951.0,
                "Marq.Ass":null,
                "R.Salle":122390.0
            }
        },
        "Penalties":{

        }
    }
}