{
    "Match":{
        "Title":{
            "div_code":"3FA ",
            "div_name":"NATIONALE 3 FEMININE POULE A",
            "div_pool":"",
            "match_number":"3FA015",
            "match_day":"03",
            "city":"VIDAUBAN",
            "gym":"GYMNASE DU COLLEGE PE VICTOR",
            "category":"SENIOR | FEMININE",
            "ligue":"Comp\u00e9titions Nationales SENIORS",
            "date":"2019-10-27 15:00:00",
            "team_1":"VIDAUBAN VOLLEY-BALL",
            "team_2":"VOLLEY-BALL ARLESIEN"
        },
        "Sets":{
            "Teams":{
                "Set 1":{
                    "Name":{
                        "Team 1":"VIDAUBAN VOLLEY-BALL",
                        "Team 2":"VOLLEY-BALL ARLESIEN"
                    },
                    "Starting":{
                        "Team 1":"Service",
                        "Team 2":"Reception"
                    }
                },
                "Set 2":{
                    "Name":{
                        "Team 1":"VIDAUBAN VOLLEY-BALL",
                        "Team 2":"VOLLEY-BALL ARLESIEN"
                    },
                    "Starting":{
                        "Team 1":"Reception",
                        "Team 2":"Service"
                    }
                },
                "Set 3":{
                    "Name":{
                        "Team 1":"VIDAUBAN VOLLEY-BALL",
                        "Team 2":"VOLLEY-BALL ARLESIEN"
                    },
                    "Starting":{
                        "Team 1":"Service",
                        "Team 2":"Reception"
                    }
                },
                "Set 4":0,
                "Set 5":0
            },
            "Time":{
                "Set 1":{
                    "Time":{
                        "Start":"2019-10-27 15:00:00",
                        "End":"2019-10-27 15:33:00"
                    }
                },
                "Set 2":{
                    "Time":{
                        "Start":"2019-10-27 15:36:00",
                        "End":"2019-10-27 16:05:00"
                    }
                },
                "Set 3":{
                    "Time":{
                        "Start":"2019-10-27 16:08:00",
                        "End":"2019-10-27 16:38:00"
                    }
                },
                "Set 4":0,
                "Set 5":0
            },
            "Substitutions 1":{
                "Set 1":{
                    "I":{
                        "0":20.0,
                        "1":null,
                        "2":null,
                        "3":null
                    },
                    "II":{
                        "0":"1",
                        "1":"10",
                        "2":"20:20",
                        "3":null
                    },
                    "III":{
                        "0":6.0,
                        "1":null,
                        "2":null,
                        "3":null
                    },
                    "IV":{
                        "0":"2",
                        "1":"4",
                        "2":"15:19",
                        "3":"22:23"
                    },
                    "V":{
                        "0":5.0,
                        "1":null,
                        "2":null,
                        "3":null
                    },
                    "VI":{
                        "0":"13",
                        "1":"3",
                        "2":"14:18",
                        "3":null
                    }
                },
                "Set 2":{
                    "I":{
                        "0":"3",
                        "1":"13",
                        "2":"5:10"
                    },
                    "II":{
                        "0":20.0,
                        "1":null,
                        "2":null
                    },
                    "III":{
                        "0":"1",
                        "1":"10",
                        "2":"19:23"
                    },
                    "IV":{
                        "0":"6",
                        "1":"11",
                        "2":"16:22"
                    },
                    "V":{
                        "0":"2",
                        "1":"4",
                        "2":"17:22"
                    },
                    "VI":{
                        "0":5.0,
                        "1":null,
                        "2":null
                    }
                },
                "Set 3":{
                    "I":{
                        "0":20.0,
                        "1":null,
                        "2":null,
                        "3":null
                    },
                    "II":{
                        "0":"10",
                        "1":"1",
                        "2":"22:23",
                        "3":null
                    },
                    "III":{
                        "0":"6",
                        "1":"11",
                        "2":"23:24",
                        "3":null
                    },
                    "IV":{
                        "0":2.0,
                        "1":null,
                        "2":null,
                        "3":null
                    },
                    "V":{
                        "0":5.0,
                        "1":null,
                        "2":null,
                        "3":null
                    },
                    "VI":{
                        "0":"13",
                        "1":"3",
                        "2":"17:18",
                        "3":"18:19"
                    }
                },
                "Set 4":0,
                "Set 5":0
            },
            "Substitutions 2":{
                "Set 1":{
                    "I":{
                        "0":11.0,
                        "1":null,
                        "2":null,
                        "3":null
                    },
                    "II":{
                        "0":"7",
                        "1":"17",
                        "2":"20:15",
                        "3":"20:20"
                    },
                    "III":{
                        "0":9.0,
                        "1":null,
                        "2":null,
                        "3":null
                    },
                    "IV":{
                        "0":3.0,
                        "1":null,
                        "2":null,
                        "3":null
                    },
                    "V":{
                        "0":14.0,
                        "1":null,
                        "2":null,
                        "3":null
                    },
                    "VI":{
                        "0":1.0,
                        "1":null,
                        "2":null,
                        "3":null
                    }
                },
                "Set 2":{
                    "I":{
                        "0":7
                    },
                    "II":{
                        "0":9
                    },
                    "III":{
                        "0":3
                    },
                    "IV":{
                        "0":14
                    },
                    "V":{
                        "0":1
                    },
                    "VI":{
                        "0":11
                    }
                },
                "Set 3":{
                    "I":{
                        "0":1
                    },
                    "II":{
                        "0":11
                    },
                    "III":{
                        "0":7
                    },
                    "IV":{
                        "0":9
                    },
                    "V":{
                        "0":3
                    },
                    "VI":{
                        "0":14
                    }
                },
                "Set 4":0,
                "Set 5":0
            },
            "Serves 1":{
                "Set 1":{
                    "I":{
                        "0":"0",
                        "1":8,
                        "2":22
                    },
                    "II":{
                        "0":"1",
                        "1":13,
                        "2":24
                    },
                    "III":{
                        "0":"2",
                        "1":14,
                        "2":25
                    },
                    "IV":{
                        "0":"4",
                        "1":15,
                        "2":26
                    },
                    "V":{
                        "0":"5",
                        "1":20.0,
                        "2":null
                    },
                    "VI":{
                        "0":"7",
                        "1":21.0,
                        "2":null
                    }
                },
                "Set 2":{
                    "I":{
                        "0":null,
                        "1":11.0,
                        "2":21.0
                    },
                    "II":{
                        "0":"2",
                        "1":12.0,
                        "2":null
                    },
                    "III":{
                        "0":"3",
                        "1":15.0,
                        "2":null
                    },
                    "IV":{
                        "0":"4",
                        "1":16.0,
                        "2":null
                    },
                    "V":{
                        "0":"5",
                        "1":18.0,
                        "2":null
                    },
                    "VI":{
                        "0":"7",
                        "1":20.0,
                        "2":null
                    }
                },
                "Set 3":{
                    "I":{
                        "0":"1",
                        "1":7,
                        "2":21
                    },
                    "II":{
                        "0":"2",
                        "1":10,
                        "2":22
                    },
                    "III":{
                        "0":"3",
                        "1":13,
                        "2":23
                    },
                    "IV":{
                        "0":"4",
                        "1":15.0,
                        "2":null
                    },
                    "V":{
                        "0":"5",
                        "1":16.0,
                        "2":null
                    },
                    "VI":{
                        "0":"6",
                        "1":18.0,
                        "2":null
                    }
                },
                "Set 4":0,
                "Set 5":0
            },
            "Serves 2":{
                "Set 1":{
                    "I":{
                        "0":null,
                        "1":15.0,
                        "2":23.0
                    },
                    "II":{
                        "0":"2",
                        "1":16,
                        "2":24
                    },
                    "III":{
                        "0":"7",
                        "1":18,
                        "2":25
                    },
                    "IV":{
                        "0":"9",
                        "1":19,
                        "2":26
                    },
                    "V":{
                        "0":"12",
                        "1":20,
                        "2":28
                    },
                    "VI":{
                        "0":"13",
                        "1":21.0,
                        "2":null
                    }
                },
                "Set 2":{
                    "I":{
                        "0":"0",
                        "1":13,
                        "2":25
                    },
                    "II":{
                        "0":"2",
                        "1":15.0,
                        "2":null
                    },
                    "III":{
                        "0":"3",
                        "1":20.0,
                        "2":null
                    },
                    "IV":{
                        "0":"4",
                        "1":22.0,
                        "2":null
                    },
                    "V":{
                        "0":"10",
                        "1":23.0,
                        "2":null
                    },
                    "VI":{
                        "0":"11",
                        "1":24.0,
                        "2":null
                    }
                },
                "Set 3":{
                    "I":{
                        "0":null,
                        "1":11.0,
                        "2":19.0
                    },
                    "II":{
                        "0":"1",
                        "1":12,
                        "2":23
                    },
                    "III":{
                        "0":"2",
                        "1":13,
                        "2":24
                    },
                    "IV":{
                        "0":"3",
                        "1":15,
                        "2":25
                    },
                    "V":{
                        "0":"7",
                        "1":16.0,
                        "2":null
                    },
                    "VI":{
                        "0":"10",
                        "1":18.0,
                        "2":null
                    }
                },
                "Set 4":0,
                "Set 5":0
            },
            "Timeouts 1":{
                "Set 1":{
                    "T":{
                        "0":"7:15",
                        "1":"21:23"
                    }
                },
                "Set 2":{
                    "T":{
                        "0":"15:17",
                        "1":"15:20"
                    }
                },
                "Set 3":{
                    "T":{
                        "0":"4:6",
                        "1":"21:22"
                    }
                },
                "Set 4":0,
                "Set 5":0
            },
            "Timeouts 2":{
                "Set 1":{
                    "T":{
                        "0":"16:11",
                        "1":"20:18"
                    }
                },
                "Set 2":{
                    "T":{
                        "0":"11:11"
                    }
                },
                "Set 3":{
                    "T":{
                        "0":"19:20",
                        "1":"24:23"
                    }
                },
                "Set 4":0,
                "Set 5":0
            }
        },
        "Teams":{
            "Name":{
                "Team 1":"VIDAUBAN VOLLEY-BALL",
                "Team 2":"VOLLEY-BALL ARLESIEN"
            },
            "Players":{
                "Team 1":{
                    "N\u00b0":{
                        "0":1,
                        "1":2,
                        "2":3,
                        "3":4,
                        "4":5,
                        "5":6,
                        "6":8,
                        "7":9,
                        "8":10,
                        "9":11,
                        "10":13,
                        "11":20
                    },
                    "Nom Pr\u00e9nom":{
                        "0":"CONTE CAROLE",
                        "1":"PICARD VANESSA",
                        "2":"DEBRAY EMMA",
                        "3":"SEILLIER MARION",
                        "4":"DUMONT CLEMENTINE",
                        "5":"ROUSSET ELSA",
                        "6":"DEBRAY SANDRINE",
                        "7":"FERRERO MANON",
                        "8":"GUTTIN MAGALI",
                        "9":"FERRERO ALICIA",
                        "10":"CONTE AMANDINE",
                        "11":"DENIS FLORIANE"
                    },
                    "Licence":{
                        "0":1367899,
                        "1":1957203,
                        "2":1964953,
                        "3":2089860,
                        "4":1895166,
                        "5":1558155,
                        "6":1593280,
                        "7":1877053,
                        "8":1193247,
                        "9":1877055,
                        "10":1367900,
                        "11":1902933
                    }
                },
                "Team 2":{
                    "N\u00b0":{
                        "0":1,
                        "1":3,
                        "2":7,
                        "3":9,
                        "4":10,
                        "5":11,
                        "6":14,
                        "7":17
                    },
                    "Nom Pr\u00e9nom":{
                        "0":"LEFEVRE ADELINE",
                        "1":"GEORGES CORALIE",
                        "2":"BAZIAN EMILIE",
                        "3":"FATEM NAWEL",
                        "4":"SIMONETTI SANDY",
                        "5":"MAAZOUZ JENNA",
                        "6":"FATEM DALILA",
                        "7":"BENICHOU VICTORIA"
                    },
                    "Licence":{
                        "0":1725782,
                        "1":1536273,
                        "2":1547914,
                        "3":1683895,
                        "4":1419348,
                        "5":1837408,
                        "6":1533582,
                        "7":1706859
                    }
                }
            },
            "Liberos":{
                "Team 1":{
                    "N\u00b0":{
                        "0":8
                    },
                    "Nom Pr\u00e9nom":{
                        "0":"DEBRAY SANDRINE"
                    },
                    "Licence":{
                        "0":1593280
                    }
                },
                "Team 2":{
                    "N\u00b0":{
                        "0":10
                    },
                    "Nom Pr\u00e9nom":{
                        "0":"SIMONETTI SANDY"
                    },
                    "Licence":{
                        "0":1419348
                    }
                }
            },
            "Officials":{
                "Team 1":{
                    "N\u00b0":{
                        "0":"EA",
                        "1":"EB"
                    },
                    "Nom Pr\u00e9nom":{
                        "0":"ULIVIERI CHRISTOPHE",
                        "1":"NEVEU FLORIAN"
                    },
                    "Licence":{
                        "0":1368043,
                        "1":1459184
                    }
                },
                "Team 2":{
                    "N\u00b0":{
                        "0":"EA"
                    },
                    "Nom Pr\u00e9nom":{
                        "0":"BERTHAUT YOHANN"
                    },
                    "Licence":{
                        "0":1582114
                    }
                }
            }
        },
        "Results":{
            "winner":"VOLLEY-BALL ARLESIEN",
            "score":"3\/0"
        },
        "Referees":{
            "NOM Pr\u00e9nom":{
                "1er":"PIRIOU THIERRY",
                "2\u00e8me":"LIMACHER LIONEL",
                "Marqueur":"POLLET VIANNEY",
                "Marq.Ass":".",
                "nan":null
            },
            "Ligue":{
                "1er":"LIG_PAC",
                "2\u00e8me":"LIG_PAC",
                "Marqueur":"LIG_PAC",
                "Marq.Ass":null,
                "nan":"Juges"
            },
            "Licence":{
                "1er":756692.0,
                "2\u00e8me":1657109.0,
                "Marqueur":1949742.0,
                "Marq.Ass":null,
                "nan":null
            }
        },
        "Penalties":{

        }
    }
}