{
    "Match":{
        "Title":{
            "div_code":"3FA ",
            "div_name":"NATIONALE 3 FEMININE POULE A",
            "div_pool":"",
            "match_number":"3FA027",
            "match_day":"05",
            "city":"AUBAGNE",
            "gym":"GYMNASE MOUREN",
            "category":"SENIOR | FEMININE",
            "ligue":"Comp\u00e9titions Nationales SENIORS",
            "date":"2019-11-10 15:00:00",
            "team_1":"AUBAGNE CARNOUX VOLLEY-BALL",
            "team_2":"LE CRES VOLLEY-BALL"
        },
        "Sets":{
            "Teams":{
                "Set 1":{
                    "Name":{
                        "Team 1":"AUBAGNE CARNOUX VOLLEY",
                        "Team 2":"LE CRES VOLLEY-BALL"
                    },
                    "Starting":{
                        "Team 1":"Reception",
                        "Team 2":"Service"
                    }
                },
                "Set 2":{
                    "Name":{
                        "Team 1":"AUBAGNE CARNOUX VOLLEY",
                        "Team 2":"LE CRES VOLLEY-BALL"
                    },
                    "Starting":{
                        "Team 1":"Service",
                        "Team 2":"Reception"
                    }
                },
                "Set 3":{
                    "Name":{
                        "Team 1":"AUBAGNE CARNOUX VOLLEY",
                        "Team 2":"LE CRES VOLLEY-BALL"
                    },
                    "Starting":{
                        "Team 1":"Reception",
                        "Team 2":"Service"
                    }
                },
                "Set 4":{
                    "Name":{
                        "Team 1":"AUBAGNE CARNOUX VOLLEY",
                        "Team 2":"LE CRES VOLLEY-BALL"
                    },
                    "Starting":{
                        "Team 1":"Service",
                        "Team 2":"Reception"
                    }
                },
                "Set 5":0
            },
            "Time":{
                "Set 1":{
                    "Time":{
                        "Start":"2019-11-10 14:59:00",
                        "End":"2019-11-10 15:22:00"
                    }
                },
                "Set 2":{
                    "Time":{
                        "Start":"2019-11-10 15:26:00",
                        "End":"2019-11-10 15:47:00"
                    }
                },
                "Set 3":{
                    "Time":{
                        "Start":"2019-11-10 15:50:00",
                        "End":"2019-11-10 16:18:00"
                    }
                },
                "Set 4":{
                    "Time":{
                        "Start":"2019-11-10 16:22:00",
                        "End":"2019-11-10 16:45:00"
                    }
                },
                "Set 5":0
            },
            "Substitutions 1":{
                "Set 1":{
                    "I":{
                        "0":8.0,
                        "1":null,
                        "2":null
                    },
                    "II":{
                        "0":13.0,
                        "1":null,
                        "2":null
                    },
                    "III":{
                        "0":"4",
                        "1":"7",
                        "2":"18:10"
                    },
                    "IV":{
                        "0":19.0,
                        "1":null,
                        "2":null
                    },
                    "V":{
                        "0":5.0,
                        "1":null,
                        "2":null
                    },
                    "VI":{
                        "0":3.0,
                        "1":null,
                        "2":null
                    }
                },
                "Set 2":{
                    "I":{
                        "0":13.0,
                        "1":null,
                        "2":null
                    },
                    "II":{
                        "0":4.0,
                        "1":null,
                        "2":null
                    },
                    "III":{
                        "0":19.0,
                        "1":null,
                        "2":null
                    },
                    "IV":{
                        "0":5.0,
                        "1":null,
                        "2":null
                    },
                    "V":{
                        "0":"3",
                        "1":"7",
                        "2":"23:8"
                    },
                    "VI":{
                        "0":8.0,
                        "1":null,
                        "2":null
                    }
                },
                "Set 3":{
                    "I":{
                        "0":8
                    },
                    "II":{
                        "0":13
                    },
                    "III":{
                        "0":4
                    },
                    "IV":{
                        "0":19
                    },
                    "V":{
                        "0":5
                    },
                    "VI":{
                        "0":3
                    }
                },
                "Set 4":{
                    "I":{
                        "0":13.0,
                        "1":null,
                        "2":null
                    },
                    "II":{
                        "0":4.0,
                        "1":null,
                        "2":null
                    },
                    "III":{
                        "0":19.0,
                        "1":null,
                        "2":null
                    },
                    "IV":{
                        "0":5.0,
                        "1":null,
                        "2":null
                    },
                    "V":{
                        "0":"3",
                        "1":"7",
                        "2":"20:11"
                    },
                    "VI":{
                        "0":8.0,
                        "1":null,
                        "2":null
                    }
                },
                "Set 5":0
            },
            "Substitutions 2":{
                "Set 1":{
                    "I":{
                        "0":"8",
                        "1":"2",
                        "2":"14:23"
                    },
                    "II":{
                        "0":1.0,
                        "1":null,
                        "2":null
                    },
                    "III":{
                        "0":6.0,
                        "1":null,
                        "2":null
                    },
                    "IV":{
                        "0":9.0,
                        "1":null,
                        "2":null
                    },
                    "V":{
                        "0":3.0,
                        "1":null,
                        "2":null
                    },
                    "VI":{
                        "0":17.0,
                        "1":null,
                        "2":null
                    }
                },
                "Set 2":{
                    "I":{
                        "0":"8",
                        "1":"2",
                        "2":"8:17"
                    },
                    "II":{
                        "0":1.0,
                        "1":null,
                        "2":null
                    },
                    "III":{
                        "0":6.0,
                        "1":null,
                        "2":null
                    },
                    "IV":{
                        "0":9.0,
                        "1":null,
                        "2":null
                    },
                    "V":{
                        "0":3.0,
                        "1":null,
                        "2":null
                    },
                    "VI":{
                        "0":17.0,
                        "1":null,
                        "2":null
                    }
                },
                "Set 3":{
                    "I":{
                        "0":"8",
                        "1":"2",
                        "2":"5:13"
                    },
                    "II":{
                        "0":1.0,
                        "1":null,
                        "2":null
                    },
                    "III":{
                        "0":9.0,
                        "1":null,
                        "2":null
                    },
                    "IV":{
                        "0":6.0,
                        "1":null,
                        "2":null
                    },
                    "V":{
                        "0":3.0,
                        "1":null,
                        "2":null
                    },
                    "VI":{
                        "0":17.0,
                        "1":null,
                        "2":null
                    }
                },
                "Set 4":{
                    "I":{
                        "0":"2",
                        "1":"8",
                        "2":"5:6",
                        "3":"10:19"
                    },
                    "II":{
                        "0":1.0,
                        "1":null,
                        "2":null,
                        "3":null
                    },
                    "III":{
                        "0":9.0,
                        "1":null,
                        "2":null,
                        "3":null
                    },
                    "IV":{
                        "0":6.0,
                        "1":null,
                        "2":null,
                        "3":null
                    },
                    "V":{
                        "0":3.0,
                        "1":null,
                        "2":null,
                        "3":null
                    },
                    "VI":{
                        "0":17.0,
                        "1":null,
                        "2":null,
                        "3":null
                    }
                },
                "Set 5":0
            },
            "Serves 1":{
                "Set 1":{
                    "I":{
                        "0":null,
                        "1":13.0,
                        "2":25.0
                    },
                    "II":{
                        "0":"3",
                        "1":18.0,
                        "2":null
                    },
                    "III":{
                        "0":"4",
                        "1":19.0,
                        "2":null
                    },
                    "IV":{
                        "0":"9",
                        "1":21.0,
                        "2":null
                    },
                    "V":{
                        "0":"11",
                        "1":23.0,
                        "2":null
                    },
                    "VI":{
                        "0":"12",
                        "1":24.0,
                        "2":null
                    }
                },
                "Set 2":{
                    "I":{
                        "0":"0",
                        "1":13
                    },
                    "II":{
                        "0":"5",
                        "1":24
                    },
                    "III":{
                        "0":"6",
                        "1":25
                    },
                    "IV":{
                        "0":"7",
                        "1":null
                    },
                    "V":{
                        "0":"8",
                        "1":null
                    },
                    "VI":{
                        "0":"9",
                        "1":null
                    }
                },
                "Set 3":{
                    "I":{
                        "0":null,
                        "1":15.0
                    },
                    "II":{
                        "0":"5",
                        "1":16
                    },
                    "III":{
                        "0":"7",
                        "1":17
                    },
                    "IV":{
                        "0":"9",
                        "1":19
                    },
                    "V":{
                        "0":"13",
                        "1":21
                    },
                    "VI":{
                        "0":"14",
                        "1":22
                    }
                },
                "Set 4":{
                    "I":{
                        "0":"1",
                        "1":11
                    },
                    "II":{
                        "0":"2",
                        "1":17
                    },
                    "III":{
                        "0":"4",
                        "1":20
                    },
                    "IV":{
                        "0":"6",
                        "1":23
                    },
                    "V":{
                        "0":"7",
                        "1":25
                    },
                    "VI":{
                        "0":"8",
                        "1":null
                    }
                },
                "Set 5":0
            },
            "Serves 2":{
                "Set 1":{
                    "I":{
                        "0":"1",
                        "1":9
                    },
                    "II":{
                        "0":"3",
                        "1":10
                    },
                    "III":{
                        "0":"4",
                        "1":13
                    },
                    "IV":{
                        "0":"5",
                        "1":14
                    },
                    "V":{
                        "0":"7",
                        "1":15
                    },
                    "VI":{
                        "0":"8",
                        "1":16
                    }
                },
                "Set 2":{
                    "I":{
                        "0":null,
                        "1":6.0
                    },
                    "II":{
                        "0":"1",
                        "1":8
                    },
                    "III":{
                        "0":"2",
                        "1":9
                    },
                    "IV":{
                        "0":"3",
                        "1":null
                    },
                    "V":{
                        "0":"4",
                        "1":null
                    },
                    "VI":{
                        "0":"5",
                        "1":null
                    }
                },
                "Set 3":{
                    "I":{
                        "0":"0",
                        "1":14
                    },
                    "II":{
                        "0":"3",
                        "1":20
                    },
                    "III":{
                        "0":"4",
                        "1":22
                    },
                    "IV":{
                        "0":"5",
                        "1":23
                    },
                    "V":{
                        "0":"12",
                        "1":24
                    },
                    "VI":{
                        "0":"13",
                        "1":25
                    }
                },
                "Set 4":{
                    "I":{
                        "0":null,
                        "1":7.0
                    },
                    "II":{
                        "0":"2",
                        "1":9
                    },
                    "III":{
                        "0":"3",
                        "1":10
                    },
                    "IV":{
                        "0":"4",
                        "1":12
                    },
                    "V":{
                        "0":"5",
                        "1":13
                    },
                    "VI":{
                        "0":"6",
                        "1":null
                    }
                },
                "Set 5":0
            },
            "Timeouts 1":{
                "Set 1":{
                    "T":{

                    }
                },
                "Set 2":{
                    "T":{

                    }
                },
                "Set 3":{
                    "T":{
                        "0":"13:10",
                        "1":"16:19"
                    }
                },
                "Set 4":{
                    "T":{

                    }
                },
                "Set 5":0
            },
            "Timeouts 2":{
                "Set 1":{
                    "T":{
                        "0":"5:11",
                        "1":"9:18"
                    }
                },
                "Set 2":{
                    "T":{
                        "0":"1:4",
                        "1":"6:13"
                    }
                },
                "Set 3":{
                    "T":{
                        "0":"5:12",
                        "1":"23:21"
                    }
                },
                "Set 4":{
                    "T":{
                        "0":"7:11",
                        "1":"9:14"
                    }
                },
                "Set 5":0
            }
        },
        "Teams":{
            "Name":{
                "Team 1":"AUBAGNE CARNOUX VOLLEY-BALL",
                "Team 2":"LE CRES VOLLEY-BALL"
            },
            "Players":{
                "Team 1":{
                    "N\u00b0":{
                        "0":3,
                        "1":4,
                        "2":5,
                        "3":7,
                        "4":8,
                        "5":13,
                        "6":19
                    },
                    "Nom Pr\u00e9nom":{
                        "0":"MARQUET MARION",
                        "1":"LE TALLEC SOLENE",
                        "2":"SCAPPINI CLAIRE",
                        "3":"GONZALEZ CLAIRE",
                        "4":"DEHANT FLORENCE",
                        "5":"DUPETIT ESTELLE",
                        "6":"MORINI MARIANNE"
                    },
                    "Licence":{
                        "0":1757834,
                        "1":1859380,
                        "2":1554603,
                        "3":1388759,
                        "4":1360690,
                        "5":1715007,
                        "6":1757852
                    }
                },
                "Team 2":{
                    "N\u00b0":{
                        "0":1,
                        "1":2,
                        "2":3,
                        "3":5,
                        "4":6,
                        "5":8,
                        "6":9,
                        "7":17
                    },
                    "Nom Pr\u00e9nom":{
                        "0":"BERTRAND CLEMENTINE",
                        "1":"HELLEC LEA",
                        "2":"WEIRI KELLY",
                        "3":"TARDIEU MARION",
                        "4":"CENTELLES CLAIRE",
                        "5":"CORDOBA ROMANE",
                        "6":"HOTTIN LUCIE",
                        "7":"GUIRAO GAELLE"
                    },
                    "Licence":{
                        "0":1661278,
                        "1":1843627,
                        "2":1848431,
                        "3":1696168,
                        "4":1742690,
                        "5":1766033,
                        "6":1840380,
                        "7":1615201
                    }
                }
            },
            "Liberos":{
                "Team 1":{
                    "N\u00b0":{

                    },
                    "Nom Pr\u00e9nom":{

                    },
                    "Licence":{

                    }
                },
                "Team 2":{
                    "N\u00b0":{
                        "0":5
                    },
                    "Nom Pr\u00e9nom":{
                        "0":"TARDIEU MARION"
                    },
                    "Licence":{
                        "0":1696168
                    }
                }
            },
            "Officials":{
                "Team 1":{
                    "N\u00b0":{
                        "0":"EA",
                        "1":"EB"
                    },
                    "Nom Pr\u00e9nom":{
                        "0":"BASTOUL SOPHIE",
                        "1":"TSAN AMBRE"
                    },
                    "Licence":{
                        "0":1488051,
                        "1":1960703
                    }
                },
                "Team 2":{
                    "N\u00b0":{
                        "0":"EA"
                    },
                    "Nom Pr\u00e9nom":{
                        "0":"TAOUPOULOU KEVIN"
                    },
                    "Licence":{
                        "0":1709950
                    }
                }
            }
        },
        "Results":{
            "winner":"UBAGNE CARNOUX VOLLEY",
            "score":"3\/1"
        },
        "Referees":{
            "NOM Pr\u00e9nom":{
                "1er":"KHELLAF FREDERIC",
                "2\u00e8me":"GURRIET GILLES",
                "Marqueur":"CESELIA AMANDA",
                "Marq.Ass":".",
                "R.Salle":"CESELIA MANUEL"
            },
            "Ligue":{
                "1er":"LIG_PAC",
                "2\u00e8me":"LIG_PAC",
                "Marqueur":"LIG_PAC",
                "Marq.Ass":null,
                "R.Salle":"LIG_PAC"
            },
            "Licence":{
                "1er":1081616.0,
                "2\u00e8me":1105274.0,
                "Marqueur":1639032.0,
                "Marq.Ass":null,
                "R.Salle":1511433.0
            }
        },
        "Penalties":{

        }
    }
}