{
    "Match":{
        "Title":{
            "div_code":"3FG ",
            "div_name":"NATIONALE 3 FEMININE POULE G",
            "div_pool":"",
            "match_number":"3FG021",
            "match_day":"04",
            "city":"CHATELAILLON PLAGE",
            "gym":"GYMNASE MALRAUX",
            "category":"SENIOR | FEMININE",
            "ligue":"Comp\u00e9titions Nationales SENIORS",
            "date":"2019-11-03 15:00:00",
            "team_1":"UGS LA ROCHELLE-CHATELAILLON PLAGE VB",
            "team_2":"VOLLEY-BALL NANTES 3"
        },
        "Sets":{
            "Teams":{
                "Set 1":{
                    "Name":{
                        "Team 1":"VOLLEY-BALL NANTES 3",
                        "Team 2":"UGS LA ROCHELLE-CHATEL"
                    },
                    "Starting":{
                        "Team 1":"Service",
                        "Team 2":"Reception"
                    }
                },
                "Set 2":{
                    "Name":{
                        "Team 1":"VOLLEY-BALL NANTES 3",
                        "Team 2":"UGS LA ROCHELLE-CHATEL"
                    },
                    "Starting":{
                        "Team 1":"Service",
                        "Team 2":"Reception"
                    }
                },
                "Set 3":{
                    "Name":{
                        "Team 1":"VOLLEY-BALL NANTES 3",
                        "Team 2":"UGS LA ROCHELLE-CHATEL"
                    },
                    "Starting":{
                        "Team 1":"Service",
                        "Team 2":"Reception"
                    }
                },
                "Set 4":{
                    "Name":{
                        "Team 1":"VOLLEY-BALL NANTES 3",
                        "Team 2":"UGS LA ROCHELLE-CHATEL"
                    },
                    "Starting":{
                        "Team 1":"Service",
                        "Team 2":"Reception"
                    }
                },
                "Set 5":0
            },
            "Time":{
                "Set 1":{
                    "Time":{
                        "Start":"2019-11-03 14:58:00",
                        "End":"2019-11-03 15:27:00"
                    }
                },
                "Set 2":{
                    "Time":{
                        "Start":"2019-11-03 15:30:00",
                        "End":"2019-11-03 15:59:00"
                    }
                },
                "Set 3":{
                    "Time":{
                        "Start":"2019-11-03 16:02:00",
                        "End":"2019-11-03 16:29:00"
                    }
                },
                "Set 4":{
                    "Time":{
                        "Start":"2019-11-03 16:32:00",
                        "End":"2019-11-03 16:58:00"
                    }
                },
                "Set 5":0
            },
            "Substitutions 1":{
                "Set 1":{
                    "I":{
                        "0":2.0,
                        "1":null,
                        "2":null,
                        "3":null
                    },
                    "II":{
                        "0":8.0,
                        "1":null,
                        "2":null,
                        "3":null
                    },
                    "III":{
                        "0":10.0,
                        "1":null,
                        "2":null,
                        "3":null
                    },
                    "IV":{
                        "0":9.0,
                        "1":null,
                        "2":null,
                        "3":null
                    },
                    "V":{
                        "0":"4",
                        "1":"11",
                        "2":"16:20",
                        "3":"20:23"
                    },
                    "VI":{
                        "0":12.0,
                        "1":null,
                        "2":null,
                        "3":null
                    }
                },
                "Set 2":{
                    "I":{
                        "0":12.0,
                        "1":null,
                        "2":null
                    },
                    "II":{
                        "0":2.0,
                        "1":null,
                        "2":null
                    },
                    "III":{
                        "0":"8",
                        "1":"11",
                        "2":"10:14"
                    },
                    "IV":{
                        "0":10.0,
                        "1":null,
                        "2":null
                    },
                    "V":{
                        "0":9.0,
                        "1":null,
                        "2":null
                    },
                    "VI":{
                        "0":4.0,
                        "1":null,
                        "2":null
                    }
                },
                "Set 3":{
                    "I":{
                        "0":2.0,
                        "1":null,
                        "2":null
                    },
                    "II":{
                        "0":11.0,
                        "1":null,
                        "2":null
                    },
                    "III":{
                        "0":10.0,
                        "1":null,
                        "2":null
                    },
                    "IV":{
                        "0":"9",
                        "1":"8",
                        "2":"18:23"
                    },
                    "V":{
                        "0":4.0,
                        "1":null,
                        "2":null
                    },
                    "VI":{
                        "0":12.0,
                        "1":null,
                        "2":null
                    }
                },
                "Set 4":{
                    "I":{
                        "0":2.0,
                        "1":null,
                        "2":null,
                        "3":null
                    },
                    "II":{
                        "0":"11",
                        "1":"8",
                        "2":"16:19",
                        "3":"18:23"
                    },
                    "III":{
                        "0":10.0,
                        "1":null,
                        "2":null,
                        "3":null
                    },
                    "IV":{
                        "0":9.0,
                        "1":null,
                        "2":null,
                        "3":null
                    },
                    "V":{
                        "0":4.0,
                        "1":null,
                        "2":null,
                        "3":null
                    },
                    "VI":{
                        "0":12.0,
                        "1":null,
                        "2":null,
                        "3":null
                    }
                },
                "Set 5":0
            },
            "Substitutions 2":{
                "Set 1":{
                    "I":{
                        "0":12
                    },
                    "II":{
                        "0":7
                    },
                    "III":{
                        "0":11
                    },
                    "IV":{
                        "0":17
                    },
                    "V":{
                        "0":18
                    },
                    "VI":{
                        "0":10
                    }
                },
                "Set 2":{
                    "I":{
                        "0":7.0,
                        "1":null,
                        "2":null
                    },
                    "II":{
                        "0":"11",
                        "1":"4",
                        "2":"21:23"
                    },
                    "III":{
                        "0":17.0,
                        "1":null,
                        "2":null
                    },
                    "IV":{
                        "0":18.0,
                        "1":null,
                        "2":null
                    },
                    "V":{
                        "0":10.0,
                        "1":null,
                        "2":null
                    },
                    "VI":{
                        "0":"12",
                        "1":"5",
                        "2":"15:10"
                    }
                },
                "Set 3":{
                    "I":{
                        "0":5.0,
                        "1":null,
                        "2":null
                    },
                    "II":{
                        "0":"7",
                        "1":"4",
                        "2":"12:12"
                    },
                    "III":{
                        "0":11.0,
                        "1":null,
                        "2":null
                    },
                    "IV":{
                        "0":17.0,
                        "1":null,
                        "2":null
                    },
                    "V":{
                        "0":18.0,
                        "1":null,
                        "2":null
                    },
                    "VI":{
                        "0":10.0,
                        "1":null,
                        "2":null
                    }
                },
                "Set 4":{
                    "I":{
                        "0":4
                    },
                    "II":{
                        "0":11
                    },
                    "III":{
                        "0":17
                    },
                    "IV":{
                        "0":18
                    },
                    "V":{
                        "0":10
                    },
                    "VI":{
                        "0":5
                    }
                },
                "Set 5":0
            },
            "Serves 1":{
                "Set 1":{
                    "I":{
                        "0":"1",
                        "1":11
                    },
                    "II":{
                        "0":"2",
                        "1":12
                    },
                    "III":{
                        "0":"4",
                        "1":14
                    },
                    "IV":{
                        "0":"5",
                        "1":16
                    },
                    "V":{
                        "0":"7",
                        "1":19
                    },
                    "VI":{
                        "0":"9",
                        "1":20
                    }
                },
                "Set 2":{
                    "I":{
                        "0":"1",
                        "1":9
                    },
                    "II":{
                        "0":"2",
                        "1":10
                    },
                    "III":{
                        "0":"3",
                        "1":13
                    },
                    "IV":{
                        "0":"4",
                        "1":15
                    },
                    "V":{
                        "0":"5",
                        "1":17
                    },
                    "VI":{
                        "0":"7",
                        "1":25
                    }
                },
                "Set 3":{
                    "I":{
                        "0":"0",
                        "1":11,
                        "2":18
                    },
                    "II":{
                        "0":"2",
                        "1":12,
                        "2":19
                    },
                    "III":{
                        "0":"3",
                        "1":13,
                        "2":20
                    },
                    "IV":{
                        "0":"7",
                        "1":14.0,
                        "2":null
                    },
                    "V":{
                        "0":"8",
                        "1":16.0,
                        "2":null
                    },
                    "VI":{
                        "0":"10",
                        "1":17.0,
                        "2":null
                    }
                },
                "Set 4":{
                    "I":{
                        "0":"1",
                        "1":7,
                        "2":18
                    },
                    "II":{
                        "0":"2",
                        "1":8,
                        "2":19
                    },
                    "III":{
                        "0":"3",
                        "1":11.0,
                        "2":null
                    },
                    "IV":{
                        "0":"4",
                        "1":12.0,
                        "2":null
                    },
                    "V":{
                        "0":"5",
                        "1":13.0,
                        "2":null
                    },
                    "VI":{
                        "0":"6",
                        "1":15.0,
                        "2":null
                    }
                },
                "Set 5":0
            },
            "Serves 2":{
                "Set 1":{
                    "I":{
                        "0":null,
                        "1":13.0,
                        "2":25.0
                    },
                    "II":{
                        "0":"3",
                        "1":14.0,
                        "2":null
                    },
                    "III":{
                        "0":"4",
                        "1":15.0,
                        "2":null
                    },
                    "IV":{
                        "0":"6",
                        "1":18.0,
                        "2":null
                    },
                    "V":{
                        "0":"9",
                        "1":21.0,
                        "2":null
                    },
                    "VI":{
                        "0":"10",
                        "1":23.0,
                        "2":null
                    }
                },
                "Set 2":{
                    "I":{
                        "0":null,
                        "1":12.0
                    },
                    "II":{
                        "0":"2",
                        "1":14
                    },
                    "III":{
                        "0":"4",
                        "1":16
                    },
                    "IV":{
                        "0":"5",
                        "1":19
                    },
                    "V":{
                        "0":"8",
                        "1":20
                    },
                    "VI":{
                        "0":"10",
                        "1":21
                    }
                },
                "Set 3":{
                    "I":{
                        "0":null,
                        "1":11.0,
                        "2":19.0
                    },
                    "II":{
                        "0":"1",
                        "1":12,
                        "2":23
                    },
                    "III":{
                        "0":"5",
                        "1":13,
                        "2":24
                    },
                    "IV":{
                        "0":"6",
                        "1":15,
                        "2":25
                    },
                    "V":{
                        "0":"8",
                        "1":16.0,
                        "2":null
                    },
                    "VI":{
                        "0":"9",
                        "1":18.0,
                        "2":null
                    }
                },
                "Set 4":{
                    "I":{
                        "0":null,
                        "1":9.0,
                        "2":19.0
                    },
                    "II":{
                        "0":"1",
                        "1":10,
                        "2":23
                    },
                    "III":{
                        "0":"4",
                        "1":13,
                        "2":25
                    },
                    "IV":{
                        "0":"5",
                        "1":14.0,
                        "2":null
                    },
                    "V":{
                        "0":"7",
                        "1":16.0,
                        "2":null
                    },
                    "VI":{
                        "0":"8",
                        "1":17.0,
                        "2":null
                    }
                },
                "Set 5":0
            },
            "Timeouts 1":{
                "Set 1":{
                    "T":{
                        "0":"9:13",
                        "1":"14:18"
                    }
                },
                "Set 2":{
                    "T":{
                        "0":"5:10",
                        "1":"13:18"
                    }
                },
                "Set 3":{
                    "T":{
                        "0":"2:5",
                        "1":"18:21"
                    }
                },
                "Set 4":{
                    "T":{
                        "0":"8:12",
                        "1":"18:21"
                    }
                },
                "Set 5":0
            },
            "Timeouts 2":{
                "Set 1":{
                    "T":{
                        "0":"18:16",
                        "1":"21:19"
                    }
                },
                "Set 2":{
                    "T":{
                        "0":"16:13",
                        "1":"21:20"
                    }
                },
                "Set 3":{
                    "T":{

                    }
                },
                "Set 4":{
                    "T":{
                        "0":"19:18"
                    }
                },
                "Set 5":0
            }
        },
        "Teams":{
            "Name":{
                "Team 1":"UGS LA ROCHELLE-CHATELAILLON P",
                "Team 2":"VOLLEY-BALL NANTES 3"
            },
            "Players":{
                "Team 1":{
                    "N\u00b0":{
                        "0":4,
                        "1":5,
                        "2":7,
                        "3":9,
                        "4":10,
                        "5":11,
                        "6":12,
                        "7":17,
                        "8":18
                    },
                    "Nom Pr\u00e9nom":{
                        "0":"NAFRECHOUX MA\u00caLLE",
                        "1":"LAGENEBRE ESTELLE",
                        "2":"BONHOMME-POISEAU AVALON",
                        "3":"TURBE CLOE",
                        "4":"COHELEACH NOLWEN",
                        "5":"HONORE ROMANE",
                        "6":"MARY CLAIRE",
                        "7":"GUIGNAN MAEVA",
                        "8":"CAZAURANG EMMA"
                    },
                    "Licence":{
                        "0":1925482,
                        "1":1783273,
                        "2":1828842,
                        "3":2030538,
                        "4":1899469,
                        "5":2194044,
                        "6":1732890,
                        "7":1969036,
                        "8":1947896
                    }
                },
                "Team 2":{
                    "N\u00b0":{
                        "0":2,
                        "1":4,
                        "2":8,
                        "3":9,
                        "4":10,
                        "5":11,
                        "6":12,
                        "7":17
                    },
                    "Nom Pr\u00e9nom":{
                        "0":"CADET ADELINE",
                        "1":"BLONDEL L\u00c9A",
                        "2":"POUSSIER ANNA",
                        "3":"RATEAU ASTRID",
                        "4":"GIRAUD DIANE",
                        "5":"LAVAIRE MARIETA",
                        "6":"SANOU THEMIS",
                        "7":"MERLOZ THELMA"
                    },
                    "Licence":{
                        "0":1621766,
                        "1":1906418,
                        "2":2189234,
                        "3":1990305,
                        "4":1908774,
                        "5":2309469,
                        "6":2139630,
                        "7":1906576
                    }
                }
            },
            "Liberos":{
                "Team 1":{
                    "N\u00b0":{
                        "0":9
                    },
                    "Nom Pr\u00e9nom":{
                        "0":"TURBE CLOE"
                    },
                    "Licence":{
                        "0":2030538
                    }
                },
                "Team 2":{
                    "N\u00b0":{
                        "0":17
                    },
                    "Nom Pr\u00e9nom":{
                        "0":"MERLOZ THELMA"
                    },
                    "Licence":{
                        "0":1906576
                    }
                }
            },
            "Officials":{
                "Team 1":{
                    "N\u00b0":{
                        "0":"EA",
                        "1":"EB"
                    },
                    "Nom Pr\u00e9nom":{
                        "0":"FRAPPEREAU SYLVIE",
                        "1":"DE KERGRET MAEL"
                    },
                    "Licence":{
                        "0":501643,
                        "1":890921
                    }
                },
                "Team 2":{
                    "N\u00b0":{
                        "0":"EA"
                    },
                    "Nom Pr\u00e9nom":{
                        "0":"MASSON LOIC"
                    },
                    "Licence":{
                        "0":1547798
                    }
                }
            }
        },
        "Results":{
            "winner":"UGS LA ROCHELLE-CHATEL",
            "score":"3\/1"
        },
        "Referees":{
            "NOM Pr\u00e9nom":{
                "1er":"PEDRETTI NATHALIE",
                "2\u00e8me":"CHAINTRE THIERRY",
                "Marqueur":"BRIDIAU SEVERINE",
                "Marq.Ass":".",
                "R.Salle":"PERROTIN VINCENT"
            },
            "Ligue":{
                "1er":"LIG_AQ",
                "2\u00e8me":"LIG_AQ",
                "Marqueur":"LIG_AQ",
                "Marq.Ass":null,
                "R.Salle":null
            },
            "Licence":{
                "1er":327346.0,
                "2\u00e8me":535781.0,
                "Marqueur":1739511.0,
                "Marq.Ass":null,
                "R.Salle":2085382.0
            }
        },
        "Penalties":{

        }
    }
}