{
    "Match":{
        "Title":{
            "div_code":"3FG ",
            "div_name":"NATIONALE 3 FEMININE POULE G",
            "div_pool":"",
            "match_number":"3FG078",
            "match_day":"13",
            "city":"NIORT",
            "gym":"HENRI BARBUSSE",
            "category":"SENIOR | FEMININE",
            "ligue":"Comp\u00e9titions Nationales SENIORS",
            "date":"2020-02-16 14:00:00",
            "team_1":"VOLLEY-BALL PEXINOIS NIORT",
            "team_2":"SMOC ST-JEAN DE BRAYE"
        },
        "Sets":{
            "Teams":{
                "Set 1":{
                    "Name":{
                        "Team 1":"VOLLEY-BALL PEXINOIS N",
                        "Team 2":"SMOC ST-JEAN DE BRAYE"
                    },
                    "Starting":{
                        "Team 1":"Reception",
                        "Team 2":"Service"
                    }
                },
                "Set 2":{
                    "Name":{
                        "Team 1":"VOLLEY-BALL PEXINOIS N",
                        "Team 2":"SMOC ST-JEAN DE BRAYE"
                    },
                    "Starting":{
                        "Team 1":"Service",
                        "Team 2":"Reception"
                    }
                },
                "Set 3":{
                    "Name":{
                        "Team 1":"VOLLEY-BALL PEXINOIS N",
                        "Team 2":"SMOC ST-JEAN DE BRAYE"
                    },
                    "Starting":{
                        "Team 1":"Reception",
                        "Team 2":"Service"
                    }
                },
                "Set 4":0,
                "Set 5":0
            },
            "Time":{
                "Set 1":{
                    "Time":{
                        "Start":"2020-02-16 13:58:00",
                        "End":"2020-02-16 14:26:00"
                    }
                },
                "Set 2":{
                    "Time":{
                        "Start":"2020-02-16 14:30:00",
                        "End":"2020-02-16 14:53:00"
                    }
                },
                "Set 3":{
                    "Time":{
                        "Start":"2020-02-16 14:56:00",
                        "End":"2020-02-16 15:18:00"
                    }
                },
                "Set 4":0,
                "Set 5":0
            },
            "Substitutions 1":{
                "Set 1":{
                    "I":{
                        "0":2
                    },
                    "II":{
                        "0":1
                    },
                    "III":{
                        "0":7
                    },
                    "IV":{
                        "0":11
                    },
                    "V":{
                        "0":10
                    },
                    "VI":{
                        "0":4
                    }
                },
                "Set 2":{
                    "I":{
                        "0":2.0,
                        "1":null,
                        "2":null
                    },
                    "II":{
                        "0":1.0,
                        "1":null,
                        "2":null
                    },
                    "III":{
                        "0":7.0,
                        "1":null,
                        "2":null
                    },
                    "IV":{
                        "0":11.0,
                        "1":null,
                        "2":null
                    },
                    "V":{
                        "0":"10",
                        "1":"8",
                        "2":"21:13"
                    },
                    "VI":{
                        "0":4.0,
                        "1":null,
                        "2":null
                    }
                },
                "Set 3":{
                    "I":{
                        "0":2.0,
                        "1":null,
                        "2":null
                    },
                    "II":{
                        "0":1.0,
                        "1":null,
                        "2":null
                    },
                    "III":{
                        "0":"7",
                        "1":"6",
                        "2":"16:11"
                    },
                    "IV":{
                        "0":8.0,
                        "1":null,
                        "2":null
                    },
                    "V":{
                        "0":10.0,
                        "1":null,
                        "2":null
                    },
                    "VI":{
                        "0":4.0,
                        "1":null,
                        "2":null
                    }
                },
                "Set 4":0,
                "Set 5":0
            },
            "Substitutions 2":{
                "Set 1":{
                    "I":{
                        "0":"3",
                        "1":"12",
                        "2":"16:20",
                        "3":"20:24"
                    },
                    "II":{
                        "0":7.0,
                        "1":null,
                        "2":null,
                        "3":null
                    },
                    "III":{
                        "0":4.0,
                        "1":null,
                        "2":null,
                        "3":null
                    },
                    "IV":{
                        "0":"2",
                        "1":"1",
                        "2":"16:20",
                        "3":"20:24"
                    },
                    "V":{
                        "0":8.0,
                        "1":null,
                        "2":null,
                        "3":null
                    },
                    "VI":{
                        "0":9.0,
                        "1":null,
                        "2":null,
                        "3":null
                    }
                },
                "Set 2":{
                    "I":{
                        "0":7.0,
                        "1":null,
                        "2":null
                    },
                    "II":{
                        "0":4.0,
                        "1":null,
                        "2":null
                    },
                    "III":{
                        "0":2.0,
                        "1":null,
                        "2":null
                    },
                    "IV":{
                        "0":"8",
                        "1":"12",
                        "2":"7:11"
                    },
                    "V":{
                        "0":9.0,
                        "1":null,
                        "2":null
                    },
                    "VI":{
                        "0":"3",
                        "1":"1",
                        "2":"8:15"
                    }
                },
                "Set 3":{
                    "I":{
                        "0":"7",
                        "1":"2",
                        "2":"13:22",
                        "3":null
                    },
                    "II":{
                        "0":"4",
                        "1":"3",
                        "2":"11:15",
                        "3":"12:20"
                    },
                    "III":{
                        "0":12.0,
                        "1":null,
                        "2":null,
                        "3":null
                    },
                    "IV":{
                        "0":8.0,
                        "1":null,
                        "2":null,
                        "3":null
                    },
                    "V":{
                        "0":9.0,
                        "1":null,
                        "2":null,
                        "3":null
                    },
                    "VI":{
                        "0":1.0,
                        "1":null,
                        "2":null,
                        "3":null
                    }
                },
                "Set 4":0,
                "Set 5":0
            },
            "Serves 1":{
                "Set 1":{
                    "I":{
                        "0":null,
                        "1":10.0,
                        "2":22.0
                    },
                    "II":{
                        "0":"2",
                        "1":12,
                        "2":25
                    },
                    "III":{
                        "0":"4",
                        "1":13.0,
                        "2":null
                    },
                    "IV":{
                        "0":"7",
                        "1":15.0,
                        "2":null
                    },
                    "V":{
                        "0":"8",
                        "1":19.0,
                        "2":null
                    },
                    "VI":{
                        "0":"9",
                        "1":20.0,
                        "2":null
                    }
                },
                "Set 2":{
                    "I":{
                        "0":"1",
                        "1":11,
                        "2":25
                    },
                    "II":{
                        "0":"2",
                        "1":15.0,
                        "2":null
                    },
                    "III":{
                        "0":"4",
                        "1":17.0,
                        "2":null
                    },
                    "IV":{
                        "0":"5",
                        "1":20.0,
                        "2":null
                    },
                    "V":{
                        "0":"6",
                        "1":23.0,
                        "2":null
                    },
                    "VI":{
                        "0":"7",
                        "1":24.0,
                        "2":null
                    }
                },
                "Set 3":{
                    "I":{
                        "0":null,
                        "1":14.0
                    },
                    "II":{
                        "0":"1",
                        "1":15
                    },
                    "III":{
                        "0":"5",
                        "1":18
                    },
                    "IV":{
                        "0":"6",
                        "1":20
                    },
                    "V":{
                        "0":"10",
                        "1":23
                    },
                    "VI":{
                        "0":"11",
                        "1":25
                    }
                },
                "Set 4":0,
                "Set 5":0
            },
            "Serves 2":{
                "Set 1":{
                    "I":{
                        "0":"1",
                        "1":11,
                        "2":20
                    },
                    "II":{
                        "0":"2",
                        "1":13.0,
                        "2":null
                    },
                    "III":{
                        "0":"3",
                        "1":14.0,
                        "2":null
                    },
                    "IV":{
                        "0":"6",
                        "1":15.0,
                        "2":null
                    },
                    "V":{
                        "0":"7",
                        "1":16.0,
                        "2":null
                    },
                    "VI":{
                        "0":"8",
                        "1":17.0,
                        "2":null
                    }
                },
                "Set 2":{
                    "I":{
                        "0":null,
                        "1":7.0,
                        "2":15.0
                    },
                    "II":{
                        "0":"1",
                        "1":8.0,
                        "2":null
                    },
                    "III":{
                        "0":"2",
                        "1":9.0,
                        "2":null
                    },
                    "IV":{
                        "0":"3",
                        "1":11.0,
                        "2":null
                    },
                    "V":{
                        "0":"4",
                        "1":13.0,
                        "2":null
                    },
                    "VI":{
                        "0":"6",
                        "1":14.0,
                        "2":null
                    }
                },
                "Set 3":{
                    "I":{
                        "0":"1",
                        "1":10
                    },
                    "II":{
                        "0":"2",
                        "1":11
                    },
                    "III":{
                        "0":"3",
                        "1":12
                    },
                    "IV":{
                        "0":"4",
                        "1":13
                    },
                    "V":{
                        "0":"7",
                        "1":14
                    },
                    "VI":{
                        "0":"8",
                        "1":null
                    }
                },
                "Set 4":0,
                "Set 5":0
            },
            "Timeouts 1":{
                "Set 1":{
                    "T":{
                        "0":"20:17",
                        "1":"22:20"
                    }
                },
                "Set 2":{
                    "T":{

                    }
                },
                "Set 3":{
                    "T":{

                    }
                },
                "Set 4":0,
                "Set 5":0
            },
            "Timeouts 2":{
                "Set 1":{
                    "T":{
                        "0":"15:18"
                    }
                },
                "Set 2":{
                    "T":{
                        "0":"9:17"
                    }
                },
                "Set 3":{
                    "T":{
                        "0":"13:22"
                    }
                },
                "Set 4":0,
                "Set 5":0
            }
        },
        "Teams":{
            "Name":{
                "Team 1":"VOLLEY-BALL PEXINOIS NIORT",
                "Team 2":"SMOC ST-JEAN DE BRAYE"
            },
            "Players":{
                "Team 1":{
                    "N\u00b0":{
                        "0":1,
                        "1":2,
                        "2":4,
                        "3":6,
                        "4":7,
                        "5":8,
                        "6":9,
                        "7":10,
                        "8":11,
                        "9":12,
                        "10":14
                    },
                    "Nom Pr\u00e9nom":{
                        "0":"BELL LACEY",
                        "1":"CHOJNACKA OLGA",
                        "2":"AMEGNANGLO FLORIANE",
                        "3":"JORDA MAUD",
                        "4":"FIAFIALOTO TEKELA",
                        "5":"MINGORANCE AMSETOU MBEYOUM",
                        "6":"BELENG ROSE",
                        "7":"TAUOTA MALIA-VIANE",
                        "8":"BASSONG ANNE TAMERA",
                        "9":"CARPENTIER JULIE",
                        "10":"BAUDOUIN CAMILLE"
                    },
                    "Licence":{
                        "0":"1808538",
                        "1":"1990091",
                        "2":"1821562",
                        "3":"1894535",
                        "4":"2122679",
                        "5":"O1757868",
                        "6":"1591344",
                        "7":"2224295",
                        "8":"2119516",
                        "9":"1209777",
                        "10":"1882629"
                    }
                },
                "Team 2":{
                    "N\u00b0":{
                        "0":1,
                        "1":2,
                        "2":3,
                        "3":4,
                        "4":6,
                        "5":7,
                        "6":8,
                        "7":9,
                        "8":12
                    },
                    "Nom Pr\u00e9nom":{
                        "0":"LEDUC CAMILLE",
                        "1":"FAVREAU JULIE",
                        "2":"SOPAJ ARTINA",
                        "3":"PETIOTE LOURNIA",
                        "4":"MARQUET ELODIE",
                        "5":"DOUMERET CHLOE",
                        "6":"PLAS CELINE",
                        "7":"PLAIRE JULIE",
                        "8":"BARBIER ANGELINE"
                    },
                    "Licence":{
                        "0":2090838,
                        "1":1914165,
                        "2":1890115,
                        "3":2103092,
                        "4":2357485,
                        "5":1838970,
                        "6":1800411,
                        "7":1556789,
                        "8":1672450
                    }
                }
            },
            "Liberos":{
                "Team 1":{
                    "N\u00b0":{
                        "0":12,
                        "1":14
                    },
                    "Nom Pr\u00e9nom":{
                        "0":"CARPENTIER JULIE",
                        "1":"BAUDOUIN CAMILLE"
                    },
                    "Licence":{
                        "0":1209777,
                        "1":1882629
                    }
                },
                "Team 2":{
                    "N\u00b0":{

                    },
                    "Nom Pr\u00e9nom":{

                    },
                    "Licence":{

                    }
                }
            },
            "Officials":{
                "Team 1":{
                    "N\u00b0":{
                        "0":"EA",
                        "1":"EB"
                    },
                    "Nom Pr\u00e9nom":{
                        "0":"BELENG ROSE",
                        "1":"HIBERT PASCAL"
                    },
                    "Licence":{
                        "0":1591344,
                        "1":1229836
                    }
                },
                "Team 2":{
                    "N\u00b0":{
                        "0":"EA"
                    },
                    "Nom Pr\u00e9nom":{
                        "0":"SAMBA KONG JOSEPH"
                    },
                    "Licence":{
                        "0":1999178
                    }
                }
            }
        },
        "Results":{
            "winner":"VOLLEY-BALL PEXINOIS N",
            "score":"3\/0"
        },
        "Referees":{
            "NOM Pr\u00e9nom":{
                "1er":"MOREAU JACQUES",
                "2\u00e8me":"DELALANDE RENAUD",
                "Marqueur":"CHABOISSANT TRESOR BEATRICE",
                "Marq.Ass":".",
                "R.Salle":"DEHESDIN HERV\u00c9"
            },
            "Ligue":{
                "1er":"LIG_AQ",
                "2\u00e8me":"LIG_PL",
                "Marqueur":"LIG_AQ",
                "Marq.Ass":null,
                "R.Salle":null
            },
            "Licence":{
                "1er":309492.0,
                "2\u00e8me":891440.0,
                "Marqueur":201228.0,
                "Marq.Ass":null,
                "R.Salle":2311943.0
            }
        },
        "Penalties":{

        }
    }
}