{
    "Match":{
        "Title":{
            "div_code":"3FG ",
            "div_name":"NATIONALE 3 FEMININE POULE G",
            "div_pool":"",
            "match_number":"3FG039",
            "match_day":"07",
            "city":"SAINT JEAN DE BRAYE",
            "gym":"HALLE DES SPORTS",
            "category":"SENIOR | FEMININE",
            "ligue":"Comp\u00e9titions Nationales SENIORS",
            "date":"2019-12-01 14:00:00",
            "team_1":"SMOC ST-JEAN DE BRAYE",
            "team_2":"UGS LA ROCHELLE-CHATELAILLON PLAGE VB"
        },
        "Sets":{
            "Teams":{
                "Set 1":{
                    "Name":{
                        "Team 1":"UGS LA ROCHELLE-CHATEL",
                        "Team 2":"SMOC ST-JEAN DE BRAYE"
                    },
                    "Starting":{
                        "Team 1":"Reception",
                        "Team 2":"Service"
                    }
                },
                "Set 2":{
                    "Name":{
                        "Team 1":"UGS LA ROCHELLE-CHATEL",
                        "Team 2":"SMOC ST-JEAN DE BRAYE"
                    },
                    "Starting":{
                        "Team 1":"Service",
                        "Team 2":"Reception"
                    }
                },
                "Set 3":{
                    "Name":{
                        "Team 1":"UGS LA ROCHELLE-CHATEL",
                        "Team 2":"SMOC ST-JEAN DE BRAYE"
                    },
                    "Starting":{
                        "Team 1":"Reception",
                        "Team 2":"Service"
                    }
                },
                "Set 4":{
                    "Name":{
                        "Team 1":"UGS LA ROCHELLE-CHATEL",
                        "Team 2":"SMOC ST-JEAN DE BRAYE"
                    },
                    "Starting":{
                        "Team 1":"Service",
                        "Team 2":"Reception"
                    }
                },
                "Set 5":0
            },
            "Time":{
                "Set 1":{
                    "Time":{
                        "Start":"2019-12-01 14:00:00",
                        "End":"2019-12-01 14:29:00"
                    }
                },
                "Set 2":{
                    "Time":{
                        "Start":"2019-12-01 14:32:00",
                        "End":"2019-12-01 14:58:00"
                    }
                },
                "Set 3":{
                    "Time":{
                        "Start":"2019-12-01 15:01:00",
                        "End":"2019-12-01 15:23:00"
                    }
                },
                "Set 4":{
                    "Time":{
                        "Start":"2019-12-01 15:26:00",
                        "End":"2019-12-01 15:56:00"
                    }
                },
                "Set 5":0
            },
            "Substitutions 1":{
                "Set 1":{
                    "I":{
                        "0":12.0,
                        "1":null,
                        "2":null,
                        "3":null
                    },
                    "II":{
                        "0":7.0,
                        "1":null,
                        "2":null,
                        "3":null
                    },
                    "III":{
                        "0":"11",
                        "1":"4",
                        "2":"15:14",
                        "3":"24:25"
                    },
                    "IV":{
                        "0":17.0,
                        "1":null,
                        "2":null,
                        "3":null
                    },
                    "V":{
                        "0":18.0,
                        "1":null,
                        "2":null,
                        "3":null
                    },
                    "VI":{
                        "0":10.0,
                        "1":null,
                        "2":null,
                        "3":null
                    }
                },
                "Set 2":{
                    "I":{
                        "0":7.0,
                        "1":null,
                        "2":null
                    },
                    "II":{
                        "0":17.0,
                        "1":null,
                        "2":null
                    },
                    "III":{
                        "0":3.0,
                        "1":null,
                        "2":null
                    },
                    "IV":{
                        "0":18.0,
                        "1":null,
                        "2":null
                    },
                    "V":{
                        "0":10.0,
                        "1":null,
                        "2":null
                    },
                    "VI":{
                        "0":"12",
                        "1":"5",
                        "2":"18:16"
                    }
                },
                "Set 3":{
                    "I":{
                        "0":12
                    },
                    "II":{
                        "0":7
                    },
                    "III":{
                        "0":17
                    },
                    "IV":{
                        "0":3
                    },
                    "V":{
                        "0":18
                    },
                    "VI":{
                        "0":10
                    }
                },
                "Set 4":{
                    "I":{
                        "0":7.0,
                        "1":null,
                        "2":null
                    },
                    "II":{
                        "0":17.0,
                        "1":null,
                        "2":null
                    },
                    "III":{
                        "0":3.0,
                        "1":null,
                        "2":null
                    },
                    "IV":{
                        "0":18.0,
                        "1":null,
                        "2":null
                    },
                    "V":{
                        "0":10.0,
                        "1":null,
                        "2":null
                    },
                    "VI":{
                        "0":"12",
                        "1":"4",
                        "2":"14:11"
                    }
                },
                "Set 5":0
            },
            "Substitutions 2":{
                "Set 1":{
                    "I":{
                        "0":1.0,
                        "1":null,
                        "2":null
                    },
                    "II":{
                        "0":7.0,
                        "1":null,
                        "2":null
                    },
                    "III":{
                        "0":5.0,
                        "1":null,
                        "2":null
                    },
                    "IV":{
                        "0":9.0,
                        "1":null,
                        "2":null
                    },
                    "V":{
                        "0":8.0,
                        "1":null,
                        "2":null
                    },
                    "VI":{
                        "0":"6",
                        "1":"12",
                        "2":"22:23"
                    }
                },
                "Set 2":{
                    "I":{
                        "0":1.0,
                        "1":null,
                        "2":null,
                        "3":null
                    },
                    "II":{
                        "0":7.0,
                        "1":null,
                        "2":null,
                        "3":null
                    },
                    "III":{
                        "0":"5",
                        "1":"4",
                        "2":"16:17",
                        "3":null
                    },
                    "IV":{
                        "0":9.0,
                        "1":null,
                        "2":null,
                        "3":null
                    },
                    "V":{
                        "0":8.0,
                        "1":null,
                        "2":null,
                        "3":null
                    },
                    "VI":{
                        "0":"6",
                        "1":"12",
                        "2":"11:11",
                        "3":"16:17"
                    }
                },
                "Set 3":{
                    "I":{
                        "0":1.0,
                        "1":null,
                        "2":null
                    },
                    "II":{
                        "0":7.0,
                        "1":null,
                        "2":null
                    },
                    "III":{
                        "0":"4",
                        "1":"12",
                        "2":"11:18"
                    },
                    "IV":{
                        "0":9.0,
                        "1":null,
                        "2":null
                    },
                    "V":{
                        "0":8.0,
                        "1":null,
                        "2":null
                    },
                    "VI":{
                        "0":6.0,
                        "1":null,
                        "2":null
                    }
                },
                "Set 4":{
                    "I":{
                        "0":1.0,
                        "1":null,
                        "2":null
                    },
                    "II":{
                        "0":7.0,
                        "1":null,
                        "2":null
                    },
                    "III":{
                        "0":"6",
                        "1":"12",
                        "2":"17:19"
                    },
                    "IV":{
                        "0":5.0,
                        "1":null,
                        "2":null
                    },
                    "V":{
                        "0":8.0,
                        "1":null,
                        "2":null
                    },
                    "VI":{
                        "0":9.0,
                        "1":null,
                        "2":null
                    }
                },
                "Set 5":0
            },
            "Serves 1":{
                "Set 1":{
                    "I":{
                        "0":null,
                        "1":14.0,
                        "2":24.0
                    },
                    "II":{
                        "0":"2",
                        "1":15.0,
                        "2":null
                    },
                    "III":{
                        "0":"4",
                        "1":16.0,
                        "2":null
                    },
                    "IV":{
                        "0":"9",
                        "1":17.0,
                        "2":null
                    },
                    "V":{
                        "0":"11",
                        "1":19.0,
                        "2":null
                    },
                    "VI":{
                        "0":"13",
                        "1":23.0,
                        "2":null
                    }
                },
                "Set 2":{
                    "I":{
                        "0":"2",
                        "1":15
                    },
                    "II":{
                        "0":"8",
                        "1":17
                    },
                    "III":{
                        "0":"9",
                        "1":23
                    },
                    "IV":{
                        "0":"10",
                        "1":24
                    },
                    "V":{
                        "0":"11",
                        "1":25
                    },
                    "VI":{
                        "0":"14",
                        "1":null
                    }
                },
                "Set 3":{
                    "I":{
                        "0":null,
                        "1":14.0
                    },
                    "II":{
                        "0":"6",
                        "1":15
                    },
                    "III":{
                        "0":"7",
                        "1":18
                    },
                    "IV":{
                        "0":"11",
                        "1":25
                    },
                    "V":{
                        "0":"12",
                        "1":null
                    },
                    "VI":{
                        "0":"13",
                        "1":null
                    }
                },
                "Set 4":{
                    "I":{
                        "0":"0",
                        "1":17
                    },
                    "II":{
                        "0":"5",
                        "1":19
                    },
                    "III":{
                        "0":"10",
                        "1":24
                    },
                    "IV":{
                        "0":"12",
                        "1":25
                    },
                    "V":{
                        "0":"13",
                        "1":null
                    },
                    "VI":{
                        "0":"16",
                        "1":null
                    }
                },
                "Set 5":0
            },
            "Serves 2":{
                "Set 1":{
                    "I":{
                        "0":"0",
                        "1":12,
                        "2":26
                    },
                    "II":{
                        "0":"1",
                        "1":16.0,
                        "2":null
                    },
                    "III":{
                        "0":"2",
                        "1":17.0,
                        "2":null
                    },
                    "IV":{
                        "0":"3",
                        "1":18.0,
                        "2":null
                    },
                    "V":{
                        "0":"8",
                        "1":21.0,
                        "2":null
                    },
                    "VI":{
                        "0":"10",
                        "1":24.0,
                        "2":null
                    }
                },
                "Set 2":{
                    "I":{
                        "0":null,
                        "1":14.0
                    },
                    "II":{
                        "0":"3",
                        "1":15
                    },
                    "III":{
                        "0":"4",
                        "1":16
                    },
                    "IV":{
                        "0":"5",
                        "1":17
                    },
                    "V":{
                        "0":"7",
                        "1":19
                    },
                    "VI":{
                        "0":"13",
                        "1":null
                    }
                },
                "Set 3":{
                    "I":{
                        "0":"0",
                        "1":9
                    },
                    "II":{
                        "0":"2",
                        "1":10
                    },
                    "III":{
                        "0":"3",
                        "1":11
                    },
                    "IV":{
                        "0":"4",
                        "1":null
                    },
                    "V":{
                        "0":"6",
                        "1":null
                    },
                    "VI":{
                        "0":"8",
                        "1":null
                    }
                },
                "Set 4":{
                    "I":{
                        "0":null,
                        "1":12.0
                    },
                    "II":{
                        "0":"1",
                        "1":16
                    },
                    "III":{
                        "0":"2",
                        "1":19
                    },
                    "IV":{
                        "0":"3",
                        "1":23
                    },
                    "V":{
                        "0":"6",
                        "1":null
                    },
                    "VI":{
                        "0":"11",
                        "1":null
                    }
                },
                "Set 5":0
            },
            "Timeouts 1":{
                "Set 1":{
                    "T":{
                        "0":"19:21",
                        "1":"23:24"
                    }
                },
                "Set 2":{
                    "T":{

                    }
                },
                "Set 3":{
                    "T":{

                    }
                },
                "Set 4":{
                    "T":{
                        "0":"13:10",
                        "1":"19:19"
                    }
                },
                "Set 5":0
            },
            "Timeouts 2":{
                "Set 1":{
                    "T":{
                        "0":"21:22"
                    }
                },
                "Set 2":{
                    "T":{
                        "0":"3:6",
                        "1":"16:20"
                    }
                },
                "Set 3":{
                    "T":{

                    }
                },
                "Set 4":{
                    "T":{
                        "0":"2:10",
                        "1":"19:21"
                    }
                },
                "Set 5":0
            }
        },
        "Teams":{
            "Name":{
                "Team 1":"SMOC ST-JEAN DE BRAYE",
                "Team 2":"UGS LA ROCHELLE-CHATELAILLON P"
            },
            "Players":{
                "Team 1":{
                    "N\u00b0":{
                        "0":1,
                        "1":4,
                        "2":5,
                        "3":6,
                        "4":7,
                        "5":8,
                        "6":9,
                        "7":12,
                        "8":15
                    },
                    "Nom Pr\u00e9nom":{
                        "0":"LEDUC CAMILLE",
                        "1":"PETIOTE LOURNIA",
                        "2":"GABRIELLI-DURAND SARAH",
                        "3":"MARQUET ELODIE",
                        "4":"DOUMERET CHLOE",
                        "5":"PLAS CELINE",
                        "6":"PLAIRE JULIE",
                        "7":"BARBIER ANGELINE",
                        "8":"FAVREAU JULIE"
                    },
                    "Licence":{
                        "0":2090838,
                        "1":2103092,
                        "2":2302505,
                        "3":2357485,
                        "4":1838970,
                        "5":1800411,
                        "6":1556789,
                        "7":1672450,
                        "8":1914165
                    }
                },
                "Team 2":{
                    "N\u00b0":{
                        "0":3,
                        "1":4,
                        "2":5,
                        "3":6,
                        "4":7,
                        "5":9,
                        "6":10,
                        "7":11,
                        "8":12,
                        "9":17,
                        "10":18
                    },
                    "Nom Pr\u00e9nom":{
                        "0":"BELMAS SEVERINE",
                        "1":"NAFRECHOUX MA\u00caLLE",
                        "2":"LAGENEBRE ESTELLE",
                        "3":"FIALON MARINE",
                        "4":"BONHOMME-POISEAU AVALON",
                        "5":"TURBE CLOE",
                        "6":"COHELEACH NOLWEN",
                        "7":"HONORE ROMANE",
                        "8":"MARY CLAIRE",
                        "9":"GUIGNAN MAEVA",
                        "10":"CAZAURANG EMMA"
                    },
                    "Licence":{
                        "0":1730264,
                        "1":1925482,
                        "2":1783273,
                        "3":2065413,
                        "4":1828842,
                        "5":2030538,
                        "6":1899469,
                        "7":2194044,
                        "8":1732890,
                        "9":1969036,
                        "10":1947896
                    }
                }
            },
            "Liberos":{
                "Team 1":{
                    "N\u00b0":{
                        "0":15
                    },
                    "Nom Pr\u00e9nom":{
                        "0":"FAVREAU JULIE"
                    },
                    "Licence":{
                        "0":1914165
                    }
                },
                "Team 2":{
                    "N\u00b0":{
                        "0":9
                    },
                    "Nom Pr\u00e9nom":{
                        "0":"TURBE CLOE"
                    },
                    "Licence":{
                        "0":2030538
                    }
                }
            },
            "Officials":{
                "Team 1":{
                    "N\u00b0":{
                        "0":"EA",
                        "1":"EB",
                        "2":"EB"
                    },
                    "Nom Pr\u00e9nom":{
                        "0":"SAMBA KONG JOSEPH",
                        "1":"CARRE KEVIN",
                        "2":"GODINEAU ROMAIN"
                    },
                    "Licence":{
                        "0":1999178,
                        "1":1876388,
                        "2":1759271
                    }
                },
                "Team 2":{
                    "N\u00b0":{
                        "0":"EA",
                        "1":"EB"
                    },
                    "Nom Pr\u00e9nom":{
                        "0":"FRAPPEREAU SYLVIE",
                        "1":"DE KERGRET MAEL"
                    },
                    "Licence":{
                        "0":501643,
                        "1":890921
                    }
                }
            }
        },
        "Results":{
            "winner":"UGS LA ROCHELLE-CHATEL",
            "score":"3\/1"
        },
        "Referees":{
            "NOM Pr\u00e9nom":{
                "1er":"BARAN EYUP-CHRISTOPHE",
                "2\u00e8me":"BEZY MARY-EMMANUEL",
                "Marqueur":"BERNELAS CELINE",
                "Marq.Ass":".",
                "R.Salle":"MALLET BRUNO"
            },
            "Ligue":{
                "1er":"LIG_CE",
                "2\u00e8me":"LIG_CE",
                "Marqueur":"LIG_CE",
                "Marq.Ass":null,
                "R.Salle":"LIG_CE"
            },
            "Licence":{
                "1er":1571594.0,
                "2\u00e8me":1227442.0,
                "Marqueur":1393461.0,
                "Marq.Ass":null,
                "R.Salle":979869.0
            }
        },
        "Penalties":{

        }
    }
}