{
    "Match":{
        "Title":{
            "div_code":"3FG ",
            "div_name":"NATIONALE 3 FEMININE POULE G",
            "div_pool":"",
            "match_number":"3FG024",
            "match_day":"04",
            "city":"REZE",
            "gym":"GYMNASE LIBERGE",
            "category":"SENIOR | FEMININE",
            "ligue":"Comp\u00e9titions Nationales SENIORS",
            "date":"2019-11-03 14:00:00",
            "team_1":"ASB REZE",
            "team_2":"SMOC ST-JEAN DE BRAYE"
        },
        "Sets":{
            "Teams":{
                "Set 1":{
                    "Name":{
                        "Team 1":"SMOC ST-JEAN DE BRAYE",
                        "Team 2":"ASB REZE"
                    },
                    "Starting":{
                        "Team 1":"Reception",
                        "Team 2":"Service"
                    }
                },
                "Set 2":{
                    "Name":{
                        "Team 1":"SMOC ST-JEAN DE BRAYE",
                        "Team 2":"ASB REZE"
                    },
                    "Starting":{
                        "Team 1":"Service",
                        "Team 2":"Reception"
                    }
                },
                "Set 3":{
                    "Name":{
                        "Team 1":"SMOC ST-JEAN DE BRAYE",
                        "Team 2":"ASB REZE"
                    },
                    "Starting":{
                        "Team 1":"Reception",
                        "Team 2":"Service"
                    }
                },
                "Set 4":{
                    "Name":{
                        "Team 1":"SMOC ST-JEAN DE BRAYE",
                        "Team 2":"ASB REZE"
                    },
                    "Starting":{
                        "Team 1":"Service",
                        "Team 2":"Reception"
                    }
                },
                "Set 5":0
            },
            "Time":{
                "Set 1":{
                    "Time":{
                        "Start":"2019-11-03 14:01:00",
                        "End":"2019-11-03 14:21:00"
                    }
                },
                "Set 2":{
                    "Time":{
                        "Start":"2019-11-03 14:24:00",
                        "End":"2019-11-03 14:49:00"
                    }
                },
                "Set 3":{
                    "Time":{
                        "Start":"2019-11-03 14:51:00",
                        "End":"2019-11-03 15:18:00"
                    }
                },
                "Set 4":{
                    "Time":{
                        "Start":"2019-11-03 15:21:00",
                        "End":"2019-11-03 15:51:00"
                    }
                },
                "Set 5":0
            },
            "Substitutions 1":{
                "Set 1":{
                    "I":{
                        "0":"3",
                        "1":"1",
                        "2":"10:22"
                    },
                    "II":{
                        "0":7.0,
                        "1":null,
                        "2":null
                    },
                    "III":{
                        "0":5.0,
                        "1":null,
                        "2":null
                    },
                    "IV":{
                        "0":9.0,
                        "1":null,
                        "2":null
                    },
                    "V":{
                        "0":8.0,
                        "1":null,
                        "2":null
                    },
                    "VI":{
                        "0":6.0,
                        "1":null,
                        "2":null
                    }
                },
                "Set 2":{
                    "I":{
                        "0":7.0,
                        "1":null,
                        "2":null
                    },
                    "II":{
                        "0":"5",
                        "1":"1",
                        "2":"10:20"
                    },
                    "III":{
                        "0":9.0,
                        "1":null,
                        "2":null
                    },
                    "IV":{
                        "0":8.0,
                        "1":null,
                        "2":null
                    },
                    "V":{
                        "0":6.0,
                        "1":null,
                        "2":null
                    },
                    "VI":{
                        "0":3.0,
                        "1":null,
                        "2":null
                    }
                },
                "Set 3":{
                    "I":{
                        "0":1.0,
                        "1":null,
                        "2":null,
                        "3":null
                    },
                    "II":{
                        "0":7.0,
                        "1":null,
                        "2":null,
                        "3":null
                    },
                    "III":{
                        "0":"5",
                        "1":"3",
                        "2":"12:9",
                        "3":"19:14"
                    },
                    "IV":{
                        "0":9.0,
                        "1":null,
                        "2":null,
                        "3":null
                    },
                    "V":{
                        "0":8.0,
                        "1":null,
                        "2":null,
                        "3":null
                    },
                    "VI":{
                        "0":6.0,
                        "1":null,
                        "2":null,
                        "3":null
                    }
                },
                "Set 4":{
                    "I":{
                        "0":7.0,
                        "1":null,
                        "2":null,
                        "3":null
                    },
                    "II":{
                        "0":5.0,
                        "1":null,
                        "2":null,
                        "3":null
                    },
                    "III":{
                        "0":9.0,
                        "1":null,
                        "2":null,
                        "3":null
                    },
                    "IV":{
                        "0":8.0,
                        "1":null,
                        "2":null,
                        "3":null
                    },
                    "V":{
                        "0":6.0,
                        "1":null,
                        "2":null,
                        "3":null
                    },
                    "VI":{
                        "0":"1",
                        "1":"3",
                        "2":"16:20",
                        "3":"16:22"
                    }
                },
                "Set 5":0
            },
            "Substitutions 2":{
                "Set 1":{
                    "I":{
                        "0":5.0,
                        "1":null,
                        "2":null
                    },
                    "II":{
                        "0":"10",
                        "1":"12",
                        "2":"22:11"
                    },
                    "III":{
                        "0":6.0,
                        "1":null,
                        "2":null
                    },
                    "IV":{
                        "0":9.0,
                        "1":null,
                        "2":null
                    },
                    "V":{
                        "0":2.0,
                        "1":null,
                        "2":null
                    },
                    "VI":{
                        "0":7.0,
                        "1":null,
                        "2":null
                    }
                },
                "Set 2":{
                    "I":{
                        "0":7.0,
                        "1":null,
                        "2":null
                    },
                    "II":{
                        "0":5.0,
                        "1":null,
                        "2":null
                    },
                    "III":{
                        "0":10.0,
                        "1":null,
                        "2":null
                    },
                    "IV":{
                        "0":6.0,
                        "1":null,
                        "2":null
                    },
                    "V":{
                        "0":9.0,
                        "1":null,
                        "2":null
                    },
                    "VI":{
                        "0":"2",
                        "1":"12",
                        "2":"17:5"
                    }
                },
                "Set 3":{
                    "I":{
                        "0":5.0,
                        "1":null,
                        "2":null
                    },
                    "II":{
                        "0":"12",
                        "1":"10",
                        "2":"10:12"
                    },
                    "III":{
                        "0":6.0,
                        "1":null,
                        "2":null
                    },
                    "IV":{
                        "0":9.0,
                        "1":null,
                        "2":null
                    },
                    "V":{
                        "0":2.0,
                        "1":null,
                        "2":null
                    },
                    "VI":{
                        "0":7.0,
                        "1":null,
                        "2":null
                    }
                },
                "Set 4":{
                    "I":{
                        "0":7
                    },
                    "II":{
                        "0":5
                    },
                    "III":{
                        "0":10
                    },
                    "IV":{
                        "0":6
                    },
                    "V":{
                        "0":9
                    },
                    "VI":{
                        "0":2
                    }
                },
                "Set 5":0
            },
            "Serves 1":{
                "Set 1":{
                    "I":{
                        "0":null,
                        "1":9.0
                    },
                    "II":{
                        "0":"1",
                        "1":10
                    },
                    "III":{
                        "0":"2",
                        "1":11
                    },
                    "IV":{
                        "0":"4",
                        "1":14
                    },
                    "V":{
                        "0":"5",
                        "1":null
                    },
                    "VI":{
                        "0":"8",
                        "1":null
                    }
                },
                "Set 2":{
                    "I":{
                        "0":"0",
                        "1":9
                    },
                    "II":{
                        "0":"1",
                        "1":11
                    },
                    "III":{
                        "0":"3",
                        "1":13
                    },
                    "IV":{
                        "0":"4",
                        "1":15
                    },
                    "V":{
                        "0":"5",
                        "1":null
                    },
                    "VI":{
                        "0":"7",
                        "1":null
                    }
                },
                "Set 3":{
                    "I":{
                        "0":null,
                        "1":8.0,
                        "2":21.0
                    },
                    "II":{
                        "0":"2",
                        "1":10,
                        "2":22
                    },
                    "III":{
                        "0":"4",
                        "1":12,
                        "2":25
                    },
                    "IV":{
                        "0":"5",
                        "1":17.0,
                        "2":null
                    },
                    "V":{
                        "0":"6",
                        "1":18.0,
                        "2":null
                    },
                    "VI":{
                        "0":"7",
                        "1":19.0,
                        "2":null
                    }
                },
                "Set 4":{
                    "I":{
                        "0":"0",
                        "1":10,
                        "2":17
                    },
                    "II":{
                        "0":"2",
                        "1":11,
                        "2":20
                    },
                    "III":{
                        "0":"3",
                        "1":12,
                        "2":23
                    },
                    "IV":{
                        "0":"4",
                        "1":13.0,
                        "2":null
                    },
                    "V":{
                        "0":"5",
                        "1":15.0,
                        "2":null
                    },
                    "VI":{
                        "0":"9",
                        "1":16.0,
                        "2":null
                    }
                },
                "Set 5":0
            },
            "Serves 2":{
                "Set 1":{
                    "I":{
                        "0":"3",
                        "1":14
                    },
                    "II":{
                        "0":"4",
                        "1":22
                    },
                    "III":{
                        "0":"5",
                        "1":23
                    },
                    "IV":{
                        "0":"9",
                        "1":25
                    },
                    "V":{
                        "0":"10",
                        "1":null
                    },
                    "VI":{
                        "0":"12",
                        "1":null
                    }
                },
                "Set 2":{
                    "I":{
                        "0":null,
                        "1":19.0
                    },
                    "II":{
                        "0":"5",
                        "1":20
                    },
                    "III":{
                        "0":"12",
                        "1":22
                    },
                    "IV":{
                        "0":"15",
                        "1":24
                    },
                    "V":{
                        "0":"16",
                        "1":25
                    },
                    "VI":{
                        "0":"17",
                        "1":null
                    }
                },
                "Set 3":{
                    "I":{
                        "0":"0",
                        "1":8,
                        "2":17
                    },
                    "II":{
                        "0":"2",
                        "1":9,
                        "2":18
                    },
                    "III":{
                        "0":"3",
                        "1":11.0,
                        "2":null
                    },
                    "IV":{
                        "0":"4",
                        "1":12.0,
                        "2":null
                    },
                    "V":{
                        "0":"5",
                        "1":14.0,
                        "2":null
                    },
                    "VI":{
                        "0":"7",
                        "1":15.0,
                        "2":null
                    }
                },
                "Set 4":{
                    "I":{
                        "0":null,
                        "1":6.0,
                        "2":22.0
                    },
                    "II":{
                        "0":"1",
                        "1":8,
                        "2":23
                    },
                    "III":{
                        "0":"2",
                        "1":10,
                        "2":24
                    },
                    "IV":{
                        "0":"3",
                        "1":12,
                        "2":25
                    },
                    "V":{
                        "0":"4",
                        "1":17.0,
                        "2":null
                    },
                    "VI":{
                        "0":"5",
                        "1":20.0,
                        "2":null
                    }
                },
                "Set 5":0
            },
            "Timeouts 1":{
                "Set 1":{
                    "T":{

                    }
                },
                "Set 2":{
                    "T":{
                        "0":"1:11"
                    }
                },
                "Set 3":{
                    "T":{
                        "0":"17:12"
                    }
                },
                "Set 4":{
                    "T":{
                        "0":"12:12",
                        "1":"15:20"
                    }
                },
                "Set 5":0
            },
            "Timeouts 2":{
                "Set 1":{
                    "T":{

                    }
                },
                "Set 2":{
                    "T":{

                    }
                },
                "Set 3":{
                    "T":{
                        "0":"15:21",
                        "1":"18:23"
                    }
                },
                "Set 4":{
                    "T":{
                        "0":"23:20",
                        "1":"24:23"
                    }
                },
                "Set 5":0
            }
        },
        "Teams":{
            "Name":{
                "Team 1":"ASB REZE",
                "Team 2":"SMOC ST-JEAN DE BRAYE"
            },
            "Players":{
                "Team 1":{
                    "N\u00b0":{
                        "0":2,
                        "1":5,
                        "2":6,
                        "3":7,
                        "4":9,
                        "5":10,
                        "6":12,
                        "7":13
                    },
                    "Nom Pr\u00e9nom":{
                        "0":"LACHAUD ROUSSEAU CLAIRE",
                        "1":"DUBREUIL STEPHANIE",
                        "2":"TERRIER ROMANE",
                        "3":"BROHAN MAEVA",
                        "4":"LEUGE-MAILLET JUSTINE",
                        "5":"DELHOMME CLAIRE",
                        "6":"SAFFARZADEH KERMANI LILA",
                        "7":"COETMEUR CHARLOTTE"
                    },
                    "Licence":{
                        "0":2417052,
                        "1":1376127,
                        "2":1995297,
                        "3":1892342,
                        "4":2302547,
                        "5":1451653,
                        "6":2047012,
                        "7":1655325
                    }
                },
                "Team 2":{
                    "N\u00b0":{
                        "0":1,
                        "1":3,
                        "2":5,
                        "3":6,
                        "4":7,
                        "5":8,
                        "6":9,
                        "7":15
                    },
                    "Nom Pr\u00e9nom":{
                        "0":"LEDUC CAMILLE",
                        "1":"SOPAJ ARTINA",
                        "2":"GABRIELLI-DURAND SARAH",
                        "3":"MARQUET ELODIE",
                        "4":"DOUMERET CHLOE",
                        "5":"PLAS CELINE",
                        "6":"PLAIRE JULIE",
                        "7":"FAVREAU JULIE"
                    },
                    "Licence":{
                        "0":2090838,
                        "1":1890115,
                        "2":2302505,
                        "3":2357485,
                        "4":1838970,
                        "5":1800411,
                        "6":1556789,
                        "7":1914165
                    }
                }
            },
            "Liberos":{
                "Team 1":{
                    "N\u00b0":{
                        "0":13
                    },
                    "Nom Pr\u00e9nom":{
                        "0":"COETMEUR CHARLOTTE"
                    },
                    "Licence":{
                        "0":1655325
                    }
                },
                "Team 2":{
                    "N\u00b0":{
                        "0":15
                    },
                    "Nom Pr\u00e9nom":{
                        "0":"FAVREAU JULIE"
                    },
                    "Licence":{
                        "0":1914165
                    }
                }
            },
            "Officials":{
                "Team 1":{
                    "N\u00b0":{
                        "0":"EA",
                        "1":"EB"
                    },
                    "Nom Pr\u00e9nom":{
                        "0":"GUILBAUD KEVIN",
                        "1":"CHEVALIER DOUN"
                    },
                    "Licence":{
                        "0":1795218,
                        "1":2171388
                    }
                },
                "Team 2":{
                    "N\u00b0":{
                        "0":"EA",
                        "1":"EB",
                        "2":"EB"
                    },
                    "Nom Pr\u00e9nom":{
                        "0":"SAMBA KONG JOSEPH",
                        "1":"CARRE KEVIN",
                        "2":"GODINEAU ROMAIN"
                    },
                    "Licence":{
                        "0":1999178,
                        "1":1876388,
                        "2":1759271
                    }
                }
            }
        },
        "Results":{
            "winner":"ASB REZE",
            "score":"3\/1"
        },
        "Referees":{
            "NOM Pr\u00e9nom":{
                "1er":"LE MOINE NADINE",
                "2\u00e8me":"MOCQUARD BENJAMIN",
                "Marqueur":"HEUSSAFF ANNIE",
                "Marq.Ass":".",
                "R.Salle":"COUGNAUD EDGAR"
            },
            "Ligue":{
                "1er":"LIG_PL",
                "2\u00e8me":"LIG_PL",
                "Marqueur":"LIG_PL",
                "Marq.Ass":null,
                "R.Salle":"LIG_PL"
            },
            "Licence":{
                "1er":945648.0,
                "2\u00e8me":1795832.0,
                "Marqueur":37135.0,
                "Marq.Ass":null,
                "R.Salle":1833963.0
            }
        },
        "Penalties":{

        }
    }
}