{
    "Match":{
        "Title":{
            "div_code":"3FG ",
            "div_name":"NATIONALE 3 FEMININE POULE G",
            "div_pool":"",
            "match_number":"3FG022",
            "match_day":"04",
            "city":"VANNES",
            "gym":"SALLE K2 KERCADO",
            "category":"SENIOR | FEMININE",
            "ligue":"Comp\u00e9titions Nationales SENIORS",
            "date":"2019-11-03 14:00:00",
            "team_1":"VANNES VOLLEY 56",
            "team_2":"CEP POITIERS\/ST BENOIT V.B. 2"
        },
        "Sets":{
            "Teams":{
                "Set 1":{
                    "Name":{
                        "Team 1":"CEP POITIERS\/ST BENOIT",
                        "Team 2":"VANNES VOLLEY 56"
                    },
                    "Starting":{
                        "Team 1":"Service",
                        "Team 2":"Reception"
                    }
                },
                "Set 2":{
                    "Name":{
                        "Team 1":"CEP POITIERS\/ST BENOIT",
                        "Team 2":"VANNES VOLLEY 56"
                    },
                    "Starting":{
                        "Team 1":"Reception",
                        "Team 2":"Service"
                    }
                },
                "Set 3":{
                    "Name":{
                        "Team 1":"CEP POITIERS\/ST BENOIT",
                        "Team 2":"VANNES VOLLEY 56"
                    },
                    "Starting":{
                        "Team 1":"Service",
                        "Team 2":"Reception"
                    }
                },
                "Set 4":{
                    "Name":{
                        "Team 1":"CEP POITIERS\/ST BENOIT",
                        "Team 2":"VANNES VOLLEY 56"
                    },
                    "Starting":{
                        "Team 1":"Reception",
                        "Team 2":"Service"
                    }
                },
                "Set 5":0
            },
            "Time":{
                "Set 1":{
                    "Time":{
                        "Start":"2019-11-03 13:59:00",
                        "End":"2019-11-03 14:24:00"
                    }
                },
                "Set 2":{
                    "Time":{
                        "Start":"2019-11-03 14:27:00",
                        "End":"2019-11-03 14:55:00"
                    }
                },
                "Set 3":{
                    "Time":{
                        "Start":"2019-11-03 14:58:00",
                        "End":"2019-11-03 15:21:00"
                    }
                },
                "Set 4":{
                    "Time":{
                        "Start":"2019-11-03 15:24:00",
                        "End":"2019-11-03 15:51:00"
                    }
                },
                "Set 5":0
            },
            "Substitutions 1":{
                "Set 1":{
                    "I":{
                        "0":6
                    },
                    "II":{
                        "0":1
                    },
                    "III":{
                        "0":13
                    },
                    "IV":{
                        "0":7
                    },
                    "V":{
                        "0":3
                    },
                    "VI":{
                        "0":12
                    }
                },
                "Set 2":{
                    "I":{
                        "0":12.0,
                        "1":null,
                        "2":null
                    },
                    "II":{
                        "0":6.0,
                        "1":null,
                        "2":null
                    },
                    "III":{
                        "0":1.0,
                        "1":null,
                        "2":null
                    },
                    "IV":{
                        "0":13.0,
                        "1":null,
                        "2":null
                    },
                    "V":{
                        "0":7.0,
                        "1":null,
                        "2":null
                    },
                    "VI":{
                        "0":"3",
                        "1":"11",
                        "2":"16:20"
                    }
                },
                "Set 3":{
                    "I":{
                        "0":6.0,
                        "1":null,
                        "2":null
                    },
                    "II":{
                        "0":"1",
                        "1":"11",
                        "2":"10:18"
                    },
                    "III":{
                        "0":13.0,
                        "1":null,
                        "2":null
                    },
                    "IV":{
                        "0":7.0,
                        "1":null,
                        "2":null
                    },
                    "V":{
                        "0":3.0,
                        "1":null,
                        "2":null
                    },
                    "VI":{
                        "0":12.0,
                        "1":null,
                        "2":null
                    }
                },
                "Set 4":{
                    "I":{
                        "0":12.0,
                        "1":null,
                        "2":null
                    },
                    "II":{
                        "0":6.0,
                        "1":null,
                        "2":null
                    },
                    "III":{
                        "0":1.0,
                        "1":null,
                        "2":null
                    },
                    "IV":{
                        "0":"13",
                        "1":"11",
                        "2":"20:20"
                    },
                    "V":{
                        "0":7.0,
                        "1":null,
                        "2":null
                    },
                    "VI":{
                        "0":3.0,
                        "1":null,
                        "2":null
                    }
                },
                "Set 5":0
            },
            "Substitutions 2":{
                "Set 1":{
                    "I":{
                        "0":"10",
                        "1":"12",
                        "2":"11:11",
                        "3":"16:23"
                    },
                    "II":{
                        "0":"11",
                        "1":"2",
                        "2":"16:22",
                        "3":null
                    },
                    "III":{
                        "0":5.0,
                        "1":null,
                        "2":null,
                        "3":null
                    },
                    "IV":{
                        "0":8.0,
                        "1":null,
                        "2":null,
                        "3":null
                    },
                    "V":{
                        "0":19.0,
                        "1":null,
                        "2":null,
                        "3":null
                    },
                    "VI":{
                        "0":4.0,
                        "1":null,
                        "2":null,
                        "3":null
                    }
                },
                "Set 2":{
                    "I":{
                        "0":11.0,
                        "1":null,
                        "2":null
                    },
                    "II":{
                        "0":5.0,
                        "1":null,
                        "2":null
                    },
                    "III":{
                        "0":8.0,
                        "1":null,
                        "2":null
                    },
                    "IV":{
                        "0":19.0,
                        "1":null,
                        "2":null
                    },
                    "V":{
                        "0":"4",
                        "1":"2",
                        "2":"5:8"
                    },
                    "VI":{
                        "0":"10",
                        "1":"12",
                        "2":"24:22"
                    }
                },
                "Set 3":{
                    "I":{
                        "0":10.0,
                        "1":null,
                        "2":null
                    },
                    "II":{
                        "0":11.0,
                        "1":null,
                        "2":null
                    },
                    "III":{
                        "0":5.0,
                        "1":null,
                        "2":null
                    },
                    "IV":{
                        "0":8.0,
                        "1":null,
                        "2":null
                    },
                    "V":{
                        "0":19.0,
                        "1":null,
                        "2":null
                    },
                    "VI":{
                        "0":"2",
                        "1":"4",
                        "2":"3:5"
                    }
                },
                "Set 4":{
                    "I":{
                        "0":11.0,
                        "1":null,
                        "2":null
                    },
                    "II":{
                        "0":5.0,
                        "1":null,
                        "2":null
                    },
                    "III":{
                        "0":8.0,
                        "1":null,
                        "2":null
                    },
                    "IV":{
                        "0":"19",
                        "1":"14",
                        "2":"10:16"
                    },
                    "V":{
                        "0":"4",
                        "1":"2",
                        "2":"20:21"
                    },
                    "VI":{
                        "0":10.0,
                        "1":null,
                        "2":null
                    }
                },
                "Set 5":0
            },
            "Serves 1":{
                "Set 1":{
                    "I":{
                        "0":"1",
                        "1":15
                    },
                    "II":{
                        "0":"2",
                        "1":17
                    },
                    "III":{
                        "0":"4",
                        "1":18
                    },
                    "IV":{
                        "0":"6",
                        "1":23
                    },
                    "V":{
                        "0":"8",
                        "1":24
                    },
                    "VI":{
                        "0":"11",
                        "1":25
                    }
                },
                "Set 2":{
                    "I":{
                        "0":null,
                        "1":12.0,
                        "2":22.0
                    },
                    "II":{
                        "0":"3",
                        "1":13.0,
                        "2":null
                    },
                    "III":{
                        "0":"5",
                        "1":15.0,
                        "2":null
                    },
                    "IV":{
                        "0":"8",
                        "1":16.0,
                        "2":null
                    },
                    "V":{
                        "0":"9",
                        "1":19.0,
                        "2":null
                    },
                    "VI":{
                        "0":"10",
                        "1":20.0,
                        "2":null
                    }
                },
                "Set 3":{
                    "I":{
                        "0":"2",
                        "1":10
                    },
                    "II":{
                        "0":"5",
                        "1":12
                    },
                    "III":{
                        "0":"6",
                        "1":14
                    },
                    "IV":{
                        "0":"7",
                        "1":15
                    },
                    "V":{
                        "0":"8",
                        "1":16
                    },
                    "VI":{
                        "0":"9",
                        "1":null
                    }
                },
                "Set 4":{
                    "I":{
                        "0":null,
                        "1":12.0
                    },
                    "II":{
                        "0":"1",
                        "1":17
                    },
                    "III":{
                        "0":"4",
                        "1":19
                    },
                    "IV":{
                        "0":"5",
                        "1":21
                    },
                    "V":{
                        "0":"7",
                        "1":null
                    },
                    "VI":{
                        "0":"9",
                        "1":null
                    }
                },
                "Set 5":0
            },
            "Serves 2":{
                "Set 1":{
                    "I":{
                        "0":null,
                        "1":12.0
                    },
                    "II":{
                        "0":"2",
                        "1":13
                    },
                    "III":{
                        "0":"6",
                        "1":14
                    },
                    "IV":{
                        "0":"7",
                        "1":16
                    },
                    "V":{
                        "0":"8",
                        "1":17
                    },
                    "VI":{
                        "0":"10",
                        "1":19
                    }
                },
                "Set 2":{
                    "I":{
                        "0":"0",
                        "1":13,
                        "2":25
                    },
                    "II":{
                        "0":"4",
                        "1":16.0,
                        "2":null
                    },
                    "III":{
                        "0":"5",
                        "1":18.0,
                        "2":null
                    },
                    "IV":{
                        "0":"7",
                        "1":20.0,
                        "2":null
                    },
                    "V":{
                        "0":"10",
                        "1":20.0,
                        "2":null
                    },
                    "VI":{
                        "0":"12",
                        "1":23.0,
                        "2":null
                    }
                },
                "Set 3":{
                    "I":{
                        "0":null,
                        "1":12.0
                    },
                    "II":{
                        "0":"3",
                        "1":18
                    },
                    "III":{
                        "0":"4",
                        "1":19
                    },
                    "IV":{
                        "0":"5",
                        "1":21
                    },
                    "V":{
                        "0":"6",
                        "1":23
                    },
                    "VI":{
                        "0":"11",
                        "1":25
                    }
                },
                "Set 4":{
                    "I":{
                        "0":"0",
                        "1":10
                    },
                    "II":{
                        "0":"4",
                        "1":17
                    },
                    "III":{
                        "0":"6",
                        "1":20
                    },
                    "IV":{
                        "0":"7",
                        "1":25
                    },
                    "V":{
                        "0":"8",
                        "1":null
                    },
                    "VI":{
                        "0":"9",
                        "1":null
                    }
                },
                "Set 5":0
            },
            "Timeouts 1":{
                "Set 1":{
                    "T":{
                        "0":"24:19"
                    }
                },
                "Set 2":{
                    "T":{
                        "0":"13:15",
                        "1":"22:24"
                    }
                },
                "Set 3":{
                    "T":{
                        "0":"10:15",
                        "1":"16:24"
                    }
                },
                "Set 4":{
                    "T":{
                        "0":"17:14",
                        "1":"21:23"
                    }
                },
                "Set 5":0
            },
            "Timeouts 2":{
                "Set 1":{
                    "T":{
                        "0":"16:20"
                    }
                },
                "Set 2":{
                    "T":{
                        "0":"20:19"
                    }
                },
                "Set 3":{
                    "T":{

                    }
                },
                "Set 4":{
                    "T":{
                        "0":"9:12"
                    }
                },
                "Set 5":0
            }
        },
        "Teams":{
            "Name":{
                "Team 1":"VANNES VOLLEY 56",
                "Team 2":"CEP POITIERS\/ST BENOIT V.B. 2"
            },
            "Players":{
                "Team 1":{
                    "N\u00b0":{
                        "0":2,
                        "1":4,
                        "2":5,
                        "3":8,
                        "4":10,
                        "5":11,
                        "6":12,
                        "7":14,
                        "8":15,
                        "9":19
                    },
                    "Nom Pr\u00e9nom":{
                        "0":"SERPETTE ANNAELLE",
                        "1":"COUCHOURON TIFENN",
                        "2":"CHRISTOV LAURA",
                        "3":"NEDELEC MATHILDE",
                        "4":"DUBOURG CAMILLE",
                        "5":"LE BOZEC CLARA",
                        "6":"DUMAS LAETITIA",
                        "7":"PAYET REINE-CLAUDE",
                        "8":"PREVOSTO LUCILE",
                        "9":"LE BOULICAUT EVANE"
                    },
                    "Licence":{
                        "0":2045785,
                        "1":1148115,
                        "2":1522310,
                        "3":1894865,
                        "4":2050849,
                        "5":2221221,
                        "6":1823690,
                        "7":2424725,
                        "8":1346915,
                        "9":2039920
                    }
                },
                "Team 2":{
                    "N\u00b0":{
                        "0":1,
                        "1":3,
                        "2":6,
                        "3":7,
                        "4":11,
                        "5":12,
                        "6":13,
                        "7":14
                    },
                    "Nom Pr\u00e9nom":{
                        "0":"LADOS EMMANUELLE",
                        "1":"MICHAUD EVA",
                        "2":"RAMAYE ELIJAH",
                        "3":"SEGUY MALINA",
                        "4":"GOUET-BORDES ANGELE",
                        "5":"ABASSI LUANA",
                        "6":"BODIN CLARISSE",
                        "7":"PRINCE MELINE"
                    },
                    "Licence":{
                        "0":1415095,
                        "1":1946220,
                        "2":2154226,
                        "3":2095155,
                        "4":2059476,
                        "5":2147289,
                        "6":2243464,
                        "7":1862908
                    }
                }
            },
            "Liberos":{
                "Team 1":{
                    "N\u00b0":{
                        "0":15
                    },
                    "Nom Pr\u00e9nom":{
                        "0":"PREVOSTO LUCILE"
                    },
                    "Licence":{
                        "0":1346915
                    }
                },
                "Team 2":{
                    "N\u00b0":{
                        "0":14
                    },
                    "Nom Pr\u00e9nom":{
                        "0":"PRINCE MELINE"
                    },
                    "Licence":{
                        "0":1862908
                    }
                }
            },
            "Officials":{
                "Team 1":{
                    "N\u00b0":{
                        "0":"EA"
                    },
                    "Nom Pr\u00e9nom":{
                        "0":"LE BOULICAUT JEROME"
                    },
                    "Licence":{
                        "0":1635350
                    }
                },
                "Team 2":{
                    "N\u00b0":{
                        "0":"EA",
                        "1":"EB"
                    },
                    "Nom Pr\u00e9nom":{
                        "0":"GRUEL HUGO",
                        "1":"BERNELIN SEBASTIEN"
                    },
                    "Licence":{
                        "0":1658475,
                        "1":1668612
                    }
                }
            }
        },
        "Results":{
            "winner":"VANNES VOLLEY 56",
            "score":"3\/1"
        },
        "Referees":{
            "NOM Pr\u00e9nom":{
                "1er":"VEILLET ERIC",
                "2\u00e8me":"TANGUY LUDIVINE",
                "Marqueur":"PREVOSTO LAURE",
                "Marq.Ass":".",
                "R.Salle":"MONNERAYE JEAN-CHARLES"
            },
            "Ligue":{
                "1er":"LIG_PL",
                "2\u00e8me":"LIG_PL",
                "Marqueur":"LIG_BR",
                "Marq.Ass":null,
                "R.Salle":"LIG_BR"
            },
            "Licence":{
                "1er":67777.0,
                "2\u00e8me":1795215.0,
                "Marqueur":1771939.0,
                "Marq.Ass":null,
                "R.Salle":1387504.0
            }
        },
        "Penalties":{

        }
    }
}