{
    "Match":{
        "Title":{
            "div_code":"3FG ",
            "div_name":"NATIONALE 3 FEMININE POULE G",
            "div_pool":"",
            "match_number":"3FG063",
            "match_day":"11",
            "city":"SAINTES",
            "gym":"COSEC DES BOIFFIERS",
            "category":"SENIOR | FEMININE",
            "ligue":"Comp\u00e9titions Nationales SENIORS",
            "date":"2020-01-26 14:00:00",
            "team_1":"SAINTES VOLLEY-BALL-SVB",
            "team_2":"ST NAZAIRE VB ATLANTIQUE"
        },
        "Sets":{
            "Teams":{
                "Set 1":{
                    "Name":{
                        "Team 1":"SAINTES VOLLEY-BALL-SV",
                        "Team 2":"ST NAZAIRE VB ATLANTIQ"
                    },
                    "Starting":{
                        "Team 1":"Service",
                        "Team 2":"Reception"
                    }
                },
                "Set 2":{
                    "Name":{
                        "Team 1":"SAINTES VOLLEY-BALL-SV",
                        "Team 2":"ST NAZAIRE VB ATLANTIQ"
                    },
                    "Starting":{
                        "Team 1":"Reception",
                        "Team 2":"Service"
                    }
                },
                "Set 3":{
                    "Name":{
                        "Team 1":"SAINTES VOLLEY-BALL-SV",
                        "Team 2":"ST NAZAIRE VB ATLANTIQ"
                    },
                    "Starting":{
                        "Team 1":"Service",
                        "Team 2":"Reception"
                    }
                },
                "Set 4":{
                    "Name":{
                        "Team 1":"SAINTES VOLLEY-BALL-SV",
                        "Team 2":"ST NAZAIRE VB ATLANTIQ"
                    },
                    "Starting":{
                        "Team 1":"Reception",
                        "Team 2":"Service"
                    }
                },
                "Set 5":0
            },
            "Time":{
                "Set 1":{
                    "Time":{
                        "Start":"2020-01-26 13:52:00",
                        "End":"2020-01-26 14:26:00"
                    }
                },
                "Set 2":{
                    "Time":{
                        "Start":"2020-01-26 14:29:00",
                        "End":"2020-01-26 14:56:00"
                    }
                },
                "Set 3":{
                    "Time":{
                        "Start":"2020-01-26 14:59:00",
                        "End":"2020-01-26 15:29:00"
                    }
                },
                "Set 4":{
                    "Time":{
                        "Start":"2020-01-26 15:31:00",
                        "End":"2020-01-26 15:52:00"
                    }
                },
                "Set 5":0
            },
            "Substitutions 1":{
                "Set 1":{
                    "I":{
                        "0":9
                    },
                    "II":{
                        "0":10
                    },
                    "III":{
                        "0":3
                    },
                    "IV":{
                        "0":1
                    },
                    "V":{
                        "0":14
                    },
                    "VI":{
                        "0":6
                    }
                },
                "Set 2":{
                    "I":{
                        "0":6
                    },
                    "II":{
                        "0":9
                    },
                    "III":{
                        "0":10
                    },
                    "IV":{
                        "0":3
                    },
                    "V":{
                        "0":1
                    },
                    "VI":{
                        "0":14
                    }
                },
                "Set 3":{
                    "I":{
                        "0":9
                    },
                    "II":{
                        "0":10
                    },
                    "III":{
                        "0":3
                    },
                    "IV":{
                        "0":1
                    },
                    "V":{
                        "0":14
                    },
                    "VI":{
                        "0":12
                    }
                },
                "Set 4":{
                    "I":{
                        "0":6
                    },
                    "II":{
                        "0":9
                    },
                    "III":{
                        "0":10
                    },
                    "IV":{
                        "0":3
                    },
                    "V":{
                        "0":1
                    },
                    "VI":{
                        "0":14
                    }
                },
                "Set 5":0
            },
            "Substitutions 2":{
                "Set 1":{
                    "I":{
                        "0":6
                    },
                    "II":{
                        "0":12
                    },
                    "III":{
                        "0":11
                    },
                    "IV":{
                        "0":4
                    },
                    "V":{
                        "0":5
                    },
                    "VI":{
                        "0":7
                    }
                },
                "Set 2":{
                    "I":{
                        "0":5
                    },
                    "II":{
                        "0":1
                    },
                    "III":{
                        "0":6
                    },
                    "IV":{
                        "0":12
                    },
                    "V":{
                        "0":7
                    },
                    "VI":{
                        "0":3
                    }
                },
                "Set 3":{
                    "I":{
                        "0":6
                    },
                    "II":{
                        "0":12
                    },
                    "III":{
                        "0":7
                    },
                    "IV":{
                        "0":3
                    },
                    "V":{
                        "0":5
                    },
                    "VI":{
                        "0":1
                    }
                },
                "Set 4":{
                    "I":{
                        "0":12
                    },
                    "II":{
                        "0":7
                    },
                    "III":{
                        "0":3
                    },
                    "IV":{
                        "0":5
                    },
                    "V":{
                        "0":1
                    },
                    "VI":{
                        "0":6
                    }
                },
                "Set 5":0
            },
            "Serves 1":{
                "Set 1":{
                    "I":{
                        "0":"2",
                        "1":12,
                        "2":24
                    },
                    "II":{
                        "0":"3",
                        "1":14,
                        "2":25
                    },
                    "III":{
                        "0":"4",
                        "1":15.0,
                        "2":null
                    },
                    "IV":{
                        "0":"6",
                        "1":17.0,
                        "2":null
                    },
                    "V":{
                        "0":"8",
                        "1":20.0,
                        "2":null
                    },
                    "VI":{
                        "0":"11",
                        "1":22.0,
                        "2":null
                    }
                },
                "Set 2":{
                    "I":{
                        "0":null,
                        "1":8.0,
                        "2":24.0
                    },
                    "II":{
                        "0":"1",
                        "1":10,
                        "2":25
                    },
                    "III":{
                        "0":"3",
                        "1":11.0,
                        "2":null
                    },
                    "IV":{
                        "0":"4",
                        "1":12.0,
                        "2":null
                    },
                    "V":{
                        "0":"5",
                        "1":22.0,
                        "2":null
                    },
                    "VI":{
                        "0":"6",
                        "1":23.0,
                        "2":null
                    }
                },
                "Set 3":{
                    "I":{
                        "0":"4",
                        "1":10,
                        "2":18
                    },
                    "II":{
                        "0":"5",
                        "1":11,
                        "2":20
                    },
                    "III":{
                        "0":"6",
                        "1":12.0,
                        "2":null
                    },
                    "IV":{
                        "0":"7",
                        "1":14.0,
                        "2":null
                    },
                    "V":{
                        "0":"8",
                        "1":15.0,
                        "2":null
                    },
                    "VI":{
                        "0":"9",
                        "1":16.0,
                        "2":null
                    }
                },
                "Set 4":{
                    "I":{
                        "0":null,
                        "1":20.0
                    },
                    "II":{
                        "0":"4",
                        "1":21
                    },
                    "III":{
                        "0":"14",
                        "1":24
                    },
                    "IV":{
                        "0":"15",
                        "1":25
                    },
                    "V":{
                        "0":"16",
                        "1":null
                    },
                    "VI":{
                        "0":"17",
                        "1":null
                    }
                },
                "Set 5":0
            },
            "Serves 2":{
                "Set 1":{
                    "I":{
                        "0":null,
                        "1":7.0,
                        "2":17.0
                    },
                    "II":{
                        "0":"1",
                        "1":10,
                        "2":18
                    },
                    "III":{
                        "0":"2",
                        "1":11.0,
                        "2":null
                    },
                    "IV":{
                        "0":"3",
                        "1":12.0,
                        "2":null
                    },
                    "V":{
                        "0":"5",
                        "1":13.0,
                        "2":null
                    },
                    "VI":{
                        "0":"6",
                        "1":15.0,
                        "2":null
                    }
                },
                "Set 2":{
                    "I":{
                        "0":"0",
                        "1":14,
                        "2":21
                    },
                    "II":{
                        "0":"2",
                        "1":15.0,
                        "2":null
                    },
                    "III":{
                        "0":"3",
                        "1":16.0,
                        "2":null
                    },
                    "IV":{
                        "0":"7",
                        "1":18.0,
                        "2":null
                    },
                    "V":{
                        "0":"9",
                        "1":19.0,
                        "2":null
                    },
                    "VI":{
                        "0":"10",
                        "1":20.0,
                        "2":null
                    }
                },
                "Set 3":{
                    "I":{
                        "0":null,
                        "1":9.0,
                        "2":20.0
                    },
                    "II":{
                        "0":"1",
                        "1":11,
                        "2":22
                    },
                    "III":{
                        "0":"2",
                        "1":13,
                        "2":25
                    },
                    "IV":{
                        "0":"3",
                        "1":14.0,
                        "2":null
                    },
                    "V":{
                        "0":"6",
                        "1":15.0,
                        "2":null
                    },
                    "VI":{
                        "0":"8",
                        "1":18.0,
                        "2":null
                    }
                },
                "Set 4":{
                    "I":{
                        "0":"2",
                        "1":8
                    },
                    "II":{
                        "0":"3",
                        "1":9
                    },
                    "III":{
                        "0":"4",
                        "1":11
                    },
                    "IV":{
                        "0":"5",
                        "1":null
                    },
                    "V":{
                        "0":"6",
                        "1":null
                    },
                    "VI":{
                        "0":"7",
                        "1":null
                    }
                },
                "Set 5":0
            },
            "Timeouts 1":{
                "Set 1":{
                    "T":{

                    }
                },
                "Set 2":{
                    "T":{

                    }
                },
                "Set 3":{
                    "T":{

                    }
                },
                "Set 4":{
                    "T":{

                    }
                },
                "Set 5":0
            },
            "Timeouts 2":{
                "Set 1":{
                    "T":{

                    }
                },
                "Set 2":{
                    "T":{

                    }
                },
                "Set 3":{
                    "T":{

                    }
                },
                "Set 4":{
                    "T":{

                    }
                },
                "Set 5":0
            }
        },
        "Teams":{
            "Name":{
                "Team 1":"SAINTES VOLLEY-BALL-SVB",
                "Team 2":"ST NAZAIRE VB ATLANTIQUE"
            },
            "Players":{
                "Team 1":{
                    "N\u00b0":{
                        "0":1,
                        "1":3,
                        "2":5,
                        "3":6,
                        "4":8,
                        "5":9,
                        "6":10,
                        "7":11,
                        "8":12,
                        "9":14,
                        "10":15
                    },
                    "Nom Pr\u00e9nom":{
                        "0":"FLEURY DELPHINE",
                        "1":"MEMETI SANJA",
                        "2":"ROLAND TROUPEAU NATHALIE",
                        "3":"WETTERWALD VIOLETTE",
                        "4":"ROLAND EMMA",
                        "5":"NICOLLE RACHELLE",
                        "6":"CARMONA MARINE",
                        "7":"PUECH LILY",
                        "8":"DELGEHIER MARGAUX",
                        "9":"PALMENTY AMANDINE",
                        "10":"GROSS ROMANE"
                    },
                    "Licence":{
                        "0":1760308,
                        "1":1920171,
                        "2":1040047,
                        "3":1620505,
                        "4":2042954,
                        "5":1712613,
                        "6":2147779,
                        "7":2045915,
                        "8":2049853,
                        "9":1766777,
                        "10":1951511
                    }
                },
                "Team 2":{
                    "N\u00b0":{
                        "0":1,
                        "1":2,
                        "2":3,
                        "3":4,
                        "4":5,
                        "5":6,
                        "6":7,
                        "7":8,
                        "8":11,
                        "9":12,
                        "10":16
                    },
                    "Nom Pr\u00e9nom":{
                        "0":"MOREAU CHARLOTTE",
                        "1":"LAGISQUET C\u00e9LIA",
                        "2":"BEAOUSSON JOHANNA",
                        "3":"BERTRANT JULIETTE",
                        "4":"BODINIER JULIETTE",
                        "5":"MERLAUD MARION",
                        "6":"TUAL SOAZIG",
                        "7":"DELOISON ALICE",
                        "8":"COHAT C\u00e9LINE",
                        "9":"BRETON SARAH",
                        "10":"BONNET MARION"
                    },
                    "Licence":{
                        "0":1953716,
                        "1":2007871,
                        "2":2112192,
                        "3":1908170,
                        "4":2038165,
                        "5":1415575,
                        "6":1207501,
                        "7":1498110,
                        "8":1098238,
                        "9":1593310,
                        "10":1234242
                    }
                }
            },
            "Liberos":{
                "Team 1":{
                    "N\u00b0":{
                        "0":11,
                        "1":15
                    },
                    "Nom Pr\u00e9nom":{
                        "0":"PUECH LILY",
                        "1":"GROSS ROMANE"
                    },
                    "Licence":{
                        "0":2045915,
                        "1":1951511
                    }
                },
                "Team 2":{
                    "N\u00b0":{
                        "0":16
                    },
                    "Nom Pr\u00e9nom":{
                        "0":"BONNET MARION"
                    },
                    "Licence":{
                        "0":1234242
                    }
                }
            },
            "Officials":{
                "Team 1":{
                    "N\u00b0":{
                        "0":"EA",
                        "1":"EB",
                        "2":"SO"
                    },
                    "Nom Pr\u00e9nom":{
                        "0":"DEUX ERIC",
                        "1":"ROUSSEAU JOHAN",
                        "2":"RAVET EMILIE"
                    },
                    "Licence":{
                        "0":1042792,
                        "1":1907546,
                        "2":1911542
                    }
                },
                "Team 2":{
                    "N\u00b0":{
                        "0":"EA"
                    },
                    "Nom Pr\u00e9nom":{
                        "0":"BARAKA FAYSSAL"
                    },
                    "Licence":{
                        "0":1910134
                    }
                }
            }
        },
        "Results":{
            "winner":"SAINTES VOLLEY-BALL-SV",
            "score":"3\/1"
        },
        "Referees":{
            "NOM Pr\u00e9nom":{
                "1er":"CHAINTRE THIERRY",
                "2\u00e8me":"GREMILLON STEPHANE",
                "Marqueur":"POUJADE MATHIEU",
                "Marq.Ass":".",
                "R.Salle":"ROLAND GINETTE"
            },
            "Ligue":{
                "1er":"LIG_AQ",
                "2\u00e8me":"LIG_AQ",
                "Marqueur":"LIG_AQ",
                "Marq.Ass":null,
                "R.Salle":"LIG_AQ"
            },
            "Licence":{
                "1er":535781.0,
                "2\u00e8me":1232121.0,
                "Marqueur":2147741.0,
                "Marq.Ass":null,
                "R.Salle":1130362.0
            }
        },
        "Penalties":{

        }
    }
}