{
    "Match":{
        "Title":{
            "div_code":"3FG ",
            "div_name":"NATIONALE 3 FEMININE POULE G",
            "div_pool":"",
            "match_number":"3FG056",
            "match_day":"10",
            "city":"NANTES",
            "gym":"JEAN JAHAN 2",
            "category":"SENIOR | FEMININE",
            "ligue":"Comp\u00e9titions Nationales SENIORS",
            "date":"2020-01-19 16:00:00",
            "team_1":"VOLLEY-BALL NANTES 3",
            "team_2":"VOLLEY-BALL PEXINOIS NIORT"
        },
        "Sets":{
            "Teams":{
                "Set 1":{
                    "Name":{
                        "Team 1":"VOLLEY-BALL PEXINOIS N",
                        "Team 2":"VOLLEY-BALL NANTES 3"
                    },
                    "Starting":{
                        "Team 1":"Service",
                        "Team 2":"Reception"
                    }
                },
                "Set 2":{
                    "Name":{
                        "Team 1":"VOLLEY-BALL PEXINOIS N",
                        "Team 2":"VOLLEY-BALL NANTES 3"
                    },
                    "Starting":{
                        "Team 1":"Reception",
                        "Team 2":"Service"
                    }
                },
                "Set 3":{
                    "Name":{
                        "Team 1":"VOLLEY-BALL PEXINOIS N",
                        "Team 2":"VOLLEY-BALL NANTES 3"
                    },
                    "Starting":{
                        "Team 1":"Service",
                        "Team 2":"Reception"
                    }
                },
                "Set 4":0,
                "Set 5":0
            },
            "Time":{
                "Set 1":{
                    "Time":{
                        "Start":"2020-01-19 16:04:00",
                        "End":"2020-01-19 16:31:00"
                    }
                },
                "Set 2":{
                    "Time":{
                        "Start":"2020-01-19 16:35:00",
                        "End":"2020-01-19 17:01:00"
                    }
                },
                "Set 3":{
                    "Time":{
                        "Start":"2020-01-19 17:04:00",
                        "End":"2020-01-19 17:30:00"
                    }
                },
                "Set 4":0,
                "Set 5":0
            },
            "Substitutions 1":{
                "Set 1":{
                    "I":{
                        "0":2
                    },
                    "II":{
                        "0":1
                    },
                    "III":{
                        "0":7
                    },
                    "IV":{
                        "0":11
                    },
                    "V":{
                        "0":10
                    },
                    "VI":{
                        "0":4
                    }
                },
                "Set 2":{
                    "I":{
                        "0":2
                    },
                    "II":{
                        "0":1
                    },
                    "III":{
                        "0":7
                    },
                    "IV":{
                        "0":11
                    },
                    "V":{
                        "0":10
                    },
                    "VI":{
                        "0":4
                    }
                },
                "Set 3":{
                    "I":{
                        "0":2
                    },
                    "II":{
                        "0":1
                    },
                    "III":{
                        "0":7
                    },
                    "IV":{
                        "0":11
                    },
                    "V":{
                        "0":10
                    },
                    "VI":{
                        "0":4
                    }
                },
                "Set 4":0,
                "Set 5":0
            },
            "Substitutions 2":{
                "Set 1":{
                    "I":{
                        "0":4.0,
                        "1":null,
                        "2":null
                    },
                    "II":{
                        "0":12.0,
                        "1":null,
                        "2":null
                    },
                    "III":{
                        "0":"6",
                        "1":"11",
                        "2":"17:23"
                    },
                    "IV":{
                        "0":8.0,
                        "1":null,
                        "2":null
                    },
                    "V":{
                        "0":10.0,
                        "1":null,
                        "2":null
                    },
                    "VI":{
                        "0":"9",
                        "1":"2",
                        "2":"17:23"
                    }
                },
                "Set 2":{
                    "I":{
                        "0":"4",
                        "1":"11",
                        "2":"13:17"
                    },
                    "II":{
                        "0":12.0,
                        "1":null,
                        "2":null
                    },
                    "III":{
                        "0":"6",
                        "1":"2",
                        "2":"10:13"
                    },
                    "IV":{
                        "0":8.0,
                        "1":null,
                        "2":null
                    },
                    "V":{
                        "0":"10",
                        "1":"14",
                        "2":"14:18"
                    },
                    "VI":{
                        "0":9.0,
                        "1":null,
                        "2":null
                    }
                },
                "Set 3":{
                    "I":{
                        "0":"2",
                        "1":"6",
                        "2":"18:21"
                    },
                    "II":{
                        "0":8.0,
                        "1":null,
                        "2":null
                    },
                    "III":{
                        "0":14.0,
                        "1":null,
                        "2":null
                    },
                    "IV":{
                        "0":9.0,
                        "1":null,
                        "2":null
                    },
                    "V":{
                        "0":4.0,
                        "1":null,
                        "2":null
                    },
                    "VI":{
                        "0":12.0,
                        "1":null,
                        "2":null
                    }
                },
                "Set 4":0,
                "Set 5":0
            },
            "Serves 1":{
                "Set 1":{
                    "I":{
                        "0":"0",
                        "1":8,
                        "2":20
                    },
                    "II":{
                        "0":"1",
                        "1":10,
                        "2":24
                    },
                    "III":{
                        "0":"3",
                        "1":12,
                        "2":25
                    },
                    "IV":{
                        "0":"4",
                        "1":15.0,
                        "2":null
                    },
                    "V":{
                        "0":"5",
                        "1":18.0,
                        "2":null
                    },
                    "VI":{
                        "0":"7",
                        "1":19.0,
                        "2":null
                    }
                },
                "Set 2":{
                    "I":{
                        "0":null,
                        "1":10.0,
                        "2":25.0
                    },
                    "II":{
                        "0":"2",
                        "1":13.0,
                        "2":null
                    },
                    "III":{
                        "0":"4",
                        "1":14.0,
                        "2":null
                    },
                    "IV":{
                        "0":"5",
                        "1":17.0,
                        "2":null
                    },
                    "V":{
                        "0":"7",
                        "1":20.0,
                        "2":null
                    },
                    "VI":{
                        "0":"8",
                        "1":22.0,
                        "2":null
                    }
                },
                "Set 3":{
                    "I":{
                        "0":"4",
                        "1":12,
                        "2":25
                    },
                    "II":{
                        "0":"5",
                        "1":13.0,
                        "2":null
                    },
                    "III":{
                        "0":"7",
                        "1":14.0,
                        "2":null
                    },
                    "IV":{
                        "0":"8",
                        "1":16.0,
                        "2":null
                    },
                    "V":{
                        "0":"10",
                        "1":18.0,
                        "2":null
                    },
                    "VI":{
                        "0":"11",
                        "1":24.0,
                        "2":null
                    }
                },
                "Set 4":0,
                "Set 5":0
            },
            "Serves 2":{
                "Set 1":{
                    "I":{
                        "0":null,
                        "1":7.0,
                        "2":16.0
                    },
                    "II":{
                        "0":"1",
                        "1":10,
                        "2":17
                    },
                    "III":{
                        "0":"2",
                        "1":11,
                        "2":18
                    },
                    "IV":{
                        "0":"3",
                        "1":13.0,
                        "2":null
                    },
                    "V":{
                        "0":"4",
                        "1":14.0,
                        "2":null
                    },
                    "VI":{
                        "0":"6",
                        "1":15.0,
                        "2":null
                    }
                },
                "Set 2":{
                    "I":{
                        "0":"0",
                        "1":10
                    },
                    "II":{
                        "0":"2",
                        "1":11
                    },
                    "III":{
                        "0":"3",
                        "1":13
                    },
                    "IV":{
                        "0":"4",
                        "1":14
                    },
                    "V":{
                        "0":"5",
                        "1":15
                    },
                    "VI":{
                        "0":"7",
                        "1":16
                    }
                },
                "Set 3":{
                    "I":{
                        "0":null,
                        "1":11.0,
                        "2":19.0
                    },
                    "II":{
                        "0":"1",
                        "1":12.0,
                        "2":null
                    },
                    "III":{
                        "0":"2",
                        "1":14.0,
                        "2":null
                    },
                    "IV":{
                        "0":"4",
                        "1":16.0,
                        "2":null
                    },
                    "V":{
                        "0":"6",
                        "1":17.0,
                        "2":null
                    },
                    "VI":{
                        "0":"10",
                        "1":18.0,
                        "2":null
                    }
                },
                "Set 4":0,
                "Set 5":0
            },
            "Timeouts 1":{
                "Set 1":{
                    "T":{

                    }
                },
                "Set 2":{
                    "T":{
                        "0":"14:13"
                    }
                },
                "Set 3":{
                    "T":{
                        "0":"10:9"
                    }
                },
                "Set 4":0,
                "Set 5":0
            },
            "Timeouts 2":{
                "Set 1":{
                    "T":{
                        "0":"14:18",
                        "1":"17:21"
                    }
                },
                "Set 2":{
                    "T":{
                        "0":"14:18",
                        "1":"14:20"
                    }
                },
                "Set 3":{
                    "T":{
                        "0":"0:4",
                        "1":"18:20"
                    }
                },
                "Set 4":0,
                "Set 5":0
            }
        },
        "Teams":{
            "Name":{
                "Team 1":"VOLLEY-BALL NANTES 3",
                "Team 2":"VOLLEY-BALL PEXINOIS NIORT"
            },
            "Players":{
                "Team 1":{
                    "N\u00b0":{
                        "0":2,
                        "1":4,
                        "2":6,
                        "3":8,
                        "4":9,
                        "5":10,
                        "6":11,
                        "7":12,
                        "8":14,
                        "9":17
                    },
                    "Nom Pr\u00e9nom":{
                        "0":"CADET ADELINE",
                        "1":"BLONDEL L\u00c9A",
                        "2":"PICHERIT ROMANE",
                        "3":"POUSSIER ANNA",
                        "4":"RATEAU ASTRID",
                        "5":"GIRAUD DIANE",
                        "6":"LAVAIRE MARIETA",
                        "7":"SANOU THEMIS",
                        "8":"MARSAT MARIE",
                        "9":"MERLOZ THELMA"
                    },
                    "Licence":{
                        "0":1621766,
                        "1":1906418,
                        "2":1859458,
                        "3":2189234,
                        "4":1990305,
                        "5":1908774,
                        "6":2309469,
                        "7":2139630,
                        "8":1652489,
                        "9":1906576
                    }
                },
                "Team 2":{
                    "N\u00b0":{
                        "0":1,
                        "1":2,
                        "2":4,
                        "3":6,
                        "4":7,
                        "5":8,
                        "6":9,
                        "7":10,
                        "8":11,
                        "9":12,
                        "10":14
                    },
                    "Nom Pr\u00e9nom":{
                        "0":"BELL LACEY",
                        "1":"CHOJNACKA OLGA",
                        "2":"AMEGNANGLO FLORIANE",
                        "3":"JORDA MAUD",
                        "4":"FIAFIALOTO TEKELA",
                        "5":"MINGORANCE AMSETOU-MBEYOUM",
                        "6":"BELENG ROSE",
                        "7":"TAUOTA MALIA-VIANE",
                        "8":"BASSONG ANNE-TAMERA",
                        "9":"CARPENTIER JULIE",
                        "10":"BAUDOUIN CAMILLE"
                    },
                    "Licence":{
                        "0":"1808538",
                        "1":"1990091",
                        "2":"1821562",
                        "3":"1894535",
                        "4":"2122679",
                        "5":"O1757868",
                        "6":"1591344",
                        "7":"2224295",
                        "8":"2119516",
                        "9":"1209777",
                        "10":"1882629"
                    }
                }
            },
            "Liberos":{
                "Team 1":{
                    "N\u00b0":{
                        "0":17
                    },
                    "Nom Pr\u00e9nom":{
                        "0":"MERLOZ THELMA"
                    },
                    "Licence":{
                        "0":1906576
                    }
                },
                "Team 2":{
                    "N\u00b0":{
                        "0":12,
                        "1":14
                    },
                    "Nom Pr\u00e9nom":{
                        "0":"CARPENTIER JULIE",
                        "1":"BAUDOUIN CAMILLE"
                    },
                    "Licence":{
                        "0":1209777,
                        "1":1882629
                    }
                }
            },
            "Officials":{
                "Team 1":{
                    "N\u00b0":{
                        "0":"EA",
                        "1":"EB"
                    },
                    "Nom Pr\u00e9nom":{
                        "0":"MASSON LOIC",
                        "1":"JUNKIERT LOANE"
                    },
                    "Licence":{
                        "0":1547798,
                        "1":1773355
                    }
                },
                "Team 2":{
                    "N\u00b0":{
                        "0":"EA",
                        "1":"EB"
                    },
                    "Nom Pr\u00e9nom":{
                        "0":"BELENG ROSE",
                        "1":"HIBERT PASCAL"
                    },
                    "Licence":{
                        "0":1591344,
                        "1":1229836
                    }
                }
            }
        },
        "Results":{
            "winner":"VOLLEY-BALL PEXINOIS N",
            "score":"3\/0"
        },
        "Referees":{
            "NOM Pr\u00e9nom":{
                "1er":"LEPINAY DAMIEN",
                "2\u00e8me":"PERCEVIC DRAGAN",
                "Marqueur":"PERRAUDEAU MARIE",
                "Marq.Ass":".",
                "R.Salle":"ROY STEPHANE"
            },
            "Ligue":{
                "1er":"LIG_PL",
                "2\u00e8me":"LIG_BR",
                "Marqueur":null,
                "Marq.Ass":null,
                "R.Salle":"LIG_PL"
            },
            "Licence":{
                "1er":230441.0,
                "2\u00e8me":1080746.0,
                "Marqueur":1989830.0,
                "Marq.Ass":null,
                "R.Salle":2241388.0
            }
        },
        "Penalties":{

        }
    }
}