{
    "Match":{
        "Title":{
            "div_code":"3FG ",
            "div_name":"NATIONALE 3 FEMININE POULE G",
            "div_pool":"",
            "match_number":"3FG068",
            "match_day":"12",
            "city":"SAINT JEAN DE BRAYE",
            "gym":"HALLE DES SPORTS",
            "category":"SENIOR | FEMININE",
            "ligue":"Comp\u00e9titions Nationales SENIORS",
            "date":"2020-02-02 16:00:00",
            "team_1":"SMOC ST-JEAN DE BRAYE",
            "team_2":"CEP POITIERS\/ST BENOIT V.B. 2"
        },
        "Sets":{
            "Teams":{
                "Set 1":{
                    "Name":{
                        "Team 1":"SMOC ST-JEAN DE BRAYE",
                        "Team 2":"CEP POITIERS\/ST BENOIT"
                    },
                    "Starting":{
                        "Team 1":"Service",
                        "Team 2":"Reception"
                    }
                },
                "Set 2":{
                    "Name":{
                        "Team 1":"SMOC ST-JEAN DE BRAYE",
                        "Team 2":"CEP POITIERS\/ST BENOIT"
                    },
                    "Starting":{
                        "Team 1":"Reception",
                        "Team 2":"Service"
                    }
                },
                "Set 3":{
                    "Name":{
                        "Team 1":"SMOC ST-JEAN DE BRAYE",
                        "Team 2":"CEP POITIERS\/ST BENOIT"
                    },
                    "Starting":{
                        "Team 1":"Service",
                        "Team 2":"Reception"
                    }
                },
                "Set 4":{
                    "Name":{
                        "Team 1":"SMOC ST-JEAN DE BRAYE",
                        "Team 2":"CEP POITIERS\/ST BENOIT"
                    },
                    "Starting":{
                        "Team 1":"Reception",
                        "Team 2":"Service"
                    }
                },
                "Set 5":{
                    "Name":{
                        "Team 1":"CEP POITIERS\/ST BEN",
                        "Team 2":"SMOC ST-JEAN DE BRA"
                    },
                    "Starting":{
                        "Team 1":"Service",
                        "Team 2":"Reception"
                    }
                }
            },
            "Time":{
                "Set 1":{
                    "Time":{
                        "Start":"2020-02-02 15:57:00",
                        "End":"2020-02-02 16:23:00"
                    }
                },
                "Set 2":{
                    "Time":{
                        "Start":"2020-02-02 16:26:00",
                        "End":"2020-02-02 16:54:00"
                    }
                },
                "Set 3":{
                    "Time":{
                        "Start":"2020-02-02 16:58:00",
                        "End":"2020-02-02 17:32:00"
                    }
                },
                "Set 4":{
                    "Time":{
                        "Start":"2020-02-02 17:35:00",
                        "End":"2020-02-02 18:06:00"
                    }
                },
                "Set 5":{
                    "Time":{
                        "Start":"2020-02-02 18:09:00",
                        "End":"2020-02-02 18:27:00"
                    }
                }
            },
            "Substitutions 1":{
                "Set 1":{
                    "I":{
                        "0":"3",
                        "1":"1",
                        "2":"19:22"
                    },
                    "II":{
                        "0":7.0,
                        "1":null,
                        "2":null
                    },
                    "III":{
                        "0":"4",
                        "1":"10",
                        "2":"20:24"
                    },
                    "IV":{
                        "0":9.0,
                        "1":null,
                        "2":null
                    },
                    "V":{
                        "0":2.0,
                        "1":null,
                        "2":null
                    },
                    "VI":{
                        "0":5.0,
                        "1":null,
                        "2":null
                    }
                },
                "Set 2":{
                    "I":{
                        "0":"3",
                        "1":"1",
                        "2":"8:10"
                    },
                    "II":{
                        "0":7.0,
                        "1":null,
                        "2":null
                    },
                    "III":{
                        "0":4.0,
                        "1":null,
                        "2":null
                    },
                    "IV":{
                        "0":9.0,
                        "1":null,
                        "2":null
                    },
                    "V":{
                        "0":2.0,
                        "1":null,
                        "2":null
                    },
                    "VI":{
                        "0":"5",
                        "1":"10",
                        "2":"15:21"
                    }
                },
                "Set 3":{
                    "I":{
                        "0":"1",
                        "1":"3",
                        "2":"18:20",
                        "3":null
                    },
                    "II":{
                        "0":7.0,
                        "1":null,
                        "2":null,
                        "3":null
                    },
                    "III":{
                        "0":"4",
                        "1":"10",
                        "2":"12:11",
                        "3":"22:22"
                    },
                    "IV":{
                        "0":9.0,
                        "1":null,
                        "2":null,
                        "3":null
                    },
                    "V":{
                        "0":2.0,
                        "1":null,
                        "2":null,
                        "3":null
                    },
                    "VI":{
                        "0":5.0,
                        "1":null,
                        "2":null,
                        "3":null
                    }
                },
                "Set 4":{
                    "I":{
                        "0":"3",
                        "1":"1",
                        "2":"19:14"
                    },
                    "II":{
                        "0":7.0,
                        "1":null,
                        "2":null
                    },
                    "III":{
                        "0":"4",
                        "1":"10",
                        "2":"20:15"
                    },
                    "IV":{
                        "0":9.0,
                        "1":null,
                        "2":null
                    },
                    "V":{
                        "0":2.0,
                        "1":null,
                        "2":null
                    },
                    "VI":{
                        "0":5.0,
                        "1":null,
                        "2":null
                    }
                },
                "Set 5":{
                    "I":{
                        "0":6
                    },
                    "II":{
                        "0":1
                    },
                    "III":{
                        "0":13
                    },
                    "IV":{
                        "0":7
                    },
                    "V":{
                        "0":5
                    },
                    "VI":{
                        "0":9
                    }
                }
            },
            "Substitutions 2":{
                "Set 1":{
                    "I":{
                        "0":9
                    },
                    "II":{
                        "0":6
                    },
                    "III":{
                        "0":1
                    },
                    "IV":{
                        "0":13
                    },
                    "V":{
                        "0":7
                    },
                    "VI":{
                        "0":5
                    }
                },
                "Set 2":{
                    "I":{
                        "0":6.0,
                        "1":null,
                        "2":null
                    },
                    "II":{
                        "0":1.0,
                        "1":null,
                        "2":null
                    },
                    "III":{
                        "0":"7",
                        "1":"9",
                        "2":"24:18"
                    },
                    "IV":{
                        "0":5.0,
                        "1":null,
                        "2":null
                    },
                    "V":{
                        "0":3.0,
                        "1":null,
                        "2":null
                    },
                    "VI":{
                        "0":13.0,
                        "1":null,
                        "2":null
                    }
                },
                "Set 3":{
                    "I":{
                        "0":9.0,
                        "1":null,
                        "2":null
                    },
                    "II":{
                        "0":6.0,
                        "1":null,
                        "2":null
                    },
                    "III":{
                        "0":1.0,
                        "1":null,
                        "2":null
                    },
                    "IV":{
                        "0":"7",
                        "1":"13",
                        "2":"22:22"
                    },
                    "V":{
                        "0":5.0,
                        "1":null,
                        "2":null
                    },
                    "VI":{
                        "0":3.0,
                        "1":null,
                        "2":null
                    }
                },
                "Set 4":{
                    "I":{
                        "0":6.0,
                        "1":null,
                        "2":null
                    },
                    "II":{
                        "0":1.0,
                        "1":null,
                        "2":null
                    },
                    "III":{
                        "0":13.0,
                        "1":null,
                        "2":null
                    },
                    "IV":{
                        "0":"5",
                        "1":"7",
                        "2":"12:18"
                    },
                    "V":{
                        "0":3.0,
                        "1":null,
                        "2":null
                    },
                    "VI":{
                        "0":9.0,
                        "1":null,
                        "2":null
                    }
                },
                "Set 5":{
                    "I":{
                        "0":1
                    },
                    "II":{
                        "0":7
                    },
                    "III":{
                        "0":4
                    },
                    "IV":{
                        "0":9
                    },
                    "V":{
                        "0":2
                    },
                    "VI":{
                        "0":5
                    }
                }
            },
            "Serves 1":{
                "Set 1":{
                    "I":{
                        "0":"0",
                        "1":9,
                        "2":18
                    },
                    "II":{
                        "0":"1",
                        "1":10,
                        "2":19
                    },
                    "III":{
                        "0":"3",
                        "1":12,
                        "2":20
                    },
                    "IV":{
                        "0":"5",
                        "1":13.0,
                        "2":null
                    },
                    "V":{
                        "0":"7",
                        "1":15.0,
                        "2":null
                    },
                    "VI":{
                        "0":"8",
                        "1":16.0,
                        "2":null
                    }
                },
                "Set 2":{
                    "I":{
                        "0":null,
                        "1":9.0,
                        "2":18.0
                    },
                    "II":{
                        "0":"2",
                        "1":10.0,
                        "2":null
                    },
                    "III":{
                        "0":"5",
                        "1":12.0,
                        "2":null
                    },
                    "IV":{
                        "0":"6",
                        "1":13.0,
                        "2":null
                    },
                    "V":{
                        "0":"7",
                        "1":14.0,
                        "2":null
                    },
                    "VI":{
                        "0":"8",
                        "1":17.0,
                        "2":null
                    }
                },
                "Set 3":{
                    "I":{
                        "0":"0",
                        "1":13,
                        "2":23
                    },
                    "II":{
                        "0":"2",
                        "1":15,
                        "2":25
                    },
                    "III":{
                        "0":"3",
                        "1":17,
                        "2":27
                    },
                    "IV":{
                        "0":"9",
                        "1":18.0,
                        "2":null
                    },
                    "V":{
                        "0":"11",
                        "1":20.0,
                        "2":null
                    },
                    "VI":{
                        "0":"12",
                        "1":22.0,
                        "2":null
                    }
                },
                "Set 4":{
                    "I":{
                        "0":null,
                        "1":14.0,
                        "2":25.0
                    },
                    "II":{
                        "0":"4",
                        "1":19.0,
                        "2":null
                    },
                    "III":{
                        "0":"6",
                        "1":20.0,
                        "2":null
                    },
                    "IV":{
                        "0":"7",
                        "1":21.0,
                        "2":null
                    },
                    "V":{
                        "0":"8",
                        "1":23.0,
                        "2":null
                    },
                    "VI":{
                        "0":"11",
                        "1":24.0,
                        "2":null
                    }
                },
                "Set 5":{
                    "I":{
                        "0":"0",
                        "1":14
                    },
                    "II":{
                        "0":"2",
                        "1":15
                    },
                    "III":{
                        "0":"3",
                        "1":null
                    },
                    "IV":{
                        "0":"6",
                        "1":null
                    },
                    "V":{
                        "0":"8",
                        "1":null
                    },
                    "VI":{
                        "0":"11",
                        "1":null
                    }
                }
            },
            "Serves 2":{
                "Set 1":{
                    "I":{
                        "0":null,
                        "1":9.0,
                        "2":18.0
                    },
                    "II":{
                        "0":"1",
                        "1":10,
                        "2":21
                    },
                    "III":{
                        "0":"2",
                        "1":11,
                        "2":24
                    },
                    "IV":{
                        "0":"3",
                        "1":12,
                        "2":25
                    },
                    "V":{
                        "0":"5",
                        "1":13.0,
                        "2":null
                    },
                    "VI":{
                        "0":"8",
                        "1":14.0,
                        "2":null
                    }
                },
                "Set 2":{
                    "I":{
                        "0":"0",
                        "1":14,
                        "2":25
                    },
                    "II":{
                        "0":"1",
                        "1":16.0,
                        "2":null
                    },
                    "III":{
                        "0":"2",
                        "1":17.0,
                        "2":null
                    },
                    "IV":{
                        "0":"5",
                        "1":20.0,
                        "2":null
                    },
                    "V":{
                        "0":"6",
                        "1":21.0,
                        "2":null
                    },
                    "VI":{
                        "0":"10",
                        "1":22.0,
                        "2":null
                    }
                },
                "Set 3":{
                    "I":{
                        "0":null,
                        "1":13.0,
                        "2":22.0
                    },
                    "II":{
                        "0":"4",
                        "1":14,
                        "2":24
                    },
                    "III":{
                        "0":"5",
                        "1":15,
                        "2":25
                    },
                    "IV":{
                        "0":"6",
                        "1":18.0,
                        "2":null
                    },
                    "V":{
                        "0":"7",
                        "1":20.0,
                        "2":null
                    },
                    "VI":{
                        "0":"11",
                        "1":21.0,
                        "2":null
                    }
                },
                "Set 4":{
                    "I":{
                        "0":"0",
                        "1":12
                    },
                    "II":{
                        "0":"1",
                        "1":15
                    },
                    "III":{
                        "0":"4",
                        "1":17
                    },
                    "IV":{
                        "0":"8",
                        "1":19
                    },
                    "V":{
                        "0":"9",
                        "1":20
                    },
                    "VI":{
                        "0":"11",
                        "1":21
                    }
                },
                "Set 5":{
                    "I":{
                        "0":null,
                        "1":9.0
                    },
                    "II":{
                        "0":"2",
                        "1":10
                    },
                    "III":{
                        "0":"3",
                        "1":null
                    },
                    "IV":{
                        "0":"5",
                        "1":null
                    },
                    "V":{
                        "0":"6",
                        "1":null
                    },
                    "VI":{
                        "0":"7",
                        "1":null
                    }
                }
            },
            "Timeouts 1":{
                "Set 1":{
                    "T":{
                        "0":"16:18"
                    }
                },
                "Set 2":{
                    "T":{
                        "0":"8:8",
                        "1":"13:20"
                    }
                },
                "Set 3":{
                    "T":{
                        "0":"17:18",
                        "1":"23:23"
                    }
                },
                "Set 4":{
                    "T":{
                        "0":"19:15",
                        "1":"21:19"
                    }
                },
                "Set 5":{
                    "T":{
                        "0":"11:9"
                    }
                }
            },
            "Timeouts 2":{
                "Set 1":{
                    "T":{
                        "0":"13:15"
                    }
                },
                "Set 2":{
                    "T":{
                        "0":"1:5"
                    }
                },
                "Set 3":{
                    "T":{
                        "0":"6:7",
                        "1":"24:25"
                    }
                },
                "Set 4":{
                    "T":{
                        "0":"1:6",
                        "1":"20:24"
                    }
                },
                "Set 5":{
                    "T":{
                        "0":"7:10",
                        "1":"9:13"
                    }
                }
            }
        },
        "Teams":{
            "Name":{
                "Team 1":"SMOC ST-JEAN DE BRAYE",
                "Team 2":"CEP POITIERS\/ST BENOIT V.B. 2"
            },
            "Players":{
                "Team 1":{
                    "N\u00b0":{
                        "0":1,
                        "1":2,
                        "2":3,
                        "3":4,
                        "4":5,
                        "5":7,
                        "6":9,
                        "7":10,
                        "8":15
                    },
                    "Nom Pr\u00e9nom":{
                        "0":"LEDUC CAMILLE",
                        "1":"FAVREAU JULIE",
                        "2":"SOPAJ ARTINA",
                        "3":"PETIOTE LOURNIA",
                        "4":"GABRIELLI-DURAND SARAH",
                        "5":"DOUMERET CHLOE",
                        "6":"PLAIRE JULIE",
                        "7":"SOURBETS AMELIE",
                        "8":"PLAS CELINE"
                    },
                    "Licence":{
                        "0":2090838,
                        "1":1914165,
                        "2":1890115,
                        "3":2103092,
                        "4":2302505,
                        "5":1838970,
                        "6":1556789,
                        "7":1782618,
                        "8":1800411
                    }
                },
                "Team 2":{
                    "N\u00b0":{
                        "0":1,
                        "1":3,
                        "2":5,
                        "3":6,
                        "4":7,
                        "5":9,
                        "6":13,
                        "7":14
                    },
                    "Nom Pr\u00e9nom":{
                        "0":"LADOS EMMANUELLE",
                        "1":"MICHAUD EVA",
                        "2":"VAN DER BEEK RACHEL",
                        "3":"RAMAYE ELIJAH",
                        "4":"SEGUY MALINA",
                        "5":"ABASSI LUANA",
                        "6":"BODIN CLARISSE",
                        "7":"PRINCE MELINE"
                    },
                    "Licence":{
                        "0":1415095,
                        "1":1946220,
                        "2":1995774,
                        "3":2154226,
                        "4":2095155,
                        "5":2147289,
                        "6":2243464,
                        "7":1862908
                    }
                }
            },
            "Liberos":{
                "Team 1":{
                    "N\u00b0":{
                        "0":15
                    },
                    "Nom Pr\u00e9nom":{
                        "0":"PLAS CELINE"
                    },
                    "Licence":{
                        "0":1800411
                    }
                },
                "Team 2":{
                    "N\u00b0":{
                        "0":14
                    },
                    "Nom Pr\u00e9nom":{
                        "0":"PRINCE MELINE"
                    },
                    "Licence":{
                        "0":1862908
                    }
                }
            },
            "Officials":{
                "Team 1":{
                    "N\u00b0":{
                        "0":"EA",
                        "1":"EB",
                        "2":"EB"
                    },
                    "Nom Pr\u00e9nom":{
                        "0":"SAMBA KONG JOSEPH",
                        "1":"CARRE KEVIN",
                        "2":"GODINEAU ROMAIN"
                    },
                    "Licence":{
                        "0":1999178,
                        "1":1876388,
                        "2":1759271
                    }
                },
                "Team 2":{
                    "N\u00b0":{
                        "0":"EA",
                        "1":"EB"
                    },
                    "Nom Pr\u00e9nom":{
                        "0":"GRUEL HUGO",
                        "1":"BERNELIN SEBASTIEN"
                    },
                    "Licence":{
                        "0":1658475,
                        "1":1668612
                    }
                }
            }
        },
        "Results":{
            "winner":"CEP POITIERS\/ST BENOIT",
            "score":"3\/2"
        },
        "Referees":{
            "NOM Pr\u00e9nom":{
                "1er":"COURTILLE BRUNO",
                "2\u00e8me":"ARBAOUI HAJAR",
                "Marqueur":"BERNELAS CELINE",
                "Marq.Ass":".",
                "R.Salle":"MALLET BRUNO"
            },
            "Ligue":{
                "1er":"LIG_CE",
                "2\u00e8me":"LIG_CE",
                "Marqueur":"LIG_CE",
                "Marq.Ass":null,
                "R.Salle":"LIG_CE"
            },
            "Licence":{
                "1er":1061633.0,
                "2\u00e8me":2200931.0,
                "Marqueur":1393461.0,
                "Marq.Ass":null,
                "R.Salle":979869.0
            }
        },
        "Penalties":{

        }
    }
}