{
    "Match":{
        "Title":{
            "div_code":"3FG ",
            "div_name":"NATIONALE 3 FEMININE POULE G",
            "div_pool":"",
            "match_number":"3FG066",
            "match_day":"11",
            "city":"NIORT",
            "gym":"HENRI BARBUSSE",
            "category":"SENIOR | FEMININE",
            "ligue":"Comp\u00e9titions Nationales SENIORS",
            "date":"2020-01-26 14:00:00",
            "team_1":"VOLLEY-BALL PEXINOIS NIORT",
            "team_2":"CEP POITIERS\/ST BENOIT V.B. 2"
        },
        "Sets":{
            "Teams":{
                "Set 1":{
                    "Name":{
                        "Team 1":"VOLLEY-BALL PEXINOIS N",
                        "Team 2":"CEP POITIERS\/ST BENOIT"
                    },
                    "Starting":{
                        "Team 1":"Service",
                        "Team 2":"Reception"
                    }
                },
                "Set 2":{
                    "Name":{
                        "Team 1":"VOLLEY-BALL PEXINOIS N",
                        "Team 2":"CEP POITIERS\/ST BENOIT"
                    },
                    "Starting":{
                        "Team 1":"Reception",
                        "Team 2":"Service"
                    }
                },
                "Set 3":{
                    "Name":{
                        "Team 1":"VOLLEY-BALL PEXINOIS N",
                        "Team 2":"CEP POITIERS\/ST BENOIT"
                    },
                    "Starting":{
                        "Team 1":"Service",
                        "Team 2":"Reception"
                    }
                },
                "Set 4":0,
                "Set 5":0
            },
            "Time":{
                "Set 1":{
                    "Time":{
                        "Start":"2020-01-26 14:00:00",
                        "End":"2020-01-26 14:26:00"
                    }
                },
                "Set 2":{
                    "Time":{
                        "Start":"2020-01-26 14:29:00",
                        "End":"2020-01-26 14:55:00"
                    }
                },
                "Set 3":{
                    "Time":{
                        "Start":"2020-01-26 14:57:00",
                        "End":"2020-01-26 15:24:00"
                    }
                },
                "Set 4":0,
                "Set 5":0
            },
            "Substitutions 1":{
                "Set 1":{
                    "I":{
                        "0":2.0,
                        "1":null,
                        "2":null
                    },
                    "II":{
                        "0":1.0,
                        "1":null,
                        "2":null
                    },
                    "III":{
                        "0":"7",
                        "1":"6",
                        "2":"21:6"
                    },
                    "IV":{
                        "0":11.0,
                        "1":null,
                        "2":null
                    },
                    "V":{
                        "0":10.0,
                        "1":null,
                        "2":null
                    },
                    "VI":{
                        "0":4.0,
                        "1":null,
                        "2":null
                    }
                },
                "Set 2":{
                    "I":{
                        "0":2
                    },
                    "II":{
                        "0":1
                    },
                    "III":{
                        "0":6
                    },
                    "IV":{
                        "0":11
                    },
                    "V":{
                        "0":10
                    },
                    "VI":{
                        "0":4
                    }
                },
                "Set 3":{
                    "I":{
                        "0":2.0,
                        "1":null,
                        "2":null
                    },
                    "II":{
                        "0":1.0,
                        "1":null,
                        "2":null
                    },
                    "III":{
                        "0":7.0,
                        "1":null,
                        "2":null
                    },
                    "IV":{
                        "0":11.0,
                        "1":null,
                        "2":null
                    },
                    "V":{
                        "0":8.0,
                        "1":null,
                        "2":null
                    },
                    "VI":{
                        "0":"4",
                        "1":"6",
                        "2":"24:14"
                    }
                },
                "Set 4":0,
                "Set 5":0
            },
            "Substitutions 2":{
                "Set 1":{
                    "I":{
                        "0":9.0,
                        "1":null,
                        "2":null
                    },
                    "II":{
                        "0":6.0,
                        "1":null,
                        "2":null
                    },
                    "III":{
                        "0":1.0,
                        "1":null,
                        "2":null
                    },
                    "IV":{
                        "0":13.0,
                        "1":null,
                        "2":null
                    },
                    "V":{
                        "0":7.0,
                        "1":null,
                        "2":null
                    },
                    "VI":{
                        "0":"5",
                        "1":"3",
                        "2":"4:14"
                    }
                },
                "Set 2":{
                    "I":{
                        "0":6.0,
                        "1":null,
                        "2":null
                    },
                    "II":{
                        "0":1.0,
                        "1":null,
                        "2":null
                    },
                    "III":{
                        "0":13.0,
                        "1":null,
                        "2":null
                    },
                    "IV":{
                        "0":7.0,
                        "1":null,
                        "2":null
                    },
                    "V":{
                        "0":"5",
                        "1":"3",
                        "2":"13:21"
                    },
                    "VI":{
                        "0":9.0,
                        "1":null,
                        "2":null
                    }
                },
                "Set 3":{
                    "I":{
                        "0":9.0,
                        "1":null,
                        "2":null
                    },
                    "II":{
                        "0":6.0,
                        "1":null,
                        "2":null
                    },
                    "III":{
                        "0":1.0,
                        "1":null,
                        "2":null
                    },
                    "IV":{
                        "0":13.0,
                        "1":null,
                        "2":null
                    },
                    "V":{
                        "0":7.0,
                        "1":null,
                        "2":null
                    },
                    "VI":{
                        "0":"5",
                        "1":"3",
                        "2":"14:23"
                    }
                },
                "Set 4":0,
                "Set 5":0
            },
            "Serves 1":{
                "Set 1":{
                    "I":{
                        "0":"4",
                        "1":21
                    },
                    "II":{
                        "0":"5",
                        "1":22
                    },
                    "III":{
                        "0":"7",
                        "1":24
                    },
                    "IV":{
                        "0":"12",
                        "1":25
                    },
                    "V":{
                        "0":"14",
                        "1":null
                    },
                    "VI":{
                        "0":"15",
                        "1":null
                    }
                },
                "Set 2":{
                    "I":{
                        "0":null,
                        "1":15.0,
                        "2":25.0
                    },
                    "II":{
                        "0":"1",
                        "1":16.0,
                        "2":null
                    },
                    "III":{
                        "0":"7",
                        "1":17.0,
                        "2":null
                    },
                    "IV":{
                        "0":"8",
                        "1":19.0,
                        "2":null
                    },
                    "V":{
                        "0":"9",
                        "1":21.0,
                        "2":null
                    },
                    "VI":{
                        "0":"12",
                        "1":24.0,
                        "2":null
                    }
                },
                "Set 3":{
                    "I":{
                        "0":"1",
                        "1":15,
                        "2":25
                    },
                    "II":{
                        "0":"3",
                        "1":16.0,
                        "2":null
                    },
                    "III":{
                        "0":"4",
                        "1":20.0,
                        "2":null
                    },
                    "IV":{
                        "0":"5",
                        "1":21.0,
                        "2":null
                    },
                    "V":{
                        "0":"9",
                        "1":23.0,
                        "2":null
                    },
                    "VI":{
                        "0":"13",
                        "1":24.0,
                        "2":null
                    }
                },
                "Set 4":0,
                "Set 5":0
            },
            "Serves 2":{
                "Set 1":{
                    "I":{
                        "0":null,
                        "1":6.0
                    },
                    "II":{
                        "0":"1",
                        "1":11
                    },
                    "III":{
                        "0":"2",
                        "1":14
                    },
                    "IV":{
                        "0":"3",
                        "1":15
                    },
                    "V":{
                        "0":"4",
                        "1":null
                    },
                    "VI":{
                        "0":"5",
                        "1":null
                    }
                },
                "Set 2":{
                    "I":{
                        "0":"0",
                        "1":8
                    },
                    "II":{
                        "0":"1",
                        "1":10
                    },
                    "III":{
                        "0":"2",
                        "1":11
                    },
                    "IV":{
                        "0":"3",
                        "1":12
                    },
                    "V":{
                        "0":"5",
                        "1":15
                    },
                    "VI":{
                        "0":"7",
                        "1":18
                    }
                },
                "Set 3":{
                    "I":{
                        "0":null,
                        "1":8.0,
                        "2":15.0
                    },
                    "II":{
                        "0":"1",
                        "1":10.0,
                        "2":null
                    },
                    "III":{
                        "0":"2",
                        "1":11.0,
                        "2":null
                    },
                    "IV":{
                        "0":"4",
                        "1":12.0,
                        "2":null
                    },
                    "V":{
                        "0":"5",
                        "1":13.0,
                        "2":null
                    },
                    "VI":{
                        "0":"6",
                        "1":14.0,
                        "2":null
                    }
                },
                "Set 4":0,
                "Set 5":0
            },
            "Timeouts 1":{
                "Set 1":{
                    "T":{
                        "0":"22:14"
                    }
                },
                "Set 2":{
                    "T":{

                    }
                },
                "Set 3":{
                    "T":{
                        "0":"16:11"
                    }
                },
                "Set 4":0,
                "Set 5":0
            },
            "Timeouts 2":{
                "Set 1":{
                    "T":{
                        "0":"0:4",
                        "1":"3:11"
                    }
                },
                "Set 2":{
                    "T":{
                        "0":"1:6",
                        "1":"7:15"
                    }
                },
                "Set 3":{
                    "T":{
                        "0":"6:12",
                        "1":"11:19"
                    }
                },
                "Set 4":0,
                "Set 5":0
            }
        },
        "Teams":{
            "Name":{
                "Team 1":"VOLLEY-BALL PEXINOIS NIORT",
                "Team 2":"CEP POITIERS\/ST BENOIT V.B. 2"
            },
            "Players":{
                "Team 1":{
                    "N\u00b0":{
                        "0":1,
                        "1":2,
                        "2":4,
                        "3":6,
                        "4":7,
                        "5":8,
                        "6":9,
                        "7":10,
                        "8":11,
                        "9":12,
                        "10":14
                    },
                    "Nom Pr\u00e9nom":{
                        "0":"BELL LACEY",
                        "1":"CHOJNACKA OLGA",
                        "2":"AMEGNANGLO FLORIANE",
                        "3":"JORDA MAUD",
                        "4":"FIAFIALOTO TEKELA",
                        "5":"MINGORANCE AMSETOU MBEYOUM",
                        "6":"BELENG ROSE",
                        "7":"TAUOTA MALIA-VIANE",
                        "8":"BASSONG ANNE TAMERA",
                        "9":"CARPENTIER JULIE",
                        "10":"BAUDOUIN CAMILLE"
                    },
                    "Licence":{
                        "0":"1808538",
                        "1":"1990091",
                        "2":"1821562",
                        "3":"1894535",
                        "4":"2122679",
                        "5":"O1757868",
                        "6":"1591344",
                        "7":"2224295",
                        "8":"2119516",
                        "9":"1209777",
                        "10":"1882629"
                    }
                },
                "Team 2":{
                    "N\u00b0":{
                        "0":1,
                        "1":3,
                        "2":5,
                        "3":6,
                        "4":7,
                        "5":9,
                        "6":13,
                        "7":14
                    },
                    "Nom Pr\u00e9nom":{
                        "0":"LADOS EMMANUELLE",
                        "1":"MICHAUD EVA",
                        "2":"VAN DER BEEK RACHEL",
                        "3":"RAMAYE ELIJAH",
                        "4":"SEGUY MALINA",
                        "5":"ABASSI LUANA",
                        "6":"BODIN CLARISSE",
                        "7":"PRINCE MELINE"
                    },
                    "Licence":{
                        "0":1415095,
                        "1":1946220,
                        "2":1995774,
                        "3":2154226,
                        "4":2095155,
                        "5":2147289,
                        "6":2243464,
                        "7":1862908
                    }
                }
            },
            "Liberos":{
                "Team 1":{
                    "N\u00b0":{
                        "0":12,
                        "1":14
                    },
                    "Nom Pr\u00e9nom":{
                        "0":"CARPENTIER JULIE",
                        "1":"BAUDOUIN CAMILLE"
                    },
                    "Licence":{
                        "0":1209777,
                        "1":1882629
                    }
                },
                "Team 2":{
                    "N\u00b0":{
                        "0":14
                    },
                    "Nom Pr\u00e9nom":{
                        "0":"PRINCE MELINE"
                    },
                    "Licence":{
                        "0":1862908
                    }
                }
            },
            "Officials":{
                "Team 1":{
                    "N\u00b0":{
                        "0":"EA",
                        "1":"EB"
                    },
                    "Nom Pr\u00e9nom":{
                        "0":"BELENG ROSE",
                        "1":"HIBERT PASCAL"
                    },
                    "Licence":{
                        "0":1591344,
                        "1":1229836
                    }
                },
                "Team 2":{
                    "N\u00b0":{
                        "0":"EA",
                        "1":"EB"
                    },
                    "Nom Pr\u00e9nom":{
                        "0":"GRUEL HUGO",
                        "1":"BERNELIN SEBASTIEN"
                    },
                    "Licence":{
                        "0":1658475,
                        "1":1668612
                    }
                }
            }
        },
        "Results":{
            "winner":"VOLLEY-BALL PEXINOIS N",
            "score":"3\/0"
        },
        "Referees":{
            "NOM Pr\u00e9nom":{
                "1er":"TANGUY LUDIVINE",
                "2\u00e8me":"PAILLAT FREDERIC",
                "Marqueur":"WESLY MATTHIEU",
                "Marq.Ass":".",
                "R.Salle":"DEHESDIN HERV\u00c9"
            },
            "Ligue":{
                "1er":"LIG_PL",
                "2\u00e8me":"LIG_PL",
                "Marqueur":"LIG_AQ",
                "Marq.Ass":null,
                "R.Salle":null
            },
            "Licence":{
                "1er":1795215.0,
                "2\u00e8me":1049032.0,
                "Marqueur":1995850.0,
                "Marq.Ass":null,
                "R.Salle":2311943.0
            }
        },
        "Penalties":{

        }
    }
}