{
    "Match":{
        "Title":{
            "div_code":"3FG ",
            "div_name":"NATIONALE 3 FEMININE POULE G",
            "div_pool":"",
            "match_number":"3FG054",
            "match_day":"09",
            "city":"ST BENOIT",
            "gym":"SALLE DU GRAVION",
            "category":"SENIOR | FEMININE",
            "ligue":"Comp\u00e9titions Nationales SENIORS",
            "date":"2020-01-12 15:00:00",
            "team_1":"CEP POITIERS\/ST BENOIT V.B. 2",
            "team_2":"VOLLEY-BALL NANTES 3"
        },
        "Sets":{
            "Teams":{
                "Set 1":{
                    "Name":{
                        "Team 1":"CEP POITIERS\/ST BENOIT",
                        "Team 2":"VOLLEY-BALL NANTES 3"
                    },
                    "Starting":{
                        "Team 1":"Reception",
                        "Team 2":"Service"
                    }
                },
                "Set 2":{
                    "Name":{
                        "Team 1":"CEP POITIERS\/ST BENOIT",
                        "Team 2":"VOLLEY-BALL NANTES 3"
                    },
                    "Starting":{
                        "Team 1":"Service",
                        "Team 2":"Reception"
                    }
                },
                "Set 3":{
                    "Name":{
                        "Team 1":"CEP POITIERS\/ST BENOIT",
                        "Team 2":"VOLLEY-BALL NANTES 3"
                    },
                    "Starting":{
                        "Team 1":"Reception",
                        "Team 2":"Service"
                    }
                },
                "Set 4":0,
                "Set 5":0
            },
            "Time":{
                "Set 1":{
                    "Time":{
                        "Start":"2020-01-12 14:58:00",
                        "End":"2020-01-12 15:23:00"
                    }
                },
                "Set 2":{
                    "Time":{
                        "Start":"2020-01-12 15:26:00",
                        "End":"2020-01-12 15:51:00"
                    }
                },
                "Set 3":{
                    "Time":{
                        "Start":"2020-01-12 15:54:00",
                        "End":"2020-01-12 16:20:00"
                    }
                },
                "Set 4":0,
                "Set 5":0
            },
            "Substitutions 1":{
                "Set 1":{
                    "I":{
                        "0":13.0,
                        "1":null,
                        "2":null,
                        "3":null
                    },
                    "II":{
                        "0":6.0,
                        "1":null,
                        "2":null,
                        "3":null
                    },
                    "III":{
                        "0":14.0,
                        "1":null,
                        "2":null,
                        "3":null
                    },
                    "IV":{
                        "0":"8",
                        "1":"11",
                        "2":"21:13",
                        "3":"24:16"
                    },
                    "V":{
                        "0":7.0,
                        "1":null,
                        "2":null,
                        "3":null
                    },
                    "VI":{
                        "0":3.0,
                        "1":null,
                        "2":null,
                        "3":null
                    }
                },
                "Set 2":{
                    "I":{
                        "0":6
                    },
                    "II":{
                        "0":14
                    },
                    "III":{
                        "0":8
                    },
                    "IV":{
                        "0":7
                    },
                    "V":{
                        "0":3
                    },
                    "VI":{
                        "0":13
                    }
                },
                "Set 3":{
                    "I":{
                        "0":13.0,
                        "1":null,
                        "2":null
                    },
                    "II":{
                        "0":6.0,
                        "1":null,
                        "2":null
                    },
                    "III":{
                        "0":14.0,
                        "1":null,
                        "2":null
                    },
                    "IV":{
                        "0":"8",
                        "1":"11",
                        "2":"22:15"
                    },
                    "V":{
                        "0":7.0,
                        "1":null,
                        "2":null
                    },
                    "VI":{
                        "0":"3",
                        "1":"5",
                        "2":"21:9"
                    }
                },
                "Set 4":0,
                "Set 5":0
            },
            "Substitutions 2":{
                "Set 1":{
                    "I":{
                        "0":4.0,
                        "1":null,
                        "2":null
                    },
                    "II":{
                        "0":12.0,
                        "1":null,
                        "2":null
                    },
                    "III":{
                        "0":"2",
                        "1":"11",
                        "2":"8:15"
                    },
                    "IV":{
                        "0":8.0,
                        "1":null,
                        "2":null
                    },
                    "V":{
                        "0":14.0,
                        "1":null,
                        "2":null
                    },
                    "VI":{
                        "0":"9",
                        "1":"6",
                        "2":"8:15"
                    }
                },
                "Set 2":{
                    "I":{
                        "0":6.0,
                        "1":null,
                        "2":null
                    },
                    "II":{
                        "0":11.0,
                        "1":null,
                        "2":null
                    },
                    "III":{
                        "0":14.0,
                        "1":null,
                        "2":null
                    },
                    "IV":{
                        "0":9.0,
                        "1":null,
                        "2":null
                    },
                    "V":{
                        "0":"8",
                        "1":"4",
                        "2":"5:12"
                    },
                    "VI":{
                        "0":12.0,
                        "1":null,
                        "2":null
                    }
                },
                "Set 3":{
                    "I":{
                        "0":12.0,
                        "1":null,
                        "2":null
                    },
                    "II":{
                        "0":"2",
                        "1":"6",
                        "2":"8:18"
                    },
                    "III":{
                        "0":"11",
                        "1":"8",
                        "2":"3:11"
                    },
                    "IV":{
                        "0":14.0,
                        "1":null,
                        "2":null
                    },
                    "V":{
                        "0":9.0,
                        "1":null,
                        "2":null
                    },
                    "VI":{
                        "0":4.0,
                        "1":null,
                        "2":null
                    }
                },
                "Set 4":0,
                "Set 5":0
            },
            "Serves 1":{
                "Set 1":{
                    "I":{
                        "0":null,
                        "1":17.0,
                        "2":24.0
                    },
                    "II":{
                        "0":"1",
                        "1":18,
                        "2":25
                    },
                    "III":{
                        "0":"6",
                        "1":20.0,
                        "2":null
                    },
                    "IV":{
                        "0":"9",
                        "1":21.0,
                        "2":null
                    },
                    "V":{
                        "0":"12",
                        "1":22.0,
                        "2":null
                    },
                    "VI":{
                        "0":"13",
                        "1":23.0,
                        "2":null
                    }
                },
                "Set 2":{
                    "I":{
                        "0":"2",
                        "1":15
                    },
                    "II":{
                        "0":"5",
                        "1":16
                    },
                    "III":{
                        "0":"7",
                        "1":17
                    },
                    "IV":{
                        "0":"11",
                        "1":18
                    },
                    "V":{
                        "0":"12",
                        "1":21
                    },
                    "VI":{
                        "0":"14",
                        "1":25
                    }
                },
                "Set 3":{
                    "I":{
                        "0":null,
                        "1":15.0
                    },
                    "II":{
                        "0":"3",
                        "1":20
                    },
                    "III":{
                        "0":"4",
                        "1":21
                    },
                    "IV":{
                        "0":"7",
                        "1":23
                    },
                    "V":{
                        "0":"11",
                        "1":25
                    },
                    "VI":{
                        "0":"12",
                        "1":null
                    }
                },
                "Set 4":0,
                "Set 5":0
            },
            "Serves 2":{
                "Set 1":{
                    "I":{
                        "0":"0",
                        "1":10,
                        "2":17
                    },
                    "II":{
                        "0":"4",
                        "1":12.0,
                        "2":null
                    },
                    "III":{
                        "0":"5",
                        "1":13.0,
                        "2":null
                    },
                    "IV":{
                        "0":"6",
                        "1":14.0,
                        "2":null
                    },
                    "V":{
                        "0":"7",
                        "1":15.0,
                        "2":null
                    },
                    "VI":{
                        "0":"8",
                        "1":16.0,
                        "2":null
                    }
                },
                "Set 2":{
                    "I":{
                        "0":null,
                        "1":8.0
                    },
                    "II":{
                        "0":"1",
                        "1":10
                    },
                    "III":{
                        "0":"3",
                        "1":11
                    },
                    "IV":{
                        "0":"4",
                        "1":13
                    },
                    "V":{
                        "0":"5",
                        "1":14
                    },
                    "VI":{
                        "0":"6",
                        "1":15
                    }
                },
                "Set 3":{
                    "I":{
                        "0":"0",
                        "1":8
                    },
                    "II":{
                        "0":"1",
                        "1":9
                    },
                    "III":{
                        "0":"2",
                        "1":15
                    },
                    "IV":{
                        "0":"3",
                        "1":16
                    },
                    "V":{
                        "0":"4",
                        "1":null
                    },
                    "VI":{
                        "0":"5",
                        "1":null
                    }
                },
                "Set 4":0,
                "Set 5":0
            },
            "Timeouts 1":{
                "Set 1":{
                    "T":{
                        "0":"18:12"
                    }
                },
                "Set 2":{
                    "T":{
                        "0":"15:10"
                    }
                },
                "Set 3":{
                    "T":{
                        "0":"15:8",
                        "1":"21:14"
                    }
                },
                "Set 4":0,
                "Set 5":0
            },
            "Timeouts 2":{
                "Set 1":{
                    "T":{
                        "0":"4:6",
                        "1":"6:12"
                    }
                },
                "Set 2":{
                    "T":{
                        "0":"4:11",
                        "1":"14:20"
                    }
                },
                "Set 3":{
                    "T":{
                        "0":"3:10",
                        "1":"8:20"
                    }
                },
                "Set 4":0,
                "Set 5":0
            }
        },
        "Teams":{
            "Name":{
                "Team 1":"CEP POITIERS\/ST BENOIT V.B. 2",
                "Team 2":"VOLLEY-BALL NANTES 3"
            },
            "Players":{
                "Team 1":{
                    "N\u00b0":{
                        "0":1,
                        "1":3,
                        "2":5,
                        "3":6,
                        "4":7,
                        "5":8,
                        "6":11,
                        "7":12,
                        "8":13,
                        "9":14
                    },
                    "Nom Pr\u00e9nom":{
                        "0":"MRANI ALAOUI YASMINA",
                        "1":"MICHAUD EVA",
                        "2":"VAN DER BEEK RACHEL",
                        "3":"RAMAYE ELIJAH",
                        "4":"SEGUY MALINA",
                        "5":"PELAT EMILIE",
                        "6":"GOUET-BORDES ANGELE",
                        "7":"PRINCE MELINE",
                        "8":"BODIN CLARISSE",
                        "9":"LADOS EMMANUELLE"
                    },
                    "Licence":{
                        "0":1814475,
                        "1":1946220,
                        "2":1995774,
                        "3":2154226,
                        "4":2095155,
                        "5":1365595,
                        "6":2059476,
                        "7":1862908,
                        "8":2243464,
                        "9":1415095
                    }
                },
                "Team 2":{
                    "N\u00b0":{
                        "0":2,
                        "1":4,
                        "2":6,
                        "3":8,
                        "4":9,
                        "5":10,
                        "6":11,
                        "7":12,
                        "8":14,
                        "9":17
                    },
                    "Nom Pr\u00e9nom":{
                        "0":"CADET ADELINE",
                        "1":"BLONDEL L\u00c9A",
                        "2":"PICHERIT ROMANE",
                        "3":"POUSSIER ANNA",
                        "4":"RATEAU ASTRID",
                        "5":"GIRAUD DIANE",
                        "6":"LAVAIRE MARIETA",
                        "7":"SANOU THEMIS",
                        "8":"MARSAT MARIE",
                        "9":"MERLOZ THELMA"
                    },
                    "Licence":{
                        "0":1621766,
                        "1":1906418,
                        "2":1859458,
                        "3":2189234,
                        "4":1990305,
                        "5":1908774,
                        "6":2309469,
                        "7":2139630,
                        "8":1652489,
                        "9":1906576
                    }
                }
            },
            "Liberos":{
                "Team 1":{
                    "N\u00b0":{
                        "0":12
                    },
                    "Nom Pr\u00e9nom":{
                        "0":"PRINCE MELINE"
                    },
                    "Licence":{
                        "0":1862908
                    }
                },
                "Team 2":{
                    "N\u00b0":{
                        "0":17
                    },
                    "Nom Pr\u00e9nom":{
                        "0":"MERLOZ THELMA"
                    },
                    "Licence":{
                        "0":1906576
                    }
                }
            },
            "Officials":{
                "Team 1":{
                    "N\u00b0":{
                        "0":"EA",
                        "1":"EB"
                    },
                    "Nom Pr\u00e9nom":{
                        "0":"GRUEL HUGO",
                        "1":"BERNELIN SEBASTIEN"
                    },
                    "Licence":{
                        "0":1658475,
                        "1":1668612
                    }
                },
                "Team 2":{
                    "N\u00b0":{
                        "0":"EA"
                    },
                    "Nom Pr\u00e9nom":{
                        "0":"MASSON LOIC"
                    },
                    "Licence":{
                        "0":1547798
                    }
                }
            }
        },
        "Results":{
            "winner":"CEP POITIERS\/ST BENOIT",
            "score":"3\/0"
        },
        "Referees":{
            "NOM Pr\u00e9nom":{
                "1er":"GUERTIN SYLVAIN",
                "2\u00e8me":"PEDRETTI NATHALIE",
                "Marqueur":"LIECHTY SYDNEY",
                "Marq.Ass":".",
                "R.Salle":"BROTHIER BENJAMIN"
            },
            "Ligue":{
                "1er":"LIG_CE",
                "2\u00e8me":"LIG_AQ",
                "Marqueur":"LIG_AQ",
                "Marq.Ass":null,
                "R.Salle":"LIG_AQ"
            },
            "Licence":{
                "1er":1770106.0,
                "2\u00e8me":327346.0,
                "Marqueur":2139801.0,
                "Marq.Ass":null,
                "R.Salle":1105781.0
            }
        },
        "Penalties":{

        }
    }
}