{
    "Match":{
        "Title":{
            "div_code":"3FG ",
            "div_name":"NATIONALE 3 FEMININE POULE G",
            "div_pool":"",
            "match_number":"3FG062",
            "match_day":"11",
            "city":"VANNES",
            "gym":"SALLE OMNISPORTS DE KERCADO",
            "category":"SENIOR | FEMININE",
            "ligue":"Comp\u00e9titions Nationales SENIORS",
            "date":"2020-01-26 14:00:00",
            "team_1":"VANNES VOLLEY 56",
            "team_2":"SPORTING CLUB DE L OUEST"
        },
        "Sets":{
            "Teams":{
                "Set 1":{
                    "Name":{
                        "Team 1":"SPORTING CLUB DE L OUE",
                        "Team 2":"VANNES VOLLEY 56"
                    },
                    "Starting":{
                        "Team 1":"Service",
                        "Team 2":"Reception"
                    }
                },
                "Set 2":{
                    "Name":{
                        "Team 1":"SPORTING CLUB DE L OUE",
                        "Team 2":"VANNES VOLLEY 56"
                    },
                    "Starting":{
                        "Team 1":"Reception",
                        "Team 2":"Service"
                    }
                },
                "Set 3":{
                    "Name":{
                        "Team 1":"SPORTING CLUB DE L OUE",
                        "Team 2":"VANNES VOLLEY 56"
                    },
                    "Starting":{
                        "Team 1":"Service",
                        "Team 2":"Reception"
                    }
                },
                "Set 4":{
                    "Name":{
                        "Team 1":"SPORTING CLUB DE L OUE",
                        "Team 2":"VANNES VOLLEY 56"
                    },
                    "Starting":{
                        "Team 1":"Reception",
                        "Team 2":"Service"
                    }
                },
                "Set 5":0
            },
            "Time":{
                "Set 1":{
                    "Time":{
                        "Start":"2020-01-26 14:01:00",
                        "End":"2020-01-26 14:32:00"
                    }
                },
                "Set 2":{
                    "Time":{
                        "Start":"2020-01-26 14:35:00",
                        "End":"2020-01-26 15:03:00"
                    }
                },
                "Set 3":{
                    "Time":{
                        "Start":"2020-01-26 15:06:00",
                        "End":"2020-01-26 15:33:00"
                    }
                },
                "Set 4":{
                    "Time":{
                        "Start":"2020-01-26 15:37:00",
                        "End":"2020-01-26 16:03:00"
                    }
                },
                "Set 5":0
            },
            "Substitutions 1":{
                "Set 1":{
                    "I":{
                        "0":9.0,
                        "1":null,
                        "2":null
                    },
                    "II":{
                        "0":10.0,
                        "1":null,
                        "2":null
                    },
                    "III":{
                        "0":"3",
                        "1":"7",
                        "2":"19:23"
                    },
                    "IV":{
                        "0":4.0,
                        "1":null,
                        "2":null
                    },
                    "V":{
                        "0":16.0,
                        "1":null,
                        "2":null
                    },
                    "VI":{
                        "0":"2",
                        "1":"1",
                        "2":"19:23"
                    }
                },
                "Set 2":{
                    "I":{
                        "0":"2",
                        "1":"1",
                        "2":"23:18"
                    },
                    "II":{
                        "0":9.0,
                        "1":null,
                        "2":null
                    },
                    "III":{
                        "0":10.0,
                        "1":null,
                        "2":null
                    },
                    "IV":{
                        "0":3.0,
                        "1":null,
                        "2":null
                    },
                    "V":{
                        "0":4.0,
                        "1":null,
                        "2":null
                    },
                    "VI":{
                        "0":16.0,
                        "1":null,
                        "2":null
                    }
                },
                "Set 3":{
                    "I":{
                        "0":9.0,
                        "1":null,
                        "2":null
                    },
                    "II":{
                        "0":10.0,
                        "1":null,
                        "2":null
                    },
                    "III":{
                        "0":"3",
                        "1":"7",
                        "2":"16:14"
                    },
                    "IV":{
                        "0":4.0,
                        "1":null,
                        "2":null
                    },
                    "V":{
                        "0":16.0,
                        "1":null,
                        "2":null
                    },
                    "VI":{
                        "0":"2",
                        "1":"1",
                        "2":"8:9"
                    }
                },
                "Set 4":{
                    "I":{
                        "0":1
                    },
                    "II":{
                        "0":9
                    },
                    "III":{
                        "0":10
                    },
                    "IV":{
                        "0":7
                    },
                    "V":{
                        "0":4
                    },
                    "VI":{
                        "0":16
                    }
                },
                "Set 5":0
            },
            "Substitutions 2":{
                "Set 1":{
                    "I":{
                        "0":"10",
                        "1":"12",
                        "2":"24:20"
                    },
                    "II":{
                        "0":11.0,
                        "1":null,
                        "2":null
                    },
                    "III":{
                        "0":"17",
                        "1":"2",
                        "2":"13:12"
                    },
                    "IV":{
                        "0":8.0,
                        "1":null,
                        "2":null
                    },
                    "V":{
                        "0":19.0,
                        "1":null,
                        "2":null
                    },
                    "VI":{
                        "0":4.0,
                        "1":null,
                        "2":null
                    }
                },
                "Set 2":{
                    "I":{
                        "0":"12",
                        "1":"10",
                        "2":"12:20"
                    },
                    "II":{
                        "0":11.0,
                        "1":null,
                        "2":null
                    },
                    "III":{
                        "0":2.0,
                        "1":null,
                        "2":null
                    },
                    "IV":{
                        "0":8.0,
                        "1":null,
                        "2":null
                    },
                    "V":{
                        "0":"19",
                        "1":"14",
                        "2":"8:15"
                    },
                    "VI":{
                        "0":4.0,
                        "1":null,
                        "2":null
                    }
                },
                "Set 3":{
                    "I":{
                        "0":8.0,
                        "1":null,
                        "2":null
                    },
                    "II":{
                        "0":"14",
                        "1":"19",
                        "2":"9:13"
                    },
                    "III":{
                        "0":4.0,
                        "1":null,
                        "2":null
                    },
                    "IV":{
                        "0":"10",
                        "1":"12",
                        "2":"17:22"
                    },
                    "V":{
                        "0":11.0,
                        "1":null,
                        "2":null
                    },
                    "VI":{
                        "0":2.0,
                        "1":null,
                        "2":null
                    }
                },
                "Set 4":{
                    "I":{
                        "0":"12",
                        "1":"10",
                        "2":"7:12",
                        "3":"10:20"
                    },
                    "II":{
                        "0":11.0,
                        "1":null,
                        "2":null,
                        "3":null
                    },
                    "III":{
                        "0":2.0,
                        "1":null,
                        "2":null,
                        "3":null
                    },
                    "IV":{
                        "0":8.0,
                        "1":null,
                        "2":null,
                        "3":null
                    },
                    "V":{
                        "0":19.0,
                        "1":null,
                        "2":null,
                        "3":null
                    },
                    "VI":{
                        "0":"4",
                        "1":"17",
                        "2":"7:10",
                        "3":"11:21"
                    }
                },
                "Set 5":0
            },
            "Serves 1":{
                "Set 1":{
                    "I":{
                        "0":"0",
                        "1":14,
                        "2":22
                    },
                    "II":{
                        "0":"1",
                        "1":15.0,
                        "2":null
                    },
                    "III":{
                        "0":"2",
                        "1":16.0,
                        "2":null
                    },
                    "IV":{
                        "0":"3",
                        "1":17.0,
                        "2":null
                    },
                    "V":{
                        "0":"10",
                        "1":19.0,
                        "2":null
                    },
                    "VI":{
                        "0":"12",
                        "1":20.0,
                        "2":null
                    }
                },
                "Set 2":{
                    "I":{
                        "0":null,
                        "1":12.0,
                        "2":25.0
                    },
                    "II":{
                        "0":"3",
                        "1":16.0,
                        "2":null
                    },
                    "III":{
                        "0":"4",
                        "1":17.0,
                        "2":null
                    },
                    "IV":{
                        "0":"6",
                        "1":19.0,
                        "2":null
                    },
                    "V":{
                        "0":"10",
                        "1":21.0,
                        "2":null
                    },
                    "VI":{
                        "0":"11",
                        "1":22.0,
                        "2":null
                    }
                },
                "Set 3":{
                    "I":{
                        "0":"0",
                        "1":14,
                        "2":25
                    },
                    "II":{
                        "0":"3",
                        "1":15.0,
                        "2":null
                    },
                    "III":{
                        "0":"4",
                        "1":16.0,
                        "2":null
                    },
                    "IV":{
                        "0":"6",
                        "1":17.0,
                        "2":null
                    },
                    "V":{
                        "0":"7",
                        "1":18.0,
                        "2":null
                    },
                    "VI":{
                        "0":"13",
                        "1":20.0,
                        "2":null
                    }
                },
                "Set 4":{
                    "I":{
                        "0":null,
                        "1":20.0
                    },
                    "II":{
                        "0":"3",
                        "1":21
                    },
                    "III":{
                        "0":"4",
                        "1":24
                    },
                    "IV":{
                        "0":"5",
                        "1":25
                    },
                    "V":{
                        "0":"12",
                        "1":null
                    },
                    "VI":{
                        "0":"13",
                        "1":null
                    }
                },
                "Set 5":0
            },
            "Serves 2":{
                "Set 1":{
                    "I":{
                        "0":null,
                        "1":14.0,
                        "2":24.0
                    },
                    "II":{
                        "0":"1",
                        "1":15,
                        "2":25
                    },
                    "III":{
                        "0":"7",
                        "1":16.0,
                        "2":null
                    },
                    "IV":{
                        "0":"8",
                        "1":20.0,
                        "2":null
                    },
                    "V":{
                        "0":"10",
                        "1":21.0,
                        "2":null
                    },
                    "VI":{
                        "0":"13",
                        "1":23.0,
                        "2":null
                    }
                },
                "Set 2":{
                    "I":{
                        "0":"0",
                        "1":8
                    },
                    "II":{
                        "0":"1",
                        "1":10
                    },
                    "III":{
                        "0":"3",
                        "1":11
                    },
                    "IV":{
                        "0":"4",
                        "1":12
                    },
                    "V":{
                        "0":"5",
                        "1":15
                    },
                    "VI":{
                        "0":"7",
                        "1":18
                    }
                },
                "Set 3":{
                    "I":{
                        "0":null,
                        "1":11.0,
                        "2":17.0
                    },
                    "II":{
                        "0":"2",
                        "1":12.0,
                        "2":null
                    },
                    "III":{
                        "0":"3",
                        "1":13.0,
                        "2":null
                    },
                    "IV":{
                        "0":"4",
                        "1":14.0,
                        "2":null
                    },
                    "V":{
                        "0":"8",
                        "1":15.0,
                        "2":null
                    },
                    "VI":{
                        "0":"9",
                        "1":16.0,
                        "2":null
                    }
                },
                "Set 4":{
                    "I":{
                        "0":"2",
                        "1":11
                    },
                    "II":{
                        "0":"4",
                        "1":13
                    },
                    "III":{
                        "0":"6",
                        "1":15
                    },
                    "IV":{
                        "0":"7",
                        "1":null
                    },
                    "V":{
                        "0":"8",
                        "1":null
                    },
                    "VI":{
                        "0":"9",
                        "1":null
                    }
                },
                "Set 5":0
            },
            "Timeouts 1":{
                "Set 1":{
                    "T":{
                        "0":"1:5",
                        "1":"16:20"
                    }
                },
                "Set 2":{
                    "T":{
                        "0":"22:18"
                    }
                },
                "Set 3":{
                    "T":{

                    }
                },
                "Set 4":{
                    "T":{

                    }
                },
                "Set 5":0
            },
            "Timeouts 2":{
                "Set 1":{
                    "T":{
                        "0":"10:10",
                        "1":"21:19"
                    }
                },
                "Set 2":{
                    "T":{
                        "0":"18:23"
                    }
                },
                "Set 3":{
                    "T":{
                        "0":"9:12",
                        "1":"17:23"
                    }
                },
                "Set 4":{
                    "T":{
                        "0":"9:14",
                        "1":"13:22"
                    }
                },
                "Set 5":0
            }
        },
        "Teams":{
            "Name":{
                "Team 1":"VANNES VOLLEY 56",
                "Team 2":"SPORTING CLUB DE L OUEST"
            },
            "Players":{
                "Team 1":{
                    "N\u00b0":{
                        "0":2,
                        "1":4,
                        "2":8,
                        "3":10,
                        "4":11,
                        "5":12,
                        "6":14,
                        "7":15,
                        "8":17,
                        "9":19
                    },
                    "Nom Pr\u00e9nom":{
                        "0":"SERPETTE ANNAELLE",
                        "1":"COUCHOURON TIFENN",
                        "2":"NEDELEC MATHILDE",
                        "3":"DUBOURG CAMILLE",
                        "4":"LE BOZEC CLARA",
                        "5":"DUMAS LAETITIA",
                        "6":"PAYET REINE-CLAUDE",
                        "7":"PREVOSTO LUCILE",
                        "8":"BOHN ELEONORE",
                        "9":"LE BOULICAUT EVANE"
                    },
                    "Licence":{
                        "0":2045785,
                        "1":1148115,
                        "2":1894865,
                        "3":2050849,
                        "4":2221221,
                        "5":1823690,
                        "6":2424725,
                        "7":1346915,
                        "8":1426187,
                        "9":2039920
                    }
                },
                "Team 2":{
                    "N\u00b0":{
                        "0":1,
                        "1":2,
                        "2":3,
                        "3":4,
                        "4":7,
                        "5":9,
                        "6":10,
                        "7":12,
                        "8":16
                    },
                    "Nom Pr\u00e9nom":{
                        "0":"LENOIR CAMILLE",
                        "1":"CADOT JEANNE",
                        "2":"CHUPIN MA\u00cbLIE",
                        "3":"PREVOST MARGOT",
                        "4":"BESCO PELAGIE",
                        "5":"LENOIR MARGAUX",
                        "6":"MARLIERE JULIE",
                        "7":"HOARAU GLADYS",
                        "8":"AMIARD ORLANE"
                    },
                    "Licence":{
                        "0":2031751,
                        "1":2089357,
                        "2":1939795,
                        "3":2060556,
                        "4":2051605,
                        "5":2099975,
                        "6":1974637,
                        "7":1675590,
                        "8":1872616
                    }
                }
            },
            "Liberos":{
                "Team 1":{
                    "N\u00b0":{
                        "0":15
                    },
                    "Nom Pr\u00e9nom":{
                        "0":"PREVOSTO LUCILE"
                    },
                    "Licence":{
                        "0":1346915
                    }
                },
                "Team 2":{
                    "N\u00b0":{
                        "0":12
                    },
                    "Nom Pr\u00e9nom":{
                        "0":"HOARAU GLADYS"
                    },
                    "Licence":{
                        "0":1675590
                    }
                }
            },
            "Officials":{
                "Team 1":{
                    "N\u00b0":{
                        "0":"EA",
                        "1":"EB"
                    },
                    "Nom Pr\u00e9nom":{
                        "0":"LE BOULICAUT JEROME",
                        "1":"BLEJEAN AURELIEN"
                    },
                    "Licence":{
                        "0":1635350,
                        "1":2408561
                    }
                },
                "Team 2":{
                    "N\u00b0":{
                        "0":"EA"
                    },
                    "Nom Pr\u00e9nom":{
                        "0":"SAUVERVALD RICHARD"
                    },
                    "Licence":{
                        "0":1685708
                    }
                }
            }
        },
        "Results":{
            "winner":"SPORTING CLUB DE L OUE",
            "score":"3\/1"
        },
        "Referees":{
            "NOM Pr\u00e9nom":{
                "1er":"RIOUAT CHRISTOPHE",
                "2\u00e8me":"DUCHENE CECILIA",
                "Marqueur":"DEVLIEGHERE WENDY",
                "Marq.Ass":".",
                "R.Salle":"WOJNAROWSKI BARTEK"
            },
            "Ligue":{
                "1er":"LIG_BR",
                "2\u00e8me":"LIG_BR",
                "Marqueur":"LIG_BR",
                "Marq.Ass":null,
                "R.Salle":"LIG_BR"
            },
            "Licence":{
                "1er":1960848.0,
                "2\u00e8me":1957331.0,
                "Marqueur":2324030.0,
                "Marq.Ass":null,
                "R.Salle":1679730.0
            }
        },
        "Penalties":{

        }
    }
}