{
    "Match":{
        "Title":{
            "div_code":"3FG ",
            "div_name":"NATIONALE 3 FEMININE POULE G",
            "div_pool":"",
            "match_number":"3FG064",
            "match_day":"11",
            "city":"REZE",
            "gym":"GYMNASE LIBERGE",
            "category":"SENIOR | FEMININE",
            "ligue":"Comp\u00e9titions Nationales SENIORS",
            "date":"2020-01-26 16:00:00",
            "team_1":"ASB REZE",
            "team_2":"ETUDIANT CLUB ORLEANAIS"
        },
        "Sets":{
            "Teams":{
                "Set 1":{
                    "Name":{
                        "Team 1":"ETUDIANT CLUB ORLEANAI",
                        "Team 2":"ASB REZE"
                    },
                    "Starting":{
                        "Team 1":"Reception",
                        "Team 2":"Service"
                    }
                },
                "Set 2":{
                    "Name":{
                        "Team 1":"ETUDIANT CLUB ORLEANAI",
                        "Team 2":"ASB REZE"
                    },
                    "Starting":{
                        "Team 1":"Service",
                        "Team 2":"Reception"
                    }
                },
                "Set 3":{
                    "Name":{
                        "Team 1":"ETUDIANT CLUB ORLEANAI",
                        "Team 2":"ASB REZE"
                    },
                    "Starting":{
                        "Team 1":"Reception",
                        "Team 2":"Service"
                    }
                },
                "Set 4":0,
                "Set 5":0
            },
            "Time":{
                "Set 1":{
                    "Time":{
                        "Start":"2020-01-26 16:30:00",
                        "End":"2020-01-26 16:52:00"
                    }
                },
                "Set 2":{
                    "Time":{
                        "Start":"2020-01-26 16:55:00",
                        "End":"2020-01-26 17:27:00"
                    }
                },
                "Set 3":{
                    "Time":{
                        "Start":"2020-01-26 17:30:00",
                        "End":"2020-01-26 17:58:00"
                    }
                },
                "Set 4":0,
                "Set 5":0
            },
            "Substitutions 1":{
                "Set 1":{
                    "I":{
                        "0":3
                    },
                    "II":{
                        "0":10
                    },
                    "III":{
                        "0":1
                    },
                    "IV":{
                        "0":8
                    },
                    "V":{
                        "0":20
                    },
                    "VI":{
                        "0":9
                    }
                },
                "Set 2":{
                    "I":{
                        "0":3
                    },
                    "II":{
                        "0":10
                    },
                    "III":{
                        "0":1
                    },
                    "IV":{
                        "0":8
                    },
                    "V":{
                        "0":14
                    },
                    "VI":{
                        "0":9
                    }
                },
                "Set 3":{
                    "I":{
                        "0":7.0,
                        "1":null,
                        "2":null
                    },
                    "II":{
                        "0":10.0,
                        "1":null,
                        "2":null
                    },
                    "III":{
                        "0":"1",
                        "1":"12",
                        "2":"19:11"
                    },
                    "IV":{
                        "0":8.0,
                        "1":null,
                        "2":null
                    },
                    "V":{
                        "0":14.0,
                        "1":null,
                        "2":null
                    },
                    "VI":{
                        "0":9.0,
                        "1":null,
                        "2":null
                    }
                },
                "Set 4":0,
                "Set 5":0
            },
            "Substitutions 2":{
                "Set 1":{
                    "I":{
                        "0":"5",
                        "1":"9",
                        "2":"8:18"
                    },
                    "II":{
                        "0":"12",
                        "1":"10",
                        "2":"11:20"
                    },
                    "III":{
                        "0":"6",
                        "1":"1",
                        "2":"12:21"
                    },
                    "IV":{
                        "0":7.0,
                        "1":null,
                        "2":null
                    },
                    "V":{
                        "0":16.0,
                        "1":null,
                        "2":null
                    },
                    "VI":{
                        "0":3.0,
                        "1":null,
                        "2":null
                    }
                },
                "Set 2":{
                    "I":{
                        "0":3.0,
                        "1":null,
                        "2":null
                    },
                    "II":{
                        "0":9.0,
                        "1":null,
                        "2":null
                    },
                    "III":{
                        "0":16.0,
                        "1":null,
                        "2":null
                    },
                    "IV":{
                        "0":"6",
                        "1":"5",
                        "2":"21:23"
                    },
                    "V":{
                        "0":7.0,
                        "1":null,
                        "2":null
                    },
                    "VI":{
                        "0":"10",
                        "1":"12",
                        "2":"13:17"
                    }
                },
                "Set 3":{
                    "I":{
                        "0":"9",
                        "1":"5",
                        "2":"2:4",
                        "3":null
                    },
                    "II":{
                        "0":16.0,
                        "1":null,
                        "2":null,
                        "3":null
                    },
                    "III":{
                        "0":"6",
                        "1":"1",
                        "2":"11:18",
                        "3":null
                    },
                    "IV":{
                        "0":7.0,
                        "1":null,
                        "2":null,
                        "3":null
                    },
                    "V":{
                        "0":"12",
                        "1":"10",
                        "2":"8:11",
                        "3":"12:19"
                    },
                    "VI":{
                        "0":3.0,
                        "1":null,
                        "2":null,
                        "3":null
                    }
                },
                "Set 4":0,
                "Set 5":0
            },
            "Serves 1":{
                "Set 1":{
                    "I":{
                        "0":null,
                        "1":18.0
                    },
                    "II":{
                        "0":"2",
                        "1":21
                    },
                    "III":{
                        "0":"6",
                        "1":25
                    },
                    "IV":{
                        "0":"9",
                        "1":null
                    },
                    "V":{
                        "0":"14",
                        "1":null
                    },
                    "VI":{
                        "0":"15",
                        "1":null
                    }
                },
                "Set 2":{
                    "I":{
                        "0":"1",
                        "1":19
                    },
                    "II":{
                        "0":"2",
                        "1":20
                    },
                    "III":{
                        "0":"9",
                        "1":23
                    },
                    "IV":{
                        "0":"11",
                        "1":24
                    },
                    "V":{
                        "0":"17",
                        "1":25
                    },
                    "VI":{
                        "0":"18",
                        "1":null
                    }
                },
                "Set 3":{
                    "I":{
                        "0":null,
                        "1":14.0
                    },
                    "II":{
                        "0":"2",
                        "1":19
                    },
                    "III":{
                        "0":"6",
                        "1":20
                    },
                    "IV":{
                        "0":"7",
                        "1":24
                    },
                    "V":{
                        "0":"9",
                        "1":25
                    },
                    "VI":{
                        "0":"13",
                        "1":null
                    }
                },
                "Set 4":0,
                "Set 5":0
            },
            "Serves 2":{
                "Set 1":{
                    "I":{
                        "0":"0",
                        "1":11
                    },
                    "II":{
                        "0":"2",
                        "1":12
                    },
                    "III":{
                        "0":"4",
                        "1":null
                    },
                    "IV":{
                        "0":"5",
                        "1":null
                    },
                    "V":{
                        "0":"7",
                        "1":null
                    },
                    "VI":{
                        "0":"8",
                        "1":null
                    }
                },
                "Set 2":{
                    "I":{
                        "0":null,
                        "1":18.0
                    },
                    "II":{
                        "0":"2",
                        "1":19
                    },
                    "III":{
                        "0":"7",
                        "1":20
                    },
                    "IV":{
                        "0":"10",
                        "1":22
                    },
                    "V":{
                        "0":"13",
                        "1":23
                    },
                    "VI":{
                        "0":"17",
                        "1":null
                    }
                },
                "Set 3":{
                    "I":{
                        "0":"1",
                        "1":11
                    },
                    "II":{
                        "0":"2",
                        "1":15
                    },
                    "III":{
                        "0":"4",
                        "1":16
                    },
                    "IV":{
                        "0":"6",
                        "1":17
                    },
                    "V":{
                        "0":"8",
                        "1":null
                    },
                    "VI":{
                        "0":"9",
                        "1":null
                    }
                },
                "Set 4":0,
                "Set 5":0
            },
            "Timeouts 1":{
                "Set 1":{
                    "T":{

                    }
                },
                "Set 2":{
                    "T":{
                        "0":"17:16"
                    }
                },
                "Set 3":{
                    "T":{
                        "0":"19:14"
                    }
                },
                "Set 4":0,
                "Set 5":0
            },
            "Timeouts 2":{
                "Set 1":{
                    "T":{
                        "0":"5:12",
                        "1":"11:20"
                    }
                },
                "Set 2":{
                    "T":{
                        "0":"20:22"
                    }
                },
                "Set 3":{
                    "T":{
                        "0":"2:6",
                        "1":"16:22"
                    }
                },
                "Set 4":0,
                "Set 5":0
            }
        },
        "Teams":{
            "Name":{
                "Team 1":"ASB REZE",
                "Team 2":"ETUDIANT CLUB ORLEANAIS"
            },
            "Players":{
                "Team 1":{
                    "N\u00b0":{
                        "0":1,
                        "1":3,
                        "2":5,
                        "3":6,
                        "4":7,
                        "5":8,
                        "6":9,
                        "7":10,
                        "8":12,
                        "9":13,
                        "10":16
                    },
                    "Nom Pr\u00e9nom":{
                        "0":"B\u00dcSING DEBORAH",
                        "1":"RADZAJEWSKI DIANE",
                        "2":"DUBREUIL STEPHANIE",
                        "3":"TERRIER ROMANE",
                        "4":"BROHAN MAEVA",
                        "5":"SAFFARZADEH KERMANI LILA",
                        "6":"LEUGE MAILLET JUSTINE",
                        "7":"DELHOMME CLAIRE",
                        "8":"PATE MATHILDE",
                        "9":"COETMEUR CHARLOTTE",
                        "10":"SAMSON JUSTINE"
                    },
                    "Licence":{
                        "0":2260455,
                        "1":2359366,
                        "2":1376127,
                        "3":1995297,
                        "4":1892342,
                        "5":2047012,
                        "6":2302547,
                        "7":1451653,
                        "8":2147093,
                        "9":1655325,
                        "10":1633195
                    }
                },
                "Team 2":{
                    "N\u00b0":{
                        "0":1,
                        "1":3,
                        "2":7,
                        "3":8,
                        "4":9,
                        "5":10,
                        "6":11,
                        "7":12,
                        "8":14,
                        "9":20
                    },
                    "Nom Pr\u00e9nom":{
                        "0":"MARTELLIERE ELORA",
                        "1":"TAUVEL CHARLENE",
                        "2":"ACHANAD IMANE",
                        "3":"GIRAUD EMILIE",
                        "4":"AKA VAITIARE",
                        "5":"PADARE NICOLE",
                        "6":"SCHUB LAURIE-ANNE",
                        "7":"CLAVERIE JESSICA",
                        "8":"PICARD MARJORIE",
                        "9":"DUMONT FLORENCE"
                    },
                    "Licence":{
                        "0":1798607,
                        "1":1125373,
                        "2":2155440,
                        "3":1957587,
                        "4":2260363,
                        "5":2160824,
                        "6":1680316,
                        "7":1865868,
                        "8":1873285,
                        "9":1206369
                    }
                }
            },
            "Liberos":{
                "Team 1":{
                    "N\u00b0":{
                        "0":8,
                        "1":13
                    },
                    "Nom Pr\u00e9nom":{
                        "0":"SAFFARZADEH KERMANI LILA",
                        "1":"COETMEUR CHARLOTTE"
                    },
                    "Licence":{
                        "0":2047012,
                        "1":1655325
                    }
                },
                "Team 2":{
                    "N\u00b0":{
                        "0":11
                    },
                    "Nom Pr\u00e9nom":{
                        "0":"SCHUB LAURIE-ANNE"
                    },
                    "Licence":{
                        "0":1680316
                    }
                }
            },
            "Officials":{
                "Team 1":{
                    "N\u00b0":{
                        "0":"EA",
                        "1":"EB"
                    },
                    "Nom Pr\u00e9nom":{
                        "0":"GUILBAUD KEVIN",
                        "1":"CHEVALIER DOUN"
                    },
                    "Licence":{
                        "0":1795218,
                        "1":2171388
                    }
                },
                "Team 2":{
                    "N\u00b0":{
                        "0":"EA",
                        "1":"EB"
                    },
                    "Nom Pr\u00e9nom":{
                        "0":"RIVIERE FREDERIC",
                        "1":"VIEIRA MANUEL"
                    },
                    "Licence":{
                        "0":970777,
                        "1":1873204
                    }
                }
            }
        },
        "Results":{
            "winner":"ETUDIANT CLUB ORLEANAI",
            "score":"3\/0"
        },
        "Referees":{
            "NOM Pr\u00e9nom":{
                "1er":"ROUSSET FREDERIC",
                "2\u00e8me":"LEPINAY DAMIEN",
                "Marqueur":"HEUSSAFF ANNIE",
                "Marq.Ass":".",
                "R.Salle":"BROHAN ANTOINE"
            },
            "Ligue":{
                "1er":"LIG_PL",
                "2\u00e8me":"LIG_PL",
                "Marqueur":"LIG_PL",
                "Marq.Ass":null,
                "R.Salle":"LIG_PL"
            },
            "Licence":{
                "1er":605071.0,
                "2\u00e8me":230441.0,
                "Marqueur":37135.0,
                "Marq.Ass":null,
                "R.Salle":990234.0
            }
        },
        "Penalties":{

        }
    }
}