{
    "Match":{
        "Title":{
            "div_code":"3FG ",
            "div_name":"NATIONALE 3 FEMININE POULE G",
            "div_pool":"",
            "match_number":"3FG017",
            "match_day":"03",
            "city":"ORLEANS",
            "gym":"GYMNASE ARGONAUTE",
            "category":"SENIOR | FEMININE",
            "ligue":"Comp\u00e9titions Nationales SENIORS",
            "date":"2019-10-27 14:00:00",
            "team_1":"ETUDIANT CLUB ORLEANAIS",
            "team_2":"UGS LA ROCHELLE-CHATELAILLON PLAGE VB"
        },
        "Sets":{
            "Teams":{
                "Set 1":{
                    "Name":{
                        "Team 1":"ETUDIANT CLUB ORLEANAI",
                        "Team 2":"UGS LA ROCHELLE-CHATEL"
                    },
                    "Starting":{
                        "Team 1":"Reception",
                        "Team 2":"Service"
                    }
                },
                "Set 2":{
                    "Name":{
                        "Team 1":"ETUDIANT CLUB ORLEANAI",
                        "Team 2":"UGS LA ROCHELLE-CHATEL"
                    },
                    "Starting":{
                        "Team 1":"Service",
                        "Team 2":"Reception"
                    }
                },
                "Set 3":{
                    "Name":{
                        "Team 1":"ETUDIANT CLUB ORLEANAI",
                        "Team 2":"UGS LA ROCHELLE-CHATEL"
                    },
                    "Starting":{
                        "Team 1":"Reception",
                        "Team 2":"Service"
                    }
                },
                "Set 4":0,
                "Set 5":0
            },
            "Time":{
                "Set 1":{
                    "Time":{
                        "Start":"2019-10-27 14:01:00",
                        "End":"2019-10-27 14:27:00"
                    }
                },
                "Set 2":{
                    "Time":{
                        "Start":"2019-10-27 14:31:00",
                        "End":"2019-10-27 15:00:00"
                    }
                },
                "Set 3":{
                    "Time":{
                        "Start":"2019-10-27 15:04:00",
                        "End":"2019-10-27 15:29:00"
                    }
                },
                "Set 4":0,
                "Set 5":0
            },
            "Substitutions 1":{
                "Set 1":{
                    "I":{
                        "0":3
                    },
                    "II":{
                        "0":8
                    },
                    "III":{
                        "0":1
                    },
                    "IV":{
                        "0":2
                    },
                    "V":{
                        "0":14
                    },
                    "VI":{
                        "0":9
                    }
                },
                "Set 2":{
                    "I":{
                        "0":3.0,
                        "1":null,
                        "2":null
                    },
                    "II":{
                        "0":8.0,
                        "1":null,
                        "2":null
                    },
                    "III":{
                        "0":"1",
                        "1":"18",
                        "2":"20:15"
                    },
                    "IV":{
                        "0":2.0,
                        "1":null,
                        "2":null
                    },
                    "V":{
                        "0":14.0,
                        "1":null,
                        "2":null
                    },
                    "VI":{
                        "0":9.0,
                        "1":null,
                        "2":null
                    }
                },
                "Set 3":{
                    "I":{
                        "0":3.0,
                        "1":null,
                        "2":null
                    },
                    "II":{
                        "0":8.0,
                        "1":null,
                        "2":null
                    },
                    "III":{
                        "0":"1",
                        "1":"18",
                        "2":"20:15"
                    },
                    "IV":{
                        "0":2.0,
                        "1":null,
                        "2":null
                    },
                    "V":{
                        "0":14.0,
                        "1":null,
                        "2":null
                    },
                    "VI":{
                        "0":"9",
                        "1":"17",
                        "2":"22:16"
                    }
                },
                "Set 4":0,
                "Set 5":0
            },
            "Substitutions 2":{
                "Set 1":{
                    "I":{
                        "0":18
                    },
                    "II":{
                        "0":10
                    },
                    "III":{
                        "0":12
                    },
                    "IV":{
                        "0":17
                    },
                    "V":{
                        "0":11
                    },
                    "VI":{
                        "0":3
                    }
                },
                "Set 2":{
                    "I":{
                        "0":17.0,
                        "1":null,
                        "2":null
                    },
                    "II":{
                        "0":18.0,
                        "1":null,
                        "2":null
                    },
                    "III":{
                        "0":10.0,
                        "1":null,
                        "2":null
                    },
                    "IV":{
                        "0":"12",
                        "1":"3",
                        "2":"16:21"
                    },
                    "V":{
                        "0":4.0,
                        "1":null,
                        "2":null
                    },
                    "VI":{
                        "0":11.0,
                        "1":null,
                        "2":null
                    }
                },
                "Set 3":{
                    "I":{
                        "0":17.0,
                        "1":null,
                        "2":null
                    },
                    "II":{
                        "0":18.0,
                        "1":null,
                        "2":null
                    },
                    "III":{
                        "0":10.0,
                        "1":null,
                        "2":null
                    },
                    "IV":{
                        "0":"12",
                        "1":"3",
                        "2":"15:19"
                    },
                    "V":{
                        "0":4.0,
                        "1":null,
                        "2":null
                    },
                    "VI":{
                        "0":11.0,
                        "1":null,
                        "2":null
                    }
                },
                "Set 4":0,
                "Set 5":0
            },
            "Serves 1":{
                "Set 1":{
                    "I":{
                        "0":null,
                        "1":10.0,
                        "2":24.0
                    },
                    "II":{
                        "0":"1",
                        "1":11,
                        "2":25
                    },
                    "III":{
                        "0":"3",
                        "1":16.0,
                        "2":null
                    },
                    "IV":{
                        "0":"4",
                        "1":17.0,
                        "2":null
                    },
                    "V":{
                        "0":"6",
                        "1":18.0,
                        "2":null
                    },
                    "VI":{
                        "0":"9",
                        "1":21.0,
                        "2":null
                    }
                },
                "Set 2":{
                    "I":{
                        "0":"2",
                        "1":14
                    },
                    "II":{
                        "0":"4",
                        "1":15
                    },
                    "III":{
                        "0":"6",
                        "1":20
                    },
                    "IV":{
                        "0":"7",
                        "1":21
                    },
                    "V":{
                        "0":"8",
                        "1":24
                    },
                    "VI":{
                        "0":"9",
                        "1":25
                    }
                },
                "Set 3":{
                    "I":{
                        "0":null,
                        "1":15.0,
                        "2":25.0
                    },
                    "II":{
                        "0":"4",
                        "1":16.0,
                        "2":null
                    },
                    "III":{
                        "0":"6",
                        "1":17.0,
                        "2":null
                    },
                    "IV":{
                        "0":"7",
                        "1":18.0,
                        "2":null
                    },
                    "V":{
                        "0":"8",
                        "1":21.0,
                        "2":null
                    },
                    "VI":{
                        "0":"9",
                        "1":23.0,
                        "2":null
                    }
                },
                "Set 4":0,
                "Set 5":0
            },
            "Serves 2":{
                "Set 1":{
                    "I":{
                        "0":"3",
                        "1":12,
                        "2":18
                    },
                    "II":{
                        "0":"4",
                        "1":13.0,
                        "2":null
                    },
                    "III":{
                        "0":"5",
                        "1":14.0,
                        "2":null
                    },
                    "IV":{
                        "0":"6",
                        "1":15.0,
                        "2":null
                    },
                    "V":{
                        "0":"9",
                        "1":16.0,
                        "2":null
                    },
                    "VI":{
                        "0":"10",
                        "1":17.0,
                        "2":null
                    }
                },
                "Set 2":{
                    "I":{
                        "0":null,
                        "1":11.0
                    },
                    "II":{
                        "0":"2",
                        "1":13
                    },
                    "III":{
                        "0":"4",
                        "1":14
                    },
                    "IV":{
                        "0":"6",
                        "1":16
                    },
                    "V":{
                        "0":"8",
                        "1":20
                    },
                    "VI":{
                        "0":"9",
                        "1":21
                    }
                },
                "Set 3":{
                    "I":{
                        "0":"0",
                        "1":11
                    },
                    "II":{
                        "0":"1",
                        "1":12
                    },
                    "III":{
                        "0":"2",
                        "1":13
                    },
                    "IV":{
                        "0":"6",
                        "1":15
                    },
                    "V":{
                        "0":"8",
                        "1":16
                    },
                    "VI":{
                        "0":"9",
                        "1":17
                    }
                },
                "Set 4":0,
                "Set 5":0
            },
            "Timeouts 1":{
                "Set 1":{
                    "T":{

                    }
                },
                "Set 2":{
                    "T":{
                        "0":"21:20"
                    }
                },
                "Set 3":{
                    "T":{

                    }
                },
                "Set 4":0,
                "Set 5":0
            },
            "Timeouts 2":{
                "Set 1":{
                    "T":{
                        "0":"16:21",
                        "1":"17:23"
                    }
                },
                "Set 2":{
                    "T":{
                        "0":"11:14",
                        "1":"14:20"
                    }
                },
                "Set 3":{
                    "T":{
                        "0":"9:13"
                    }
                },
                "Set 4":0,
                "Set 5":0
            }
        },
        "Teams":{
            "Name":{
                "Team 1":"ETUDIANT CLUB ORLEANAIS",
                "Team 2":"UGS LA ROCHELLE-CHATELAILLON P"
            },
            "Players":{
                "Team 1":{
                    "N\u00b0":{
                        "0":1,
                        "1":2,
                        "2":3,
                        "3":7,
                        "4":8,
                        "5":9,
                        "6":10,
                        "7":11,
                        "8":14,
                        "9":16,
                        "10":17,
                        "11":18
                    },
                    "Nom Pr\u00e9nom":{
                        "0":"MARTELLIERE ELORA",
                        "1":"CHEVALIN MARYLINE",
                        "2":"TAUVEL CHARLENE",
                        "3":"ACHANAD IMANE",
                        "4":"GIRAUD EMILIE",
                        "5":"AKA VAITIARE",
                        "6":"PADARE NICOLE",
                        "7":"SCHUB LAURIE ANNE",
                        "8":"PICARD MARJORIE",
                        "9":"CLAVERIE JESSICA",
                        "10":"LOQUES ROSY",
                        "11":"BOURDIN L\u00c9A"
                    },
                    "Licence":{
                        "0":1798607,
                        "1":1804433,
                        "2":1125373,
                        "3":2155440,
                        "4":1957587,
                        "5":2260363,
                        "6":2160824,
                        "7":1680316,
                        "8":1873285,
                        "9":1865868,
                        "10":2175905,
                        "11":1948895
                    }
                },
                "Team 2":{
                    "N\u00b0":{
                        "0":3,
                        "1":4,
                        "2":9,
                        "3":10,
                        "4":11,
                        "5":12,
                        "6":17,
                        "7":18
                    },
                    "Nom Pr\u00e9nom":{
                        "0":"BELMAS SEVERINE",
                        "1":"NAFRECHOUX MAELLE",
                        "2":"TURBE CLOE",
                        "3":"COHELEACH NOLWEN",
                        "4":"HONORE ROMANE",
                        "5":"MARY CLAIRE",
                        "6":"GUIGNAN MAEVA",
                        "7":"CAZAURANG EMMA"
                    },
                    "Licence":{
                        "0":1730264,
                        "1":1925482,
                        "2":2030538,
                        "3":1899469,
                        "4":2194044,
                        "5":1732890,
                        "6":1969036,
                        "7":1947896
                    }
                }
            },
            "Liberos":{
                "Team 1":{
                    "N\u00b0":{
                        "0":11,
                        "1":16
                    },
                    "Nom Pr\u00e9nom":{
                        "0":"SCHUB LAURIE ANNE",
                        "1":"CLAVERIE JESSICA"
                    },
                    "Licence":{
                        "0":1680316,
                        "1":1865868
                    }
                },
                "Team 2":{
                    "N\u00b0":{
                        "0":9
                    },
                    "Nom Pr\u00e9nom":{
                        "0":"TURBE CLOE"
                    },
                    "Licence":{
                        "0":2030538
                    }
                }
            },
            "Officials":{
                "Team 1":{
                    "N\u00b0":{
                        "0":"EA"
                    },
                    "Nom Pr\u00e9nom":{
                        "0":"RIVIERE FREDERIC"
                    },
                    "Licence":{
                        "0":970777
                    }
                },
                "Team 2":{
                    "N\u00b0":{
                        "0":"EA",
                        "1":"EB"
                    },
                    "Nom Pr\u00e9nom":{
                        "0":"FRAPPEREAU SYLVIE",
                        "1":"DE KERGRET MAEL"
                    },
                    "Licence":{
                        "0":501643,
                        "1":890921
                    }
                }
            }
        },
        "Results":{
            "winner":"ETUDIANT CLUB ORLEANAI",
            "score":"3\/0"
        },
        "Referees":{
            "NOM Pr\u00e9nom":{
                "1er":"LANGELUS CHRISTINE",
                "2\u00e8me":"NAVARRO LUCAS",
                "Marqueur":"CHARDERON ALEXIS",
                "Marq.Ass":".",
                "nan":null
            },
            "Ligue":{
                "1er":"LIG_CE",
                "2\u00e8me":"LIG_CE",
                "Marqueur":"LIG_CE",
                "Marq.Ass":null,
                "nan":"Juges"
            },
            "Licence":{
                "1er":1885977.0,
                "2\u00e8me":2045846.0,
                "Marqueur":1799971.0,
                "Marq.Ass":null,
                "nan":null
            }
        },
        "Penalties":{

        }
    }
}