{
    "Match":{
        "Title":{
            "div_code":"3FG ",
            "div_name":"NATIONALE 3 FEMININE POULE G",
            "div_pool":"",
            "match_number":"3FG003",
            "match_day":"01",
            "city":"NANTES",
            "gym":"JEAN JAHAN 2",
            "category":"SENIOR | FEMININE",
            "ligue":"Comp\u00e9titions Nationales SENIORS",
            "date":"2019-10-06 16:00:00",
            "team_1":"VOLLEY-BALL NANTES 3",
            "team_2":"ASB REZE"
        },
        "Sets":{
            "Teams":{
                "Set 1":{
                    "Name":{
                        "Team 1":"ASB REZE",
                        "Team 2":"VOLLEY-BALL NANTES 3"
                    },
                    "Starting":{
                        "Team 1":"Service",
                        "Team 2":"Reception"
                    }
                },
                "Set 2":{
                    "Name":{
                        "Team 1":"ASB REZE",
                        "Team 2":"VOLLEY-BALL NANTES 3"
                    },
                    "Starting":{
                        "Team 1":"Reception",
                        "Team 2":"Service"
                    }
                },
                "Set 3":{
                    "Name":{
                        "Team 1":"ASB REZE",
                        "Team 2":"VOLLEY-BALL NANTES 3"
                    },
                    "Starting":{
                        "Team 1":"Service",
                        "Team 2":"Reception"
                    }
                },
                "Set 4":{
                    "Name":{
                        "Team 1":"ASB REZE",
                        "Team 2":"VOLLEY-BALL NANTES 3"
                    },
                    "Starting":{
                        "Team 1":"Reception",
                        "Team 2":"Service"
                    }
                },
                "Set 5":0
            },
            "Time":{
                "Set 1":{
                    "Time":{
                        "Start":"2019-10-06 16:00:00",
                        "End":"2019-10-06 16:29:00"
                    }
                },
                "Set 2":{
                    "Time":{
                        "Start":"2019-10-06 16:32:00",
                        "End":"2019-10-06 16:59:00"
                    }
                },
                "Set 3":{
                    "Time":{
                        "Start":"2019-10-06 17:03:00",
                        "End":"2019-10-06 17:32:00"
                    }
                },
                "Set 4":{
                    "Time":{
                        "Start":"2019-10-06 17:35:00",
                        "End":"2019-10-06 18:03:00"
                    }
                },
                "Set 5":0
            },
            "Substitutions 1":{
                "Set 1":{
                    "I":{
                        "0":5.0,
                        "1":null,
                        "2":null,
                        "3":null
                    },
                    "II":{
                        "0":2.0,
                        "1":null,
                        "2":null,
                        "3":null
                    },
                    "III":{
                        "0":"6",
                        "1":"16",
                        "2":"14:16",
                        "3":"22:20"
                    },
                    "IV":{
                        "0":7.0,
                        "1":null,
                        "2":null,
                        "3":null
                    },
                    "V":{
                        "0":10.0,
                        "1":null,
                        "2":null,
                        "3":null
                    },
                    "VI":{
                        "0":3.0,
                        "1":null,
                        "2":null,
                        "3":null
                    }
                },
                "Set 2":{
                    "I":{
                        "0":3.0,
                        "1":null,
                        "2":null,
                        "3":null
                    },
                    "II":{
                        "0":5.0,
                        "1":null,
                        "2":null,
                        "3":null
                    },
                    "III":{
                        "0":2.0,
                        "1":null,
                        "2":null,
                        "3":null
                    },
                    "IV":{
                        "0":"6",
                        "1":"9",
                        "2":"15:11",
                        "3":"21:16"
                    },
                    "V":{
                        "0":7.0,
                        "1":null,
                        "2":null,
                        "3":null
                    },
                    "VI":{
                        "0":10.0,
                        "1":null,
                        "2":null,
                        "3":null
                    }
                },
                "Set 3":{
                    "I":{
                        "0":"5",
                        "1":"9",
                        "2":"9:10",
                        "3":null
                    },
                    "II":{
                        "0":2.0,
                        "1":null,
                        "2":null,
                        "3":null
                    },
                    "III":{
                        "0":"6",
                        "1":"16",
                        "2":"14:16",
                        "3":"21:22"
                    },
                    "IV":{
                        "0":7.0,
                        "1":null,
                        "2":null,
                        "3":null
                    },
                    "V":{
                        "0":10.0,
                        "1":null,
                        "2":null,
                        "3":null
                    },
                    "VI":{
                        "0":3.0,
                        "1":null,
                        "2":null,
                        "3":null
                    }
                },
                "Set 4":{
                    "I":{
                        "0":3.0,
                        "1":null,
                        "2":null
                    },
                    "II":{
                        "0":5.0,
                        "1":null,
                        "2":null
                    },
                    "III":{
                        "0":2.0,
                        "1":null,
                        "2":null
                    },
                    "IV":{
                        "0":"6",
                        "1":"16",
                        "2":"14:15"
                    },
                    "V":{
                        "0":7.0,
                        "1":null,
                        "2":null
                    },
                    "VI":{
                        "0":10.0,
                        "1":null,
                        "2":null
                    }
                },
                "Set 5":0
            },
            "Substitutions 2":{
                "Set 1":{
                    "I":{
                        "0":12.0,
                        "1":null,
                        "2":null
                    },
                    "II":{
                        "0":"6",
                        "1":"2",
                        "2":"21:24"
                    },
                    "III":{
                        "0":8.0,
                        "1":null,
                        "2":null
                    },
                    "IV":{
                        "0":10.0,
                        "1":null,
                        "2":null
                    },
                    "V":{
                        "0":5.0,
                        "1":null,
                        "2":null
                    },
                    "VI":{
                        "0":4.0,
                        "1":null,
                        "2":null
                    }
                },
                "Set 2":{
                    "I":{
                        "0":"6",
                        "1":"2",
                        "2":"5:10"
                    },
                    "II":{
                        "0":8.0,
                        "1":null,
                        "2":null
                    },
                    "III":{
                        "0":"10",
                        "1":"7",
                        "2":"11:14"
                    },
                    "IV":{
                        "0":5.0,
                        "1":null,
                        "2":null
                    },
                    "V":{
                        "0":4.0,
                        "1":null,
                        "2":null
                    },
                    "VI":{
                        "0":12.0,
                        "1":null,
                        "2":null
                    }
                },
                "Set 3":{
                    "I":{
                        "0":4
                    },
                    "II":{
                        "0":12
                    },
                    "III":{
                        "0":2
                    },
                    "IV":{
                        "0":8
                    },
                    "V":{
                        "0":7
                    },
                    "VI":{
                        "0":5
                    }
                },
                "Set 4":{
                    "I":{
                        "0":4.0,
                        "1":null,
                        "2":null,
                        "3":null
                    },
                    "II":{
                        "0":12.0,
                        "1":null,
                        "2":null,
                        "3":null
                    },
                    "III":{
                        "0":"2",
                        "1":"6",
                        "2":"10:8",
                        "3":"16:22"
                    },
                    "IV":{
                        "0":8.0,
                        "1":null,
                        "2":null,
                        "3":null
                    },
                    "V":{
                        "0":"7",
                        "1":"10",
                        "2":"15:17",
                        "3":null
                    },
                    "VI":{
                        "0":5.0,
                        "1":null,
                        "2":null,
                        "3":null
                    }
                },
                "Set 5":0
            },
            "Serves 1":{
                "Set 1":{
                    "I":{
                        "0":"0",
                        "1":12,
                        "2":25
                    },
                    "II":{
                        "0":"3",
                        "1":13.0,
                        "2":null
                    },
                    "III":{
                        "0":"5",
                        "1":14.0,
                        "2":null
                    },
                    "IV":{
                        "0":"8",
                        "1":17.0,
                        "2":null
                    },
                    "V":{
                        "0":"9",
                        "1":21.0,
                        "2":null
                    },
                    "VI":{
                        "0":"10",
                        "1":22.0,
                        "2":null
                    }
                },
                "Set 2":{
                    "I":{
                        "0":null,
                        "1":11.0,
                        "2":22.0
                    },
                    "II":{
                        "0":"2",
                        "1":13,
                        "2":23
                    },
                    "III":{
                        "0":"5",
                        "1":14,
                        "2":25
                    },
                    "IV":{
                        "0":"6",
                        "1":15.0,
                        "2":null
                    },
                    "V":{
                        "0":"8",
                        "1":16.0,
                        "2":null
                    },
                    "VI":{
                        "0":"10",
                        "1":20.0,
                        "2":null
                    }
                },
                "Set 3":{
                    "I":{
                        "0":"1",
                        "1":12,
                        "2":22
                    },
                    "II":{
                        "0":"3",
                        "1":13,
                        "2":23
                    },
                    "III":{
                        "0":"5",
                        "1":17.0,
                        "2":null
                    },
                    "IV":{
                        "0":"8",
                        "1":19.0,
                        "2":null
                    },
                    "V":{
                        "0":"9",
                        "1":20.0,
                        "2":null
                    },
                    "VI":{
                        "0":"11",
                        "1":21.0,
                        "2":null
                    }
                },
                "Set 4":{
                    "I":{
                        "0":null,
                        "1":10.0
                    },
                    "II":{
                        "0":"1",
                        "1":13
                    },
                    "III":{
                        "0":"3",
                        "1":14
                    },
                    "IV":{
                        "0":"4",
                        "1":17
                    },
                    "V":{
                        "0":"5",
                        "1":22
                    },
                    "VI":{
                        "0":"8",
                        "1":25
                    }
                },
                "Set 5":0
            },
            "Serves 2":{
                "Set 1":{
                    "I":{
                        "0":null,
                        "1":13.0,
                        "2":21.0
                    },
                    "II":{
                        "0":"3",
                        "1":15.0,
                        "2":null
                    },
                    "III":{
                        "0":"5",
                        "1":16.0,
                        "2":null
                    },
                    "IV":{
                        "0":"6",
                        "1":17.0,
                        "2":null
                    },
                    "V":{
                        "0":"9",
                        "1":18.0,
                        "2":null
                    },
                    "VI":{
                        "0":"10",
                        "1":20.0,
                        "2":null
                    }
                },
                "Set 2":{
                    "I":{
                        "0":"0",
                        "1":9,
                        "2":17
                    },
                    "II":{
                        "0":"1",
                        "1":10,
                        "2":20
                    },
                    "III":{
                        "0":"2",
                        "1":11.0,
                        "2":null
                    },
                    "IV":{
                        "0":"4",
                        "1":12.0,
                        "2":null
                    },
                    "V":{
                        "0":"5",
                        "1":14.0,
                        "2":null
                    },
                    "VI":{
                        "0":"7",
                        "1":16.0,
                        "2":null
                    }
                },
                "Set 3":{
                    "I":{
                        "0":null,
                        "1":13.0,
                        "2":23.0
                    },
                    "II":{
                        "0":"1",
                        "1":14,
                        "2":24
                    },
                    "III":{
                        "0":"2",
                        "1":16,
                        "2":25
                    },
                    "IV":{
                        "0":"6",
                        "1":17.0,
                        "2":null
                    },
                    "V":{
                        "0":"10",
                        "1":19.0,
                        "2":null
                    },
                    "VI":{
                        "0":"11",
                        "1":22.0,
                        "2":null
                    }
                },
                "Set 4":{
                    "I":{
                        "0":"4",
                        "1":12
                    },
                    "II":{
                        "0":"5",
                        "1":14
                    },
                    "III":{
                        "0":"6",
                        "1":15
                    },
                    "IV":{
                        "0":"8",
                        "1":16
                    },
                    "V":{
                        "0":"10",
                        "1":17
                    },
                    "VI":{
                        "0":"11",
                        "1":null
                    }
                },
                "Set 5":0
            },
            "Timeouts 1":{
                "Set 1":{
                    "T":{
                        "0":"21:20"
                    }
                },
                "Set 2":{
                    "T":{
                        "0":"23:20"
                    }
                },
                "Set 3":{
                    "T":{
                        "0":"20:21"
                    }
                },
                "Set 4":{
                    "T":{

                    }
                },
                "Set 5":0
            },
            "Timeouts 2":{
                "Set 1":{
                    "T":{
                        "0":"18:19",
                        "1":"18:21"
                    }
                },
                "Set 2":{
                    "T":{
                        "0":"1:5",
                        "1":"14:19"
                    }
                },
                "Set 3":{
                    "T":{
                        "0":"16:17"
                    }
                },
                "Set 4":{
                    "T":{
                        "0":"12:13",
                        "1":"16:19"
                    }
                },
                "Set 5":0
            }
        },
        "Teams":{
            "Name":{
                "Team 1":"VOLLEY-BALL NANTES 3",
                "Team 2":"ASB REZE"
            },
            "Players":{
                "Team 1":{
                    "N\u00b0":{
                        "0":2,
                        "1":4,
                        "2":5,
                        "3":6,
                        "4":7,
                        "5":8,
                        "6":10,
                        "7":12,
                        "8":17
                    },
                    "Nom Pr\u00e9nom":{
                        "0":"CADET ADELINE",
                        "1":"BLONDEL L\u00c9A",
                        "2":"RATEAU ASTRID",
                        "3":"PICHERIT ROMANE",
                        "4":"JUNKIERT LOANE",
                        "5":"POUSSIER ANNA",
                        "6":"GIRAUD DIANE",
                        "7":"SANOU THEMIS",
                        "8":"MERLOZ THELMA"
                    },
                    "Licence":{
                        "0":1621766,
                        "1":1906418,
                        "2":1990305,
                        "3":1859458,
                        "4":1773355,
                        "5":2189234,
                        "6":1908774,
                        "7":2139630,
                        "8":1906576
                    }
                },
                "Team 2":{
                    "N\u00b0":{
                        "0":1,
                        "1":2,
                        "2":3,
                        "3":5,
                        "4":6,
                        "5":7,
                        "6":8,
                        "7":9,
                        "8":10,
                        "9":13,
                        "10":16
                    },
                    "Nom Pr\u00e9nom":{
                        "0":"B\u00dcSING DEBORAH",
                        "1":"LACHAUD-ROUSSEAU CLAIRE",
                        "2":"RADZAJEWSKI DIANE",
                        "3":"DUBREUIL STEPHANIE",
                        "4":"TERRIER ROMANE",
                        "5":"BROHAN MAEVA",
                        "6":"DELHOMME CLAIRE",
                        "7":"LEUGE-MAILLET JUSTINE",
                        "8":"SAMSON JUSTINE",
                        "9":"COETMEUR CHARLOTTE",
                        "10":"SAFFARZADEH KERMANI LILA"
                    },
                    "Licence":{
                        "0":2260455,
                        "1":2417052,
                        "2":2359366,
                        "3":1376127,
                        "4":1995297,
                        "5":1892342,
                        "6":1451653,
                        "7":2302547,
                        "8":1633195,
                        "9":1655325,
                        "10":2047012
                    }
                }
            },
            "Liberos":{
                "Team 1":{
                    "N\u00b0":{
                        "0":17
                    },
                    "Nom Pr\u00e9nom":{
                        "0":"MERLOZ THELMA"
                    },
                    "Licence":{
                        "0":1906576
                    }
                },
                "Team 2":{
                    "N\u00b0":{
                        "0":8,
                        "1":13
                    },
                    "Nom Pr\u00e9nom":{
                        "0":"DELHOMME CLAIRE",
                        "1":"COETMEUR CHARLOTTE"
                    },
                    "Licence":{
                        "0":1451653,
                        "1":1655325
                    }
                }
            },
            "Officials":{
                "Team 1":{
                    "N\u00b0":{
                        "0":"EA"
                    },
                    "Nom Pr\u00e9nom":{
                        "0":"MASSON LOIC"
                    },
                    "Licence":{
                        "0":1547798
                    }
                },
                "Team 2":{
                    "N\u00b0":{
                        "0":"EA"
                    },
                    "Nom Pr\u00e9nom":{
                        "0":"GUILBAUD KEVIN"
                    },
                    "Licence":{
                        "0":1795218
                    }
                }
            }
        },
        "Results":{
            "winner":"ASB REZE",
            "score":"3\/1"
        },
        "Referees":{
            "NOM Pr\u00e9nom":{
                "1er":"PAILLAT FREDERIC",
                "2\u00e8me":"FERMEN DOMINIQUE",
                "Marqueur":null,
                "Marq.Ass":".",
                "nan":null
            },
            "Ligue":{
                "1er":"LIG_PL",
                "2\u00e8me":"LIG_AQ",
                "Marqueur":null,
                "Marq.Ass":null,
                "nan":"Juges"
            },
            "Licence":{
                "1er":1049032.0,
                "2\u00e8me":52241.0,
                "Marqueur":null,
                "Marq.Ass":null,
                "nan":null
            }
        },
        "Penalties":{

        }
    }
}