{
    "Match":{
        "Title":{
            "div_code":"3FG ",
            "div_name":"NATIONALE 3 FEMININE POULE G",
            "div_pool":"",
            "match_number":"3FG029",
            "match_day":"05",
            "city":"NANTES",
            "gym":"JEAN JAHAN 2",
            "category":"SENIOR | FEMININE",
            "ligue":"Comp\u00e9titions Nationales SENIORS",
            "date":"2019-11-10 16:00:00",
            "team_1":"VOLLEY-BALL NANTES 3",
            "team_2":"SPORTING CLUB DE L OUEST"
        },
        "Sets":{
            "Teams":{
                "Set 1":{
                    "Name":{
                        "Team 1":"VOLLEY-BALL NANTES 3",
                        "Team 2":"SPORTING CLUB DE L OUE"
                    },
                    "Starting":{
                        "Team 1":"Service",
                        "Team 2":"Reception"
                    }
                },
                "Set 2":{
                    "Name":{
                        "Team 1":"VOLLEY-BALL NANTES 3",
                        "Team 2":"SPORTING CLUB DE L OUE"
                    },
                    "Starting":{
                        "Team 1":"Reception",
                        "Team 2":"Service"
                    }
                },
                "Set 3":{
                    "Name":{
                        "Team 1":"VOLLEY-BALL NANTES 3",
                        "Team 2":"SPORTING CLUB DE L OUE"
                    },
                    "Starting":{
                        "Team 1":"Service",
                        "Team 2":"Reception"
                    }
                },
                "Set 4":0,
                "Set 5":0
            },
            "Time":{
                "Set 1":{
                    "Time":{
                        "Start":"2019-11-10 16:02:00",
                        "End":"2019-11-10 16:34:00"
                    }
                },
                "Set 2":{
                    "Time":{
                        "Start":"2019-11-10 16:38:00",
                        "End":"2019-11-10 17:09:00"
                    }
                },
                "Set 3":{
                    "Time":{
                        "Start":"2019-11-10 17:13:00",
                        "End":"2019-11-10 17:35:00"
                    }
                },
                "Set 4":0,
                "Set 5":0
            },
            "Substitutions 1":{
                "Set 1":{
                    "I":{
                        "0":4.0,
                        "1":null,
                        "2":null,
                        "3":null
                    },
                    "II":{
                        "0":12.0,
                        "1":null,
                        "2":null,
                        "3":null
                    },
                    "III":{
                        "0":2.0,
                        "1":null,
                        "2":null,
                        "3":null
                    },
                    "IV":{
                        "0":8.0,
                        "1":null,
                        "2":null,
                        "3":null
                    },
                    "V":{
                        "0":"10",
                        "1":"11",
                        "2":"23:19",
                        "3":"23:20"
                    },
                    "VI":{
                        "0":9.0,
                        "1":null,
                        "2":null,
                        "3":null
                    }
                },
                "Set 2":{
                    "I":{
                        "0":12.0,
                        "1":null,
                        "2":null
                    },
                    "II":{
                        "0":2.0,
                        "1":null,
                        "2":null
                    },
                    "III":{
                        "0":8.0,
                        "1":null,
                        "2":null
                    },
                    "IV":{
                        "0":"10",
                        "1":"11",
                        "2":"23:24"
                    },
                    "V":{
                        "0":9.0,
                        "1":null,
                        "2":null
                    },
                    "VI":{
                        "0":4.0,
                        "1":null,
                        "2":null
                    }
                },
                "Set 3":{
                    "I":{
                        "0":2.0,
                        "1":null,
                        "2":null
                    },
                    "II":{
                        "0":"8",
                        "1":"11",
                        "2":"8:13"
                    },
                    "III":{
                        "0":18.0,
                        "1":null,
                        "2":null
                    },
                    "IV":{
                        "0":9.0,
                        "1":null,
                        "2":null
                    },
                    "V":{
                        "0":4.0,
                        "1":null,
                        "2":null
                    },
                    "VI":{
                        "0":12.0,
                        "1":null,
                        "2":null
                    }
                },
                "Set 4":0,
                "Set 5":0
            },
            "Substitutions 2":{
                "Set 1":{
                    "I":{
                        "0":"2",
                        "1":"7",
                        "2":"15:20",
                        "3":null
                    },
                    "II":{
                        "0":9.0,
                        "1":null,
                        "2":null,
                        "3":null
                    },
                    "III":{
                        "0":16.0,
                        "1":null,
                        "2":null,
                        "3":null
                    },
                    "IV":{
                        "0":"3",
                        "1":"1",
                        "2":"15:20",
                        "3":null
                    },
                    "V":{
                        "0":5.0,
                        "1":null,
                        "2":null,
                        "3":null
                    },
                    "VI":{
                        "0":"14",
                        "1":"13",
                        "2":"20:23",
                        "3":"22:24"
                    }
                },
                "Set 2":{
                    "I":{
                        "0":"1",
                        "1":"3",
                        "2":"20:21",
                        "3":null
                    },
                    "II":{
                        "0":9.0,
                        "1":null,
                        "2":null,
                        "3":null
                    },
                    "III":{
                        "0":16.0,
                        "1":null,
                        "2":null,
                        "3":null
                    },
                    "IV":{
                        "0":"7",
                        "1":"2",
                        "2":"20:21",
                        "3":null
                    },
                    "V":{
                        "0":"5",
                        "1":"4",
                        "2":"15:13",
                        "3":null
                    },
                    "VI":{
                        "0":"14",
                        "1":"13",
                        "2":"18:17",
                        "3":"20:18"
                    }
                },
                "Set 3":{
                    "I":{
                        "0":2
                    },
                    "II":{
                        "0":9
                    },
                    "III":{
                        "0":16
                    },
                    "IV":{
                        "0":3
                    },
                    "V":{
                        "0":4
                    },
                    "VI":{
                        "0":14
                    }
                },
                "Set 4":0,
                "Set 5":0
            },
            "Serves 1":{
                "Set 1":{
                    "I":{
                        "0":"4",
                        "1":15
                    },
                    "II":{
                        "0":"5",
                        "1":16
                    },
                    "III":{
                        "0":"6",
                        "1":20
                    },
                    "IV":{
                        "0":"8",
                        "1":22
                    },
                    "V":{
                        "0":"9",
                        "1":23
                    },
                    "VI":{
                        "0":"11",
                        "1":24
                    }
                },
                "Set 2":{
                    "I":{
                        "0":null,
                        "1":7.0,
                        "2":22.0
                    },
                    "II":{
                        "0":"2",
                        "1":8,
                        "2":23
                    },
                    "III":{
                        "0":"3",
                        "1":9.0,
                        "2":null
                    },
                    "IV":{
                        "0":"4",
                        "1":11.0,
                        "2":null
                    },
                    "V":{
                        "0":"5",
                        "1":16.0,
                        "2":null
                    },
                    "VI":{
                        "0":"6",
                        "1":17.0,
                        "2":null
                    }
                },
                "Set 3":{
                    "I":{
                        "0":"0",
                        "1":9
                    },
                    "II":{
                        "0":"2",
                        "1":10
                    },
                    "III":{
                        "0":"3",
                        "1":11
                    },
                    "IV":{
                        "0":"4",
                        "1":13
                    },
                    "V":{
                        "0":"7",
                        "1":null
                    },
                    "VI":{
                        "0":"8",
                        "1":null
                    }
                },
                "Set 4":0,
                "Set 5":0
            },
            "Serves 2":{
                "Set 1":{
                    "I":{
                        "0":null,
                        "1":12.0,
                        "2":26.0
                    },
                    "II":{
                        "0":"2",
                        "1":13.0,
                        "2":null
                    },
                    "III":{
                        "0":"6",
                        "1":14.0,
                        "2":null
                    },
                    "IV":{
                        "0":"8",
                        "1":17.0,
                        "2":null
                    },
                    "V":{
                        "0":"9",
                        "1":19.0,
                        "2":null
                    },
                    "VI":{
                        "0":"10",
                        "1":22.0,
                        "2":null
                    }
                },
                "Set 2":{
                    "I":{
                        "0":"0",
                        "1":9,
                        "2":22
                    },
                    "II":{
                        "0":"2",
                        "1":10,
                        "2":25
                    },
                    "III":{
                        "0":"3",
                        "1":13.0,
                        "2":null
                    },
                    "IV":{
                        "0":"5",
                        "1":15.0,
                        "2":null
                    },
                    "V":{
                        "0":"6",
                        "1":17.0,
                        "2":null
                    },
                    "VI":{
                        "0":"7",
                        "1":20.0,
                        "2":null
                    }
                },
                "Set 3":{
                    "I":{
                        "0":null,
                        "1":18.0
                    },
                    "II":{
                        "0":"2",
                        "1":19
                    },
                    "III":{
                        "0":"5",
                        "1":20
                    },
                    "IV":{
                        "0":"6",
                        "1":22
                    },
                    "V":{
                        "0":"7",
                        "1":25
                    },
                    "VI":{
                        "0":"10",
                        "1":null
                    }
                },
                "Set 4":0,
                "Set 5":0
            },
            "Timeouts 1":{
                "Set 1":{
                    "T":{
                        "0":"4:0",
                        "1":"20:17"
                    }
                },
                "Set 2":{
                    "T":{
                        "0":"9:13",
                        "1":"17:20"
                    }
                },
                "Set 3":{
                    "T":{
                        "0":"8:12",
                        "1":"8:18"
                    }
                },
                "Set 4":0,
                "Set 5":0
            },
            "Timeouts 2":{
                "Set 1":{
                    "T":{
                        "0":"22:23"
                    }
                },
                "Set 2":{
                    "T":{
                        "0":"20:19",
                        "1":"20:22"
                    }
                },
                "Set 3":{
                    "T":{

                    }
                },
                "Set 4":0,
                "Set 5":0
            }
        },
        "Teams":{
            "Name":{
                "Team 1":"VOLLEY-BALL NANTES 3",
                "Team 2":"SPORTING CLUB DE L OUEST"
            },
            "Players":{
                "Team 1":{
                    "N\u00b0":{
                        "0":2,
                        "1":4,
                        "2":6,
                        "3":8,
                        "4":9,
                        "5":10,
                        "6":11,
                        "7":12,
                        "8":17,
                        "9":18
                    },
                    "Nom Pr\u00e9nom":{
                        "0":"CADET ADELINE",
                        "1":"BLONDEL L\u00c9A",
                        "2":"PICHERIT ROMANE",
                        "3":"POUSSIER ANNA",
                        "4":"RATEAU ASTRID",
                        "5":"GIRAUD DIANE",
                        "6":"LAVAIRE MARIETA",
                        "7":"SANOU THEMIS",
                        "8":"MERLOZ THELMA",
                        "9":"LE MIGNON JADE"
                    },
                    "Licence":{
                        "0":1621766,
                        "1":1906418,
                        "2":1859458,
                        "3":2189234,
                        "4":1990305,
                        "5":1908774,
                        "6":2309469,
                        "7":2139630,
                        "8":1906576,
                        "9":2092076
                    }
                },
                "Team 2":{
                    "N\u00b0":{
                        "0":1,
                        "1":2,
                        "2":3,
                        "3":4,
                        "4":5,
                        "5":7,
                        "6":9,
                        "7":10,
                        "8":12,
                        "9":13,
                        "10":14,
                        "11":16
                    },
                    "Nom Pr\u00e9nom":{
                        "0":"LENOIR CAMILLE",
                        "1":"CADOT JEANNE",
                        "2":"CHUPIN MA\u00cbLIE",
                        "3":"PREVOST MARGOT",
                        "4":"MORILLON CHARLOTTE",
                        "5":"BESCO PELAGIE",
                        "6":"LENOIR MARGAUX",
                        "7":"MARLIERE JULIE",
                        "8":"PICHON LILY-ROSE",
                        "9":"LALANNE JULIE",
                        "10":"ARON LOLA",
                        "11":"AMIARD ORLANE"
                    },
                    "Licence":{
                        "0":2031751,
                        "1":2089357,
                        "2":1939795,
                        "3":2060556,
                        "4":1757984,
                        "5":2051605,
                        "6":2099975,
                        "7":1974637,
                        "8":2007056,
                        "9":1998766,
                        "10":1912012,
                        "11":1872616
                    }
                }
            },
            "Liberos":{
                "Team 1":{
                    "N\u00b0":{
                        "0":17
                    },
                    "Nom Pr\u00e9nom":{
                        "0":"MERLOZ THELMA"
                    },
                    "Licence":{
                        "0":1906576
                    }
                },
                "Team 2":{
                    "N\u00b0":{
                        "0":12
                    },
                    "Nom Pr\u00e9nom":{
                        "0":"PICHON LILY-ROSE"
                    },
                    "Licence":{
                        "0":2007056
                    }
                }
            },
            "Officials":{
                "Team 1":{
                    "N\u00b0":{
                        "0":"EA",
                        "1":"EB"
                    },
                    "Nom Pr\u00e9nom":{
                        "0":"MASSON LOIC",
                        "1":"JUNKIERT LOANE"
                    },
                    "Licence":{
                        "0":1547798,
                        "1":1773355
                    }
                },
                "Team 2":{
                    "N\u00b0":{
                        "0":"EA"
                    },
                    "Nom Pr\u00e9nom":{
                        "0":"SAUVERVALD RICHARD"
                    },
                    "Licence":{
                        "0":1685708
                    }
                }
            }
        },
        "Results":{
            "winner":"SPORTING CLUB DE L OUE",
            "score":"3\/0"
        },
        "Referees":{
            "NOM Pr\u00e9nom":{
                "1er":"BOULEAU NATHALIE",
                "2\u00e8me":"CHARAUD PASCAL",
                "Marqueur":null,
                "Marq.Ass":".",
                "nan":null
            },
            "Ligue":{
                "1er":"LIG_PL",
                "2\u00e8me":"LIG_BR",
                "Marqueur":null,
                "Marq.Ass":null,
                "nan":"Juges"
            },
            "Licence":{
                "1er":1758711.0,
                "2\u00e8me":1383909.0,
                "Marqueur":null,
                "Marq.Ass":null,
                "nan":null
            }
        },
        "Penalties":{

        }
    }
}