{
    "Match":{
        "Title":{
            "div_code":"3FG ",
            "div_name":"NATIONALE 3 FEMININE POULE G",
            "div_pool":"",
            "match_number":"3FG026",
            "match_day":"05",
            "city":"SAINT JEAN DE BRAYE",
            "gym":"HALLE DES SPORTS",
            "category":"SENIOR | FEMININE",
            "ligue":"Comp\u00e9titions Nationales SENIORS",
            "date":"2019-11-10 14:00:00",
            "team_1":"SMOC ST-JEAN DE BRAYE",
            "team_2":"SAINTES VOLLEY-BALL-SVB"
        },
        "Sets":{
            "Teams":{
                "Set 1":{
                    "Name":{
                        "Team 1":"SAINTES VOLLEY-BALL-SV",
                        "Team 2":"SMOC ST-JEAN DE BRAYE"
                    },
                    "Starting":{
                        "Team 1":"Service",
                        "Team 2":"Reception"
                    }
                },
                "Set 2":{
                    "Name":{
                        "Team 1":"SAINTES VOLLEY-BALL-SV",
                        "Team 2":"SMOC ST-JEAN DE BRAYE"
                    },
                    "Starting":{
                        "Team 1":"Reception",
                        "Team 2":"Service"
                    }
                },
                "Set 3":{
                    "Name":{
                        "Team 1":"SAINTES VOLLEY-BALL-SV",
                        "Team 2":"SMOC ST-JEAN DE BRAYE"
                    },
                    "Starting":{
                        "Team 1":"Service",
                        "Team 2":"Reception"
                    }
                },
                "Set 4":0,
                "Set 5":0
            },
            "Time":{
                "Set 1":{
                    "Time":{
                        "Start":"2019-11-10 14:00:00",
                        "End":"2019-11-10 14:23:00"
                    }
                },
                "Set 2":{
                    "Time":{
                        "Start":"2019-11-10 14:26:00",
                        "End":"2019-11-10 14:47:00"
                    }
                },
                "Set 3":{
                    "Time":{
                        "Start":"2019-11-10 14:50:00",
                        "End":"2019-11-10 15:14:00"
                    }
                },
                "Set 4":0,
                "Set 5":0
            },
            "Substitutions 1":{
                "Set 1":{
                    "I":{
                        "0":9
                    },
                    "II":{
                        "0":12
                    },
                    "III":{
                        "0":1
                    },
                    "IV":{
                        "0":14
                    },
                    "V":{
                        "0":6
                    },
                    "VI":{
                        "0":3
                    }
                },
                "Set 2":{
                    "I":{
                        "0":"3",
                        "1":"10",
                        "2":"21:12",
                        "3":null
                    },
                    "II":{
                        "0":9.0,
                        "1":null,
                        "2":null,
                        "3":null
                    },
                    "III":{
                        "0":"12",
                        "1":"8",
                        "2":"16:10",
                        "3":"24:14"
                    },
                    "IV":{
                        "0":"1",
                        "1":"7",
                        "2":"20:12",
                        "3":null
                    },
                    "V":{
                        "0":14.0,
                        "1":null,
                        "2":null,
                        "3":null
                    },
                    "VI":{
                        "0":6.0,
                        "1":null,
                        "2":null,
                        "3":null
                    }
                },
                "Set 3":{
                    "I":{
                        "0":9.0,
                        "1":null,
                        "2":null
                    },
                    "II":{
                        "0":"14",
                        "1":"10",
                        "2":"17:12"
                    },
                    "III":{
                        "0":6.0,
                        "1":null,
                        "2":null
                    },
                    "IV":{
                        "0":"3",
                        "1":"8",
                        "2":"18:13"
                    },
                    "V":{
                        "0":7.0,
                        "1":null,
                        "2":null
                    },
                    "VI":{
                        "0":12.0,
                        "1":null,
                        "2":null
                    }
                },
                "Set 4":0,
                "Set 5":0
            },
            "Substitutions 2":{
                "Set 1":{
                    "I":{
                        "0":1
                    },
                    "II":{
                        "0":7
                    },
                    "III":{
                        "0":5
                    },
                    "IV":{
                        "0":9
                    },
                    "V":{
                        "0":8
                    },
                    "VI":{
                        "0":6
                    }
                },
                "Set 2":{
                    "I":{
                        "0":7.0,
                        "1":null,
                        "2":null
                    },
                    "II":{
                        "0":5.0,
                        "1":null,
                        "2":null
                    },
                    "III":{
                        "0":9.0,
                        "1":null,
                        "2":null
                    },
                    "IV":{
                        "0":8.0,
                        "1":null,
                        "2":null
                    },
                    "V":{
                        "0":6.0,
                        "1":null,
                        "2":null
                    },
                    "VI":{
                        "0":"1",
                        "1":"3",
                        "2":"7:12"
                    }
                },
                "Set 3":{
                    "I":{
                        "0":1
                    },
                    "II":{
                        "0":7
                    },
                    "III":{
                        "0":5
                    },
                    "IV":{
                        "0":9
                    },
                    "V":{
                        "0":8
                    },
                    "VI":{
                        "0":6
                    }
                },
                "Set 4":0,
                "Set 5":0
            },
            "Serves 1":{
                "Set 1":{
                    "I":{
                        "0":"1",
                        "1":14
                    },
                    "II":{
                        "0":"3",
                        "1":15
                    },
                    "III":{
                        "0":"4",
                        "1":20
                    },
                    "IV":{
                        "0":"6",
                        "1":24
                    },
                    "V":{
                        "0":"7",
                        "1":25
                    },
                    "VI":{
                        "0":"11",
                        "1":null
                    }
                },
                "Set 2":{
                    "I":{
                        "0":null,
                        "1":12.0,
                        "2":25.0
                    },
                    "II":{
                        "0":"3",
                        "1":15.0,
                        "2":null
                    },
                    "III":{
                        "0":"4",
                        "1":17.0,
                        "2":null
                    },
                    "IV":{
                        "0":"6",
                        "1":22.0,
                        "2":null
                    },
                    "V":{
                        "0":"8",
                        "1":23.0,
                        "2":null
                    },
                    "VI":{
                        "0":"10",
                        "1":24.0,
                        "2":null
                    }
                },
                "Set 3":{
                    "I":{
                        "0":"3",
                        "1":13,
                        "2":25
                    },
                    "II":{
                        "0":"4",
                        "1":16.0,
                        "2":null
                    },
                    "III":{
                        "0":"5",
                        "1":17.0,
                        "2":null
                    },
                    "IV":{
                        "0":"6",
                        "1":21.0,
                        "2":null
                    },
                    "V":{
                        "0":"7",
                        "1":22.0,
                        "2":null
                    },
                    "VI":{
                        "0":"10",
                        "1":24.0,
                        "2":null
                    }
                },
                "Set 4":0,
                "Set 5":0
            },
            "Serves 2":{
                "Set 1":{
                    "I":{
                        "0":null,
                        "1":11.0
                    },
                    "II":{
                        "0":"1",
                        "1":12
                    },
                    "III":{
                        "0":"2",
                        "1":13
                    },
                    "IV":{
                        "0":"3",
                        "1":14
                    },
                    "V":{
                        "0":"5",
                        "1":15
                    },
                    "VI":{
                        "0":"10",
                        "1":null
                    }
                },
                "Set 2":{
                    "I":{
                        "0":"0",
                        "1":8
                    },
                    "II":{
                        "0":"2",
                        "1":10
                    },
                    "III":{
                        "0":"3",
                        "1":12
                    },
                    "IV":{
                        "0":"4",
                        "1":13
                    },
                    "V":{
                        "0":"5",
                        "1":14
                    },
                    "VI":{
                        "0":"7",
                        "1":15
                    }
                },
                "Set 3":{
                    "I":{
                        "0":null,
                        "1":9.0,
                        "2":16.0
                    },
                    "II":{
                        "0":"1",
                        "1":11.0,
                        "2":null
                    },
                    "III":{
                        "0":"3",
                        "1":12.0,
                        "2":null
                    },
                    "IV":{
                        "0":"5",
                        "1":13.0,
                        "2":null
                    },
                    "V":{
                        "0":"6",
                        "1":14.0,
                        "2":null
                    },
                    "VI":{
                        "0":"7",
                        "1":15.0,
                        "2":null
                    }
                },
                "Set 4":0,
                "Set 5":0
            },
            "Timeouts 1":{
                "Set 1":{
                    "T":{

                    }
                },
                "Set 2":{
                    "T":{

                    }
                },
                "Set 3":{
                    "T":{

                    }
                },
                "Set 4":0,
                "Set 5":0
            },
            "Timeouts 2":{
                "Set 1":{
                    "T":{
                        "0":"11:14"
                    }
                },
                "Set 2":{
                    "T":{

                    }
                },
                "Set 3":{
                    "T":{
                        "0":"9:12"
                    }
                },
                "Set 4":0,
                "Set 5":0
            }
        },
        "Teams":{
            "Name":{
                "Team 1":"SMOC ST-JEAN DE BRAYE",
                "Team 2":"SAINTES VOLLEY-BALL-SVB"
            },
            "Players":{
                "Team 1":{
                    "N\u00b0":{
                        "0":1,
                        "1":3,
                        "2":5,
                        "3":6,
                        "4":7,
                        "5":8,
                        "6":9,
                        "7":15
                    },
                    "Nom Pr\u00e9nom":{
                        "0":"LEDUC CAMILLE",
                        "1":"SOPAJ ARTINA",
                        "2":"GABRIELLI-DURAND SARAH",
                        "3":"MARQUET ELODIE",
                        "4":"DOUMERET CHLOE",
                        "5":"PLAS CELINE",
                        "6":"PLAIRE JULIE",
                        "7":"FAVREAU JULIE"
                    },
                    "Licence":{
                        "0":2090838,
                        "1":1890115,
                        "2":2302505,
                        "3":2357485,
                        "4":1838970,
                        "5":1800411,
                        "6":1556789,
                        "7":1914165
                    }
                },
                "Team 2":{
                    "N\u00b0":{
                        "0":1,
                        "1":3,
                        "2":6,
                        "3":7,
                        "4":8,
                        "5":9,
                        "6":10,
                        "7":11,
                        "8":12,
                        "9":14,
                        "10":15
                    },
                    "Nom Pr\u00e9nom":{
                        "0":"FLEURY DELPHINE",
                        "1":"MEMETI SANJA",
                        "2":"WETTERWALD VIOLETTE",
                        "3":"PUECH LILY",
                        "4":"ROLAND EMMA",
                        "5":"NICOLLE RACHELLE",
                        "6":"CARMONA MARINE",
                        "7":"ROLAND-TROUPEAU NATHALIE",
                        "8":"DELGEHIER MARGAUX",
                        "9":"PALMENTY AMANDINE",
                        "10":"GROSS ROMANE"
                    },
                    "Licence":{
                        "0":1760308,
                        "1":1920171,
                        "2":1620505,
                        "3":2045915,
                        "4":2042954,
                        "5":1712613,
                        "6":2147779,
                        "7":1040047,
                        "8":2049853,
                        "9":1766777,
                        "10":1951511
                    }
                }
            },
            "Liberos":{
                "Team 1":{
                    "N\u00b0":{
                        "0":15
                    },
                    "Nom Pr\u00e9nom":{
                        "0":"FAVREAU JULIE"
                    },
                    "Licence":{
                        "0":1914165
                    }
                },
                "Team 2":{
                    "N\u00b0":{
                        "0":11,
                        "1":15
                    },
                    "Nom Pr\u00e9nom":{
                        "0":"ROLAND-TROUPEAU NATHALIE",
                        "1":"GROSS ROMANE"
                    },
                    "Licence":{
                        "0":1040047,
                        "1":1951511
                    }
                }
            },
            "Officials":{
                "Team 1":{
                    "N\u00b0":{
                        "0":"EA",
                        "1":"EB",
                        "2":"EB"
                    },
                    "Nom Pr\u00e9nom":{
                        "0":"SAMBA KONG JOSEPH",
                        "1":"CARRE KEVIN",
                        "2":"GODINEAU ROMAIN"
                    },
                    "Licence":{
                        "0":1999178,
                        "1":1876388,
                        "2":1759271
                    }
                },
                "Team 2":{
                    "N\u00b0":{
                        "0":"EA",
                        "1":"EB"
                    },
                    "Nom Pr\u00e9nom":{
                        "0":"DEUX ERIC",
                        "1":"ROUSSEAU JOHAN"
                    },
                    "Licence":{
                        "0":1042792,
                        "1":1907546
                    }
                }
            }
        },
        "Results":{
            "winner":"SAINTES VOLLEY-BALL-SV",
            "score":"3\/0"
        },
        "Referees":{
            "NOM Pr\u00e9nom":{
                "1er":"THOMAS PATRICE",
                "2\u00e8me":"NAVARRO LUCAS",
                "Marqueur":"BERNELAS CELINE",
                "Marq.Ass":".",
                "R.Salle":"MALLET BRUNO"
            },
            "Ligue":{
                "1er":"LIG_CE",
                "2\u00e8me":"LIG_CE",
                "Marqueur":"LIG_CE",
                "Marq.Ass":null,
                "R.Salle":"LIG_CE"
            },
            "Licence":{
                "1er":865808.0,
                "2\u00e8me":2045846.0,
                "Marqueur":1393461.0,
                "Marq.Ass":null,
                "R.Salle":979869.0
            }
        },
        "Penalties":{

        }
    }
}