{
    "Match":{
        "Title":{
            "div_code":"3FG ",
            "div_name":"NATIONALE 3 FEMININE POULE G",
            "div_pool":"",
            "match_number":"3FG074",
            "match_day":"13",
            "city":"SAINT-NAZAIRE",
            "gym":"COUBERTIN",
            "category":"SENIOR | FEMININE",
            "ligue":"Comp\u00e9titions Nationales SENIORS",
            "date":"2020-02-16 13:00:00",
            "team_1":"ST NAZAIRE VB ATLANTIQUE",
            "team_2":"UGS LA ROCHELLE-CHATELAILLON PLAGE VB"
        },
        "Sets":{
            "Teams":{
                "Set 1":{
                    "Name":{
                        "Team 1":"UGS LA ROCHELLE-CHATEL",
                        "Team 2":"ST NAZAIRE VB ATLANTIQ"
                    },
                    "Starting":{
                        "Team 1":"Reception",
                        "Team 2":"Service"
                    }
                },
                "Set 2":{
                    "Name":{
                        "Team 1":"UGS LA ROCHELLE-CHATEL",
                        "Team 2":"ST NAZAIRE VB ATLANTIQ"
                    },
                    "Starting":{
                        "Team 1":"Service",
                        "Team 2":"Reception"
                    }
                },
                "Set 3":{
                    "Name":{
                        "Team 1":"UGS LA ROCHELLE-CHATEL",
                        "Team 2":"ST NAZAIRE VB ATLANTIQ"
                    },
                    "Starting":{
                        "Team 1":"Reception",
                        "Team 2":"Service"
                    }
                },
                "Set 4":{
                    "Name":{
                        "Team 1":"UGS LA ROCHELLE-CHATEL",
                        "Team 2":"ST NAZAIRE VB ATLANTIQ"
                    },
                    "Starting":{
                        "Team 1":"Service",
                        "Team 2":"Reception"
                    }
                },
                "Set 5":0
            },
            "Time":{
                "Set 1":{
                    "Time":{
                        "Start":"2020-02-16 13:01:00",
                        "End":"2020-02-16 13:28:00"
                    }
                },
                "Set 2":{
                    "Time":{
                        "Start":"2020-02-16 13:31:00",
                        "End":"2020-02-16 13:57:00"
                    }
                },
                "Set 3":{
                    "Time":{
                        "Start":"2020-02-16 14:00:00",
                        "End":"2020-02-16 14:28:00"
                    }
                },
                "Set 4":{
                    "Time":{
                        "Start":"2020-02-16 14:31:00",
                        "End":"2020-02-16 14:56:00"
                    }
                },
                "Set 5":0
            },
            "Substitutions 1":{
                "Set 1":{
                    "I":{
                        "0":12
                    },
                    "II":{
                        "0":7
                    },
                    "III":{
                        "0":11
                    },
                    "IV":{
                        "0":17
                    },
                    "V":{
                        "0":18
                    },
                    "VI":{
                        "0":10
                    }
                },
                "Set 2":{
                    "I":{
                        "0":"7",
                        "1":"4",
                        "2":"20:18"
                    },
                    "II":{
                        "0":11.0,
                        "1":null,
                        "2":null
                    },
                    "III":{
                        "0":17.0,
                        "1":null,
                        "2":null
                    },
                    "IV":{
                        "0":18.0,
                        "1":null,
                        "2":null
                    },
                    "V":{
                        "0":10.0,
                        "1":null,
                        "2":null
                    },
                    "VI":{
                        "0":12.0,
                        "1":null,
                        "2":null
                    }
                },
                "Set 3":{
                    "I":{
                        "0":"12",
                        "1":"5",
                        "2":"8:12"
                    },
                    "II":{
                        "0":4.0,
                        "1":null,
                        "2":null
                    },
                    "III":{
                        "0":"11",
                        "1":"3",
                        "2":"16:20"
                    },
                    "IV":{
                        "0":17.0,
                        "1":null,
                        "2":null
                    },
                    "V":{
                        "0":18.0,
                        "1":null,
                        "2":null
                    },
                    "VI":{
                        "0":10.0,
                        "1":null,
                        "2":null
                    }
                },
                "Set 4":{
                    "I":{
                        "0":4.0,
                        "1":null,
                        "2":null
                    },
                    "II":{
                        "0":"11",
                        "1":"3",
                        "2":"9:12"
                    },
                    "III":{
                        "0":17.0,
                        "1":null,
                        "2":null
                    },
                    "IV":{
                        "0":18.0,
                        "1":null,
                        "2":null
                    },
                    "V":{
                        "0":"10",
                        "1":"7",
                        "2":"16:20"
                    },
                    "VI":{
                        "0":5.0,
                        "1":null,
                        "2":null
                    }
                },
                "Set 5":0
            },
            "Substitutions 2":{
                "Set 1":{
                    "I":{
                        "0":5.0,
                        "1":null,
                        "2":null,
                        "3":null
                    },
                    "II":{
                        "0":2.0,
                        "1":null,
                        "2":null,
                        "3":null
                    },
                    "III":{
                        "0":6.0,
                        "1":null,
                        "2":null,
                        "3":null
                    },
                    "IV":{
                        "0":12.0,
                        "1":null,
                        "2":null,
                        "3":null
                    },
                    "V":{
                        "0":7.0,
                        "1":null,
                        "2":null,
                        "3":null
                    },
                    "VI":{
                        "0":"3",
                        "1":"1",
                        "2":"22:19",
                        "3":"23:20"
                    }
                },
                "Set 2":{
                    "I":{
                        "0":2.0,
                        "1":null,
                        "2":null
                    },
                    "II":{
                        "0":6.0,
                        "1":null,
                        "2":null
                    },
                    "III":{
                        "0":12.0,
                        "1":null,
                        "2":null
                    },
                    "IV":{
                        "0":"7",
                        "1":"1",
                        "2":"21:21"
                    },
                    "V":{
                        "0":3.0,
                        "1":null,
                        "2":null
                    },
                    "VI":{
                        "0":5.0,
                        "1":null,
                        "2":null
                    }
                },
                "Set 3":{
                    "I":{
                        "0":12.0,
                        "1":null,
                        "2":null
                    },
                    "II":{
                        "0":7.0,
                        "1":null,
                        "2":null
                    },
                    "III":{
                        "0":"3",
                        "1":"4",
                        "2":"24:21"
                    },
                    "IV":{
                        "0":5.0,
                        "1":null,
                        "2":null
                    },
                    "V":{
                        "0":"2",
                        "1":"1",
                        "2":"13:9"
                    },
                    "VI":{
                        "0":6.0,
                        "1":null,
                        "2":null
                    }
                },
                "Set 4":{
                    "I":{
                        "0":5.0,
                        "1":null,
                        "2":null
                    },
                    "II":{
                        "0":"2",
                        "1":"1",
                        "2":"22:16"
                    },
                    "III":{
                        "0":6.0,
                        "1":null,
                        "2":null
                    },
                    "IV":{
                        "0":"12",
                        "1":"4",
                        "2":"23:16"
                    },
                    "V":{
                        "0":7.0,
                        "1":null,
                        "2":null
                    },
                    "VI":{
                        "0":3.0,
                        "1":null,
                        "2":null
                    }
                },
                "Set 5":0
            },
            "Serves 1":{
                "Set 1":{
                    "I":{
                        "0":null,
                        "1":12.0,
                        "2":20.0
                    },
                    "II":{
                        "0":"2",
                        "1":13,
                        "2":21
                    },
                    "III":{
                        "0":"8",
                        "1":14.0,
                        "2":null
                    },
                    "IV":{
                        "0":"9",
                        "1":15.0,
                        "2":null
                    },
                    "V":{
                        "0":"10",
                        "1":18.0,
                        "2":null
                    },
                    "VI":{
                        "0":"11",
                        "1":19.0,
                        "2":null
                    }
                },
                "Set 2":{
                    "I":{
                        "0":"4",
                        "1":20
                    },
                    "II":{
                        "0":"6",
                        "1":21
                    },
                    "III":{
                        "0":"8",
                        "1":25
                    },
                    "IV":{
                        "0":"11",
                        "1":null
                    },
                    "V":{
                        "0":"12",
                        "1":null
                    },
                    "VI":{
                        "0":"17",
                        "1":null
                    }
                },
                "Set 3":{
                    "I":{
                        "0":null,
                        "1":8.0,
                        "2":16.0
                    },
                    "II":{
                        "0":"1",
                        "1":9,
                        "2":17
                    },
                    "III":{
                        "0":"3",
                        "1":10,
                        "2":19
                    },
                    "IV":{
                        "0":"5",
                        "1":11,
                        "2":21
                    },
                    "V":{
                        "0":"6",
                        "1":12.0,
                        "2":null
                    },
                    "VI":{
                        "0":"7",
                        "1":15.0,
                        "2":null
                    }
                },
                "Set 4":{
                    "I":{
                        "0":"0",
                        "1":12
                    },
                    "II":{
                        "0":"3",
                        "1":13
                    },
                    "III":{
                        "0":"5",
                        "1":14
                    },
                    "IV":{
                        "0":"7",
                        "1":16
                    },
                    "V":{
                        "0":"8",
                        "1":17
                    },
                    "VI":{
                        "0":"9",
                        "1":null
                    }
                },
                "Set 5":0
            },
            "Serves 2":{
                "Set 1":{
                    "I":{
                        "0":"0",
                        "1":11,
                        "2":24
                    },
                    "II":{
                        "0":"3",
                        "1":13,
                        "2":25
                    },
                    "III":{
                        "0":"4",
                        "1":16.0,
                        "2":null
                    },
                    "IV":{
                        "0":"7",
                        "1":17.0,
                        "2":null
                    },
                    "V":{
                        "0":"8",
                        "1":21.0,
                        "2":null
                    },
                    "VI":{
                        "0":"9",
                        "1":23.0,
                        "2":null
                    }
                },
                "Set 2":{
                    "I":{
                        "0":null,
                        "1":17.0
                    },
                    "II":{
                        "0":"1",
                        "1":20
                    },
                    "III":{
                        "0":"3",
                        "1":21
                    },
                    "IV":{
                        "0":"8",
                        "1":null
                    },
                    "V":{
                        "0":"9",
                        "1":null
                    },
                    "VI":{
                        "0":"14",
                        "1":null
                    }
                },
                "Set 3":{
                    "I":{
                        "0":"0",
                        "1":12,
                        "2":20
                    },
                    "II":{
                        "0":"4",
                        "1":13,
                        "2":21
                    },
                    "III":{
                        "0":"7",
                        "1":14,
                        "2":22
                    },
                    "IV":{
                        "0":"8",
                        "1":17,
                        "2":25
                    },
                    "V":{
                        "0":"10",
                        "1":18.0,
                        "2":null
                    },
                    "VI":{
                        "0":"11",
                        "1":19.0,
                        "2":null
                    }
                },
                "Set 4":{
                    "I":{
                        "0":null,
                        "1":14.0
                    },
                    "II":{
                        "0":"1",
                        "1":15
                    },
                    "III":{
                        "0":"3",
                        "1":16
                    },
                    "IV":{
                        "0":"4",
                        "1":19
                    },
                    "V":{
                        "0":"6",
                        "1":24
                    },
                    "VI":{
                        "0":"7",
                        "1":25
                    }
                },
                "Set 5":0
            },
            "Timeouts 1":{
                "Set 1":{
                    "T":{
                        "0":"18:20",
                        "1":"19:23"
                    }
                },
                "Set 2":{
                    "T":{

                    }
                },
                "Set 3":{
                    "T":{
                        "0":"1:4",
                        "1":"17:21"
                    }
                },
                "Set 4":{
                    "T":{
                        "0":"9:11",
                        "1":"14:19"
                    }
                },
                "Set 5":0
            },
            "Timeouts 2":{
                "Set 1":{
                    "T":{
                        "0":"24:21"
                    }
                },
                "Set 2":{
                    "T":{
                        "0":"1:6",
                        "1":"21:24"
                    }
                },
                "Set 3":{
                    "T":{
                        "0":"18:14"
                    }
                },
                "Set 4":{
                    "T":{

                    }
                },
                "Set 5":0
            }
        },
        "Teams":{
            "Name":{
                "Team 1":"ST NAZAIRE VB ATLANTIQUE",
                "Team 2":"UGS LA ROCHELLE-CHATELAILLON P"
            },
            "Players":{
                "Team 1":{
                    "N\u00b0":{
                        "0":1,
                        "1":2,
                        "2":3,
                        "3":4,
                        "4":5,
                        "5":6,
                        "6":7,
                        "7":12,
                        "8":16
                    },
                    "Nom Pr\u00e9nom":{
                        "0":"MOREAU CHARLOTTE",
                        "1":"LAGISQUET CELIA",
                        "2":"BEAOUSSON JOHANNA",
                        "3":"BERTRANT JULIETTE",
                        "4":"BODINIER JULIETTE",
                        "5":"MERLAUD MARION",
                        "6":"TUAL SOAZIG",
                        "7":"BRETON SARAH",
                        "8":"BONNET MARION"
                    },
                    "Licence":{
                        "0":1953716,
                        "1":2007871,
                        "2":2112192,
                        "3":1908170,
                        "4":2038165,
                        "5":1415575,
                        "6":1207501,
                        "7":1593310,
                        "8":1234242
                    }
                },
                "Team 2":{
                    "N\u00b0":{
                        "0":3,
                        "1":4,
                        "2":5,
                        "3":7,
                        "4":9,
                        "5":10,
                        "6":11,
                        "7":12,
                        "8":17,
                        "9":18
                    },
                    "Nom Pr\u00e9nom":{
                        "0":"BELMAS SEVERINE",
                        "1":"NAFRECHOUX MA\u00caLLE",
                        "2":"LAGENEBRE ESTELLE",
                        "3":"BONHOMME POISEAU AVALON",
                        "4":"TURBE CLOE",
                        "5":"COHELEACH NOLWEN",
                        "6":"HONORE ROMANE",
                        "7":"MARY CLAIRE",
                        "8":"GUIGNAN MAEVA",
                        "9":"CAZAURANG EMMA"
                    },
                    "Licence":{
                        "0":1730264,
                        "1":1925482,
                        "2":1783273,
                        "3":1828842,
                        "4":2030538,
                        "5":1899469,
                        "6":2194044,
                        "7":1732890,
                        "8":1969036,
                        "9":1947896
                    }
                }
            },
            "Liberos":{
                "Team 1":{
                    "N\u00b0":{
                        "0":16
                    },
                    "Nom Pr\u00e9nom":{
                        "0":"BONNET MARION"
                    },
                    "Licence":{
                        "0":1234242
                    }
                },
                "Team 2":{
                    "N\u00b0":{
                        "0":9
                    },
                    "Nom Pr\u00e9nom":{
                        "0":"TURBE CLOE"
                    },
                    "Licence":{
                        "0":2030538
                    }
                }
            },
            "Officials":{
                "Team 1":{
                    "N\u00b0":{
                        "0":"EA"
                    },
                    "Nom Pr\u00e9nom":{
                        "0":"BARAKA FAYSSAL"
                    },
                    "Licence":{
                        "0":1910134
                    }
                },
                "Team 2":{
                    "N\u00b0":{
                        "0":"EA",
                        "1":"EB"
                    },
                    "Nom Pr\u00e9nom":{
                        "0":"FRAPPEREAU SYLVIE",
                        "1":"DE KERGRET MAEL"
                    },
                    "Licence":{
                        "0":501643,
                        "1":890921
                    }
                }
            }
        },
        "Results":{
            "winner":"ST NAZAIRE VB ATLANTIQ",
            "score":"3\/1"
        },
        "Referees":{
            "NOM Pr\u00e9nom":{
                "1er":"FILLIEUX LOIC",
                "2\u00e8me":"GRIMONET LAURENCE",
                "Marqueur":"COCHET SIMON",
                "Marq.Ass":".",
                "R.Salle":"BONNET PATRICK"
            },
            "Ligue":{
                "1er":"LIG_PL",
                "2\u00e8me":"LIG_AQ",
                "Marqueur":"LIG_PL",
                "Marq.Ass":null,
                "R.Salle":"LIG_PL"
            },
            "Licence":{
                "1er":1856049.0,
                "2\u00e8me":1440442.0,
                "Marqueur":1989837.0,
                "Marq.Ass":null,
                "R.Salle":76067.0
            }
        },
        "Penalties":{

        }
    }
}