{
    "Match":{
        "Title":{
            "div_code":"3FG ",
            "div_name":"NATIONALE 3 FEMININE POULE G",
            "div_pool":"",
            "match_number":"3FG050",
            "match_day":"09",
            "city":"SAINTES",
            "gym":"COSEC DES BOIFFIERS",
            "category":"SENIOR | FEMININE",
            "ligue":"Comp\u00e9titions Nationales SENIORS",
            "date":"2020-01-12 14:00:00",
            "team_1":"SAINTES VOLLEY-BALL-SVB",
            "team_2":"UGS LA ROCHELLE-CHATELAILLON PLAGE VB"
        },
        "Sets":{
            "Teams":{
                "Set 1":{
                    "Name":{
                        "Team 1":"SAINTES VOLLEY-BALL-SV",
                        "Team 2":"UGS LA ROCHELLE-CHATEL"
                    },
                    "Starting":{
                        "Team 1":"Service",
                        "Team 2":"Reception"
                    }
                },
                "Set 2":{
                    "Name":{
                        "Team 1":"SAINTES VOLLEY-BALL-SV",
                        "Team 2":"UGS LA ROCHELLE-CHATEL"
                    },
                    "Starting":{
                        "Team 1":"Reception",
                        "Team 2":"Service"
                    }
                },
                "Set 3":{
                    "Name":{
                        "Team 1":"SAINTES VOLLEY-BALL-SV",
                        "Team 2":"UGS LA ROCHELLE-CHATEL"
                    },
                    "Starting":{
                        "Team 1":"Service",
                        "Team 2":"Reception"
                    }
                },
                "Set 4":{
                    "Name":{
                        "Team 1":"SAINTES VOLLEY-BALL-SV",
                        "Team 2":"UGS LA ROCHELLE-CHATEL"
                    },
                    "Starting":{
                        "Team 1":"Reception",
                        "Team 2":"Service"
                    }
                },
                "Set 5":{
                    "Name":{
                        "Team 1":"SAINTES VOLLEY-BALL",
                        "Team 2":"UGS LA ROCHELLE-CHA"
                    },
                    "Starting":{
                        "Team 1":"Service",
                        "Team 2":"Reception"
                    }
                }
            },
            "Time":{
                "Set 1":{
                    "Time":{
                        "Start":"2020-01-12 13:53:00",
                        "End":"2020-01-12 14:19:00"
                    }
                },
                "Set 2":{
                    "Time":{
                        "Start":"2020-01-12 14:21:00",
                        "End":"2020-01-12 14:51:00"
                    }
                },
                "Set 3":{
                    "Time":{
                        "Start":"2020-01-12 14:53:00",
                        "End":"2020-01-12 15:15:00"
                    }
                },
                "Set 4":{
                    "Time":{
                        "Start":"2020-01-12 15:17:00",
                        "End":"2020-01-12 15:45:00"
                    }
                },
                "Set 5":{
                    "Time":{
                        "Start":"2020-01-12 15:48:00",
                        "End":"2020-01-12 16:07:00"
                    }
                }
            },
            "Substitutions 1":{
                "Set 1":{
                    "I":{
                        "0":9.0,
                        "1":null,
                        "2":null
                    },
                    "II":{
                        "0":"6",
                        "1":"5",
                        "2":"23:7"
                    },
                    "III":{
                        "0":"1",
                        "1":"8",
                        "2":"21:6"
                    },
                    "IV":{
                        "0":"14",
                        "1":"7",
                        "2":"21:6"
                    },
                    "V":{
                        "0":12.0,
                        "1":null,
                        "2":null
                    },
                    "VI":{
                        "0":"3",
                        "1":"10",
                        "2":"20:6"
                    }
                },
                "Set 2":{
                    "I":{
                        "0":3.0,
                        "1":null,
                        "2":null,
                        "3":null
                    },
                    "II":{
                        "0":"12",
                        "1":"10",
                        "2":"6:6",
                        "3":"15:17"
                    },
                    "III":{
                        "0":9.0,
                        "1":null,
                        "2":null,
                        "3":null
                    },
                    "IV":{
                        "0":"6",
                        "1":"5",
                        "2":"15:17",
                        "3":null
                    },
                    "V":{
                        "0":1.0,
                        "1":null,
                        "2":null,
                        "3":null
                    },
                    "VI":{
                        "0":14.0,
                        "1":null,
                        "2":null,
                        "3":null
                    }
                },
                "Set 3":{
                    "I":{
                        "0":9.0,
                        "1":null,
                        "2":null
                    },
                    "II":{
                        "0":6.0,
                        "1":null,
                        "2":null
                    },
                    "III":{
                        "0":1.0,
                        "1":null,
                        "2":null
                    },
                    "IV":{
                        "0":14.0,
                        "1":null,
                        "2":null
                    },
                    "V":{
                        "0":"12",
                        "1":"10",
                        "2":"2:8"
                    },
                    "VI":{
                        "0":3.0,
                        "1":null,
                        "2":null
                    }
                },
                "Set 4":{
                    "I":{
                        "0":3.0,
                        "1":null,
                        "2":null,
                        "3":null
                    },
                    "II":{
                        "0":9.0,
                        "1":null,
                        "2":null,
                        "3":null
                    },
                    "III":{
                        "0":5.0,
                        "1":null,
                        "2":null,
                        "3":null
                    },
                    "IV":{
                        "0":"12",
                        "1":"7",
                        "2":"6:11",
                        "3":"9:13"
                    },
                    "V":{
                        "0":1.0,
                        "1":null,
                        "2":null,
                        "3":null
                    },
                    "VI":{
                        "0":14.0,
                        "1":null,
                        "2":null,
                        "3":null
                    }
                },
                "Set 5":{
                    "I":{
                        "0":9.0,
                        "1":null,
                        "2":null
                    },
                    "II":{
                        "0":"5",
                        "1":"7",
                        "2":"2:6"
                    },
                    "III":{
                        "0":"6",
                        "1":"12",
                        "2":"9:13"
                    },
                    "IV":{
                        "0":1.0,
                        "1":null,
                        "2":null
                    },
                    "V":{
                        "0":14.0,
                        "1":null,
                        "2":null
                    },
                    "VI":{
                        "0":3.0,
                        "1":null,
                        "2":null
                    }
                }
            },
            "Substitutions 2":{
                "Set 1":{
                    "I":{
                        "0":12.0,
                        "1":null,
                        "2":null
                    },
                    "II":{
                        "0":7.0,
                        "1":null,
                        "2":null
                    },
                    "III":{
                        "0":"11",
                        "1":"4",
                        "2":"2:9"
                    },
                    "IV":{
                        "0":"17",
                        "1":"3",
                        "2":"4:14"
                    },
                    "V":{
                        "0":18.0,
                        "1":null,
                        "2":null
                    },
                    "VI":{
                        "0":"10",
                        "1":"6",
                        "2":"6:19"
                    }
                },
                "Set 2":{
                    "I":{
                        "0":7.0,
                        "1":null,
                        "2":null,
                        "3":null
                    },
                    "II":{
                        "0":11.0,
                        "1":null,
                        "2":null,
                        "3":null
                    },
                    "III":{
                        "0":17.0,
                        "1":null,
                        "2":null,
                        "3":null
                    },
                    "IV":{
                        "0":18.0,
                        "1":null,
                        "2":null,
                        "3":null
                    },
                    "V":{
                        "0":10.0,
                        "1":null,
                        "2":null,
                        "3":null
                    },
                    "VI":{
                        "0":"5",
                        "1":"4",
                        "2":"10:12",
                        "3":"19:17"
                    }
                },
                "Set 3":{
                    "I":{
                        "0":"5",
                        "1":"4",
                        "2":"18:9"
                    },
                    "II":{
                        "0":7.0,
                        "1":null,
                        "2":null
                    },
                    "III":{
                        "0":11.0,
                        "1":null,
                        "2":null
                    },
                    "IV":{
                        "0":17.0,
                        "1":null,
                        "2":null
                    },
                    "V":{
                        "0":18.0,
                        "1":null,
                        "2":null
                    },
                    "VI":{
                        "0":10.0,
                        "1":null,
                        "2":null
                    }
                },
                "Set 4":{
                    "I":{
                        "0":7.0,
                        "1":null,
                        "2":null,
                        "3":null
                    },
                    "II":{
                        "0":11.0,
                        "1":null,
                        "2":null,
                        "3":null
                    },
                    "III":{
                        "0":17.0,
                        "1":null,
                        "2":null,
                        "3":null
                    },
                    "IV":{
                        "0":18.0,
                        "1":null,
                        "2":null,
                        "3":null
                    },
                    "V":{
                        "0":10.0,
                        "1":null,
                        "2":null,
                        "3":null
                    },
                    "VI":{
                        "0":"5",
                        "1":"4",
                        "2":"12:8",
                        "3":"17:17"
                    }
                },
                "Set 5":{
                    "I":{
                        "0":"5",
                        "1":"4",
                        "2":"12:9"
                    },
                    "II":{
                        "0":7.0,
                        "1":null,
                        "2":null
                    },
                    "III":{
                        "0":11.0,
                        "1":null,
                        "2":null
                    },
                    "IV":{
                        "0":17.0,
                        "1":null,
                        "2":null
                    },
                    "V":{
                        "0":18.0,
                        "1":null,
                        "2":null
                    },
                    "VI":{
                        "0":10.0,
                        "1":null,
                        "2":null
                    }
                }
            },
            "Serves 1":{
                "Set 1":{
                    "I":{
                        "0":"0",
                        "1":22
                    },
                    "II":{
                        "0":"4",
                        "1":23
                    },
                    "III":{
                        "0":"9",
                        "1":24
                    },
                    "IV":{
                        "0":"11",
                        "1":25
                    },
                    "V":{
                        "0":"14",
                        "1":null
                    },
                    "VI":{
                        "0":"15",
                        "1":null
                    }
                },
                "Set 2":{
                    "I":{
                        "0":null,
                        "1":12.0
                    },
                    "II":{
                        "0":"3",
                        "1":15
                    },
                    "III":{
                        "0":"4",
                        "1":17
                    },
                    "IV":{
                        "0":"6",
                        "1":18
                    },
                    "V":{
                        "0":"7",
                        "1":20
                    },
                    "VI":{
                        "0":"11",
                        "1":23
                    }
                },
                "Set 3":{
                    "I":{
                        "0":"0",
                        "1":10
                    },
                    "II":{
                        "0":"2",
                        "1":11
                    },
                    "III":{
                        "0":"3",
                        "1":12
                    },
                    "IV":{
                        "0":"4",
                        "1":14
                    },
                    "V":{
                        "0":"7",
                        "1":null
                    },
                    "VI":{
                        "0":"8",
                        "1":null
                    }
                },
                "Set 4":{
                    "I":{
                        "0":null,
                        "1":9.0
                    },
                    "II":{
                        "0":"3",
                        "1":10
                    },
                    "III":{
                        "0":"4",
                        "1":14
                    },
                    "IV":{
                        "0":"5",
                        "1":18
                    },
                    "V":{
                        "0":"6",
                        "1":19
                    },
                    "VI":{
                        "0":"8",
                        "1":25
                    }
                },
                "Set 5":{
                    "I":{
                        "0":"1",
                        "1":9
                    },
                    "II":{
                        "0":"2",
                        "1":11
                    },
                    "III":{
                        "0":"3",
                        "1":null
                    },
                    "IV":{
                        "0":"5",
                        "1":null
                    },
                    "V":{
                        "0":"6",
                        "1":null
                    },
                    "VI":{
                        "0":"8",
                        "1":null
                    }
                }
            },
            "Serves 2":{
                "Set 1":{
                    "I":{
                        "0":null,
                        "1":6.0
                    },
                    "II":{
                        "0":"1",
                        "1":7
                    },
                    "III":{
                        "0":"2",
                        "1":10
                    },
                    "IV":{
                        "0":"3",
                        "1":11
                    },
                    "V":{
                        "0":"4",
                        "1":null
                    },
                    "VI":{
                        "0":"5",
                        "1":null
                    }
                },
                "Set 2":{
                    "I":{
                        "0":"1",
                        "1":15
                    },
                    "II":{
                        "0":"2",
                        "1":18
                    },
                    "III":{
                        "0":"5",
                        "1":21
                    },
                    "IV":{
                        "0":"7",
                        "1":22
                    },
                    "V":{
                        "0":"9",
                        "1":24
                    },
                    "VI":{
                        "0":"10",
                        "1":25
                    }
                },
                "Set 3":{
                    "I":{
                        "0":null,
                        "1":18.0
                    },
                    "II":{
                        "0":"6",
                        "1":19
                    },
                    "III":{
                        "0":"9",
                        "1":20
                    },
                    "IV":{
                        "0":"11",
                        "1":24
                    },
                    "V":{
                        "0":"13",
                        "1":25
                    },
                    "VI":{
                        "0":"17",
                        "1":null
                    }
                },
                "Set 4":{
                    "I":{
                        "0":"0",
                        "1":14
                    },
                    "II":{
                        "0":"1",
                        "1":15
                    },
                    "III":{
                        "0":"3",
                        "1":17
                    },
                    "IV":{
                        "0":"5",
                        "1":19
                    },
                    "V":{
                        "0":"11",
                        "1":20
                    },
                    "VI":{
                        "0":"13",
                        "1":null
                    }
                },
                "Set 5":{
                    "I":{
                        "0":null,
                        "1":11.0
                    },
                    "II":{
                        "0":"3",
                        "1":13
                    },
                    "III":{
                        "0":"6",
                        "1":15
                    },
                    "IV":{
                        "0":"7",
                        "1":null
                    },
                    "V":{
                        "0":"8",
                        "1":null
                    },
                    "VI":{
                        "0":"10",
                        "1":null
                    }
                }
            },
            "Timeouts 1":{
                "Set 1":{
                    "T":{

                    }
                },
                "Set 2":{
                    "T":{
                        "0":"17:20",
                        "1":"20:23"
                    }
                },
                "Set 3":{
                    "T":{

                    }
                },
                "Set 4":{
                    "T":{

                    }
                },
                "Set 5":{
                    "T":{
                        "0":"6:10"
                    }
                }
            },
            "Timeouts 2":{
                "Set 1":{
                    "T":{

                    }
                },
                "Set 2":{
                    "T":{
                        "0":"24:22"
                    }
                },
                "Set 3":{
                    "T":{
                        "0":"13:7"
                    }
                },
                "Set 4":{
                    "T":{
                        "0":"20:21",
                        "1":"20:23"
                    }
                },
                "Set 5":{
                    "T":{
                        "0":"11:8"
                    }
                }
            }
        },
        "Teams":{
            "Name":{
                "Team 1":"SAINTES VOLLEY-BALL-SVB",
                "Team 2":"UGS LA ROCHELLE-CHATELAILLON P"
            },
            "Players":{
                "Team 1":{
                    "N\u00b0":{
                        "0":1,
                        "1":3,
                        "2":5,
                        "3":6,
                        "4":7,
                        "5":8,
                        "6":9,
                        "7":10,
                        "8":12,
                        "9":14,
                        "10":15
                    },
                    "Nom Pr\u00e9nom":{
                        "0":"FLEURY DELPHINE",
                        "1":"MEMETI SANJA",
                        "2":"ROLAND TROUPEAU NATHALIE",
                        "3":"WETTERWALD VIOLETTE",
                        "4":"PUECH LILY",
                        "5":"ROLAND EMMA",
                        "6":"NICOLLE RACHELLE",
                        "7":"CARMONA MARINE",
                        "8":"DELGEHIER MARGAUX",
                        "9":"PALMENTY AMANDINE",
                        "10":"GROSS ROMANE"
                    },
                    "Licence":{
                        "0":1760308,
                        "1":1920171,
                        "2":1040047,
                        "3":1620505,
                        "4":2045915,
                        "5":2042954,
                        "6":1712613,
                        "7":2147779,
                        "8":2049853,
                        "9":1766777,
                        "10":1951511
                    }
                },
                "Team 2":{
                    "N\u00b0":{
                        "0":3,
                        "1":4,
                        "2":5,
                        "3":6,
                        "4":7,
                        "5":9,
                        "6":10,
                        "7":11,
                        "8":12,
                        "9":17,
                        "10":18
                    },
                    "Nom Pr\u00e9nom":{
                        "0":"BELMAS SEVERINE",
                        "1":"NAFRECHOUX MA\u00caLLE",
                        "2":"LAGENEBRE ESTELLE",
                        "3":"FIALON MARINE",
                        "4":"BONHOMME-POISEAU AVALON",
                        "5":"TURBE CLOE",
                        "6":"COHELEACH NOLWEN",
                        "7":"HONORE ROMANE",
                        "8":"MARY CLAIRE",
                        "9":"GUIGNAN MAEVA",
                        "10":"CARAURANG EMMA"
                    },
                    "Licence":{
                        "0":1730264,
                        "1":1925482,
                        "2":1783273,
                        "3":2065413,
                        "4":1828842,
                        "5":2030538,
                        "6":1899469,
                        "7":2194044,
                        "8":1732890,
                        "9":1969036,
                        "10":1947896
                    }
                }
            },
            "Liberos":{
                "Team 1":{
                    "N\u00b0":{
                        "0":15
                    },
                    "Nom Pr\u00e9nom":{
                        "0":"GROSS ROMANE"
                    },
                    "Licence":{
                        "0":1951511
                    }
                },
                "Team 2":{
                    "N\u00b0":{
                        "0":9
                    },
                    "Nom Pr\u00e9nom":{
                        "0":"TURBE CLOE"
                    },
                    "Licence":{
                        "0":2030538
                    }
                }
            },
            "Officials":{
                "Team 1":{
                    "N\u00b0":{
                        "0":"EA",
                        "1":"EB"
                    },
                    "Nom Pr\u00e9nom":{
                        "0":"DEUX ERIC",
                        "1":"ROUSSEAU JOHAN"
                    },
                    "Licence":{
                        "0":1042792,
                        "1":1907546
                    }
                },
                "Team 2":{
                    "N\u00b0":{
                        "0":"EA",
                        "1":"EB"
                    },
                    "Nom Pr\u00e9nom":{
                        "0":"FRAPPEREAU SYLVIE",
                        "1":"DE KERGRET MAEL"
                    },
                    "Licence":{
                        "0":501643,
                        "1":890921
                    }
                }
            }
        },
        "Results":{
            "winner":"UGS LA ROCHELLE-CHATEL",
            "score":"3\/2"
        },
        "Referees":{
            "NOM Pr\u00e9nom":{
                "1er":"GREMILLON STEPHANE",
                "2\u00e8me":"MUZARD FREDERIC",
                "Marqueur":"ROLAND GINETTE",
                "Marq.Ass":".",
                "R.Salle":"RAVET EMILIE"
            },
            "Ligue":{
                "1er":"LIG_AQ",
                "2\u00e8me":"LIG_AQ",
                "Marqueur":"LIG_AQ",
                "Marq.Ass":null,
                "R.Salle":"LIG_AQ"
            },
            "Licence":{
                "1er":1232121.0,
                "2\u00e8me":1443582.0,
                "Marqueur":1130362.0,
                "Marq.Ass":null,
                "R.Salle":1911542.0
            }
        },
        "Penalties":{

        }
    }
}