{
    "Match":{
        "Title":{
            "div_code":"3FG ",
            "div_name":"NATIONALE 3 FEMININE POULE G",
            "div_pool":"",
            "match_number":"3FG005",
            "match_day":"01",
            "city":"SAINT-NAZAIRE",
            "gym":"COUBERTIN",
            "category":"SENIOR | FEMININE",
            "ligue":"Comp\u00e9titions Nationales SENIORS",
            "date":"2019-10-06 13:00:00",
            "team_1":"ST NAZAIRE VB ATLANTIQUE",
            "team_2":"VANNES VOLLEY 56"
        },
        "Sets":{
            "Teams":{
                "Set 1":{
                    "Name":{
                        "Team 1":"VANNES VOLLEY 56",
                        "Team 2":"ST NAZAIRE VB ATLANTIQ"
                    },
                    "Starting":{
                        "Team 1":"Service",
                        "Team 2":"Reception"
                    }
                },
                "Set 2":{
                    "Name":{
                        "Team 1":"VANNES VOLLEY 56",
                        "Team 2":"ST NAZAIRE VB ATLANTIQ"
                    },
                    "Starting":{
                        "Team 1":"Reception",
                        "Team 2":"Service"
                    }
                },
                "Set 3":{
                    "Name":{
                        "Team 1":"VANNES VOLLEY 56",
                        "Team 2":"ST NAZAIRE VB ATLANTIQ"
                    },
                    "Starting":{
                        "Team 1":"Service",
                        "Team 2":"Reception"
                    }
                },
                "Set 4":{
                    "Name":{
                        "Team 1":"VANNES VOLLEY 56",
                        "Team 2":"ST NAZAIRE VB ATLANTIQ"
                    },
                    "Starting":{
                        "Team 1":"Reception",
                        "Team 2":"Service"
                    }
                },
                "Set 5":0
            },
            "Time":{
                "Set 1":{
                    "Time":{
                        "Start":"2019-10-06 13:03:00",
                        "End":"2019-10-06 13:30:00"
                    }
                },
                "Set 2":{
                    "Time":{
                        "Start":"2019-10-06 13:35:00",
                        "End":"2019-10-06 14:06:00"
                    }
                },
                "Set 3":{
                    "Time":{
                        "Start":"2019-10-06 14:10:00",
                        "End":"2019-10-06 14:43:00"
                    }
                },
                "Set 4":{
                    "Time":{
                        "Start":"2019-10-06 14:47:00",
                        "End":"2019-10-06 15:12:00"
                    }
                },
                "Set 5":0
            },
            "Substitutions 1":{
                "Set 1":{
                    "I":{
                        "0":19.0,
                        "1":null,
                        "2":null
                    },
                    "II":{
                        "0":2.0,
                        "1":null,
                        "2":null
                    },
                    "III":{
                        "0":"10",
                        "1":"12",
                        "2":"15:18"
                    },
                    "IV":{
                        "0":11.0,
                        "1":null,
                        "2":null
                    },
                    "V":{
                        "0":5.0,
                        "1":null,
                        "2":null
                    },
                    "VI":{
                        "0":8.0,
                        "1":null,
                        "2":null
                    }
                },
                "Set 2":{
                    "I":{
                        "0":8.0,
                        "1":null,
                        "2":null,
                        "3":null
                    },
                    "II":{
                        "0":19.0,
                        "1":null,
                        "2":null,
                        "3":null
                    },
                    "III":{
                        "0":2.0,
                        "1":null,
                        "2":null,
                        "3":null
                    },
                    "IV":{
                        "0":"10",
                        "1":"12",
                        "2":"14:10",
                        "3":"21:19"
                    },
                    "V":{
                        "0":5.0,
                        "1":null,
                        "2":null,
                        "3":null
                    },
                    "VI":{
                        "0":11.0,
                        "1":null,
                        "2":null,
                        "3":null
                    }
                },
                "Set 3":{
                    "I":{
                        "0":19.0,
                        "1":null,
                        "2":null
                    },
                    "II":{
                        "0":"11",
                        "1":"16",
                        "2":"21:24"
                    },
                    "III":{
                        "0":"10",
                        "1":"12",
                        "2":"15:20"
                    },
                    "IV":{
                        "0":2.0,
                        "1":null,
                        "2":null
                    },
                    "V":{
                        "0":5.0,
                        "1":null,
                        "2":null
                    },
                    "VI":{
                        "0":8.0,
                        "1":null,
                        "2":null
                    }
                },
                "Set 4":{
                    "I":{
                        "0":8.0,
                        "1":null,
                        "2":null,
                        "3":null
                    },
                    "II":{
                        "0":19.0,
                        "1":null,
                        "2":null,
                        "3":null
                    },
                    "III":{
                        "0":11.0,
                        "1":null,
                        "2":null,
                        "3":null
                    },
                    "IV":{
                        "0":12.0,
                        "1":null,
                        "2":null,
                        "3":null
                    },
                    "V":{
                        "0":"2",
                        "1":"16",
                        "2":"8:15",
                        "3":"13:20"
                    },
                    "VI":{
                        "0":5.0,
                        "1":null,
                        "2":null,
                        "3":null
                    }
                },
                "Set 5":0
            },
            "Substitutions 2":{
                "Set 1":{
                    "I":{
                        "0":6.0,
                        "1":null,
                        "2":null
                    },
                    "II":{
                        "0":9.0,
                        "1":null,
                        "2":null
                    },
                    "III":{
                        "0":10.0,
                        "1":null,
                        "2":null
                    },
                    "IV":{
                        "0":3.0,
                        "1":null,
                        "2":null
                    },
                    "V":{
                        "0":"4",
                        "1":"15",
                        "2":"19:16"
                    },
                    "VI":{
                        "0":5.0,
                        "1":null,
                        "2":null
                    }
                },
                "Set 2":{
                    "I":{
                        "0":"9",
                        "1":"1",
                        "2":"17:21",
                        "3":null
                    },
                    "II":{
                        "0":10.0,
                        "1":null,
                        "2":null,
                        "3":null
                    },
                    "III":{
                        "0":"3",
                        "1":"8",
                        "2":"10:13",
                        "3":"10:14"
                    },
                    "IV":{
                        "0":"4",
                        "1":"15",
                        "2":"17:21",
                        "3":null
                    },
                    "V":{
                        "0":5.0,
                        "1":null,
                        "2":null,
                        "3":null
                    },
                    "VI":{
                        "0":"6",
                        "1":"7",
                        "2":"5:10",
                        "3":"5:11"
                    }
                },
                "Set 3":{
                    "I":{
                        "0":6.0,
                        "1":null,
                        "2":null
                    },
                    "II":{
                        "0":"9",
                        "1":"1",
                        "2":"23:21"
                    },
                    "III":{
                        "0":10.0,
                        "1":null,
                        "2":null
                    },
                    "IV":{
                        "0":3.0,
                        "1":null,
                        "2":null
                    },
                    "V":{
                        "0":"4",
                        "1":"15",
                        "2":"13:5"
                    },
                    "VI":{
                        "0":5.0,
                        "1":null,
                        "2":null
                    }
                },
                "Set 4":{
                    "I":{
                        "0":"9",
                        "1":"1",
                        "2":"20:13"
                    },
                    "II":{
                        "0":15.0,
                        "1":null,
                        "2":null
                    },
                    "III":{
                        "0":10.0,
                        "1":null,
                        "2":null
                    },
                    "IV":{
                        "0":"4",
                        "1":"8",
                        "2":"22:14"
                    },
                    "V":{
                        "0":"5",
                        "1":"7",
                        "2":"17:10"
                    },
                    "VI":{
                        "0":6.0,
                        "1":null,
                        "2":null
                    }
                },
                "Set 5":0
            },
            "Serves 1":{
                "Set 1":{
                    "I":{
                        "0":"1",
                        "1":13
                    },
                    "II":{
                        "0":"3",
                        "1":14
                    },
                    "III":{
                        "0":"5",
                        "1":16
                    },
                    "IV":{
                        "0":"7",
                        "1":17
                    },
                    "V":{
                        "0":"10",
                        "1":18
                    },
                    "VI":{
                        "0":"11",
                        "1":null
                    }
                },
                "Set 2":{
                    "I":{
                        "0":null,
                        "1":11.0,
                        "2":20.0
                    },
                    "II":{
                        "0":"1",
                        "1":12,
                        "2":21
                    },
                    "III":{
                        "0":"3",
                        "1":13,
                        "2":24
                    },
                    "IV":{
                        "0":"6",
                        "1":17,
                        "2":25
                    },
                    "V":{
                        "0":"7",
                        "1":18.0,
                        "2":null
                    },
                    "VI":{
                        "0":"10",
                        "1":19.0,
                        "2":null
                    }
                },
                "Set 3":{
                    "I":{
                        "0":"1",
                        "1":8
                    },
                    "II":{
                        "0":"2",
                        "1":15
                    },
                    "III":{
                        "0":"3",
                        "1":16
                    },
                    "IV":{
                        "0":"4",
                        "1":21
                    },
                    "V":{
                        "0":"5",
                        "1":null
                    },
                    "VI":{
                        "0":"7",
                        "1":null
                    }
                },
                "Set 4":{
                    "I":{
                        "0":null,
                        "1":10.0
                    },
                    "II":{
                        "0":"1",
                        "1":13
                    },
                    "III":{
                        "0":"4",
                        "1":13
                    },
                    "IV":{
                        "0":"7",
                        "1":14
                    },
                    "V":{
                        "0":"8",
                        "1":15
                    },
                    "VI":{
                        "0":"9",
                        "1":null
                    }
                },
                "Set 5":0
            },
            "Serves 2":{
                "Set 1":{
                    "I":{
                        "0":null,
                        "1":14.0
                    },
                    "II":{
                        "0":"3",
                        "1":17
                    },
                    "III":{
                        "0":"5",
                        "1":18
                    },
                    "IV":{
                        "0":"9",
                        "1":21
                    },
                    "V":{
                        "0":"10",
                        "1":23
                    },
                    "VI":{
                        "0":"11",
                        "1":25
                    }
                },
                "Set 2":{
                    "I":{
                        "0":"0",
                        "1":7,
                        "2":17
                    },
                    "II":{
                        "0":"1",
                        "1":8,
                        "2":22
                    },
                    "III":{
                        "0":"2",
                        "1":10,
                        "2":23
                    },
                    "IV":{
                        "0":"3",
                        "1":11.0,
                        "2":null
                    },
                    "V":{
                        "0":"4",
                        "1":13.0,
                        "2":null
                    },
                    "VI":{
                        "0":"5",
                        "1":14.0,
                        "2":null
                    }
                },
                "Set 3":{
                    "I":{
                        "0":null,
                        "1":15.0
                    },
                    "II":{
                        "0":"6",
                        "1":18
                    },
                    "III":{
                        "0":"9",
                        "1":20
                    },
                    "IV":{
                        "0":"10",
                        "1":22
                    },
                    "V":{
                        "0":"12",
                        "1":25
                    },
                    "VI":{
                        "0":"14",
                        "1":null
                    }
                },
                "Set 4":{
                    "I":{
                        "0":"2",
                        "1":19
                    },
                    "II":{
                        "0":"4",
                        "1":20
                    },
                    "III":{
                        "0":"5",
                        "1":21
                    },
                    "IV":{
                        "0":"13",
                        "1":22
                    },
                    "V":{
                        "0":"15",
                        "1":25
                    },
                    "VI":{
                        "0":"16",
                        "1":null
                    }
                },
                "Set 5":0
            },
            "Timeouts 1":{
                "Set 1":{
                    "T":{
                        "0":"11:14",
                        "1":"17:22"
                    }
                },
                "Set 2":{
                    "T":{
                        "0":"20:17",
                        "1":"21:22"
                    }
                },
                "Set 3":{
                    "T":{
                        "0":"1:6",
                        "1":"16:22"
                    }
                },
                "Set 4":{
                    "T":{
                        "0":"7:13",
                        "1":"15:23"
                    }
                },
                "Set 5":0
            },
            "Timeouts 2":{
                "Set 1":{
                    "T":{

                    }
                },
                "Set 2":{
                    "T":{
                        "0":"11:18"
                    }
                },
                "Set 3":{
                    "T":{
                        "0":"18:13",
                        "1":"22:20"
                    }
                },
                "Set 4":{
                    "T":{

                    }
                },
                "Set 5":0
            }
        },
        "Teams":{
            "Name":{
                "Team 1":"ST NAZAIRE VB ATLANTIQUE",
                "Team 2":"VANNES VOLLEY 56"
            },
            "Players":{
                "Team 1":{
                    "N\u00b0":{
                        "0":1,
                        "1":3,
                        "2":4,
                        "3":5,
                        "4":6,
                        "5":7,
                        "6":8,
                        "7":9,
                        "8":10,
                        "9":15,
                        "10":18
                    },
                    "Nom Pr\u00e9nom":{
                        "0":"BERTRANT JULIETTE",
                        "1":"BEAOUSSON JOHANNA",
                        "2":"BODINIER JULIETTE",
                        "3":"MOREAU CHARLOTTE",
                        "4":"DUPRE MARGO",
                        "5":"LAGISQUET CELIA",
                        "6":"DELOISON ALICE",
                        "7":"BRETON SARAH",
                        "8":"MERLAUD MARION",
                        "9":"COHAT CELINE",
                        "10":"BONNET MARION"
                    },
                    "Licence":{
                        "0":1908170,
                        "1":2112192,
                        "2":2038165,
                        "3":1953716,
                        "4":2416106,
                        "5":2007871,
                        "6":1498110,
                        "7":1593310,
                        "8":1415575,
                        "9":1098238,
                        "10":1234242
                    }
                },
                "Team 2":{
                    "N\u00b0":{
                        "0":2,
                        "1":5,
                        "2":8,
                        "3":10,
                        "4":11,
                        "5":12,
                        "6":15,
                        "7":16,
                        "8":19
                    },
                    "Nom Pr\u00e9nom":{
                        "0":"SERPETTE ANNAELLE",
                        "1":"CHRISTOV LAURA",
                        "2":"NEDELEC MATHILDE",
                        "3":"DUBOURG CAMILLE",
                        "4":"LE BOZEC CLARA",
                        "5":"DUMAS LAETITIA",
                        "6":"PREVOSTO LUCILE",
                        "7":"STEPHAN MAELLE",
                        "8":"LE BOULICAUT EVANE"
                    },
                    "Licence":{
                        "0":2045785,
                        "1":1522310,
                        "2":1894865,
                        "3":2050849,
                        "4":2221221,
                        "5":1823690,
                        "6":1346915,
                        "7":2192974,
                        "8":2039920
                    }
                }
            },
            "Liberos":{
                "Team 1":{
                    "N\u00b0":{
                        "0":18
                    },
                    "Nom Pr\u00e9nom":{
                        "0":"BONNET MARION"
                    },
                    "Licence":{
                        "0":1234242
                    }
                },
                "Team 2":{
                    "N\u00b0":{
                        "0":15
                    },
                    "Nom Pr\u00e9nom":{
                        "0":"PREVOSTO LUCILE"
                    },
                    "Licence":{
                        "0":1346915
                    }
                }
            },
            "Officials":{
                "Team 1":{
                    "N\u00b0":{
                        "0":"EA"
                    },
                    "Nom Pr\u00e9nom":{
                        "0":"BARAKA FAYSSAL"
                    },
                    "Licence":{
                        "0":1910134
                    }
                },
                "Team 2":{
                    "N\u00b0":{
                        "0":"EA"
                    },
                    "Nom Pr\u00e9nom":{
                        "0":"LE BOULICAUT J\u00e9R\u00f4ME"
                    },
                    "Licence":{
                        "0":1635350
                    }
                }
            }
        },
        "Results":{
            "winner":"ST NAZAIRE VB ATLANTIQ",
            "score":"3\/1"
        },
        "Referees":{
            "NOM Pr\u00e9nom":{
                "1er":"ZAITOUNI ABDELHAMID",
                "2\u00e8me":"BOUGAIN THIERRY",
                "Marqueur":"BOUY MALO",
                "Marq.Ass":".",
                "nan":null
            },
            "Ligue":{
                "1er":"LIG_PL",
                "2\u00e8me":"LIG_PL",
                "Marqueur":"LIG_PL",
                "Marq.Ass":null,
                "nan":"Juges"
            },
            "Licence":{
                "1er":1074393.0,
                "2\u00e8me":1994115.0,
                "Marqueur":1940620.0,
                "Marq.Ass":null,
                "nan":null
            }
        },
        "Penalties":{

        }
    }
}