{
    "Match":{
        "Title":{
            "div_code":"3FG ",
            "div_name":"NATIONALE 3 FEMININE POULE G",
            "div_pool":"",
            "match_number":"3FG028",
            "match_day":"05",
            "city":"ST BENOIT",
            "gym":"SALLE DU GRAVION",
            "category":"SENIOR | FEMININE",
            "ligue":"Comp\u00e9titions Nationales SENIORS",
            "date":"2019-11-10 15:00:00",
            "team_1":"CEP POITIERS\/ST BENOIT V.B. 2",
            "team_2":"UGS LA ROCHELLE-CHATELAILLON PLAGE VB"
        },
        "Sets":{
            "Teams":{
                "Set 1":{
                    "Name":{
                        "Team 1":"CEP POITIERS\/ST BENOIT",
                        "Team 2":"UGS LA ROCHELLE-CHATEL"
                    },
                    "Starting":{
                        "Team 1":"Service",
                        "Team 2":"Reception"
                    }
                },
                "Set 2":{
                    "Name":{
                        "Team 1":"CEP POITIERS\/ST BENOIT",
                        "Team 2":"UGS LA ROCHELLE-CHATEL"
                    },
                    "Starting":{
                        "Team 1":"Reception",
                        "Team 2":"Service"
                    }
                },
                "Set 3":{
                    "Name":{
                        "Team 1":"CEP POITIERS\/ST BENOIT",
                        "Team 2":"UGS LA ROCHELLE-CHATEL"
                    },
                    "Starting":{
                        "Team 1":"Service",
                        "Team 2":"Reception"
                    }
                },
                "Set 4":{
                    "Name":{
                        "Team 1":"CEP POITIERS\/ST BENOIT",
                        "Team 2":"UGS LA ROCHELLE-CHATEL"
                    },
                    "Starting":{
                        "Team 1":"Reception",
                        "Team 2":"Service"
                    }
                },
                "Set 5":{
                    "Name":{
                        "Team 1":"UGS LA ROCHELLE-CHA",
                        "Team 2":"CEP POITIERS\/ST BEN"
                    },
                    "Starting":{
                        "Team 1":"Reception",
                        "Team 2":"Service"
                    }
                }
            },
            "Time":{
                "Set 1":{
                    "Time":{
                        "Start":"2019-11-10 15:00:00",
                        "End":"2019-11-10 15:29:00"
                    }
                },
                "Set 2":{
                    "Time":{
                        "Start":"2019-11-10 15:32:00",
                        "End":"2019-11-10 16:02:00"
                    }
                },
                "Set 3":{
                    "Time":{
                        "Start":"2019-11-10 16:06:00",
                        "End":"2019-11-10 16:29:00"
                    }
                },
                "Set 4":{
                    "Time":{
                        "Start":"2019-11-10 16:32:00",
                        "End":"2019-11-10 17:03:00"
                    }
                },
                "Set 5":{
                    "Time":{
                        "Start":"2019-11-10 17:06:00",
                        "End":"2019-11-10 17:23:00"
                    }
                }
            },
            "Substitutions 1":{
                "Set 1":{
                    "I":{
                        "0":6.0,
                        "1":null,
                        "2":null
                    },
                    "II":{
                        "0":1.0,
                        "1":null,
                        "2":null
                    },
                    "III":{
                        "0":13.0,
                        "1":null,
                        "2":null
                    },
                    "IV":{
                        "0":7.0,
                        "1":null,
                        "2":null
                    },
                    "V":{
                        "0":"3",
                        "1":"5",
                        "2":"16:19"
                    },
                    "VI":{
                        "0":8.0,
                        "1":null,
                        "2":null
                    }
                },
                "Set 2":{
                    "I":{
                        "0":8
                    },
                    "II":{
                        "0":6
                    },
                    "III":{
                        "0":1
                    },
                    "IV":{
                        "0":13
                    },
                    "V":{
                        "0":5
                    },
                    "VI":{
                        "0":3
                    }
                },
                "Set 3":{
                    "I":{
                        "0":6
                    },
                    "II":{
                        "0":1
                    },
                    "III":{
                        "0":13
                    },
                    "IV":{
                        "0":5
                    },
                    "V":{
                        "0":3
                    },
                    "VI":{
                        "0":8
                    }
                },
                "Set 4":{
                    "I":{
                        "0":8.0,
                        "1":null,
                        "2":null
                    },
                    "II":{
                        "0":6.0,
                        "1":null,
                        "2":null
                    },
                    "III":{
                        "0":1.0,
                        "1":null,
                        "2":null
                    },
                    "IV":{
                        "0":13.0,
                        "1":null,
                        "2":null
                    },
                    "V":{
                        "0":"5",
                        "1":"2",
                        "2":"18:22"
                    },
                    "VI":{
                        "0":"3",
                        "1":"7",
                        "2":"15:19"
                    }
                },
                "Set 5":{
                    "I":{
                        "0":"3",
                        "1":"4",
                        "2":"8:9"
                    },
                    "II":{
                        "0":7.0,
                        "1":null,
                        "2":null
                    },
                    "III":{
                        "0":18.0,
                        "1":null,
                        "2":null
                    },
                    "IV":{
                        "0":17.0,
                        "1":null,
                        "2":null
                    },
                    "V":{
                        "0":10.0,
                        "1":null,
                        "2":null
                    },
                    "VI":{
                        "0":12.0,
                        "1":null,
                        "2":null
                    }
                }
            },
            "Substitutions 2":{
                "Set 1":{
                    "I":{
                        "0":12
                    },
                    "II":{
                        "0":7
                    },
                    "III":{
                        "0":4
                    },
                    "IV":{
                        "0":18
                    },
                    "V":{
                        "0":17
                    },
                    "VI":{
                        "0":10
                    }
                },
                "Set 2":{
                    "I":{
                        "0":7
                    },
                    "II":{
                        "0":4
                    },
                    "III":{
                        "0":18
                    },
                    "IV":{
                        "0":17
                    },
                    "V":{
                        "0":10
                    },
                    "VI":{
                        "0":12
                    }
                },
                "Set 3":{
                    "I":{
                        "0":12.0,
                        "1":null,
                        "2":null
                    },
                    "II":{
                        "0":"7",
                        "1":"3",
                        "2":"8:16"
                    },
                    "III":{
                        "0":4.0,
                        "1":null,
                        "2":null
                    },
                    "IV":{
                        "0":18.0,
                        "1":null,
                        "2":null
                    },
                    "V":{
                        "0":17.0,
                        "1":null,
                        "2":null
                    },
                    "VI":{
                        "0":10.0,
                        "1":null,
                        "2":null
                    }
                },
                "Set 4":{
                    "I":{
                        "0":"3",
                        "1":"4",
                        "2":"23:20"
                    },
                    "II":{
                        "0":7.0,
                        "1":null,
                        "2":null
                    },
                    "III":{
                        "0":18.0,
                        "1":null,
                        "2":null
                    },
                    "IV":{
                        "0":17.0,
                        "1":null,
                        "2":null
                    },
                    "V":{
                        "0":10.0,
                        "1":null,
                        "2":null
                    },
                    "VI":{
                        "0":12.0,
                        "1":null,
                        "2":null
                    }
                },
                "Set 5":{
                    "I":{
                        "0":6
                    },
                    "II":{
                        "0":1
                    },
                    "III":{
                        "0":13
                    },
                    "IV":{
                        "0":5
                    },
                    "V":{
                        "0":3
                    },
                    "VI":{
                        "0":8
                    }
                }
            },
            "Serves 1":{
                "Set 1":{
                    "I":{
                        "0":"0",
                        "1":12
                    },
                    "II":{
                        "0":"2",
                        "1":16
                    },
                    "III":{
                        "0":"3",
                        "1":18
                    },
                    "IV":{
                        "0":"6",
                        "1":null
                    },
                    "V":{
                        "0":"8",
                        "1":null
                    },
                    "VI":{
                        "0":"10",
                        "1":null
                    }
                },
                "Set 2":{
                    "I":{
                        "0":null,
                        "1":16.0
                    },
                    "II":{
                        "0":"1",
                        "1":18
                    },
                    "III":{
                        "0":"4",
                        "1":19
                    },
                    "IV":{
                        "0":"10",
                        "1":24
                    },
                    "V":{
                        "0":"13",
                        "1":25
                    },
                    "VI":{
                        "0":"15",
                        "1":null
                    }
                },
                "Set 3":{
                    "I":{
                        "0":"0",
                        "1":23
                    },
                    "II":{
                        "0":"4",
                        "1":25
                    },
                    "III":{
                        "0":"5",
                        "1":null
                    },
                    "IV":{
                        "0":"9",
                        "1":null
                    },
                    "V":{
                        "0":"14",
                        "1":null
                    },
                    "VI":{
                        "0":"18",
                        "1":null
                    }
                },
                "Set 4":{
                    "I":{
                        "0":null,
                        "1":11.0,
                        "2":21.0
                    },
                    "II":{
                        "0":"2",
                        "1":12.0,
                        "2":null
                    },
                    "III":{
                        "0":"3",
                        "1":14.0,
                        "2":null
                    },
                    "IV":{
                        "0":"4",
                        "1":15.0,
                        "2":null
                    },
                    "V":{
                        "0":"5",
                        "1":18.0,
                        "2":null
                    },
                    "VI":{
                        "0":"7",
                        "1":19.0,
                        "2":null
                    }
                },
                "Set 5":{
                    "I":{
                        "0":null,
                        "1":9.0
                    },
                    "II":{
                        "0":"3",
                        "1":10
                    },
                    "III":{
                        "0":"4",
                        "1":null
                    },
                    "IV":{
                        "0":"5",
                        "1":null
                    },
                    "V":{
                        "0":"6",
                        "1":null
                    },
                    "VI":{
                        "0":"8",
                        "1":null
                    }
                }
            },
            "Serves 2":{
                "Set 1":{
                    "I":{
                        "0":null,
                        "1":9.0
                    },
                    "II":{
                        "0":"1",
                        "1":14
                    },
                    "III":{
                        "0":"4",
                        "1":19
                    },
                    "IV":{
                        "0":"5",
                        "1":25
                    },
                    "V":{
                        "0":"6",
                        "1":null
                    },
                    "VI":{
                        "0":"8",
                        "1":null
                    }
                },
                "Set 2":{
                    "I":{
                        "0":"1",
                        "1":14
                    },
                    "II":{
                        "0":"2",
                        "1":15
                    },
                    "III":{
                        "0":"4",
                        "1":16
                    },
                    "IV":{
                        "0":"7",
                        "1":18
                    },
                    "V":{
                        "0":"8",
                        "1":null
                    },
                    "VI":{
                        "0":"10",
                        "1":null
                    }
                },
                "Set 3":{
                    "I":{
                        "0":null,
                        "1":10.0
                    },
                    "II":{
                        "0":"1",
                        "1":11
                    },
                    "III":{
                        "0":"2",
                        "1":null
                    },
                    "IV":{
                        "0":"6",
                        "1":null
                    },
                    "V":{
                        "0":"7",
                        "1":null
                    },
                    "VI":{
                        "0":"8",
                        "1":null
                    }
                },
                "Set 4":{
                    "I":{
                        "0":"0",
                        "1":12,
                        "2":25
                    },
                    "II":{
                        "0":"1",
                        "1":13.0,
                        "2":null
                    },
                    "III":{
                        "0":"6",
                        "1":16.0,
                        "2":null
                    },
                    "IV":{
                        "0":"7",
                        "1":19.0,
                        "2":null
                    },
                    "V":{
                        "0":"9",
                        "1":22.0,
                        "2":null
                    },
                    "VI":{
                        "0":"10",
                        "1":23.0,
                        "2":null
                    }
                },
                "Set 5":{
                    "I":{
                        "0":"1",
                        "1":14
                    },
                    "II":{
                        "0":"3",
                        "1":15
                    },
                    "III":{
                        "0":"5",
                        "1":null
                    },
                    "IV":{
                        "0":"6",
                        "1":null
                    },
                    "V":{
                        "0":"7",
                        "1":null
                    },
                    "VI":{
                        "0":"10",
                        "1":null
                    }
                }
            },
            "Timeouts 1":{
                "Set 1":{
                    "T":{
                        "0":"12:11",
                        "1":"18:22"
                    }
                },
                "Set 2":{
                    "T":{
                        "0":"16:14"
                    }
                },
                "Set 3":{
                    "T":{
                        "0":"23:11"
                    }
                },
                "Set 4":{
                    "T":{
                        "0":"3:5",
                        "1":"15:18"
                    }
                },
                "Set 5":{
                    "T":{
                        "0":"8:10",
                        "1":"9:12"
                    }
                }
            },
            "Timeouts 2":{
                "Set 1":{
                    "T":{
                        "0":"9:12"
                    }
                },
                "Set 2":{
                    "T":{
                        "0":"4:10",
                        "1":"16:22"
                    }
                },
                "Set 3":{
                    "T":{
                        "0":"7:13"
                    }
                },
                "Set 4":{
                    "T":{

                    }
                },
                "Set 5":{
                    "T":{

                    }
                }
            }
        },
        "Teams":{
            "Name":{
                "Team 1":"CEP POITIERS\/ST BENOIT V.B. 2",
                "Team 2":"UGS LA ROCHELLE-CHATELAILLON P"
            },
            "Players":{
                "Team 1":{
                    "N\u00b0":{
                        "0":1,
                        "1":2,
                        "2":3,
                        "3":5,
                        "4":6,
                        "5":7,
                        "6":8,
                        "7":12,
                        "8":13,
                        "9":14
                    },
                    "Nom Pr\u00e9nom":{
                        "0":"LADOS EMMANUELLE",
                        "1":"MRANI ALAOUI YASMINA",
                        "2":"MICHAUD EVA",
                        "3":"VAN DER BEEK RACHEL",
                        "4":"RAMAYE ELIJAH",
                        "5":"SEGUY MALINA",
                        "6":"PELAT EMILIE",
                        "7":"ABASSI LUANA",
                        "8":"BODIN CLARISSE",
                        "9":"PRINCE MELINE"
                    },
                    "Licence":{
                        "0":1415095,
                        "1":1814475,
                        "2":1946220,
                        "3":1995774,
                        "4":2154226,
                        "5":2095155,
                        "6":1365595,
                        "7":2147289,
                        "8":2243464,
                        "9":1862908
                    }
                },
                "Team 2":{
                    "N\u00b0":{
                        "0":3,
                        "1":4,
                        "2":6,
                        "3":7,
                        "4":9,
                        "5":10,
                        "6":12,
                        "7":17,
                        "8":18
                    },
                    "Nom Pr\u00e9nom":{
                        "0":"BELMAS SEVERINE",
                        "1":"NAFRECHOUX MA\u00caLLE",
                        "2":"HONORE ROMANE",
                        "3":"BONHOMME-POISEAU AVALON",
                        "4":"TURBE CLOE",
                        "5":"COHELEACH NOLWEN",
                        "6":"MARY CLAIRE",
                        "7":"GUIGNAN MAEVA",
                        "8":"CAZAURANG EMMA"
                    },
                    "Licence":{
                        "0":1730264,
                        "1":1925482,
                        "2":2194044,
                        "3":1828842,
                        "4":2030538,
                        "5":1899469,
                        "6":1732890,
                        "7":1969036,
                        "8":1947896
                    }
                }
            },
            "Liberos":{
                "Team 1":{
                    "N\u00b0":{
                        "0":14
                    },
                    "Nom Pr\u00e9nom":{
                        "0":"PRINCE MELINE"
                    },
                    "Licence":{
                        "0":1862908
                    }
                },
                "Team 2":{
                    "N\u00b0":{
                        "0":9
                    },
                    "Nom Pr\u00e9nom":{
                        "0":"TURBE CLOE"
                    },
                    "Licence":{
                        "0":2030538
                    }
                }
            },
            "Officials":{
                "Team 1":{
                    "N\u00b0":{
                        "0":"EA"
                    },
                    "Nom Pr\u00e9nom":{
                        "0":"GRUEL HUGO"
                    },
                    "Licence":{
                        "0":1658475
                    }
                },
                "Team 2":{
                    "N\u00b0":{
                        "0":"EA",
                        "1":"EB"
                    },
                    "Nom Pr\u00e9nom":{
                        "0":"FRAPPEREAU SYLVIE",
                        "1":"DE KERGRET MAEL"
                    },
                    "Licence":{
                        "0":501643,
                        "1":890921
                    }
                }
            }
        },
        "Results":{
            "winner":"CEP POITIERS\/ST BENOIT",
            "score":"3\/2"
        },
        "Referees":{
            "NOM Pr\u00e9nom":{
                "1er":"DEBARRE VINCENT",
                "2\u00e8me":"KERMABON DAMIEN",
                "Marqueur":"CARTELET CHARLOTTE",
                "Marq.Ass":".",
                "R.Salle":"JULIE MARION"
            },
            "Ligue":{
                "1er":"LIG_AQ",
                "2\u00e8me":"LIG_BR",
                "Marqueur":"LIG_AQ",
                "Marq.Ass":null,
                "R.Salle":"LIG_AQ"
            },
            "Licence":{
                "1er":1130294.0,
                "2\u00e8me":1603829.0,
                "Marqueur":1993818.0,
                "Marq.Ass":null,
                "R.Salle":1537336.0
            }
        },
        "Penalties":{

        }
    }
}