{
    "Match":{
        "Title":{
            "div_code":"3FG ",
            "div_name":"NATIONALE 3 FEMININE POULE G",
            "div_pool":"",
            "match_number":"3FG011",
            "match_day":"02",
            "city":"REZE",
            "gym":"GYMNASE LIBERGE",
            "category":"SENIOR | FEMININE",
            "ligue":"Comp\u00e9titions Nationales SENIORS",
            "date":"2019-10-13 14:00:00",
            "team_1":"ASB REZE",
            "team_2":"CEP POITIERS\/ST BENOIT V.B. 2"
        },
        "Sets":{
            "Teams":{
                "Set 1":{
                    "Name":{
                        "Team 1":"ASB REZE",
                        "Team 2":"CEP POITIERS\/ST BENOIT"
                    },
                    "Starting":{
                        "Team 1":"Reception",
                        "Team 2":"Service"
                    }
                },
                "Set 2":{
                    "Name":{
                        "Team 1":"ASB REZE",
                        "Team 2":"CEP POITIERS\/ST BENOIT"
                    },
                    "Starting":{
                        "Team 1":"Service",
                        "Team 2":"Reception"
                    }
                },
                "Set 3":{
                    "Name":{
                        "Team 1":"ASB REZE",
                        "Team 2":"CEP POITIERS\/ST BENOIT"
                    },
                    "Starting":{
                        "Team 1":"Reception",
                        "Team 2":"Service"
                    }
                },
                "Set 4":0,
                "Set 5":0
            },
            "Time":{
                "Set 1":{
                    "Time":{
                        "Start":"2019-10-13 14:00:00",
                        "End":"2019-10-13 14:20:00"
                    }
                },
                "Set 2":{
                    "Time":{
                        "Start":"2019-10-13 14:23:00",
                        "End":"2019-10-13 14:49:00"
                    }
                },
                "Set 3":{
                    "Time":{
                        "Start":"2019-10-13 14:52:00",
                        "End":"2019-10-13 15:17:00"
                    }
                },
                "Set 4":0,
                "Set 5":0
            },
            "Substitutions 1":{
                "Set 1":{
                    "I":{
                        "0":3
                    },
                    "II":{
                        "0":5
                    },
                    "III":{
                        "0":2
                    },
                    "IV":{
                        "0":6
                    },
                    "V":{
                        "0":7
                    },
                    "VI":{
                        "0":16
                    }
                },
                "Set 2":{
                    "I":{
                        "0":"5",
                        "1":"10",
                        "2":"17:15"
                    },
                    "II":{
                        "0":2.0,
                        "1":null,
                        "2":null
                    },
                    "III":{
                        "0":"6",
                        "1":"1",
                        "2":"22:17"
                    },
                    "IV":{
                        "0":"7",
                        "1":"9",
                        "2":"17:15"
                    },
                    "V":{
                        "0":16.0,
                        "1":null,
                        "2":null
                    },
                    "VI":{
                        "0":3.0,
                        "1":null,
                        "2":null
                    }
                },
                "Set 3":{
                    "I":{
                        "0":3.0,
                        "1":null,
                        "2":null
                    },
                    "II":{
                        "0":"9",
                        "1":"10",
                        "2":"14:16"
                    },
                    "III":{
                        "0":2.0,
                        "1":null,
                        "2":null
                    },
                    "IV":{
                        "0":6.0,
                        "1":null,
                        "2":null
                    },
                    "V":{
                        "0":"7",
                        "1":"5",
                        "2":"14:16"
                    },
                    "VI":{
                        "0":16.0,
                        "1":null,
                        "2":null
                    }
                },
                "Set 4":0,
                "Set 5":0
            },
            "Substitutions 2":{
                "Set 1":{
                    "I":{
                        "0":7.0,
                        "1":null,
                        "2":null
                    },
                    "II":{
                        "0":4.0,
                        "1":null,
                        "2":null
                    },
                    "III":{
                        "0":8.0,
                        "1":null,
                        "2":null
                    },
                    "IV":{
                        "0":"1",
                        "1":"9",
                        "2":"8:21"
                    },
                    "V":{
                        "0":5.0,
                        "1":null,
                        "2":null
                    },
                    "VI":{
                        "0":10.0,
                        "1":null,
                        "2":null
                    }
                },
                "Set 2":{
                    "I":{
                        "0":"10",
                        "1":"9",
                        "2":"19:24"
                    },
                    "II":{
                        "0":7.0,
                        "1":null,
                        "2":null
                    },
                    "III":{
                        "0":4.0,
                        "1":null,
                        "2":null
                    },
                    "IV":{
                        "0":8.0,
                        "1":null,
                        "2":null
                    },
                    "V":{
                        "0":1.0,
                        "1":null,
                        "2":null
                    },
                    "VI":{
                        "0":"5",
                        "1":"3",
                        "2":"10:12"
                    }
                },
                "Set 3":{
                    "I":{
                        "0":7.0,
                        "1":null,
                        "2":null
                    },
                    "II":{
                        "0":"3",
                        "1":"5",
                        "2":"16:20"
                    },
                    "III":{
                        "0":8.0,
                        "1":null,
                        "2":null
                    },
                    "IV":{
                        "0":9.0,
                        "1":null,
                        "2":null
                    },
                    "V":{
                        "0":4.0,
                        "1":null,
                        "2":null
                    },
                    "VI":{
                        "0":"10",
                        "1":"1",
                        "2":"17:24"
                    }
                },
                "Set 4":0,
                "Set 5":0
            },
            "Serves 1":{
                "Set 1":{
                    "I":{
                        "0":null,
                        "1":14.0
                    },
                    "II":{
                        "0":"1",
                        "1":19
                    },
                    "III":{
                        "0":"2",
                        "1":24
                    },
                    "IV":{
                        "0":"5",
                        "1":25
                    },
                    "V":{
                        "0":"8",
                        "1":null
                    },
                    "VI":{
                        "0":"12",
                        "1":null
                    }
                },
                "Set 2":{
                    "I":{
                        "0":"0",
                        "1":13,
                        "2":25
                    },
                    "II":{
                        "0":"4",
                        "1":15.0,
                        "2":null
                    },
                    "III":{
                        "0":"6",
                        "1":16.0,
                        "2":null
                    },
                    "IV":{
                        "0":"9",
                        "1":19.0,
                        "2":null
                    },
                    "V":{
                        "0":"10",
                        "1":21.0,
                        "2":null
                    },
                    "VI":{
                        "0":"12",
                        "1":24.0,
                        "2":null
                    }
                },
                "Set 3":{
                    "I":{
                        "0":null,
                        "1":9.0,
                        "2":25.0
                    },
                    "II":{
                        "0":"1",
                        "1":10.0,
                        "2":null
                    },
                    "III":{
                        "0":"4",
                        "1":12.0,
                        "2":null
                    },
                    "IV":{
                        "0":"5",
                        "1":13.0,
                        "2":null
                    },
                    "V":{
                        "0":"6",
                        "1":14.0,
                        "2":null
                    },
                    "VI":{
                        "0":"8",
                        "1":24.0,
                        "2":null
                    }
                },
                "Set 4":0,
                "Set 5":0
            },
            "Serves 2":{
                "Set 1":{
                    "I":{
                        "0":"0",
                        "1":7
                    },
                    "II":{
                        "0":"1",
                        "1":8
                    },
                    "III":{
                        "0":"3",
                        "1":10
                    },
                    "IV":{
                        "0":"4",
                        "1":null
                    },
                    "V":{
                        "0":"5",
                        "1":null
                    },
                    "VI":{
                        "0":"6",
                        "1":null
                    }
                },
                "Set 2":{
                    "I":{
                        "0":null,
                        "1":11.0,
                        "2":19.0
                    },
                    "II":{
                        "0":"1",
                        "1":13.0,
                        "2":null
                    },
                    "III":{
                        "0":"2",
                        "1":14.0,
                        "2":null
                    },
                    "IV":{
                        "0":"7",
                        "1":15.0,
                        "2":null
                    },
                    "V":{
                        "0":"9",
                        "1":16.0,
                        "2":null
                    },
                    "VI":{
                        "0":"10",
                        "1":17.0,
                        "2":null
                    }
                },
                "Set 3":{
                    "I":{
                        "0":"2",
                        "1":10
                    },
                    "II":{
                        "0":"3",
                        "1":11
                    },
                    "III":{
                        "0":"6",
                        "1":12
                    },
                    "IV":{
                        "0":"7",
                        "1":13
                    },
                    "V":{
                        "0":"8",
                        "1":16
                    },
                    "VI":{
                        "0":"9",
                        "1":17
                    }
                },
                "Set 4":0,
                "Set 5":0
            },
            "Timeouts 1":{
                "Set 1":{
                    "T":{

                    }
                },
                "Set 2":{
                    "T":{

                    }
                },
                "Set 3":{
                    "T":{

                    }
                },
                "Set 4":0,
                "Set 5":0
            },
            "Timeouts 2":{
                "Set 1":{
                    "T":{
                        "0":"8:23"
                    }
                },
                "Set 2":{
                    "T":{
                        "0":"15:19",
                        "1":"17:24"
                    }
                },
                "Set 3":{
                    "T":{
                        "0":"16:19",
                        "1":"16:21"
                    }
                },
                "Set 4":0,
                "Set 5":0
            }
        },
        "Teams":{
            "Name":{
                "Team 1":"ASB REZE",
                "Team 2":"CEP POITIERS\/ST BENOIT V.B. 2"
            },
            "Players":{
                "Team 1":{
                    "N\u00b0":{
                        "0":1,
                        "1":2,
                        "2":3,
                        "3":5,
                        "4":6,
                        "5":7,
                        "6":8,
                        "7":9,
                        "8":10,
                        "9":13,
                        "10":16
                    },
                    "Nom Pr\u00e9nom":{
                        "0":"B\u00dcSING DEBORAH",
                        "1":"LACHAUD-ROUSSEAU CLAIRE",
                        "2":"RADZAJEWSKI DIANE",
                        "3":"DUBREUIL STEPHANIE",
                        "4":"TERRIER ROMANE",
                        "5":"BROHAN MAEVA",
                        "6":"SAFFARZADEH KERMANI LILA",
                        "7":"LEUGE-MAILLET JUSTINE",
                        "8":"DELHOMME CLAIRE",
                        "9":"COETMEUR CHARLOTTE",
                        "10":"SAMSON JUSTINE"
                    },
                    "Licence":{
                        "0":2260455,
                        "1":2417052,
                        "2":2359366,
                        "3":1376127,
                        "4":1995297,
                        "5":1892342,
                        "6":2047012,
                        "7":2302547,
                        "8":1451653,
                        "9":1655325,
                        "10":1633195
                    }
                },
                "Team 2":{
                    "N\u00b0":{
                        "0":1,
                        "1":3,
                        "2":4,
                        "3":5,
                        "4":7,
                        "5":8,
                        "6":9,
                        "7":10,
                        "8":14
                    },
                    "Nom Pr\u00e9nom":{
                        "0":"SEGUY MALINA",
                        "1":"MICHAUD EVA",
                        "2":"LADOS EMMANUELLE",
                        "3":"VAN DER BEEK RACHEL",
                        "4":"RAMAYE ELIJAH",
                        "5":"DEMION MELISSA",
                        "6":"GOUET-BORDES ANGELE",
                        "7":"BODIN CLARISSE",
                        "8":"PRINCE MELINE"
                    },
                    "Licence":{
                        "0":2095155,
                        "1":1946220,
                        "2":1415095,
                        "3":1995774,
                        "4":2154226,
                        "5":2142039,
                        "6":2059476,
                        "7":2243464,
                        "8":1862908
                    }
                }
            },
            "Liberos":{
                "Team 1":{
                    "N\u00b0":{
                        "0":8,
                        "1":13
                    },
                    "Nom Pr\u00e9nom":{
                        "0":"SAFFARZADEH KERMANI LILA",
                        "1":"COETMEUR CHARLOTTE"
                    },
                    "Licence":{
                        "0":2047012,
                        "1":1655325
                    }
                },
                "Team 2":{
                    "N\u00b0":{
                        "0":14
                    },
                    "Nom Pr\u00e9nom":{
                        "0":"PRINCE MELINE"
                    },
                    "Licence":{
                        "0":1862908
                    }
                }
            },
            "Officials":{
                "Team 1":{
                    "N\u00b0":{
                        "0":"EA"
                    },
                    "Nom Pr\u00e9nom":{
                        "0":"GUILBAUD KEVIN"
                    },
                    "Licence":{
                        "0":1795218
                    }
                },
                "Team 2":{
                    "N\u00b0":{
                        "0":"EA"
                    },
                    "Nom Pr\u00e9nom":{
                        "0":"GRUEL HUGO"
                    },
                    "Licence":{
                        "0":1658475
                    }
                }
            }
        },
        "Results":{
            "winner":"ASB REZE",
            "score":"3\/0"
        },
        "Referees":{
            "NOM Pr\u00e9nom":{
                "1er":"DENIS OLIVIER",
                "2\u00e8me":"TRUONG KIM",
                "Marqueur":"HEUSSAFF ANNIE",
                "Marq.Ass":".",
                "nan":null
            },
            "Ligue":{
                "1er":"LIG_IF",
                "2\u00e8me":"LIG_IF",
                "Marqueur":"LIG_PL",
                "Marq.Ass":null,
                "nan":"Juges"
            },
            "Licence":{
                "1er":1809777.0,
                "2\u00e8me":1218989.0,
                "Marqueur":37135.0,
                "Marq.Ass":null,
                "nan":null
            }
        },
        "Penalties":{

        }
    }
}