{
    "Match":{
        "Title":{
            "div_code":"3FG ",
            "div_name":"NATIONALE 3 FEMININE POULE G",
            "div_pool":"",
            "match_number":"3FG090",
            "match_day":"15",
            "city":"",
            "gym":"GYMNASE BARTHELEMY",
            "category":"SENIOR | FEMININE",
            "ligue":"Comp\u00e9titions Nationales SENIORS",
            "date":"2020-03-01 16:00:00",
            "team_1":"SMOC ST-JEAN DE BRAYE",
            "team_2":"ASB REZE"
        },
        "Sets":{
            "Teams":{
                "Set 1":{
                    "Name":{
                        "Team 1":"ASB REZE",
                        "Team 2":"SMOC ST-JEAN DE BRAYE"
                    },
                    "Starting":{
                        "Team 1":"Service",
                        "Team 2":"Reception"
                    }
                },
                "Set 2":{
                    "Name":{
                        "Team 1":"ASB REZE",
                        "Team 2":"SMOC ST-JEAN DE BRAYE"
                    },
                    "Starting":{
                        "Team 1":"Reception",
                        "Team 2":"Service"
                    }
                },
                "Set 3":{
                    "Name":{
                        "Team 1":"ASB REZE",
                        "Team 2":"SMOC ST-JEAN DE BRAYE"
                    },
                    "Starting":{
                        "Team 1":"Service",
                        "Team 2":"Reception"
                    }
                },
                "Set 4":0,
                "Set 5":0
            },
            "Time":{
                "Set 1":{
                    "Time":{
                        "Start":"2020-03-01 15:58:00",
                        "End":"2020-03-01 16:23:00"
                    }
                },
                "Set 2":{
                    "Time":{
                        "Start":"2020-03-01 16:26:00",
                        "End":"2020-03-01 16:52:00"
                    }
                },
                "Set 3":{
                    "Time":{
                        "Start":"2020-03-01 16:55:00",
                        "End":"2020-03-01 17:23:00"
                    }
                },
                "Set 4":0,
                "Set 5":0
            },
            "Substitutions 1":{
                "Set 1":{
                    "I":{
                        "0":5.0,
                        "1":null,
                        "2":null
                    },
                    "II":{
                        "0":16.0,
                        "1":null,
                        "2":null
                    },
                    "III":{
                        "0":6.0,
                        "1":null,
                        "2":null
                    },
                    "IV":{
                        "0":7.0,
                        "1":null,
                        "2":null
                    },
                    "V":{
                        "0":"10",
                        "1":"12",
                        "2":"13:11"
                    },
                    "VI":{
                        "0":3.0,
                        "1":null,
                        "2":null
                    }
                },
                "Set 2":{
                    "I":{
                        "0":3.0,
                        "1":null,
                        "2":null,
                        "3":null
                    },
                    "II":{
                        "0":5.0,
                        "1":null,
                        "2":null,
                        "3":null
                    },
                    "III":{
                        "0":16.0,
                        "1":null,
                        "2":null,
                        "3":null
                    },
                    "IV":{
                        "0":"6",
                        "1":"9",
                        "2":"16:11",
                        "3":"20:14"
                    },
                    "V":{
                        "0":7.0,
                        "1":null,
                        "2":null,
                        "3":null
                    },
                    "VI":{
                        "0":"10",
                        "1":"12",
                        "2":"6:7",
                        "3":null
                    }
                },
                "Set 3":{
                    "I":{
                        "0":"5",
                        "1":"9",
                        "2":"13:12"
                    },
                    "II":{
                        "0":16.0,
                        "1":null,
                        "2":null
                    },
                    "III":{
                        "0":"6",
                        "1":"10",
                        "2":"22:17"
                    },
                    "IV":{
                        "0":7.0,
                        "1":null,
                        "2":null
                    },
                    "V":{
                        "0":12.0,
                        "1":null,
                        "2":null
                    },
                    "VI":{
                        "0":3.0,
                        "1":null,
                        "2":null
                    }
                },
                "Set 4":0,
                "Set 5":0
            },
            "Substitutions 2":{
                "Set 1":{
                    "I":{
                        "0":"3",
                        "1":"1",
                        "2":"18:23",
                        "3":null
                    },
                    "II":{
                        "0":7.0,
                        "1":null,
                        "2":null,
                        "3":null
                    },
                    "III":{
                        "0":4.0,
                        "1":null,
                        "2":null,
                        "3":null
                    },
                    "IV":{
                        "0":9.0,
                        "1":null,
                        "2":null,
                        "3":null
                    },
                    "V":{
                        "0":2.0,
                        "1":null,
                        "2":null,
                        "3":null
                    },
                    "VI":{
                        "0":"5",
                        "1":"8",
                        "2":"16:18",
                        "3":"19:24"
                    }
                },
                "Set 2":{
                    "I":{
                        "0":7.0,
                        "1":null,
                        "2":null
                    },
                    "II":{
                        "0":"4",
                        "1":"8",
                        "2":"10:13"
                    },
                    "III":{
                        "0":9.0,
                        "1":null,
                        "2":null
                    },
                    "IV":{
                        "0":2.0,
                        "1":null,
                        "2":null
                    },
                    "V":{
                        "0":5.0,
                        "1":null,
                        "2":null
                    },
                    "VI":{
                        "0":"3",
                        "1":"1",
                        "2":"12:16"
                    }
                },
                "Set 3":{
                    "I":{
                        "0":7.0,
                        "1":null,
                        "2":null,
                        "3":null
                    },
                    "II":{
                        "0":8.0,
                        "1":null,
                        "2":null,
                        "3":null
                    },
                    "III":{
                        "0":9.0,
                        "1":null,
                        "2":null,
                        "3":null
                    },
                    "IV":{
                        "0":2.0,
                        "1":null,
                        "2":null,
                        "3":null
                    },
                    "V":{
                        "0":5.0,
                        "1":null,
                        "2":null,
                        "3":null
                    },
                    "VI":{
                        "0":"3",
                        "1":"1",
                        "2":"12:13",
                        "3":"17:23"
                    }
                },
                "Set 4":0,
                "Set 5":0
            },
            "Serves 1":{
                "Set 1":{
                    "I":{
                        "0":"1",
                        "1":12,
                        "2":23
                    },
                    "II":{
                        "0":"2",
                        "1":13,
                        "2":24
                    },
                    "III":{
                        "0":"6",
                        "1":15,
                        "2":25
                    },
                    "IV":{
                        "0":"7",
                        "1":16.0,
                        "2":null
                    },
                    "V":{
                        "0":"10",
                        "1":18.0,
                        "2":null
                    },
                    "VI":{
                        "0":"11",
                        "1":19.0,
                        "2":null
                    }
                },
                "Set 2":{
                    "I":{
                        "0":null,
                        "1":8.0,
                        "2":20.0
                    },
                    "II":{
                        "0":"2",
                        "1":13,
                        "2":21
                    },
                    "III":{
                        "0":"3",
                        "1":15,
                        "2":22
                    },
                    "IV":{
                        "0":"4",
                        "1":16,
                        "2":25
                    },
                    "V":{
                        "0":"6",
                        "1":17.0,
                        "2":null
                    },
                    "VI":{
                        "0":"7",
                        "1":19.0,
                        "2":null
                    }
                },
                "Set 3":{
                    "I":{
                        "0":"0",
                        "1":18
                    },
                    "II":{
                        "0":"2",
                        "1":21
                    },
                    "III":{
                        "0":"5",
                        "1":23
                    },
                    "IV":{
                        "0":"9",
                        "1":24
                    },
                    "V":{
                        "0":"13",
                        "1":25
                    },
                    "VI":{
                        "0":"16",
                        "1":null
                    }
                },
                "Set 4":0,
                "Set 5":0
            },
            "Serves 2":{
                "Set 1":{
                    "I":{
                        "0":null,
                        "1":9.0,
                        "2":17.0
                    },
                    "II":{
                        "0":"1",
                        "1":11,
                        "2":18
                    },
                    "III":{
                        "0":"2",
                        "1":12,
                        "2":19
                    },
                    "IV":{
                        "0":"4",
                        "1":13.0,
                        "2":null
                    },
                    "V":{
                        "0":"6",
                        "1":15.0,
                        "2":null
                    },
                    "VI":{
                        "0":"7",
                        "1":16.0,
                        "2":null
                    }
                },
                "Set 2":{
                    "I":{
                        "0":"1",
                        "1":9,
                        "2":15
                    },
                    "II":{
                        "0":"2",
                        "1":10,
                        "2":16
                    },
                    "III":{
                        "0":"3",
                        "1":11,
                        "2":17
                    },
                    "IV":{
                        "0":"4",
                        "1":12.0,
                        "2":null
                    },
                    "V":{
                        "0":"7",
                        "1":13.0,
                        "2":null
                    },
                    "VI":{
                        "0":"8",
                        "1":14.0,
                        "2":null
                    }
                },
                "Set 3":{
                    "I":{
                        "0":null,
                        "1":14.0
                    },
                    "II":{
                        "0":"1",
                        "1":15
                    },
                    "III":{
                        "0":"6",
                        "1":17
                    },
                    "IV":{
                        "0":"9",
                        "1":21
                    },
                    "V":{
                        "0":"11",
                        "1":22
                    },
                    "VI":{
                        "0":"12",
                        "1":null
                    }
                },
                "Set 4":0,
                "Set 5":0
            },
            "Timeouts 1":{
                "Set 1":{
                    "T":{

                    }
                },
                "Set 2":{
                    "T":{

                    }
                },
                "Set 3":{
                    "T":{
                        "0":"23:21"
                    }
                },
                "Set 4":0,
                "Set 5":0
            },
            "Timeouts 2":{
                "Set 1":{
                    "T":{
                        "0":"17:21"
                    }
                },
                "Set 2":{
                    "T":{

                    }
                },
                "Set 3":{
                    "T":{
                        "0":"15:20"
                    }
                },
                "Set 4":0,
                "Set 5":0
            }
        },
        "Teams":{
            "Name":{
                "Team 1":"SMOC ST-JEAN DE BRAYE",
                "Team 2":"ASB REZE"
            },
            "Players":{
                "Team 1":{
                    "N\u00b0":{
                        "0":1,
                        "1":2,
                        "2":3,
                        "3":4,
                        "4":5,
                        "5":7,
                        "6":8,
                        "7":9
                    },
                    "Nom Pr\u00e9nom":{
                        "0":"LEDUC CAMILLE",
                        "1":"FAVREAU JULIE",
                        "2":"SOPAJ ARTINA",
                        "3":"PETIOTE LOURNIA",
                        "4":"GABRIELLI-DURAND SARAH",
                        "5":"DOUMERET CHLOE",
                        "6":"PLAS CELINE",
                        "7":"PLAIRE JULIE"
                    },
                    "Licence":{
                        "0":2090838,
                        "1":1914165,
                        "2":1890115,
                        "3":2103092,
                        "4":2302505,
                        "5":1838970,
                        "6":1800411,
                        "7":1556789
                    }
                },
                "Team 2":{
                    "N\u00b0":{
                        "0":3,
                        "1":5,
                        "2":6,
                        "3":7,
                        "4":8,
                        "5":9,
                        "6":10,
                        "7":12,
                        "8":13,
                        "9":16
                    },
                    "Nom Pr\u00e9nom":{
                        "0":"RADZAJEWSKI DIANE",
                        "1":"DUBREUIL STEPHANIE",
                        "2":"TERRIER ROMANE",
                        "3":"BROHAN MAEVA",
                        "4":"SAFFARZADEH KERMANI LILA",
                        "5":"LEUGE MAILLET JUSTINE",
                        "6":"DELHOMME CLAIRE",
                        "7":"PATE MATHILDE",
                        "8":"COETMEUR CHARLOTTE",
                        "9":"SAMSON JUSTINE"
                    },
                    "Licence":{
                        "0":2359366,
                        "1":1376127,
                        "2":1995297,
                        "3":1892342,
                        "4":2047012,
                        "5":2302547,
                        "6":1451653,
                        "7":2147093,
                        "8":1655325,
                        "9":1633195
                    }
                }
            },
            "Liberos":{
                "Team 1":{
                    "N\u00b0":{

                    },
                    "Nom Pr\u00e9nom":{

                    },
                    "Licence":{

                    }
                },
                "Team 2":{
                    "N\u00b0":{
                        "0":8,
                        "1":13
                    },
                    "Nom Pr\u00e9nom":{
                        "0":"SAFFARZADEH KERMANI LILA",
                        "1":"COETMEUR CHARLOTTE"
                    },
                    "Licence":{
                        "0":2047012,
                        "1":1655325
                    }
                }
            },
            "Officials":{
                "Team 1":{
                    "N\u00b0":{
                        "0":"EA",
                        "1":"EB"
                    },
                    "Nom Pr\u00e9nom":{
                        "0":"SAMBA KONG JOSEPH",
                        "1":"GODINEAU ROMAIN"
                    },
                    "Licence":{
                        "0":1999178,
                        "1":1759271
                    }
                },
                "Team 2":{
                    "N\u00b0":{
                        "0":"EA"
                    },
                    "Nom Pr\u00e9nom":{
                        "0":"GUILBAUD KEVIN"
                    },
                    "Licence":{
                        "0":1795218
                    }
                }
            }
        },
        "Results":{
            "winner":"ASB REZE",
            "score":"3\/0"
        },
        "Referees":{
            "NOM Pr\u00e9nom":{
                "1er":"GUERTIN SYLVAIN",
                "2\u00e8me":"NAVARRO LUCAS",
                "Marqueur":"GAUDEAU MARINA",
                "Marq.Ass":".",
                "R.Salle":"MARTIN PATRICK"
            },
            "Ligue":{
                "1er":"LIG_CE",
                "2\u00e8me":"LIG_CE",
                "Marqueur":"LIG_CE",
                "Marq.Ass":null,
                "R.Salle":"LIG_CE"
            },
            "Licence":{
                "1er":1770106.0,
                "2\u00e8me":2045846.0,
                "Marqueur":2012673.0,
                "Marq.Ass":null,
                "R.Salle":1356317.0
            }
        },
        "Penalties":{

        }
    }
}