{
    "Match":{
        "Title":{
            "div_code":"3FG ",
            "div_name":"NATIONALE 3 FEMININE POULE G",
            "div_pool":"",
            "match_number":"3FG041",
            "match_day":"07",
            "city":"ST BENOIT",
            "gym":"SALLE DU GRAVION",
            "category":"SENIOR | FEMININE",
            "ligue":"Comp\u00e9titions Nationales SENIORS",
            "date":"2019-11-30 20:00:00",
            "team_1":"CEP POITIERS\/ST BENOIT V.B. 2",
            "team_2":"ST NAZAIRE VB ATLANTIQUE"
        },
        "Sets":{
            "Teams":{
                "Set 1":{
                    "Name":{
                        "Team 1":"CEP POITIERS\/ST BENOIT",
                        "Team 2":"ST NAZAIRE VB ATLANTIQ"
                    },
                    "Starting":{
                        "Team 1":"Reception",
                        "Team 2":"Service"
                    }
                },
                "Set 2":{
                    "Name":{
                        "Team 1":"CEP POITIERS\/ST BENOIT",
                        "Team 2":"ST NAZAIRE VB ATLANTIQ"
                    },
                    "Starting":{
                        "Team 1":"Service",
                        "Team 2":"Reception"
                    }
                },
                "Set 3":{
                    "Name":{
                        "Team 1":"CEP POITIERS\/ST BENOIT",
                        "Team 2":"ST NAZAIRE VB ATLANTIQ"
                    },
                    "Starting":{
                        "Team 1":"Reception",
                        "Team 2":"Service"
                    }
                },
                "Set 4":{
                    "Name":{
                        "Team 1":"CEP POITIERS\/ST BENOIT",
                        "Team 2":"ST NAZAIRE VB ATLANTIQ"
                    },
                    "Starting":{
                        "Team 1":"Service",
                        "Team 2":"Reception"
                    }
                },
                "Set 5":{
                    "Name":{
                        "Team 1":"ST NAZAIRE VB ATLAN",
                        "Team 2":"CEP POITIERS\/ST BEN"
                    },
                    "Starting":{
                        "Team 1":"Reception",
                        "Team 2":"Service"
                    }
                }
            },
            "Time":{
                "Set 1":{
                    "Time":{
                        "Start":"2019-11-30 19:55:00",
                        "End":"2019-11-30 20:27:00"
                    }
                },
                "Set 2":{
                    "Time":{
                        "Start":"2019-11-30 20:30:00",
                        "End":"2019-11-30 20:58:00"
                    }
                },
                "Set 3":{
                    "Time":{
                        "Start":"2019-11-30 21:01:00",
                        "End":"2019-11-30 21:24:00"
                    }
                },
                "Set 4":{
                    "Time":{
                        "Start":"2019-11-30 21:27:00",
                        "End":"2019-11-30 21:53:00"
                    }
                },
                "Set 5":{
                    "Time":{
                        "Start":"2019-11-30 21:56:00",
                        "End":"2019-11-30 22:11:00"
                    }
                }
            },
            "Substitutions 1":{
                "Set 1":{
                    "I":{
                        "0":13.0,
                        "1":null,
                        "2":null,
                        "3":null
                    },
                    "II":{
                        "0":6.0,
                        "1":null,
                        "2":null,
                        "3":null
                    },
                    "III":{
                        "0":14.0,
                        "1":null,
                        "2":null,
                        "3":null
                    },
                    "IV":{
                        "0":8.0,
                        "1":null,
                        "2":null,
                        "3":null
                    },
                    "V":{
                        "0":7.0,
                        "1":null,
                        "2":null,
                        "3":null
                    },
                    "VI":{
                        "0":"3",
                        "1":"2",
                        "2":"7:16",
                        "3":"10:17"
                    }
                },
                "Set 2":{
                    "I":{
                        "0":6.0,
                        "1":null,
                        "2":null,
                        "3":null
                    },
                    "II":{
                        "0":14.0,
                        "1":null,
                        "2":null,
                        "3":null
                    },
                    "III":{
                        "0":8.0,
                        "1":null,
                        "2":null,
                        "3":null
                    },
                    "IV":{
                        "0":7.0,
                        "1":null,
                        "2":null,
                        "3":null
                    },
                    "V":{
                        "0":"3",
                        "1":"2",
                        "2":"9:12",
                        "3":"14:14"
                    },
                    "VI":{
                        "0":13.0,
                        "1":null,
                        "2":null,
                        "3":null
                    }
                },
                "Set 3":{
                    "I":{
                        "0":13
                    },
                    "II":{
                        "0":6
                    },
                    "III":{
                        "0":14
                    },
                    "IV":{
                        "0":8
                    },
                    "V":{
                        "0":7
                    },
                    "VI":{
                        "0":3
                    }
                },
                "Set 4":{
                    "I":{
                        "0":6.0,
                        "1":null,
                        "2":null
                    },
                    "II":{
                        "0":14.0,
                        "1":null,
                        "2":null
                    },
                    "III":{
                        "0":8.0,
                        "1":null,
                        "2":null
                    },
                    "IV":{
                        "0":"7",
                        "1":"12",
                        "2":"14:20"
                    },
                    "V":{
                        "0":"3",
                        "1":"2",
                        "2":"14:21"
                    },
                    "VI":{
                        "0":13.0,
                        "1":null,
                        "2":null
                    }
                },
                "Set 5":{
                    "I":{
                        "0":7.0,
                        "1":null,
                        "2":null,
                        "3":null
                    },
                    "II":{
                        "0":"2",
                        "1":"5",
                        "2":"13:7",
                        "3":"13:8"
                    },
                    "III":{
                        "0":3.0,
                        "1":null,
                        "2":null,
                        "3":null
                    },
                    "IV":{
                        "0":12.0,
                        "1":null,
                        "2":null,
                        "3":null
                    },
                    "V":{
                        "0":"6",
                        "1":"1",
                        "2":"14:8",
                        "3":null
                    },
                    "VI":{
                        "0":9.0,
                        "1":null,
                        "2":null,
                        "3":null
                    }
                }
            },
            "Substitutions 2":{
                "Set 1":{
                    "I":{
                        "0":6.0,
                        "1":null,
                        "2":null,
                        "3":null
                    },
                    "II":{
                        "0":"12",
                        "1":"4",
                        "2":"23:24",
                        "3":"24:24"
                    },
                    "III":{
                        "0":"1",
                        "1":"7",
                        "2":"18:12",
                        "3":"21:19"
                    },
                    "IV":{
                        "0":3.0,
                        "1":null,
                        "2":null,
                        "3":null
                    },
                    "V":{
                        "0":5.0,
                        "1":null,
                        "2":null,
                        "3":null
                    },
                    "VI":{
                        "0":2.0,
                        "1":null,
                        "2":null,
                        "3":null
                    }
                },
                "Set 2":{
                    "I":{
                        "0":"2",
                        "1":"9",
                        "2":"17:23"
                    },
                    "II":{
                        "0":6.0,
                        "1":null,
                        "2":null
                    },
                    "III":{
                        "0":12.0,
                        "1":null,
                        "2":null
                    },
                    "IV":{
                        "0":"1",
                        "1":"7",
                        "2":"16:20"
                    },
                    "V":{
                        "0":3.0,
                        "1":null,
                        "2":null
                    },
                    "VI":{
                        "0":5.0,
                        "1":null,
                        "2":null
                    }
                },
                "Set 3":{
                    "I":{
                        "0":6.0,
                        "1":null,
                        "2":null
                    },
                    "II":{
                        "0":"12",
                        "1":"4",
                        "2":"6:18"
                    },
                    "III":{
                        "0":"1",
                        "1":"7",
                        "2":"5:11"
                    },
                    "IV":{
                        "0":"3",
                        "1":"9",
                        "2":"10:23"
                    },
                    "V":{
                        "0":5.0,
                        "1":null,
                        "2":null
                    },
                    "VI":{
                        "0":2.0,
                        "1":null,
                        "2":null
                    }
                },
                "Set 4":{
                    "I":{
                        "0":3
                    },
                    "II":{
                        "0":12
                    },
                    "III":{
                        "0":6
                    },
                    "IV":{
                        "0":9
                    },
                    "V":{
                        "0":7
                    },
                    "VI":{
                        "0":2
                    }
                },
                "Set 5":{
                    "I":{
                        "0":6.0,
                        "1":null,
                        "2":null,
                        "3":null
                    },
                    "II":{
                        "0":14.0,
                        "1":null,
                        "2":null,
                        "3":null
                    },
                    "III":{
                        "0":8.0,
                        "1":null,
                        "2":null,
                        "3":null
                    },
                    "IV":{
                        "0":"7",
                        "1":"12",
                        "2":"5:11",
                        "3":"6:12"
                    },
                    "V":{
                        "0":"3",
                        "1":"2",
                        "2":"4:8",
                        "3":"8:13"
                    },
                    "VI":{
                        "0":13.0,
                        "1":null,
                        "2":null,
                        "3":null
                    }
                }
            },
            "Serves 1":{
                "Set 1":{
                    "I":{
                        "0":null,
                        "1":7.0,
                        "2":21.0
                    },
                    "II":{
                        "0":"1",
                        "1":9,
                        "2":24
                    },
                    "III":{
                        "0":"2",
                        "1":11.0,
                        "2":null
                    },
                    "IV":{
                        "0":"3",
                        "1":12.0,
                        "2":null
                    },
                    "V":{
                        "0":"4",
                        "1":15.0,
                        "2":null
                    },
                    "VI":{
                        "0":"6",
                        "1":19.0,
                        "2":null
                    }
                },
                "Set 2":{
                    "I":{
                        "0":"4",
                        "1":13
                    },
                    "II":{
                        "0":"6",
                        "1":15
                    },
                    "III":{
                        "0":"7",
                        "1":16
                    },
                    "IV":{
                        "0":"8",
                        "1":21
                    },
                    "V":{
                        "0":"9",
                        "1":24
                    },
                    "VI":{
                        "0":"11",
                        "1":25
                    }
                },
                "Set 3":{
                    "I":{
                        "0":null,
                        "1":20.0
                    },
                    "II":{
                        "0":"2",
                        "1":21
                    },
                    "III":{
                        "0":"6",
                        "1":23
                    },
                    "IV":{
                        "0":"8",
                        "1":24
                    },
                    "V":{
                        "0":"13",
                        "1":25
                    },
                    "VI":{
                        "0":"19",
                        "1":null
                    }
                },
                "Set 4":{
                    "I":{
                        "0":"1",
                        "1":11
                    },
                    "II":{
                        "0":"3",
                        "1":12
                    },
                    "III":{
                        "0":"4",
                        "1":13
                    },
                    "IV":{
                        "0":"6",
                        "1":14
                    },
                    "V":{
                        "0":"7",
                        "1":null
                    },
                    "VI":{
                        "0":"10",
                        "1":null
                    }
                },
                "Set 5":{
                    "I":{
                        "0":null,
                        "1":12.0
                    },
                    "II":{
                        "0":"3",
                        "1":13
                    },
                    "III":{
                        "0":"4",
                        "1":15
                    },
                    "IV":{
                        "0":"6",
                        "1":null
                    },
                    "V":{
                        "0":"7",
                        "1":null
                    },
                    "VI":{
                        "0":"8",
                        "1":null
                    }
                }
            },
            "Serves 2":{
                "Set 1":{
                    "I":{
                        "0":"2",
                        "1":16,
                        "2":23
                    },
                    "II":{
                        "0":"4",
                        "1":17,
                        "2":26
                    },
                    "III":{
                        "0":"7",
                        "1":18.0,
                        "2":null
                    },
                    "IV":{
                        "0":"8",
                        "1":19.0,
                        "2":null
                    },
                    "V":{
                        "0":"11",
                        "1":20.0,
                        "2":null
                    },
                    "VI":{
                        "0":"12",
                        "1":21.0,
                        "2":null
                    }
                },
                "Set 2":{
                    "I":{
                        "0":null,
                        "1":13.0
                    },
                    "II":{
                        "0":"3",
                        "1":14
                    },
                    "III":{
                        "0":"6",
                        "1":15
                    },
                    "IV":{
                        "0":"9",
                        "1":16
                    },
                    "V":{
                        "0":"11",
                        "1":17
                    },
                    "VI":{
                        "0":"12",
                        "1":19
                    }
                },
                "Set 3":{
                    "I":{
                        "0":"2",
                        "1":8
                    },
                    "II":{
                        "0":"3",
                        "1":9
                    },
                    "III":{
                        "0":"4",
                        "1":11
                    },
                    "IV":{
                        "0":"5",
                        "1":12
                    },
                    "V":{
                        "0":"6",
                        "1":null
                    },
                    "VI":{
                        "0":"7",
                        "1":null
                    }
                },
                "Set 4":{
                    "I":{
                        "0":null,
                        "1":6.0
                    },
                    "II":{
                        "0":"1",
                        "1":9
                    },
                    "III":{
                        "0":"2",
                        "1":10
                    },
                    "IV":{
                        "0":"3",
                        "1":13
                    },
                    "V":{
                        "0":"4",
                        "1":25
                    },
                    "VI":{
                        "0":"5",
                        "1":null
                    }
                },
                "Set 5":{
                    "I":{
                        "0":"0",
                        "1":7
                    },
                    "II":{
                        "0":"1",
                        "1":8
                    },
                    "III":{
                        "0":"2",
                        "1":null
                    },
                    "IV":{
                        "0":"3",
                        "1":null
                    },
                    "V":{
                        "0":"4",
                        "1":null
                    },
                    "VI":{
                        "0":"5",
                        "1":null
                    }
                }
            },
            "Timeouts 1":{
                "Set 1":{
                    "T":{
                        "0":"4:11",
                        "1":"24:25"
                    }
                },
                "Set 2":{
                    "T":{
                        "0":"8:11"
                    }
                },
                "Set 3":{
                    "T":{
                        "0":"24:12"
                    }
                },
                "Set 4":{
                    "T":{
                        "0":"13:13",
                        "1":"14:22"
                    }
                },
                "Set 5":{
                    "T":{

                    }
                }
            },
            "Timeouts 2":{
                "Set 1":{
                    "T":{
                        "0":"20:19",
                        "1":"23:24"
                    }
                },
                "Set 2":{
                    "T":{
                        "0":"0:4",
                        "1":"16:19"
                    }
                },
                "Set 3":{
                    "T":{

                    }
                },
                "Set 4":{
                    "T":{

                    }
                },
                "Set 5":{
                    "T":{
                        "0":"5:10",
                        "1":"8:14"
                    }
                }
            }
        },
        "Teams":{
            "Name":{
                "Team 1":"CEP POITIERS\/ST BENOIT V.B. 2",
                "Team 2":"ST NAZAIRE VB ATLANTIQUE"
            },
            "Players":{
                "Team 1":{
                    "N\u00b0":{
                        "0":1,
                        "1":2,
                        "2":3,
                        "3":6,
                        "4":7,
                        "5":8,
                        "6":12,
                        "7":13,
                        "8":14
                    },
                    "Nom Pr\u00e9nom":{
                        "0":"PRINCE MELINE",
                        "1":"MRANI ALAOUI YASMINA",
                        "2":"MICHAUD EVA",
                        "3":"RAMAYE ELIJAH",
                        "4":"SEGUY MALINA",
                        "5":"PELAT EMILIE",
                        "6":"ABASSI LUANA",
                        "7":"BODIN CLARISSE",
                        "8":"LADOS EMMANUELLE"
                    },
                    "Licence":{
                        "0":1862908,
                        "1":1814475,
                        "2":1946220,
                        "3":2154226,
                        "4":2095155,
                        "5":1365595,
                        "6":2147289,
                        "7":2243464,
                        "8":1415095
                    }
                },
                "Team 2":{
                    "N\u00b0":{
                        "0":1,
                        "1":2,
                        "2":3,
                        "3":4,
                        "4":5,
                        "5":6,
                        "6":7,
                        "7":9,
                        "8":12,
                        "9":16
                    },
                    "Nom Pr\u00e9nom":{
                        "0":"MOREAU CHARLOTTE",
                        "1":"LAGISQUET CELIA",
                        "2":"BEAOUSSON JOHANNA",
                        "3":"BERTRANT JULIETTE",
                        "4":"BODINIER JULIETTE",
                        "5":"MERLAUD MARION",
                        "6":"TUAL SOAZIG",
                        "7":"DUPRE MARGO",
                        "8":"BRETON SARAH",
                        "9":"BONNET MARION"
                    },
                    "Licence":{
                        "0":1953716,
                        "1":2007871,
                        "2":2112192,
                        "3":1908170,
                        "4":2038165,
                        "5":1415575,
                        "6":1207501,
                        "7":2416106,
                        "8":1593310,
                        "9":1234242
                    }
                }
            },
            "Liberos":{
                "Team 1":{
                    "N\u00b0":{
                        "0":1
                    },
                    "Nom Pr\u00e9nom":{
                        "0":"PRINCE MELINE"
                    },
                    "Licence":{
                        "0":1862908
                    }
                },
                "Team 2":{
                    "N\u00b0":{
                        "0":16
                    },
                    "Nom Pr\u00e9nom":{
                        "0":"BONNET MARION"
                    },
                    "Licence":{
                        "0":1234242
                    }
                }
            },
            "Officials":{
                "Team 1":{
                    "N\u00b0":{
                        "0":"EA"
                    },
                    "Nom Pr\u00e9nom":{
                        "0":"GRUEL HUGO"
                    },
                    "Licence":{
                        "0":1658475
                    }
                },
                "Team 2":{
                    "N\u00b0":{
                        "0":"EA"
                    },
                    "Nom Pr\u00e9nom":{
                        "0":"BARAKA FAYSSAL"
                    },
                    "Licence":{
                        "0":1910134
                    }
                }
            }
        },
        "Results":{
            "winner":"ST NAZAIRE VB ATLANTIQ",
            "score":"3\/2"
        },
        "Referees":{
            "NOM Pr\u00e9nom":{
                "1er":"CHAINTRE THIERRY",
                "2\u00e8me":"PEDRETTI NATHALIE",
                "Marqueur":"FLEURET JULIETTE",
                "Marq.Ass":".",
                "R.Salle":"PRUGNAU S\u00c9BASTIEN"
            },
            "Ligue":{
                "1er":"LIG_AQ",
                "2\u00e8me":"LIG_AQ",
                "Marqueur":"LIG_AQ",
                "Marq.Ass":null,
                "R.Salle":"LIG_AQ"
            },
            "Licence":{
                "1er":535781.0,
                "2\u00e8me":327346.0,
                "Marqueur":1961732.0,
                "Marq.Ass":null,
                "R.Salle":2212596.0
            }
        },
        "Penalties":{

        }
    }
}