{
    "Match":{
        "Title":{
            "div_code":"3FG ",
            "div_name":"NATIONALE 3 FEMININE POULE G",
            "div_pool":"",
            "match_number":"3FG027",
            "match_day":"05",
            "city":"NIORT",
            "gym":"HENRI BARBUSSE",
            "category":"SENIOR | FEMININE",
            "ligue":"Comp\u00e9titions Nationales SENIORS",
            "date":"2019-11-09 20:00:00",
            "team_1":"VOLLEY-BALL PEXINOIS NIORT",
            "team_2":"VANNES VOLLEY 56"
        },
        "Sets":{
            "Teams":{
                "Set 1":{
                    "Name":{
                        "Team 1":"VOLLEY-BALL PEXINOIS N",
                        "Team 2":"VANNES VOLLEY 56"
                    },
                    "Starting":{
                        "Team 1":"Service",
                        "Team 2":"Reception"
                    }
                },
                "Set 2":{
                    "Name":{
                        "Team 1":"VOLLEY-BALL PEXINOIS N",
                        "Team 2":"VANNES VOLLEY 56"
                    },
                    "Starting":{
                        "Team 1":"Reception",
                        "Team 2":"Service"
                    }
                },
                "Set 3":{
                    "Name":{
                        "Team 1":"VOLLEY-BALL PEXINOIS N",
                        "Team 2":"VANNES VOLLEY 56"
                    },
                    "Starting":{
                        "Team 1":"Service",
                        "Team 2":"Reception"
                    }
                },
                "Set 4":0,
                "Set 5":0
            },
            "Time":{
                "Set 1":{
                    "Time":{
                        "Start":"2019-11-09 19:58:00",
                        "End":"2019-11-09 20:22:00"
                    }
                },
                "Set 2":{
                    "Time":{
                        "Start":"2019-11-09 20:25:00",
                        "End":"2019-11-09 20:52:00"
                    }
                },
                "Set 3":{
                    "Time":{
                        "Start":"2019-11-09 20:55:00",
                        "End":"2019-11-09 21:24:00"
                    }
                },
                "Set 4":0,
                "Set 5":0
            },
            "Substitutions 1":{
                "Set 1":{
                    "I":{
                        "0":2
                    },
                    "II":{
                        "0":8
                    },
                    "III":{
                        "0":11
                    },
                    "IV":{
                        "0":1
                    },
                    "V":{
                        "0":10
                    },
                    "VI":{
                        "0":7
                    }
                },
                "Set 2":{
                    "I":{
                        "0":8.0,
                        "1":null,
                        "2":null
                    },
                    "II":{
                        "0":11.0,
                        "1":null,
                        "2":null
                    },
                    "III":{
                        "0":1.0,
                        "1":null,
                        "2":null
                    },
                    "IV":{
                        "0":"10",
                        "1":"5",
                        "2":"24:17"
                    },
                    "V":{
                        "0":"7",
                        "1":"6",
                        "2":"22:17"
                    },
                    "VI":{
                        "0":2.0,
                        "1":null,
                        "2":null
                    }
                },
                "Set 3":{
                    "I":{
                        "0":8.0,
                        "1":null,
                        "2":null
                    },
                    "II":{
                        "0":"11",
                        "1":"6",
                        "2":"22:18"
                    },
                    "III":{
                        "0":1.0,
                        "1":null,
                        "2":null
                    },
                    "IV":{
                        "0":10.0,
                        "1":null,
                        "2":null
                    },
                    "V":{
                        "0":7.0,
                        "1":null,
                        "2":null
                    },
                    "VI":{
                        "0":2.0,
                        "1":null,
                        "2":null
                    }
                },
                "Set 4":0,
                "Set 5":0
            },
            "Substitutions 2":{
                "Set 1":{
                    "I":{
                        "0":"10",
                        "1":"12",
                        "2":"15:23"
                    },
                    "II":{
                        "0":11.0,
                        "1":null,
                        "2":null
                    },
                    "III":{
                        "0":5.0,
                        "1":null,
                        "2":null
                    },
                    "IV":{
                        "0":8.0,
                        "1":null,
                        "2":null
                    },
                    "V":{
                        "0":19.0,
                        "1":null,
                        "2":null
                    },
                    "VI":{
                        "0":2.0,
                        "1":null,
                        "2":null
                    }
                },
                "Set 2":{
                    "I":{
                        "0":11.0,
                        "1":null,
                        "2":null
                    },
                    "II":{
                        "0":5.0,
                        "1":null,
                        "2":null
                    },
                    "III":{
                        "0":8.0,
                        "1":null,
                        "2":null
                    },
                    "IV":{
                        "0":"19",
                        "1":"14",
                        "2":"17:24"
                    },
                    "V":{
                        "0":2.0,
                        "1":null,
                        "2":null
                    },
                    "VI":{
                        "0":"10",
                        "1":"12",
                        "2":"8:12"
                    }
                },
                "Set 3":{
                    "I":{
                        "0":"10",
                        "1":"12",
                        "2":"19:23",
                        "3":null
                    },
                    "II":{
                        "0":11.0,
                        "1":null,
                        "2":null,
                        "3":null
                    },
                    "III":{
                        "0":5.0,
                        "1":null,
                        "2":null,
                        "3":null
                    },
                    "IV":{
                        "0":8.0,
                        "1":null,
                        "2":null,
                        "3":null
                    },
                    "V":{
                        "0":"19",
                        "1":"14",
                        "2":"16:19",
                        "3":"17:22"
                    },
                    "VI":{
                        "0":2.0,
                        "1":null,
                        "2":null,
                        "3":null
                    }
                },
                "Set 4":0,
                "Set 5":0
            },
            "Serves 1":{
                "Set 1":{
                    "I":{
                        "0":"0",
                        "1":11,
                        "2":25
                    },
                    "II":{
                        "0":"1",
                        "1":12.0,
                        "2":null
                    },
                    "III":{
                        "0":"2",
                        "1":14.0,
                        "2":null
                    },
                    "IV":{
                        "0":"6",
                        "1":16.0,
                        "2":null
                    },
                    "V":{
                        "0":"9",
                        "1":18.0,
                        "2":null
                    },
                    "VI":{
                        "0":"10",
                        "1":23.0,
                        "2":null
                    }
                },
                "Set 2":{
                    "I":{
                        "0":null,
                        "1":15.0
                    },
                    "II":{
                        "0":"1",
                        "1":16
                    },
                    "III":{
                        "0":"7",
                        "1":18
                    },
                    "IV":{
                        "0":"9",
                        "1":21
                    },
                    "V":{
                        "0":"11",
                        "1":24
                    },
                    "VI":{
                        "0":"12",
                        "1":25
                    }
                },
                "Set 3":{
                    "I":{
                        "0":"0",
                        "1":8
                    },
                    "II":{
                        "0":"1",
                        "1":9
                    },
                    "III":{
                        "0":"3",
                        "1":13
                    },
                    "IV":{
                        "0":"4",
                        "1":20
                    },
                    "V":{
                        "0":"5",
                        "1":22
                    },
                    "VI":{
                        "0":"6",
                        "1":25
                    }
                },
                "Set 4":0,
                "Set 5":0
            },
            "Serves 2":{
                "Set 1":{
                    "I":{
                        "0":null,
                        "1":10.0,
                        "2":16.0
                    },
                    "II":{
                        "0":"2",
                        "1":11.0,
                        "2":null
                    },
                    "III":{
                        "0":"3",
                        "1":12.0,
                        "2":null
                    },
                    "IV":{
                        "0":"4",
                        "1":13.0,
                        "2":null
                    },
                    "V":{
                        "0":"7",
                        "1":14.0,
                        "2":null
                    },
                    "VI":{
                        "0":"8",
                        "1":15.0,
                        "2":null
                    }
                },
                "Set 2":{
                    "I":{
                        "0":"2",
                        "1":12
                    },
                    "II":{
                        "0":"4",
                        "1":15
                    },
                    "III":{
                        "0":"5",
                        "1":16
                    },
                    "IV":{
                        "0":"6",
                        "1":17
                    },
                    "V":{
                        "0":"7",
                        "1":18
                    },
                    "VI":{
                        "0":"10",
                        "1":null
                    }
                },
                "Set 3":{
                    "I":{
                        "0":null,
                        "1":12.0
                    },
                    "II":{
                        "0":"4",
                        "1":13
                    },
                    "III":{
                        "0":"5",
                        "1":15
                    },
                    "IV":{
                        "0":"7",
                        "1":16
                    },
                    "V":{
                        "0":"9",
                        "1":17
                    },
                    "VI":{
                        "0":"11",
                        "1":19
                    }
                },
                "Set 4":0,
                "Set 5":0
            },
            "Timeouts 1":{
                "Set 1":{
                    "T":{

                    }
                },
                "Set 2":{
                    "T":{
                        "0":"16:15"
                    }
                },
                "Set 3":{
                    "T":{
                        "0":"0:3",
                        "1":"22:19"
                    }
                },
                "Set 4":0,
                "Set 5":0
            },
            "Timeouts 2":{
                "Set 1":{
                    "T":{
                        "0":"15:20",
                        "1":"15:23"
                    }
                },
                "Set 2":{
                    "T":{
                        "0":"16:20",
                        "1":"17:23"
                    }
                },
                "Set 3":{
                    "T":{
                        "0":"15:12",
                        "1":"16:17"
                    }
                },
                "Set 4":0,
                "Set 5":0
            }
        },
        "Teams":{
            "Name":{
                "Team 1":"VOLLEY-BALL PEXINOIS NIORT",
                "Team 2":"VANNES VOLLEY 56"
            },
            "Players":{
                "Team 1":{
                    "N\u00b0":{
                        "0":1,
                        "1":2,
                        "2":4,
                        "3":5,
                        "4":6,
                        "5":7,
                        "6":8,
                        "7":9,
                        "8":10,
                        "9":11,
                        "10":12,
                        "11":14
                    },
                    "Nom Pr\u00e9nom":{
                        "0":"BELL LACEY",
                        "1":"CHOJNACKA OLGA",
                        "2":"AMEGNANGLO FLORIANE",
                        "3":"BAUDOUIN MILA",
                        "4":"JORDA MAUD",
                        "5":"FIAFIALOTO TEKELA",
                        "6":"MINGORANCE AMSETOU MBEYOUM",
                        "7":"BELENG ROSE",
                        "8":"TAUOTA MALIA-VIANE",
                        "9":"BASSONG ANNE TAMERA",
                        "10":"CARPENTIER JULIE",
                        "11":"BAUDOUIN CAMILLE"
                    },
                    "Licence":{
                        "0":"1808538",
                        "1":"1990091",
                        "2":"1821562",
                        "3":"2111494",
                        "4":"1894535",
                        "5":"2122679",
                        "6":"O1757868",
                        "7":"1591344",
                        "8":"2224295",
                        "9":"2119516",
                        "10":"1209777",
                        "11":"1882629"
                    }
                },
                "Team 2":{
                    "N\u00b0":{
                        "0":2,
                        "1":5,
                        "2":8,
                        "3":10,
                        "4":11,
                        "5":12,
                        "6":14,
                        "7":15,
                        "8":19
                    },
                    "Nom Pr\u00e9nom":{
                        "0":"SERPETTE ANNAELLE",
                        "1":"CHRISTOV LAURA",
                        "2":"NEDELEC MATHILDE",
                        "3":"DUBOURG CAMILLE",
                        "4":"LE BOZEC CLARA",
                        "5":"DUMAS LAETITIA",
                        "6":"PAYET REINE-CLAUDE",
                        "7":"PREVOSTO LUCILE",
                        "8":"LE BOULICAUT EVANE"
                    },
                    "Licence":{
                        "0":2045785,
                        "1":1522310,
                        "2":1894865,
                        "3":2050849,
                        "4":2221221,
                        "5":1823690,
                        "6":2424725,
                        "7":1346915,
                        "8":2039920
                    }
                }
            },
            "Liberos":{
                "Team 1":{
                    "N\u00b0":{
                        "0":12,
                        "1":14
                    },
                    "Nom Pr\u00e9nom":{
                        "0":"CARPENTIER JULIE",
                        "1":"BAUDOUIN CAMILLE"
                    },
                    "Licence":{
                        "0":1209777,
                        "1":1882629
                    }
                },
                "Team 2":{
                    "N\u00b0":{
                        "0":15
                    },
                    "Nom Pr\u00e9nom":{
                        "0":"PREVOSTO LUCILE"
                    },
                    "Licence":{
                        "0":1346915
                    }
                }
            },
            "Officials":{
                "Team 1":{
                    "N\u00b0":{
                        "0":"EA",
                        "1":"EB"
                    },
                    "Nom Pr\u00e9nom":{
                        "0":"BELENG ROSE",
                        "1":"HIBERT PASCAL"
                    },
                    "Licence":{
                        "0":1591344,
                        "1":1229836
                    }
                },
                "Team 2":{
                    "N\u00b0":{
                        "0":"EA"
                    },
                    "Nom Pr\u00e9nom":{
                        "0":"LE BOULICAUT JEROME"
                    },
                    "Licence":{
                        "0":1635350
                    }
                }
            }
        },
        "Results":{
            "winner":"VOLLEY-BALL PEXINOIS N",
            "score":"3\/0"
        },
        "Referees":{
            "NOM Pr\u00e9nom":{
                "1er":"PEDRETTI NATHALIE",
                "2\u00e8me":"MOREAU JACQUES",
                "Marqueur":"CHABOISSANT TRESOR BEATRICE",
                "Marq.Ass":".",
                "R.Salle":"CHABOISSANT JACQUES"
            },
            "Ligue":{
                "1er":"LIG_AQ",
                "2\u00e8me":"LIG_AQ",
                "Marqueur":"LIG_AQ",
                "Marq.Ass":null,
                "R.Salle":"LIG_AQ"
            },
            "Licence":{
                "1er":327346.0,
                "2\u00e8me":309492.0,
                "Marqueur":201228.0,
                "Marq.Ass":null,
                "R.Salle":93591.0
            }
        },
        "Penalties":{

        }
    }
}