{
    "Match":{
        "Title":{
            "div_code":"3FG ",
            "div_name":"NATIONALE 3 FEMININE POULE G",
            "div_pool":"",
            "match_number":"3FG086",
            "match_day":"15",
            "city":"ORLEANS",
            "gym":"GYMNASE ARGONAUTE",
            "category":"SENIOR | FEMININE",
            "ligue":"Comp\u00e9titions Nationales SENIORS",
            "date":"2020-03-01 14:00:00",
            "team_1":"ETUDIANT CLUB ORLEANAIS",
            "team_2":"SPORTING CLUB DE L OUEST"
        },
        "Sets":{
            "Teams":{
                "Set 1":{
                    "Name":{
                        "Team 1":"ETUDIANT CLUB ORLEANAI",
                        "Team 2":"SPORTING CLUB DE L OUE"
                    },
                    "Starting":{
                        "Team 1":"Reception",
                        "Team 2":"Service"
                    }
                },
                "Set 2":{
                    "Name":{
                        "Team 1":"ETUDIANT CLUB ORLEANAI",
                        "Team 2":"SPORTING CLUB DE L OUE"
                    },
                    "Starting":{
                        "Team 1":"Service",
                        "Team 2":"Reception"
                    }
                },
                "Set 3":{
                    "Name":{
                        "Team 1":"ETUDIANT CLUB ORLEANAI",
                        "Team 2":"SPORTING CLUB DE L OUE"
                    },
                    "Starting":{
                        "Team 1":"Reception",
                        "Team 2":"Service"
                    }
                },
                "Set 4":{
                    "Name":{
                        "Team 1":"ETUDIANT CLUB ORLEANAI",
                        "Team 2":"SPORTING CLUB DE L OUE"
                    },
                    "Starting":{
                        "Team 1":"Service",
                        "Team 2":"Reception"
                    }
                },
                "Set 5":0
            },
            "Time":{
                "Set 1":{
                    "Time":{
                        "Start":"2020-03-01 14:00:00",
                        "End":"2020-03-01 14:26:00"
                    }
                },
                "Set 2":{
                    "Time":{
                        "Start":"2020-03-01 14:29:00",
                        "End":"2020-03-01 14:50:00"
                    }
                },
                "Set 3":{
                    "Time":{
                        "Start":"2020-03-01 14:53:00",
                        "End":"2020-03-01 15:23:00"
                    }
                },
                "Set 4":{
                    "Time":{
                        "Start":"2020-03-01 15:27:00",
                        "End":"2020-03-01 15:53:00"
                    }
                },
                "Set 5":0
            },
            "Substitutions 1":{
                "Set 1":{
                    "I":{
                        "0":1
                    },
                    "II":{
                        "0":2
                    },
                    "III":{
                        "0":14
                    },
                    "IV":{
                        "0":9
                    },
                    "V":{
                        "0":8
                    },
                    "VI":{
                        "0":10
                    }
                },
                "Set 2":{
                    "I":{
                        "0":1
                    },
                    "II":{
                        "0":2
                    },
                    "III":{
                        "0":14
                    },
                    "IV":{
                        "0":9
                    },
                    "V":{
                        "0":8
                    },
                    "VI":{
                        "0":10
                    }
                },
                "Set 3":{
                    "I":{
                        "0":1
                    },
                    "II":{
                        "0":2
                    },
                    "III":{
                        "0":14
                    },
                    "IV":{
                        "0":9
                    },
                    "V":{
                        "0":8
                    },
                    "VI":{
                        "0":10
                    }
                },
                "Set 4":{
                    "I":{
                        "0":1
                    },
                    "II":{
                        "0":2
                    },
                    "III":{
                        "0":20
                    },
                    "IV":{
                        "0":9
                    },
                    "V":{
                        "0":8
                    },
                    "VI":{
                        "0":10
                    }
                },
                "Set 5":0
            },
            "Substitutions 2":{
                "Set 1":{
                    "I":{
                        "0":"9",
                        "1":"5",
                        "2":"8:13"
                    },
                    "II":{
                        "0":6.0,
                        "1":null,
                        "2":null
                    },
                    "III":{
                        "0":3.0,
                        "1":null,
                        "2":null
                    },
                    "IV":{
                        "0":4.0,
                        "1":null,
                        "2":null
                    },
                    "V":{
                        "0":16.0,
                        "1":null,
                        "2":null
                    },
                    "VI":{
                        "0":"2",
                        "1":"1",
                        "2":"8:13"
                    }
                },
                "Set 2":{
                    "I":{
                        "0":"16",
                        "1":"10",
                        "2":"11:18"
                    },
                    "II":{
                        "0":1.0,
                        "1":null,
                        "2":null
                    },
                    "III":{
                        "0":5.0,
                        "1":null,
                        "2":null
                    },
                    "IV":{
                        "0":6.0,
                        "1":null,
                        "2":null
                    },
                    "V":{
                        "0":7.0,
                        "1":null,
                        "2":null
                    },
                    "VI":{
                        "0":4.0,
                        "1":null,
                        "2":null
                    }
                },
                "Set 3":{
                    "I":{
                        "0":1.0,
                        "1":null,
                        "2":null
                    },
                    "II":{
                        "0":"5",
                        "1":"9",
                        "2":"14:13"
                    },
                    "III":{
                        "0":6.0,
                        "1":null,
                        "2":null
                    },
                    "IV":{
                        "0":7.0,
                        "1":null,
                        "2":null
                    },
                    "V":{
                        "0":4.0,
                        "1":null,
                        "2":null
                    },
                    "VI":{
                        "0":"10",
                        "1":"3",
                        "2":"19:17"
                    }
                },
                "Set 4":{
                    "I":{
                        "0":10.0,
                        "1":null,
                        "2":null
                    },
                    "II":{
                        "0":"1",
                        "1":"2",
                        "2":"12:21"
                    },
                    "III":{
                        "0":"9",
                        "1":"5",
                        "2":"12:19"
                    },
                    "IV":{
                        "0":6.0,
                        "1":null,
                        "2":null
                    },
                    "V":{
                        "0":"7",
                        "1":"3",
                        "2":"12:20"
                    },
                    "VI":{
                        "0":4.0,
                        "1":null,
                        "2":null
                    }
                },
                "Set 5":0
            },
            "Serves 1":{
                "Set 1":{
                    "I":{
                        "0":null,
                        "1":13.0,
                        "2":24.0
                    },
                    "II":{
                        "0":"1",
                        "1":15,
                        "2":25
                    },
                    "III":{
                        "0":"3",
                        "1":16.0,
                        "2":null
                    },
                    "IV":{
                        "0":"5",
                        "1":20.0,
                        "2":null
                    },
                    "V":{
                        "0":"6",
                        "1":21.0,
                        "2":null
                    },
                    "VI":{
                        "0":"7",
                        "1":23.0,
                        "2":null
                    }
                },
                "Set 2":{
                    "I":{
                        "0":"2",
                        "1":15
                    },
                    "II":{
                        "0":"4",
                        "1":16
                    },
                    "III":{
                        "0":"5",
                        "1":17
                    },
                    "IV":{
                        "0":"7",
                        "1":19
                    },
                    "V":{
                        "0":"12",
                        "1":23
                    },
                    "VI":{
                        "0":"14",
                        "1":25
                    }
                },
                "Set 3":{
                    "I":{
                        "0":null,
                        "1":10.0,
                        "2":20.0
                    },
                    "II":{
                        "0":"1",
                        "1":13,
                        "2":22
                    },
                    "III":{
                        "0":"2",
                        "1":14.0,
                        "2":null
                    },
                    "IV":{
                        "0":"6",
                        "1":16.0,
                        "2":null
                    },
                    "V":{
                        "0":"7",
                        "1":17.0,
                        "2":null
                    },
                    "VI":{
                        "0":"9",
                        "1":19.0,
                        "2":null
                    }
                },
                "Set 4":{
                    "I":{
                        "0":"1",
                        "1":13
                    },
                    "II":{
                        "0":"3",
                        "1":21
                    },
                    "III":{
                        "0":"6",
                        "1":23
                    },
                    "IV":{
                        "0":"7",
                        "1":25
                    },
                    "V":{
                        "0":"8",
                        "1":null
                    },
                    "VI":{
                        "0":"12",
                        "1":null
                    }
                },
                "Set 5":0
            },
            "Serves 2":{
                "Set 1":{
                    "I":{
                        "0":"0",
                        "1":10,
                        "2":21
                    },
                    "II":{
                        "0":"2",
                        "1":11.0,
                        "2":null
                    },
                    "III":{
                        "0":"3",
                        "1":13.0,
                        "2":null
                    },
                    "IV":{
                        "0":"5",
                        "1":14.0,
                        "2":null
                    },
                    "V":{
                        "0":"6",
                        "1":18.0,
                        "2":null
                    },
                    "VI":{
                        "0":"7",
                        "1":20.0,
                        "2":null
                    }
                },
                "Set 2":{
                    "I":{
                        "0":null,
                        "1":8.0
                    },
                    "II":{
                        "0":"2",
                        "1":9
                    },
                    "III":{
                        "0":"4",
                        "1":10
                    },
                    "IV":{
                        "0":"5",
                        "1":11
                    },
                    "V":{
                        "0":"6",
                        "1":12
                    },
                    "VI":{
                        "0":"7",
                        "1":14
                    }
                },
                "Set 3":{
                    "I":{
                        "0":"2",
                        "1":13,
                        "2":23
                    },
                    "II":{
                        "0":"4",
                        "1":15,
                        "2":25
                    },
                    "III":{
                        "0":"5",
                        "1":16.0,
                        "2":null
                    },
                    "IV":{
                        "0":"7",
                        "1":19.0,
                        "2":null
                    },
                    "V":{
                        "0":"9",
                        "1":21.0,
                        "2":null
                    },
                    "VI":{
                        "0":"11",
                        "1":22.0,
                        "2":null
                    }
                },
                "Set 4":{
                    "I":{
                        "0":null,
                        "1":11.0
                    },
                    "II":{
                        "0":"2",
                        "1":12
                    },
                    "III":{
                        "0":"3",
                        "1":15
                    },
                    "IV":{
                        "0":"5",
                        "1":16
                    },
                    "V":{
                        "0":"6",
                        "1":null
                    },
                    "VI":{
                        "0":"7",
                        "1":null
                    }
                },
                "Set 5":0
            },
            "Timeouts 1":{
                "Set 1":{
                    "T":{
                        "0":"21:17"
                    }
                },
                "Set 2":{
                    "T":{

                    }
                },
                "Set 3":{
                    "T":{
                        "0":"16:19"
                    }
                },
                "Set 4":{
                    "T":{
                        "0":"21:15"
                    }
                },
                "Set 5":0
            },
            "Timeouts 2":{
                "Set 1":{
                    "T":{
                        "0":"7:11"
                    }
                },
                "Set 2":{
                    "T":{

                    }
                },
                "Set 3":{
                    "T":{
                        "0":"13:13",
                        "1":"21:19"
                    }
                },
                "Set 4":{
                    "T":{

                    }
                },
                "Set 5":0
            }
        },
        "Teams":{
            "Name":{
                "Team 1":"ETUDIANT CLUB ORLEANAIS",
                "Team 2":"SPORTING CLUB DE L OUEST"
            },
            "Players":{
                "Team 1":{
                    "N\u00b0":{
                        "0":1,
                        "1":2,
                        "2":3,
                        "3":7,
                        "4":8,
                        "5":9,
                        "6":10,
                        "7":11,
                        "8":12,
                        "9":14,
                        "10":20
                    },
                    "Nom Pr\u00e9nom":{
                        "0":"MARTELLIERE ELORA",
                        "1":"CHEVALIN MARYLINE",
                        "2":"TAUVEL CHARLENE",
                        "3":"ACHANAD IMANE",
                        "4":"GIRAUD EMILIE",
                        "5":"AKA VAITIARE",
                        "6":"PADARE NICOLE",
                        "7":"SCHUB LAURIE-ANNE",
                        "8":"CLAVERIE JESSICA",
                        "9":"PICARD MARJORIE",
                        "10":"DUMONT FLORENCE"
                    },
                    "Licence":{
                        "0":1798607,
                        "1":1804433,
                        "2":1125373,
                        "3":2155440,
                        "4":1957587,
                        "5":2260363,
                        "6":2160824,
                        "7":1680316,
                        "8":1865868,
                        "9":1873285,
                        "10":1206369
                    }
                },
                "Team 2":{
                    "N\u00b0":{
                        "0":1,
                        "1":2,
                        "2":3,
                        "3":4,
                        "4":5,
                        "5":6,
                        "6":7,
                        "7":8,
                        "8":9,
                        "9":10,
                        "10":16
                    },
                    "Nom Pr\u00e9nom":{
                        "0":"LENOIR CAMILLE",
                        "1":"CADOT JEANNE",
                        "2":"CHUPIN MA\u00cbLIE",
                        "3":"PREVOST MARGOT",
                        "4":"MORILLON CHARLOTTE",
                        "5":"HOARAU GLADYS",
                        "6":"BESCO PELAGIE",
                        "7":"PICHON LILY-ROSE",
                        "8":"LENOIR MARGAUX",
                        "9":"MARLIERE JULIE",
                        "10":"AMIARD ORLANE"
                    },
                    "Licence":{
                        "0":2031751,
                        "1":2089357,
                        "2":1939795,
                        "3":2060556,
                        "4":1757984,
                        "5":1675590,
                        "6":2051605,
                        "7":2007056,
                        "8":2099975,
                        "9":1974637,
                        "10":1872616
                    }
                }
            },
            "Liberos":{
                "Team 1":{
                    "N\u00b0":{
                        "0":11
                    },
                    "Nom Pr\u00e9nom":{
                        "0":"SCHUB LAURIE-ANNE"
                    },
                    "Licence":{
                        "0":1680316
                    }
                },
                "Team 2":{
                    "N\u00b0":{
                        "0":8
                    },
                    "Nom Pr\u00e9nom":{
                        "0":"PICHON LILY-ROSE"
                    },
                    "Licence":{
                        "0":2007056
                    }
                }
            },
            "Officials":{
                "Team 1":{
                    "N\u00b0":{
                        "0":"EA",
                        "1":"EB"
                    },
                    "Nom Pr\u00e9nom":{
                        "0":"RIVIERE FREDERIC",
                        "1":"VIEIRA MANUEL"
                    },
                    "Licence":{
                        "0":970777,
                        "1":1873204
                    }
                },
                "Team 2":{
                    "N\u00b0":{
                        "0":"EA"
                    },
                    "Nom Pr\u00e9nom":{
                        "0":"SAUVERVALD RICHARD"
                    },
                    "Licence":{
                        "0":1685708
                    }
                }
            }
        },
        "Results":{
            "winner":"ETUDIANT CLUB ORLEANAI",
            "score":"3\/1"
        },
        "Referees":{
            "NOM Pr\u00e9nom":{
                "1er":"LANGELUS CHRISTINE",
                "2\u00e8me":"COLIN OLIVIER",
                "Marqueur":"CHARDERON SOPHIE",
                "Marq.Ass":".",
                "R.Salle":"CHARDERON LUDOVIC"
            },
            "Ligue":{
                "1er":"LIG_CE",
                "2\u00e8me":"LIG_CE",
                "Marqueur":"LIG_CE",
                "Marq.Ass":null,
                "R.Salle":"LIG_CE"
            },
            "Licence":{
                "1er":1885977.0,
                "2\u00e8me":1001043.0,
                "Marqueur":1716050.0,
                "Marq.Ass":null,
                "R.Salle":1002581.0
            }
        },
        "Penalties":{

        }
    }
}