{
    "Match":{
        "Title":{
            "div_code":"3FG ",
            "div_name":"NATIONALE 3 FEMININE POULE G",
            "div_pool":"",
            "match_number":"3FG071",
            "match_day":"12",
            "city":"VANNES",
            "gym":"SALLE OMNISPORTS DE KERCADO",
            "category":"SENIOR | FEMININE",
            "ligue":"Comp\u00e9titions Nationales SENIORS",
            "date":"2020-02-02 14:00:00",
            "team_1":"VANNES VOLLEY 56",
            "team_2":"ST NAZAIRE VB ATLANTIQUE"
        },
        "Sets":{
            "Teams":{
                "Set 1":{
                    "Name":{
                        "Team 1":"ST NAZAIRE VB ATLANTIQ",
                        "Team 2":"VANNES VOLLEY 56"
                    },
                    "Starting":{
                        "Team 1":"Reception",
                        "Team 2":"Service"
                    }
                },
                "Set 2":{
                    "Name":{
                        "Team 1":"ST NAZAIRE VB ATLANTIQ",
                        "Team 2":"VANNES VOLLEY 56"
                    },
                    "Starting":{
                        "Team 1":"Service",
                        "Team 2":"Reception"
                    }
                },
                "Set 3":{
                    "Name":{
                        "Team 1":"ST NAZAIRE VB ATLANTIQ",
                        "Team 2":"VANNES VOLLEY 56"
                    },
                    "Starting":{
                        "Team 1":"Reception",
                        "Team 2":"Service"
                    }
                },
                "Set 4":0,
                "Set 5":0
            },
            "Time":{
                "Set 1":{
                    "Time":{
                        "Start":"2020-02-02 14:00:00",
                        "End":"2020-02-02 14:22:00"
                    }
                },
                "Set 2":{
                    "Time":{
                        "Start":"2020-02-02 14:25:00",
                        "End":"2020-02-02 14:56:00"
                    }
                },
                "Set 3":{
                    "Time":{
                        "Start":"2020-02-02 15:00:00",
                        "End":"2020-02-02 15:25:00"
                    }
                },
                "Set 4":0,
                "Set 5":0
            },
            "Substitutions 1":{
                "Set 1":{
                    "I":{
                        "0":3.0,
                        "1":null,
                        "2":null
                    },
                    "II":{
                        "0":5.0,
                        "1":null,
                        "2":null
                    },
                    "III":{
                        "0":"1",
                        "1":"2",
                        "2":"20:11"
                    },
                    "IV":{
                        "0":6.0,
                        "1":null,
                        "2":null
                    },
                    "V":{
                        "0":12.0,
                        "1":null,
                        "2":null
                    },
                    "VI":{
                        "0":11.0,
                        "1":null,
                        "2":null
                    }
                },
                "Set 2":{
                    "I":{
                        "0":"12",
                        "1":"4",
                        "2":"21:15"
                    },
                    "II":{
                        "0":"11",
                        "1":"2",
                        "2":"16:12"
                    },
                    "III":{
                        "0":3.0,
                        "1":null,
                        "2":null
                    },
                    "IV":{
                        "0":5.0,
                        "1":null,
                        "2":null
                    },
                    "V":{
                        "0":1.0,
                        "1":null,
                        "2":null
                    },
                    "VI":{
                        "0":6.0,
                        "1":null,
                        "2":null
                    }
                },
                "Set 3":{
                    "I":{
                        "0":9.0,
                        "1":null,
                        "2":null
                    },
                    "II":{
                        "0":"5",
                        "1":"12",
                        "2":"23:13"
                    },
                    "III":{
                        "0":2.0,
                        "1":null,
                        "2":null
                    },
                    "IV":{
                        "0":6.0,
                        "1":null,
                        "2":null
                    },
                    "V":{
                        "0":4.0,
                        "1":null,
                        "2":null
                    },
                    "VI":{
                        "0":11.0,
                        "1":null,
                        "2":null
                    }
                },
                "Set 4":0,
                "Set 5":0
            },
            "Substitutions 2":{
                "Set 1":{
                    "I":{
                        "0":19.0,
                        "1":null,
                        "2":null
                    },
                    "II":{
                        "0":"2",
                        "1":"11",
                        "2":"10:20"
                    },
                    "III":{
                        "0":12.0,
                        "1":null,
                        "2":null
                    },
                    "IV":{
                        "0":10.0,
                        "1":null,
                        "2":null
                    },
                    "V":{
                        "0":4.0,
                        "1":null,
                        "2":null
                    },
                    "VI":{
                        "0":8.0,
                        "1":null,
                        "2":null
                    }
                },
                "Set 2":{
                    "I":{
                        "0":"19",
                        "1":"14",
                        "2":"9:14"
                    },
                    "II":{
                        "0":11.0,
                        "1":null,
                        "2":null
                    },
                    "III":{
                        "0":"10",
                        "1":"12",
                        "2":"12:16"
                    },
                    "IV":{
                        "0":2.0,
                        "1":null,
                        "2":null
                    },
                    "V":{
                        "0":4.0,
                        "1":null,
                        "2":null
                    },
                    "VI":{
                        "0":8.0,
                        "1":null,
                        "2":null
                    }
                },
                "Set 3":{
                    "I":{
                        "0":"14",
                        "1":"19",
                        "2":"7:17"
                    },
                    "II":{
                        "0":11.0,
                        "1":null,
                        "2":null
                    },
                    "III":{
                        "0":"10",
                        "1":"12",
                        "2":"3:8"
                    },
                    "IV":{
                        "0":2.0,
                        "1":null,
                        "2":null
                    },
                    "V":{
                        "0":4.0,
                        "1":null,
                        "2":null
                    },
                    "VI":{
                        "0":8.0,
                        "1":null,
                        "2":null
                    }
                },
                "Set 4":0,
                "Set 5":0
            },
            "Serves 1":{
                "Set 1":{
                    "I":{
                        "0":null,
                        "1":15.0,
                        "2":25.0
                    },
                    "II":{
                        "0":"3",
                        "1":19.0,
                        "2":null
                    },
                    "III":{
                        "0":"4",
                        "1":20.0,
                        "2":null
                    },
                    "IV":{
                        "0":"7",
                        "1":22.0,
                        "2":null
                    },
                    "V":{
                        "0":"13",
                        "1":23.0,
                        "2":null
                    },
                    "VI":{
                        "0":"14",
                        "1":24.0,
                        "2":null
                    }
                },
                "Set 2":{
                    "I":{
                        "0":"5",
                        "1":15
                    },
                    "II":{
                        "0":"6",
                        "1":16
                    },
                    "III":{
                        "0":"9",
                        "1":21
                    },
                    "IV":{
                        "0":"10",
                        "1":24
                    },
                    "V":{
                        "0":"12",
                        "1":25
                    },
                    "VI":{
                        "0":"13",
                        "1":null
                    }
                },
                "Set 3":{
                    "I":{
                        "0":null,
                        "1":19.0
                    },
                    "II":{
                        "0":"3",
                        "1":22
                    },
                    "III":{
                        "0":"8",
                        "1":24
                    },
                    "IV":{
                        "0":"13",
                        "1":25
                    },
                    "V":{
                        "0":"14",
                        "1":null
                    },
                    "VI":{
                        "0":"17",
                        "1":null
                    }
                },
                "Set 4":0,
                "Set 5":0
            },
            "Serves 2":{
                "Set 1":{
                    "I":{
                        "0":"1",
                        "1":8
                    },
                    "II":{
                        "0":"2",
                        "1":10
                    },
                    "III":{
                        "0":"4",
                        "1":11
                    },
                    "IV":{
                        "0":"5",
                        "1":12
                    },
                    "V":{
                        "0":"6",
                        "1":13
                    },
                    "VI":{
                        "0":"7",
                        "1":14
                    }
                },
                "Set 2":{
                    "I":{
                        "0":null,
                        "1":9.0
                    },
                    "II":{
                        "0":"3",
                        "1":11
                    },
                    "III":{
                        "0":"4",
                        "1":14
                    },
                    "IV":{
                        "0":"5",
                        "1":19
                    },
                    "V":{
                        "0":"7",
                        "1":21
                    },
                    "VI":{
                        "0":"8",
                        "1":null
                    }
                },
                "Set 3":{
                    "I":{
                        "0":"1",
                        "1":12
                    },
                    "II":{
                        "0":"2",
                        "1":13
                    },
                    "III":{
                        "0":"3",
                        "1":15
                    },
                    "IV":{
                        "0":"4",
                        "1":null
                    },
                    "V":{
                        "0":"7",
                        "1":null
                    },
                    "VI":{
                        "0":"10",
                        "1":null
                    }
                },
                "Set 4":0,
                "Set 5":0
            },
            "Timeouts 1":{
                "Set 1":{
                    "T":{

                    }
                },
                "Set 2":{
                    "T":{
                        "0":"16:14",
                        "1":"21:19"
                    }
                },
                "Set 3":{
                    "T":{

                    }
                },
                "Set 4":0,
                "Set 5":0
            },
            "Timeouts 2":{
                "Set 1":{
                    "T":{
                        "0":"5:12",
                        "1":"12:23"
                    }
                },
                "Set 2":{
                    "T":{
                        "0":"0:5",
                        "1":"14:19"
                    }
                },
                "Set 3":{
                    "T":{
                        "0":"3:13",
                        "1":"12:22"
                    }
                },
                "Set 4":0,
                "Set 5":0
            }
        },
        "Teams":{
            "Name":{
                "Team 1":"VANNES VOLLEY 56",
                "Team 2":"ST NAZAIRE VB ATLANTIQUE"
            },
            "Players":{
                "Team 1":{
                    "N\u00b0":{
                        "0":2,
                        "1":4,
                        "2":8,
                        "3":10,
                        "4":11,
                        "5":12,
                        "6":14,
                        "7":15,
                        "8":19
                    },
                    "Nom Pr\u00e9nom":{
                        "0":"SERPETTE ANNAELLE",
                        "1":"COUCHOURON TIFENN",
                        "2":"NEDELEC MATHILDE",
                        "3":"DUBOURG CAMILLE",
                        "4":"LE BOZEC CLARA",
                        "5":"DUMAS LAETITIA",
                        "6":"PAYET REINE-CLAUDE",
                        "7":"PREVOSTO LUCILE",
                        "8":"LE BOULICAUT EVANE"
                    },
                    "Licence":{
                        "0":2045785,
                        "1":1148115,
                        "2":1894865,
                        "3":2050849,
                        "4":2221221,
                        "5":1823690,
                        "6":2424725,
                        "7":1346915,
                        "8":2039920
                    }
                },
                "Team 2":{
                    "N\u00b0":{
                        "0":1,
                        "1":2,
                        "2":3,
                        "3":4,
                        "4":5,
                        "5":6,
                        "6":9,
                        "7":11,
                        "8":12,
                        "9":16
                    },
                    "Nom Pr\u00e9nom":{
                        "0":"MOREAU CHARLOTTE",
                        "1":"LAGISQUET CELIA",
                        "2":"BEAOUSSON JOHANNA",
                        "3":"BERTRANT JULIETTE",
                        "4":"BODINIER JULIETTE",
                        "5":"MERLAUD MARION",
                        "6":"DUPRE MARGO",
                        "7":"COHAT CELINE",
                        "8":"BRETON SARAH",
                        "9":"BONNET MARION"
                    },
                    "Licence":{
                        "0":1953716,
                        "1":2007871,
                        "2":2112192,
                        "3":1908170,
                        "4":2038165,
                        "5":1415575,
                        "6":2416106,
                        "7":1098238,
                        "8":1593310,
                        "9":1234242
                    }
                }
            },
            "Liberos":{
                "Team 1":{
                    "N\u00b0":{
                        "0":15
                    },
                    "Nom Pr\u00e9nom":{
                        "0":"PREVOSTO LUCILE"
                    },
                    "Licence":{
                        "0":1346915
                    }
                },
                "Team 2":{
                    "N\u00b0":{
                        "0":16
                    },
                    "Nom Pr\u00e9nom":{
                        "0":"BONNET MARION"
                    },
                    "Licence":{
                        "0":1234242
                    }
                }
            },
            "Officials":{
                "Team 1":{
                    "N\u00b0":{
                        "0":"EA",
                        "1":"EB"
                    },
                    "Nom Pr\u00e9nom":{
                        "0":"LE BOULICAUT JEROME",
                        "1":"BANDE DOMINIQUE"
                    },
                    "Licence":{
                        "0":1635350,
                        "1":1552507
                    }
                },
                "Team 2":{
                    "N\u00b0":{
                        "0":"EA"
                    },
                    "Nom Pr\u00e9nom":{
                        "0":"BARAKA FAYSSAL"
                    },
                    "Licence":{
                        "0":1910134
                    }
                }
            }
        },
        "Results":{
            "winner":"ST NAZAIRE VB ATLANTIQ",
            "score":"3\/0"
        },
        "Referees":{
            "NOM Pr\u00e9nom":{
                "1er":"LEMARCHAND MAIWEN",
                "2\u00e8me":"MORTIER FRANCOIS",
                "Marqueur":"PREVOSTO LAURE",
                "Marq.Ass":".",
                "R.Salle":"WOJNAROWSKI BARTEK"
            },
            "Ligue":{
                "1er":"LIG_BR",
                "2\u00e8me":"LIG_BR",
                "Marqueur":"LIG_BR",
                "Marq.Ass":null,
                "R.Salle":"LIG_BR"
            },
            "Licence":{
                "1er":1998467.0,
                "2\u00e8me":1117359.0,
                "Marqueur":1771939.0,
                "Marq.Ass":null,
                "R.Salle":1679730.0
            }
        },
        "Penalties":{

        }
    }
}